gender,age,sim_history_months,international_roaming_package,operator_cloud_space,night_internet_package,volte_calling_service,superapp_social_network,superapp_financial_services,sim_card_type,operator_app_usage,monthly_cost_toman,total_cost_toman,churn,birth_month_sin,birth_month_cos,gen_2G,gen_3G,gen_4G,gen_5G
0,46.0,1,-1,1,-1,-1,-1,-1,0,1,4477500,4477500,0,-0.8660254037844385,-0.5000000000000004,0,0,1,0
1,38.0,34,1,-1,1,-1,-1,-1,1,0,8542500,283425000,0,-0.8660254037844385,-0.5000000000000004,0,0,1,0
1,48.0,2,1,1,-1,-1,-1,-1,0,1,8077500,16222500,1,1.0,6.123233995736766e-17,0,0,1,0
1,58.0,45,1,-1,1,1,-1,-1,1,0,6345000,276112500,0,-0.4999999999999997,-0.8660254037844388,0,0,1,0
0,37.0,2,-1,-1,-1,-1,-1,-1,0,1,10605000,22747500,1,-0.4999999999999997,-0.8660254037844388,0,0,0,1
0,37.0,8,-1,-1,1,-1,1,1,0,1,14947500,123075000,1,0.0,1.0,0,0,0,1
1,59.0,22,-1,1,-1,-1,1,-1,0,1,13365000,292410000,0,-0.8660254037844386,0.5000000000000001,0,0,0,1
0,49.0,10,1,-1,-1,-1,-1,-1,0,0,4462500,45285000,0,0.8660254037844387,-0.4999999999999998,0,0,1,0
0,34.0,28,-1,-1,1,1,1,1,0,1,15720000,456907500,1,0.8660254037844386,0.5000000000000001,0,0,0,1
1,47.0,62,1,1,-1,-1,-1,-1,1,0,8422500,523192500,0,0.49999999999999994,-0.8660254037844387,0,0,1,0
1,34.0,13,1,-1,-1,-1,-1,-1,0,1,7492500,88117500,0,0.8660254037844386,0.5000000000000001,0,0,1,0
1,34.0,16,0,0,0,0,0,0,1,0,2842500,49020000,0,0.8660254037844386,0.5000000000000001,1,0,0,0
1,43.0,58,-1,-1,1,-1,1,1,1,0,15052500,852165000,0,0.8660254037844386,0.5000000000000001,0,0,0,1
1,18.0,49,-1,1,1,-1,1,1,0,1,15555000,755445000,1,0.49999999999999994,0.8660254037844387,0,0,0,1
1,19.0,25,1,-1,1,1,1,1,0,1,15825000,402907500,0,0.0,1.0,0,0,0,1
0,33.0,69,1,1,1,1,1,1,1,0,16987500,1184272500,0,-0.8660254037844385,-0.5000000000000004,0,0,0,1
0,28.0,52,0,0,0,0,0,0,1,0,3097500,153442500,0,0.8660254037844387,-0.4999999999999998,1,0,0,0
1,44.0,71,1,-1,1,-1,1,1,1,0,16005000,1107337500,0,-0.5000000000000004,0.8660254037844384,0,0,0,1
0,29.0,10,-1,-1,1,1,-1,-1,0,0,8280000,79252500,1,-0.8660254037844386,0.5000000000000001,0,0,1,0
0,23.0,21,-1,1,1,-1,-1,1,0,1,13507500,279435000,0,0.0,1.0,0,0,0,1
1,58.0,1,-1,-1,1,-1,-1,1,0,1,5947500,5947500,1,-0.5000000000000004,0.8660254037844384,0,1,0,0
1,37.0,12,0,0,0,0,0,0,1,0,2970000,30337500,0,-1.0,-1.8369701987210297e-16,1,0,0,0
1,41.0,1,0,0,0,0,0,0,0,0,3022500,3022500,1,1.2246467991473532e-16,-1.0,1,0,0,0
0,23.0,58,-1,1,-1,1,-1,-1,1,1,8985000,525765000,0,0.8660254037844386,0.5000000000000001,0,0,1,0
1,33.0,49,1,1,-1,1,-1,-1,0,0,8940000,445545000,0,-0.5000000000000004,0.8660254037844384,0,0,1,0
0,41.0,30,1,1,-1,-1,-1,-1,0,1,8295000,229590000,0,0.8660254037844387,-0.4999999999999998,0,0,1,0
1,26.0,47,-1,1,-1,-1,1,1,0,1,14902500,712372500,1,0.49999999999999994,0.8660254037844387,0,0,0,1
1,45.0,1,-1,1,-1,-1,-1,-1,0,0,4530000,4530000,1,0.49999999999999994,-0.8660254037844387,0,0,1,0
1,33.0,72,1,1,1,1,1,1,1,1,13537500,955417500,0,1.0,6.123233995736766e-17,0,1,0,0
0,36.0,17,-1,-1,-1,-1,1,1,0,1,9705000,163965000,1,0.8660254037844387,-0.4999999999999998,0,0,1,0
0,33.0,71,1,1,1,1,-1,-1,1,1,14452500,1015042500,0,0.8660254037844387,-0.4999999999999998,0,0,0,1
1,62.0,2,-1,-1,1,-1,1,1,0,1,14325000,27247500,0,-0.5000000000000004,0.8660254037844384,0,0,0,1
0,40.0,27,1,1,1,1,-1,-1,1,0,9922500,281167500,0,-0.5000000000000004,0.8660254037844384,0,0,1,0
1,27.0,1,0,0,0,0,0,0,0,0,3030000,3030000,0,1.0,6.123233995736766e-17,1,0,0,0
1,50.0,1,-1,-1,-1,-1,-1,-1,0,0,6787500,6787500,0,-0.4999999999999997,-0.8660254037844388,0,0,1,0
0,25.0,72,1,1,-1,1,1,-1,1,0,14985000,1087755000,0,0.49999999999999994,0.8660254037844387,0,0,0,1
1,43.0,5,-1,-1,-1,-1,-1,-1,0,1,10455000,47535000,1,0.49999999999999994,0.8660254037844387,0,0,0,1
0,18.0,46,-1,-1,1,-1,-1,-1,0,1,11220000,532245000,0,-0.4999999999999997,-0.8660254037844388,0,0,0,1
1,24.0,34,-1,1,1,-1,1,1,0,1,15952500,532387500,1,-0.4999999999999997,-0.8660254037844388,0,0,0,1
0,42.0,11,-1,-1,1,-1,1,1,0,1,14677500,165810000,1,-0.5000000000000004,0.8660254037844384,0,0,0,1
1,49.0,10,-1,1,-1,-1,-1,-1,1,0,7432500,71355000,0,0.0,1.0,0,0,1,0
0,42.0,70,1,1,-1,-1,1,-1,1,1,10380000,730852500,0,0.8660254037844386,0.5000000000000001,0,1,0,0
0,39.0,17,0,0,0,0,0,0,1,0,3112500,62737500,0,-1.0,-1.8369701987210297e-16,1,0,0,0
0,36.0,63,1,1,1,1,1,-1,1,1,11977500,729217500,0,-1.0,-1.8369701987210297e-16,0,0,1,0
0,22.0,13,1,1,-1,1,1,-1,0,1,11430000,147217500,0,1.0,6.123233995736766e-17,0,1,0,0
0,31.0,49,-1,-1,-1,-1,-1,1,0,1,12675000,586005000,0,0.8660254037844386,0.5000000000000001,0,0,0,1
1,34.0,2,-1,1,-1,-1,-1,-1,0,0,7387500,14550000,0,0.49999999999999994,-0.8660254037844387,0,0,1,0
0,53.0,2,-1,-1,-1,-1,1,-1,0,1,12097500,21622500,1,-0.5000000000000004,0.8660254037844384,0,0,0,1
1,44.0,52,1,-1,-1,1,1,1,1,1,11962500,632670000,0,-0.8660254037844385,-0.5000000000000004,0,0,1,0
0,19.0,69,1,-1,1,1,-1,-1,1,1,9622500,638115000,0,0.49999999999999994,0.8660254037844387,0,1,0,0
0,44.0,43,-1,1,-1,-1,1,-1,0,1,13537500,575812500,0,0.0,1.0,0,0,0,1
0,35.0,15,1,1,-1,-1,1,1,0,1,14865000,213960000,1,-0.4999999999999997,-0.8660254037844388,0,0,0,1
0,32.0,25,1,-1,-1,1,1,-1,0,1,10425000,262897500,0,1.2246467991473532e-16,-1.0,0,0,1,0
0,47.0,8,-1,1,-1,-1,-1,-1,0,1,12097500,94995000,1,0.8660254037844386,0.5000000000000001,0,0,0,1
0,52.0,60,1,1,1,1,-1,1,1,1,11227500,668452500,0,0.0,1.0,0,1,0,0
1,51.0,18,-1,-1,-1,-1,1,1,0,1,14317500,262882500,1,-0.8660254037844385,-0.5000000000000004,0,0,0,1
0,30.0,63,1,-1,-1,-1,1,1,1,1,14947500,946680000,0,0.8660254037844386,0.5000000000000001,0,0,0,1
1,36.0,66,-1,1,1,1,1,1,1,1,16267500,1061452500,0,0.49999999999999994,-0.8660254037844387,0,0,0,1
0,44.0,34,0,0,0,0,0,0,1,0,3742500,134145000,0,-0.8660254037844386,0.5000000000000001,1,0,0,0
0,52.0,72,-1,-1,1,1,1,1,1,1,16125000,1178055000,0,0.49999999999999994,0.8660254037844387,0,0,0,1
0,34.0,47,-1,-1,1,-1,1,1,0,1,15075000,706065000,0,-0.8660254037844385,-0.5000000000000004,0,0,0,1
1,38.0,60,-1,1,-1,-1,1,-1,0,1,13485000,817605000,0,-0.8660254037844386,0.5000000000000001,0,0,0,1
1,27.0,72,1,1,1,-1,-1,-1,1,0,6315000,444300000,0,0.49999999999999994,0.8660254037844387,0,0,1,0
0,26.0,18,-1,-1,1,1,-1,-1,1,1,8160000,143565000,0,0.49999999999999994,-0.8660254037844387,0,0,1,0
0,50.0,9,-1,-1,-1,-1,1,1,0,0,14160000,128587500,1,0.8660254037844387,-0.4999999999999998,0,0,0,1
0,56.0,3,-1,1,-1,1,1,1,0,1,11295000,36615000,0,0.8660254037844386,0.5000000000000001,0,0,1,0
1,39.0,47,-1,1,-1,-1,-1,-1,1,1,11835000,547552500,0,-0.8660254037844385,-0.5000000000000004,0,0,0,1
0,52.0,31,-1,1,1,1,1,1,1,0,11880000,374580000,0,-0.5000000000000004,0.8660254037844384,0,1,0,0
0,44.0,50,0,0,0,0,0,0,1,0,3022500,139635000,0,-0.5000000000000004,0.8660254037844384,1,0,0,0
1,32.0,10,1,-1,1,-1,-1,-1,0,1,11977500,133102500,0,1.0,6.123233995736766e-17,0,0,0,1
1,44.0,1,-1,-1,-1,1,-1,-1,0,0,7357500,7357500,0,0.49999999999999994,-0.8660254037844387,0,0,1,0
0,58.0,52,0,0,0,0,0,0,1,1,3060000,163597500,0,0.0,1.0,1,0,0,0
1,40.0,64,1,-1,1,1,1,1,1,1,16740000,1064850000,0,-1.0,-1.8369701987210297e-16,0,0,0,1
1,59.0,62,0,0,0,0,0,0,1,1,3637500,213690000,0,-0.8660254037844386,0.5000000000000001,1,0,0,0
0,18.0,3,1,-1,-1,1,-1,1,0,1,9675000,26610000,0,1.0,6.123233995736766e-17,0,0,1,0
0,50.0,56,1,1,1,-1,1,1,1,0,16575000,920925000,0,1.2246467991473532e-16,-1.0,0,0,0,1
0,41.0,46,-1,-1,-1,-1,-1,1,1,0,8347500,403327500,0,1.0,6.123233995736766e-17,0,0,1,0
0,36.0,8,1,1,-1,-1,-1,-1,0,0,8197500,72337500,0,0.8660254037844387,-0.4999999999999998,0,0,1,0
1,41.0,30,1,1,-1,-1,1,1,0,1,11212500,316695000,0,-0.8660254037844386,0.5000000000000001,0,0,1,0
0,18.0,45,0,0,0,0,0,0,1,1,3885000,182490000,0,-0.4999999999999997,-0.8660254037844388,1,0,0,0
0,37.0,1,-1,-1,-1,-1,1,-1,0,1,11902500,11902500,1,1.2246467991473532e-16,-1.0,0,0,0,1
0,44.0,11,1,-1,-1,-1,1,1,0,0,7582500,84802500,0,1.0,6.123233995736766e-17,0,0,1,0
0,58.0,7,-1,-1,1,-1,-1,-1,0,1,11272500,74535000,1,-1.0,-1.8369701987210297e-16,0,0,0,1
0,34.0,42,-1,1,1,1,1,1,0,1,15570000,649125000,0,0.0,1.0,0,0,0,1
0,30.0,49,0,0,0,0,0,0,1,1,3022500,146002500,0,0.8660254037844387,-0.4999999999999998,1,0,0,0
1,34.0,9,-1,1,-1,-1,1,1,0,1,14895000,137812500,0,-0.5000000000000004,0.8660254037844384,0,0,0,1
0,51.0,35,1,-1,-1,-1,1,-1,1,1,9322500,332317500,0,0.8660254037844387,-0.4999999999999998,0,0,1,0
0,44.0,48,0,0,0,0,0,0,1,0,3097500,158550000,0,0.49999999999999994,-0.8660254037844387,1,0,0,0
0,34.0,46,0,0,0,0,0,0,1,1,2992500,139065000,0,-0.4999999999999997,-0.8660254037844388,1,0,0,0
1,46.0,29,-1,-1,-1,-1,1,-1,0,0,5062500,151387500,0,1.2246467991473532e-16,-1.0,0,0,1,0
1,41.0,30,-1,1,1,-1,-1,-1,0,0,12307500,385530000,0,1.2246467991473532e-16,-1.0,0,0,0,1
1,52.0,1,-1,-1,-1,1,-1,-1,0,0,11205000,11205000,0,0.8660254037844386,0.5000000000000001,0,0,0,1
1,32.0,66,1,-1,1,1,1,1,1,1,12600000,857137500,0,-0.8660254037844386,0.5000000000000001,0,0,1,0
0,36.0,65,1,1,1,-1,1,1,0,1,16657500,1066050000,0,0.8660254037844387,-0.4999999999999998,0,0,0,1
1,35.0,72,-1,1,1,-1,1,1,1,1,15135000,1118857500,0,0.8660254037844386,0.5000000000000001,0,0,0,1
0,22.0,12,1,-1,-1,-1,-1,-1,0,1,11842500,139102500,1,-0.4999999999999997,-0.8660254037844388,0,0,0,1
1,44.0,71,1,1,-1,1,-1,-1,1,1,10027500,712305000,0,0.49999999999999994,0.8660254037844387,0,0,1,0
1,43.0,5,0,0,0,0,0,0,0,0,3157500,17077500,1,-0.8660254037844386,0.5000000000000001,1,0,0,0
1,40.0,52,0,0,0,0,0,0,1,0,3150000,166080000,0,1.2246467991473532e-16,-1.0,1,0,0,0
0,37.0,25,-1,1,1,-1,1,1,0,1,14775000,377175000,1,-0.8660254037844386,0.5000000000000001,0,0,0,1
1,23.0,1,0,0,0,0,0,0,0,0,3030000,3030000,0,1.2246467991473532e-16,-1.0,1,0,0,0
0,35.0,1,0,0,0,0,0,0,0,0,2917500,2917500,0,0.0,1.0,1,0,0,0
1,36.0,38,-1,-1,1,1,1,-1,1,0,14250000,540840000,0,-0.8660254037844386,0.5000000000000001,0,0,0,1
0,30.0,66,-1,1,1,-1,1,-1,1,0,6832500,454087500,0,-0.4999999999999997,-0.8660254037844388,0,0,1,0
1,38.0,68,-1,1,1,1,1,1,1,1,16500000,1141777500,1,0.8660254037844386,0.5000000000000001,0,0,0,1
1,45.0,5,-1,-1,-1,-1,-1,-1,0,0,3645000,15030000,0,1.0,6.123233995736766e-17,0,0,1,0
0,63.0,72,1,1,-1,-1,1,1,1,1,15622500,1095457500,0,0.49999999999999994,-0.8660254037844387,0,0,0,1
0,42.0,32,1,-1,-1,-1,-1,-1,1,0,4522500,139147500,0,0.8660254037844387,-0.4999999999999998,0,0,1,0
1,43.0,43,-1,-1,-1,-1,1,1,1,0,14152500,588195000,0,0.8660254037844386,0.5000000000000001,0,0,0,1
1,39.0,72,0,0,0,0,0,0,1,0,2910000,204487500,0,0.8660254037844387,-0.4999999999999998,1,0,0,0
1,18.0,55,1,1,-1,-1,1,-1,0,1,14512500,785835000,1,1.0,6.123233995736766e-17,0,0,0,1
0,40.0,52,1,-1,1,1,-1,-1,1,0,8692500,456337500,0,-0.4999999999999997,-0.8660254037844388,0,1,0,0
0,41.0,43,-1,1,1,-1,1,-1,0,1,13747500,593115000,0,-1.0,-1.8369701987210297e-16,0,0,0,1
0,70.0,37,-1,-1,-1,-1,-1,-1,0,1,11475000,430222500,1,0.0,1.0,0,0,0,1
0,38.0,64,-1,1,-1,1,1,1,1,1,8190000,513525000,0,0.0,1.0,0,1,0,0
1,44.0,3,1,1,-1,-1,1,-1,0,0,13477500,37260000,0,0.49999999999999994,-0.8660254037844387,0,0,0,1
0,40.0,36,1,-1,-1,-1,-1,-1,1,0,4657500,168952500,0,-1.0,-1.8369701987210297e-16,0,0,1,0
0,26.0,10,1,-1,-1,-1,1,1,0,1,15037500,159697500,1,1.2246467991473532e-16,-1.0,0,0,0,1
0,54.0,41,0,0,0,0,0,0,1,0,3097500,125272500,0,1.2246467991473532e-16,-1.0,1,0,0,0
1,49.0,27,-1,1,-1,1,-1,-1,0,1,12780000,322740000,0,0.49999999999999994,-0.8660254037844387,0,0,0,1
0,49.0,56,-1,-1,1,-1,1,1,1,1,14970000,827317500,0,1.2246467991473532e-16,-1.0,0,0,0,1
0,29.0,6,0,0,0,0,0,0,0,0,3105000,16912500,0,-0.8660254037844386,0.5000000000000001,1,0,0,0
1,57.0,3,-1,-1,-1,-1,-1,-1,0,1,11160000,34432500,1,0.8660254037844387,-0.4999999999999998,0,0,0,1
0,23.0,7,1,-1,-1,-1,-1,-1,0,0,7605000,52552500,0,-0.8660254037844386,0.5000000000000001,0,0,1,0
0,47.0,4,0,0,0,0,0,0,0,0,3127500,9435000,0,-0.4999999999999997,-0.8660254037844388,1,0,0,0
1,66.0,33,1,-1,-1,1,1,-1,1,1,13342500,454147500,0,-0.5000000000000004,0.8660254037844384,0,0,0,1
0,28.0,27,-1,-1,1,-1,-1,-1,0,1,11707500,320325000,1,1.0,6.123233995736766e-17,0,0,0,1
1,33.0,72,0,0,0,0,0,0,1,1,3532500,258592500,0,-1.0,-1.8369701987210297e-16,1,0,0,0
1,41.0,1,0,0,0,0,0,0,0,0,2962500,2962500,0,0.8660254037844386,0.5000000000000001,1,0,0,0
1,34.0,71,1,1,-1,-1,1,1,1,1,8467500,597802500,0,1.0,6.123233995736766e-17,0,0,1,0
0,21.0,13,-1,-1,-1,-1,-1,1,0,1,12892500,182347500,0,-0.8660254037844385,-0.5000000000000004,0,0,0,1
0,41.0,25,1,1,1,-1,1,1,0,1,8790000,225397500,1,-0.4999999999999997,-0.8660254037844388,0,1,0,0
1,27.0,67,-1,-1,-1,1,-1,-1,1,0,7582500,489015000,0,0.49999999999999994,0.8660254037844387,0,1,0,0
1,46.0,1,-1,-1,-1,-1,-1,1,0,1,5317500,5317500,1,0.49999999999999994,-0.8660254037844387,0,0,1,0
1,29.0,2,-1,-1,-1,-1,-1,-1,0,0,6652500,12187500,1,-1.0,-1.8369701987210297e-16,0,1,0,0
0,59.0,43,0,0,0,0,0,0,1,1,3855000,178230000,0,1.0,6.123233995736766e-17,1,0,0,0
0,31.0,23,1,-1,-1,-1,-1,-1,0,1,11250000,266775000,0,0.0,1.0,0,0,0,1
0,36.0,64,0,0,0,0,0,0,1,0,3030000,191662500,0,1.2246467991473532e-16,-1.0,1,0,0,0
1,50.0,57,0,0,0,0,0,0,1,1,2940000,175582500,0,0.8660254037844386,0.5000000000000001,1,0,0,0
0,25.0,1,-1,-1,-1,-1,-1,-1,0,1,10567500,10567500,1,1.0,6.123233995736766e-17,0,0,0,1
0,43.0,72,1,1,1,1,1,1,1,1,13207500,963847500,0,0.8660254037844387,-0.4999999999999998,0,0,1,0
0,56.0,8,1,-1,-1,1,-1,1,0,0,10672500,84547500,1,-0.8660254037844386,0.5000000000000001,0,0,1,0
0,21.0,61,-1,1,-1,-1,1,1,1,1,15157500,895687500,0,-0.8660254037844385,-0.5000000000000004,0,0,0,1
1,42.0,64,1,1,-1,-1,-1,-1,1,1,12645000,793357500,0,-1.0,-1.8369701987210297e-16,0,0,0,1
1,43.0,71,0,0,0,0,0,0,1,0,3592500,263430000,0,-0.8660254037844385,-0.5000000000000004,1,0,0,0
0,49.0,65,1,1,-1,1,1,-1,1,1,14857500,962505000,0,0.49999999999999994,-0.8660254037844387,0,0,0,1
1,25.0,3,0,0,0,0,0,0,1,0,2940000,9202500,0,0.8660254037844386,0.5000000000000001,1,0,0,0
1,24.0,1,-1,-1,-1,-1,-1,-1,0,1,6847500,6847500,1,-0.4999999999999997,-0.8660254037844388,0,0,1,0
1,46.0,30,-1,1,1,-1,1,-1,1,0,9675000,289492500,0,0.49999999999999994,-0.8660254037844387,0,0,1,0
1,44.0,15,-1,1,1,1,-1,1,0,1,10425000,160710000,0,-1.0,-1.8369701987210297e-16,0,1,0,0
0,43.0,8,-1,-1,-1,1,1,1,0,1,10282500,84652500,0,0.0,1.0,0,0,1,0
1,44.0,7,-1,-1,-1,-1,1,1,0,0,14250000,98325000,1,-1.0,-1.8369701987210297e-16,0,0,0,1
0,32.0,70,1,1,1,-1,1,1,1,1,16222500,1189582500,0,-0.8660254037844385,-0.5000000000000004,0,0,0,1
1,43.0,62,1,1,1,1,1,1,1,0,12915000,782287500,0,1.2246467991473532e-16,-1.0,0,0,1,0
0,44.0,6,0,0,0,0,0,0,0,0,2955000,17025000,0,0.8660254037844386,0.5000000000000001,1,0,0,0
0,31.0,14,-1,-1,-1,-1,-1,1,0,1,12135000,172920000,0,0.0,1.0,0,0,0,1
0,62.0,22,-1,-1,-1,-1,1,-1,0,1,12622500,273292500,0,0.49999999999999994,-0.8660254037844387,0,0,0,1
1,46.0,22,0,0,0,0,0,0,1,0,3022500,62985000,0,1.0,6.123233995736766e-17,1,0,0,0
1,26.0,16,1,-1,1,-1,1,-1,1,0,9637500,153600000,0,-0.8660254037844386,0.5000000000000001,0,1,0,0
1,48.0,10,0,0,0,0,0,0,1,0,3855000,37740000,0,0.8660254037844386,0.5000000000000001,1,0,0,0
0,28.0,13,1,1,-1,-1,-1,-1,0,1,8400000,114682500,0,1.0,6.123233995736766e-17,0,0,1,0
0,49.0,20,1,-1,-1,-1,-1,-1,0,0,12360000,238852500,1,1.2246467991473532e-16,-1.0,0,0,0,1
0,54.0,2,-1,-1,-1,-1,-1,-1,0,1,10455000,20280000,0,0.8660254037844387,-0.4999999999999998,0,0,0,1
1,30.0,53,-1,1,1,1,-1,1,1,1,11085000,593737500,0,0.49999999999999994,0.8660254037844387,0,0,1,0
0,52.0,11,0,0,0,0,0,0,1,0,3090000,35085000,0,1.0,6.123233995736766e-17,1,0,0,0
1,45.0,69,0,0,0,0,0,0,1,0,2985000,204517500,0,0.49999999999999994,0.8660254037844387,1,0,0,0
0,50.0,4,-1,-1,-1,-1,-1,-1,0,1,10635000,40950000,1,0.8660254037844387,-0.4999999999999998,0,0,0,1
1,63.0,72,1,1,1,1,1,1,1,1,13357500,938167500,0,-0.8660254037844385,-0.5000000000000004,0,0,1,0
1,37.0,58,-1,1,1,-1,-1,1,0,1,6795000,397680000,1,-0.8660254037844385,-0.5000000000000004,0,1,0,0
0,31.0,16,0,0,0,0,0,0,0,0,3060000,48210000,0,-0.8660254037844386,0.5000000000000001,1,0,0,0
1,29.0,43,1,-1,1,1,-1,-1,1,1,12637500,530887500,0,0.8660254037844386,0.5000000000000001,0,0,0,1
0,30.0,2,-1,-1,1,1,1,1,0,1,15660000,36420000,1,0.8660254037844386,0.5000000000000001,0,0,0,1
1,39.0,14,-1,1,1,1,1,1,1,0,12292500,177262500,0,-0.4999999999999997,-0.8660254037844388,0,0,1,0
0,44.0,53,-1,-1,1,-1,1,1,1,1,14227500,750030000,1,0.8660254037844386,0.5000000000000001,0,0,0,1
0,43.0,32,0,0,0,0,0,0,1,0,3082500,98182500,0,0.49999999999999994,0.8660254037844387,1,0,0,0
0,50.0,34,0,0,0,0,0,0,0,0,3705000,117030000,0,0.8660254037844386,0.5000000000000001,1,0,0,0
0,40.0,15,-1,-1,-1,-1,-1,-1,0,1,11167500,171855000,1,-0.4999999999999997,-0.8660254037844388,0,0,0,1
0,57.0,7,1,-1,-1,-1,-1,-1,0,0,11467500,75540000,1,0.49999999999999994,0.8660254037844387,0,0,0,1
0,37.0,15,-1,1,1,-1,1,1,0,1,15802500,233887500,0,-0.8660254037844386,0.5000000000000001,0,0,0,1
1,73.0,61,0,0,0,0,0,0,1,1,3082500,187800000,0,-0.8660254037844386,0.5000000000000001,1,0,0,0
0,48.0,1,-1,1,-1,-1,-1,-1,0,0,4492500,4492500,1,0.0,1.0,0,1,0,0
0,30.0,1,-1,-1,-1,-1,-1,-1,0,0,6795000,6795000,0,-0.8660254037844386,0.5000000000000001,0,0,1,0
1,27.0,8,-1,-1,-1,-1,-1,1,0,0,12675000,99397500,1,0.49999999999999994,-0.8660254037844387,0,0,0,1
1,46.0,33,1,-1,1,-1,1,1,1,0,11212500,367995000,0,1.0,6.123233995736766e-17,0,1,0,0
0,37.0,13,-1,1,1,-1,-1,-1,0,1,11887500,166747500,1,0.49999999999999994,-0.8660254037844387,0,0,0,1
0,49.0,1,-1,-1,-1,-1,-1,-1,0,1,3720000,3720000,1,0.8660254037844386,0.5000000000000001,0,0,1,0
1,46.0,20,-1,1,-1,-1,-1,-1,0,1,7770000,153577500,0,1.2246467991473532e-16,-1.0,0,1,0,0
1,39.0,3,-1,-1,-1,1,-1,-1,0,0,4560000,12322500,0,0.49999999999999994,0.8660254037844387,0,1,0,0
0,30.0,13,0,0,0,0,0,0,1,0,2947500,36720000,0,-0.8660254037844386,0.5000000000000001,1,0,0,0
0,22.0,40,-1,1,-1,-1,-1,-1,0,0,8490000,356865000,0,0.49999999999999994,0.8660254037844387,0,1,0,0
1,35.0,43,1,-1,-1,1,-1,1,1,1,10785000,476002500,0,0.49999999999999994,-0.8660254037844387,0,0,1,0
1,50.0,6,-1,1,1,-1,-1,1,0,1,13650000,79650000,1,-1.0,-1.8369701987210297e-16,0,0,0,1
0,43.0,69,0,0,0,0,0,0,1,0,2962500,206310000,0,0.8660254037844386,0.5000000000000001,1,0,0,0
0,25.0,72,1,1,1,-1,1,1,1,0,16455000,1219395000,0,-0.8660254037844386,0.5000000000000001,0,0,0,1
1,42.0,59,0,0,0,0,0,0,1,0,2895000,178905000,0,-0.5000000000000004,0.8660254037844384,1,0,0,0
0,45.0,20,1,1,-1,1,1,-1,0,1,14482500,285247500,0,0.49999999999999994,-0.8660254037844387,0,0,0,1
1,29.0,24,0,0,0,0,0,0,1,1,3615000,88110000,0,1.2246467991473532e-16,-1.0,1,0,0,0
1,42.0,59,-1,1,1,1,1,1,0,1,16702500,977962500,0,0.8660254037844387,-0.4999999999999998,0,0,0,1
1,41.0,72,-1,1,1,1,1,1,1,1,16837500,1206247500,0,1.2246467991473532e-16,-1.0,0,0,0,1
1,26.0,1,0,0,0,0,0,0,0,0,3112500,3112500,0,-0.4999999999999997,-0.8660254037844388,1,0,0,0
0,44.0,27,1,-1,-1,1,1,1,1,1,15285000,402172500,0,-1.0,-1.8369701987210297e-16,0,0,0,1
0,47.0,14,-1,1,-1,1,-1,-1,0,1,12007500,166845000,0,-0.4999999999999997,-0.8660254037844388,0,0,0,1
1,53.0,71,1,-1,1,-1,1,1,1,0,15832500,1110825000,0,1.0,6.123233995736766e-17,0,0,0,1
1,53.0,13,-1,-1,-1,-1,1,-1,0,1,11745000,155092500,0,0.0,1.0,0,0,0,1
1,23.0,44,-1,-1,-1,-1,-1,-1,0,0,10327500,443842500,0,0.8660254037844386,0.5000000000000001,0,0,0,1
0,29.0,33,-1,1,-1,1,-1,-1,1,1,11992500,402727500,0,-0.8660254037844386,0.5000000000000001,0,0,0,1
1,46.0,72,1,1,1,1,-1,1,1,1,8317500,626880000,0,0.49999999999999994,-0.8660254037844387,0,1,0,0
1,46.0,1,-1,-1,-1,-1,-1,1,0,0,11985000,11985000,1,0.49999999999999994,0.8660254037844387,0,0,0,1
0,46.0,19,1,-1,1,1,1,1,0,1,15990000,290167500,1,0.49999999999999994,0.8660254037844387,0,0,0,1
1,75.0,64,-1,1,1,1,1,1,1,1,15367500,998115000,0,-0.8660254037844386,0.5000000000000001,0,0,0,1
1,47.0,2,-1,-1,-1,-1,-1,-1,0,1,6900000,12675000,1,0.0,1.0,0,0,1,0
0,54.0,1,-1,-1,-1,-1,-1,-1,0,0,3787500,3787500,0,1.0,6.123233995736766e-17,0,0,1,0
1,51.0,61,0,0,0,0,0,0,1,0,2962500,168630000,0,1.2246467991473532e-16,-1.0,1,0,0,0
0,48.0,29,0,0,0,0,0,0,1,0,3000000,81007500,0,-0.4999999999999997,-0.8660254037844388,1,0,0,0
1,36.0,23,-1,-1,-1,-1,-1,1,0,0,13020000,296377500,0,1.0,6.123233995736766e-17,0,0,0,1
0,49.0,57,1,1,1,-1,1,1,0,1,8812500,515617500,0,1.2246467991473532e-16,-1.0,0,1,0,0
1,31.0,72,1,1,1,1,-1,-1,1,0,6787500,470970000,0,0.8660254037844387,-0.4999999999999998,0,0,1,0
1,37.0,66,1,1,1,1,1,-1,1,1,8490000,568380000,0,-0.8660254037844386,0.5000000000000001,0,0,1,0
1,34.0,65,-1,1,1,1,1,1,1,1,12630000,798675000,0,-0.8660254037844385,-0.5000000000000004,0,0,1,0
0,41.0,8,-1,-1,-1,-1,1,-1,0,1,12000000,93690000,0,1.2246467991473532e-16,-1.0,0,0,0,1
0,68.0,4,-1,-1,-1,-1,-1,-1,0,1,10522500,40252500,1,0.49999999999999994,-0.8660254037844387,0,0,0,1
0,18.0,71,0,0,0,0,0,0,1,0,3712500,275535000,0,0.0,1.0,1,0,0,0
1,48.0,1,0,0,0,0,0,0,1,1,3030000,3030000,0,0.0,1.0,1,0,0,0
1,21.0,4,-1,-1,-1,1,-1,-1,0,0,7507500,26902500,1,0.49999999999999994,-0.8660254037844387,0,0,1,0
0,34.0,12,0,0,0,0,0,0,1,1,2902500,32902500,0,0.49999999999999994,0.8660254037844387,1,0,0,0
1,53.0,24,1,-1,-1,-1,1,1,1,1,7590000,193312500,0,1.0,6.123233995736766e-17,0,0,1,0
0,41.0,31,1,-1,1,1,1,1,1,1,12172500,381862500,0,0.8660254037844386,0.5000000000000001,0,0,1,0
0,27.0,1,-1,-1,-1,-1,1,-1,0,0,8280000,8280000,1,1.0,6.123233995736766e-17,0,1,0,0
1,31.0,30,-1,-1,-1,1,-1,1,0,1,13485000,408472500,0,0.49999999999999994,0.8660254037844387,0,0,0,1
0,48.0,47,1,1,-1,1,1,1,1,1,12795000,616087500,0,0.0,1.0,0,1,0,0
1,31.0,54,1,1,-1,1,1,1,1,1,16200000,864097500,0,1.2246467991473532e-16,-1.0,0,0,0,1
1,43.0,50,1,1,-1,1,-1,1,0,1,14025000,712125000,0,0.49999999999999994,-0.8660254037844387,0,0,0,1
1,41.0,1,1,-1,-1,-1,-1,1,0,1,12690000,12690000,1,0.8660254037844386,0.5000000000000001,0,0,0,1
0,32.0,72,0,0,0,0,0,0,1,0,3037500,235035000,0,0.0,1.0,1,0,0,0
0,66.0,29,0,0,0,0,0,0,0,0,3772500,105300000,0,0.0,1.0,1,0,0,0
1,48.0,2,-1,1,-1,-1,-1,-1,0,1,8160000,17115000,1,-1.0,-1.8369701987210297e-16,0,0,1,0
0,18.0,10,-1,-1,-1,1,-1,-1,1,1,4440000,44857500,0,0.49999999999999994,0.8660254037844387,0,0,1,0
1,42.0,18,-1,-1,-1,-1,-1,-1,0,1,10972500,195892500,0,0.49999999999999994,-0.8660254037844387,0,0,0,1
0,32.0,11,-1,1,-1,-1,1,1,0,1,14250000,168045000,1,0.8660254037844386,0.5000000000000001,0,0,0,1
1,50.0,16,0,0,0,0,0,0,1,0,2962500,42652500,0,1.0,6.123233995736766e-17,1,0,0,0
0,30.0,72,-1,1,1,1,1,1,1,0,12990000,952575000,0,1.2246467991473532e-16,-1.0,0,1,0,0
1,39.0,72,-1,1,1,1,1,1,1,0,16380000,1181745000,0,-0.5000000000000004,0.8660254037844384,0,0,0,1
0,46.0,41,1,-1,-1,1,1,1,1,1,11205000,478147500,0,0.49999999999999994,0.8660254037844387,0,0,1,0
0,50.0,65,1,1,1,-1,-1,1,0,0,14160000,918922500,0,0.8660254037844387,-0.4999999999999998,0,0,0,1
0,26.0,13,-1,1,1,-1,-1,-1,0,1,8220000,109695000,0,1.0,6.123233995736766e-17,0,0,1,0
1,36.0,4,1,-1,-1,-1,-1,-1,0,0,11302500,41010000,0,-0.8660254037844386,0.5000000000000001,0,0,0,1
1,34.0,41,-1,-1,1,-1,-1,1,1,0,9750000,379770000,0,0.49999999999999994,0.8660254037844387,0,0,1,0
1,32.0,15,-1,1,-1,-1,-1,-1,0,1,11160000,161145000,1,0.8660254037844387,-0.4999999999999998,0,0,0,1
1,61.0,1,1,-1,-1,-1,-1,-1,0,1,7282500,7282500,1,0.8660254037844387,-0.4999999999999998,0,0,1,0
1,45.0,42,1,1,1,-1,-1,1,1,1,14850000,644767500,0,-1.0,-1.8369701987210297e-16,0,0,0,1
0,25.0,51,1,1,1,-1,1,-1,1,1,14025000,692932500,0,0.49999999999999994,-0.8660254037844387,0,0,0,1
0,51.0,2,-1,-1,-1,-1,-1,-1,0,0,10560000,22072500,1,1.2246467991473532e-16,-1.0,0,0,0,1
1,65.0,1,-1,1,-1,-1,1,-1,0,0,6030000,6030000,1,1.0,6.123233995736766e-17,0,0,1,0
1,52.0,32,-1,1,1,1,1,1,1,0,12555000,394995000,0,0.8660254037844387,-0.4999999999999998,0,1,0,0
1,22.0,10,0,0,0,0,0,0,0,1,2977500,28957500,0,1.0,6.123233995736766e-17,1,0,0,0
0,34.0,67,-1,1,1,1,1,1,1,1,8932500,615585000,0,-0.4999999999999997,-0.8660254037844388,0,0,1,0
0,55.0,61,1,1,1,1,1,1,1,0,17265000,1051222500,0,-0.4999999999999997,-0.8660254037844388,0,0,0,1
1,32.0,50,1,1,1,1,1,1,1,0,17152500,868665000,0,0.8660254037844386,0.5000000000000001,0,0,0,1
0,45.0,2,-1,-1,-1,-1,-1,-1,0,1,6690000,12082500,1,0.8660254037844387,-0.4999999999999998,0,0,1,0
0,49.0,29,1,-1,1,-1,-1,1,0,1,6750000,184297500,0,-0.5000000000000004,0.8660254037844384,0,1,0,0
1,29.0,3,-1,-1,1,-1,-1,1,0,1,6172500,19830000,1,-0.8660254037844386,0.5000000000000001,0,0,1,0
1,39.0,13,-1,1,1,-1,1,1,0,1,16035000,204645000,1,0.0,1.0,0,0,0,1
1,18.0,57,-1,1,-1,-1,-1,1,0,1,13477500,738802500,0,0.8660254037844386,0.5000000000000001,0,0,0,1
0,28.0,31,1,1,-1,1,-1,1,1,1,7477500,228015000,0,0.0,1.0,0,0,1,0
0,37.0,45,1,1,1,1,1,1,1,0,16995000,754837500,0,1.2246467991473532e-16,-1.0,0,0,0,1
0,25.0,61,1,1,1,1,1,1,1,0,13215000,829012500,0,-0.8660254037844385,-0.5000000000000004,0,1,0,0
1,60.0,50,0,0,0,0,0,0,1,0,3735000,179287500,0,0.49999999999999994,0.8660254037844387,1,0,0,0
0,23.0,19,1,1,-1,1,1,1,0,1,15750000,301087500,0,0.49999999999999994,-0.8660254037844387,0,0,0,1
1,35.0,59,0,0,0,0,0,0,1,0,2902500,164940000,1,1.2246467991473532e-16,-1.0,1,0,0,0
0,42.0,71,0,0,0,0,0,0,1,1,3637500,259942500,0,0.8660254037844387,-0.4999999999999998,1,0,0,0
0,57.0,16,-1,-1,-1,1,1,1,0,1,14167500,226680000,1,1.2246467991473532e-16,-1.0,0,0,0,1
1,23.0,57,1,1,-1,1,-1,-1,1,1,8962500,517522500,0,0.49999999999999994,-0.8660254037844387,0,1,0,0
1,54.0,1,-1,-1,-1,-1,-1,-1,0,0,3720000,3720000,1,0.0,1.0,0,0,1,0
1,40.0,20,-1,1,-1,1,1,1,0,0,16057500,325807500,0,-0.8660254037844385,-0.5000000000000004,0,0,0,1
1,28.0,1,-1,-1,-1,-1,-1,-1,0,0,10590000,10590000,1,-0.5000000000000004,0.8660254037844384,0,0,0,1
1,46.0,5,-1,1,-1,1,-1,-1,0,1,12810000,60165000,1,-0.8660254037844385,-0.5000000000000004,0,0,0,1
0,42.0,52,-1,1,1,-1,1,1,0,1,15757500,843727500,1,0.49999999999999994,-0.8660254037844387,0,0,0,1
1,33.0,21,1,1,-1,-1,-1,1,0,1,9742500,200970000,0,-1.0,-1.8369701987210297e-16,0,0,1,0
1,41.0,14,-1,-1,1,1,1,1,0,1,8250000,115792500,0,1.0,6.123233995736766e-17,0,0,1,0
0,35.0,5,-1,1,-1,-1,-1,-1,0,0,7582500,36712500,0,0.8660254037844386,0.5000000000000001,0,0,1,0
0,41.0,6,1,1,-1,-1,-1,-1,0,0,8272500,48435000,0,-0.8660254037844385,-0.5000000000000004,0,1,0,0
0,48.0,10,-1,1,-1,-1,-1,-1,0,0,7680000,74737500,0,-0.4999999999999997,-0.8660254037844388,0,0,1,0
0,59.0,1,0,0,0,0,0,0,0,0,3810000,3810000,0,0.49999999999999994,0.8660254037844387,1,0,0,0
0,25.0,68,1,-1,-1,-1,-1,-1,0,0,8167500,553162500,0,0.8660254037844387,-0.4999999999999998,0,0,1,0
1,66.0,18,-1,-1,1,-1,1,1,0,0,14272500,266992500,1,1.2246467991473532e-16,-1.0,0,0,0,1
0,18.0,22,-1,-1,-1,-1,-1,-1,1,1,11400000,267540000,0,0.0,1.0,0,0,0,1
0,38.0,20,-1,-1,-1,-1,-1,-1,0,1,6652500,139072500,0,-0.4999999999999997,-0.8660254037844388,0,0,1,0
1,47.0,1,-1,-1,-1,-1,-1,-1,0,0,10500000,10500000,1,1.0,6.123233995736766e-17,0,0,0,1
1,43.0,8,-1,1,-1,-1,-1,-1,0,1,11175000,90982500,1,-0.8660254037844386,0.5000000000000001,0,0,0,1
1,33.0,10,-1,-1,-1,-1,-1,-1,0,1,6727500,65310000,1,-1.0,-1.8369701987210297e-16,0,1,0,0
1,38.0,24,-1,-1,-1,-1,-1,-1,0,1,11415000,256905000,1,0.49999999999999994,0.8660254037844387,0,0,0,1
1,34.0,35,1,1,1,-1,-1,-1,1,0,9180000,303180000,0,0.8660254037844386,0.5000000000000001,0,0,1,0
1,33.0,23,-1,1,1,1,-1,-1,1,0,13020000,291120000,0,-0.4999999999999997,-0.8660254037844388,0,0,0,1
0,50.0,6,-1,-1,-1,-1,1,1,0,1,13402500,85170000,0,-0.4999999999999997,-0.8660254037844388,0,0,0,1
0,44.0,12,0,0,0,0,0,0,0,0,2955000,33052500,0,1.2246467991473532e-16,-1.0,1,0,0,0
1,32.0,1,0,0,0,0,0,0,0,0,3037500,3037500,0,0.8660254037844387,-0.4999999999999998,1,0,0,0
0,51.0,71,-1,-1,1,-1,-1,-1,1,0,11407500,815467500,0,1.0,6.123233995736766e-17,0,0,0,1
1,44.0,35,-1,-1,1,-1,1,1,0,1,15120000,515625000,0,1.0,6.123233995736766e-17,0,0,0,1
1,50.0,40,-1,-1,1,-1,1,1,0,1,11182500,452362500,0,-0.8660254037844386,0.5000000000000001,0,1,0,0
0,48.0,1,1,-1,-1,-1,-1,-1,0,1,11040000,11040000,1,1.0,6.123233995736766e-17,0,0,0,1
1,30.0,23,-1,-1,-1,-1,1,1,1,1,9735000,226470000,0,0.8660254037844387,-0.4999999999999998,0,0,1,0
0,33.0,4,-1,-1,-1,-1,1,1,0,1,14317500,59415000,1,-0.4999999999999997,-0.8660254037844388,0,0,0,1
1,49.0,4,-1,-1,1,1,-1,1,0,1,13560000,53497500,0,-0.4999999999999997,-0.8660254037844388,0,0,0,1
0,47.0,68,-1,1,1,1,1,1,1,0,9045000,616350000,0,-0.8660254037844386,0.5000000000000001,0,0,1,0
1,40.0,38,-1,1,-1,-1,-1,-1,0,1,12277500,471255000,0,0.8660254037844387,-0.4999999999999998,0,0,0,1
1,41.0,52,0,0,0,0,0,0,1,0,3720000,184365000,0,0.49999999999999994,0.8660254037844387,1,0,0,0
1,55.0,32,-1,-1,-1,-1,-1,-1,0,1,11235000,345502500,1,0.49999999999999994,0.8660254037844387,0,0,0,1
1,33.0,29,-1,-1,1,1,1,1,1,0,11332500,308160000,0,-0.8660254037844385,-0.5000000000000004,0,0,1,0
1,47.0,38,-1,1,-1,-1,1,1,0,0,15172500,561277500,0,-0.4999999999999997,-0.8660254037844388,0,0,0,1
1,38.0,48,1,-1,1,-1,1,1,1,1,11812500,552367500,0,-0.8660254037844386,0.5000000000000001,0,1,0,0
0,37.0,1,0,0,0,0,0,0,0,1,2887500,2887500,0,-0.5000000000000004,0.8660254037844384,1,0,0,0
0,53.0,22,1,-1,-1,1,-1,1,0,1,13357500,282937500,0,-0.8660254037844385,-0.5000000000000004,0,0,0,1
0,50.0,43,1,1,1,1,1,1,1,0,17257500,734265000,0,-0.8660254037844385,-0.5000000000000004,0,0,0,1
0,50.0,5,-1,-1,-1,-1,-1,-1,0,1,10402500,51240000,0,-0.8660254037844385,-0.5000000000000004,0,0,0,1
1,56.0,5,-1,-1,-1,-1,1,-1,0,1,12090000,62332500,1,-0.4999999999999997,-0.8660254037844388,0,0,0,1
1,40.0,51,1,1,-1,1,1,1,1,0,16507500,852960000,0,-1.0,-1.8369701987210297e-16,0,0,0,1
1,48.0,71,0,0,0,0,0,0,1,1,2985000,203265000,0,0.0,1.0,1,0,0,0
0,36.0,38,1,1,-1,1,1,1,1,0,12045000,458797500,1,-0.8660254037844386,0.5000000000000001,0,0,1,0
1,44.0,24,-1,-1,1,-1,1,1,0,1,13972500,334657500,1,1.2246467991473532e-16,-1.0,0,0,0,1
1,38.0,35,-1,-1,-1,1,1,-1,0,1,13725000,485452500,0,0.0,1.0,0,0,0,1
0,41.0,54,1,1,-1,1,1,1,1,0,12367500,652515000,1,-0.4999999999999997,-0.8660254037844388,0,0,1,0
0,47.0,72,-1,1,1,1,1,1,1,1,9000000,639600000,0,0.8660254037844387,-0.4999999999999998,0,1,0,0
1,30.0,1,-1,-1,-1,-1,-1,-1,0,1,6720000,6720000,0,0.49999999999999994,-0.8660254037844387,0,0,1,0
0,65.0,9,1,-1,-1,-1,-1,-1,1,0,7290000,63345000,0,0.49999999999999994,0.8660254037844387,0,1,0,0
1,28.0,69,1,1,-1,1,1,1,1,1,9007500,626505000,0,0.49999999999999994,-0.8660254037844387,0,1,0,0
0,25.0,52,-1,1,-1,1,1,1,0,1,15405000,770715000,0,0.49999999999999994,-0.8660254037844387,0,0,0,1
0,54.0,11,-1,-1,-1,1,1,-1,0,1,12435000,132007500,0,1.0,6.123233995736766e-17,0,0,0,1
0,49.0,2,-1,-1,-1,-1,-1,-1,0,1,10552500,20857500,1,0.8660254037844387,-0.4999999999999998,0,0,0,1
0,47.0,28,-1,-1,-1,-1,1,-1,0,1,5385000,146047500,0,1.0,6.123233995736766e-17,0,0,1,0
0,48.0,17,-1,-1,1,-1,-1,-1,0,1,12397500,220507500,0,1.2246467991473532e-16,-1.0,0,0,0,1
0,40.0,35,0,0,0,0,0,0,1,1,2977500,110902500,0,0.49999999999999994,-0.8660254037844387,1,0,0,0
0,29.0,8,0,0,0,0,0,0,1,1,2880000,24292500,0,-0.8660254037844386,0.5000000000000001,1,0,0,0
1,41.0,46,-1,1,1,-1,1,-1,1,1,14235000,663442500,0,-0.5000000000000004,0.8660254037844384,0,0,0,1
0,32.0,7,-1,-1,-1,-1,-1,-1,0,1,11077500,76687500,1,-0.5000000000000004,0.8660254037844384,0,0,0,1
0,52.0,2,-1,-1,1,-1,-1,-1,0,0,12090000,23370000,1,0.0,1.0,0,0,0,1
1,38.0,68,-1,1,1,1,-1,1,1,1,11370000,794092500,1,0.0,1.0,0,0,1,0
0,30.0,43,-1,1,1,-1,1,1,1,1,15690000,713977500,1,1.2246467991473532e-16,-1.0,0,0,0,1
0,36.0,68,1,1,1,1,1,1,1,1,13222500,922267500,0,-0.8660254037844386,0.5000000000000001,0,1,0,0
0,45.0,36,-1,1,-1,-1,1,1,0,1,14220000,534847500,0,0.49999999999999994,0.8660254037844387,0,0,0,1
1,33.0,63,-1,1,1,-1,1,1,0,1,15510000,990450000,1,-1.0,-1.8369701987210297e-16,0,0,0,1
0,30.0,32,-1,1,-1,1,-1,-1,0,0,8197500,274515000,0,-0.8660254037844386,0.5000000000000001,0,0,1,0
0,43.0,71,1,1,1,1,1,1,1,0,12862500,933570000,0,-0.8660254037844385,-0.5000000000000004,0,0,1,0
0,43.0,66,1,1,1,-1,-1,-1,0,1,10117500,676297500,0,-0.5000000000000004,0.8660254037844384,0,0,1,0
1,34.0,63,0,0,0,0,0,0,1,0,3075000,199222500,0,0.0,1.0,1,0,0,0
0,34.0,41,0,0,0,0,0,0,1,1,3037500,129750000,0,1.0,6.123233995736766e-17,1,0,0,0
0,43.0,1,-1,-1,-1,-1,-1,-1,0,1,10815000,10815000,0,-1.0,-1.8369701987210297e-16,0,0,0,1
0,23.0,2,-1,-1,-1,-1,1,1,0,1,13560000,25230000,1,-0.5000000000000004,0.8660254037844384,0,0,0,1
0,23.0,70,0,0,0,0,0,0,1,0,2917500,195525000,0,0.8660254037844386,0.5000000000000001,1,0,0,0
0,31.0,23,-1,-1,-1,-1,1,1,0,1,6742500,149527500,0,-0.5000000000000004,0.8660254037844384,0,1,0,0
0,37.0,64,1,1,1,-1,-1,1,1,0,14550000,964635000,0,-0.8660254037844386,0.5000000000000001,0,0,0,1
1,44.0,37,1,-1,1,1,-1,-1,1,1,9420000,341812500,0,1.2246467991473532e-16,-1.0,0,0,1,0
1,58.0,17,-1,-1,-1,-1,-1,-1,1,0,6690000,102210000,0,0.49999999999999994,-0.8660254037844387,0,0,1,0
0,50.0,7,-1,-1,-1,-1,1,1,0,1,13372500,86152500,0,0.8660254037844387,-0.4999999999999998,0,0,0,1
1,38.0,4,-1,1,1,-1,-1,-1,0,1,12720000,55785000,1,0.49999999999999994,-0.8660254037844387,0,0,0,1
0,40.0,21,1,-1,-1,-1,1,-1,0,1,6285000,126015000,1,-0.4999999999999997,-0.8660254037844388,0,0,1,0
0,28.0,10,-1,-1,-1,-1,-1,1,0,1,12037500,126900000,1,1.0,6.123233995736766e-17,0,0,0,1
0,40.0,16,1,-1,-1,-1,-1,-1,0,1,8115000,133350000,0,0.0,1.0,0,0,1,0
1,37.0,64,-1,1,-1,1,1,1,1,1,15787500,1023510000,0,-0.4999999999999997,-0.8660254037844388,0,0,0,1
1,44.0,27,1,-1,-1,-1,-1,-1,0,0,4612500,120765000,1,-0.8660254037844385,-0.5000000000000004,0,0,1,0
1,30.0,42,1,-1,-1,-1,1,1,1,0,14565000,602512500,0,0.8660254037844386,0.5000000000000001,0,0,0,1
1,46.0,5,0,0,0,0,0,0,0,0,3030000,12562500,0,0.0,1.0,1,0,0,0
0,58.0,41,-1,1,-1,1,1,1,1,1,14820000,593872500,0,0.49999999999999994,-0.8660254037844387,0,0,0,1
1,39.0,58,-1,-1,1,-1,-1,-1,1,0,7545000,431782500,0,0.0,1.0,0,1,0,0
0,45.0,47,0,0,0,0,0,0,1,1,3082500,141855000,0,-1.0,-1.8369701987210297e-16,1,0,0,0
1,48.0,18,-1,-1,-1,1,-1,-1,0,1,11385000,205957500,0,0.8660254037844386,0.5000000000000001,0,0,0,1
1,35.0,5,-1,-1,1,-1,1,1,0,0,14475000,73882500,1,0.49999999999999994,0.8660254037844387,0,0,0,1
1,43.0,23,1,-1,-1,-1,-1,1,0,1,8992500,210900000,0,1.2246467991473532e-16,-1.0,0,1,0,0
0,40.0,1,0,0,0,0,0,0,0,0,2872500,2872500,0,0.0,1.0,1,0,0,0
1,41.0,71,-1,-1,1,-1,1,1,1,1,14797500,1044427500,0,1.0,6.123233995736766e-17,0,0,0,1
1,31.0,72,1,1,1,1,1,1,1,1,16890000,1218997500,0,-0.4999999999999997,-0.8660254037844388,0,0,0,1
1,40.0,33,0,0,0,0,0,0,1,0,3090000,103537500,0,1.0,6.123233995736766e-17,1,0,0,0
1,46.0,2,-1,-1,-1,-1,1,-1,0,1,12847500,27225000,1,-1.0,-1.8369701987210297e-16,0,0,0,1
1,57.0,24,1,-1,-1,1,-1,-1,1,0,5362500,124620000,0,0.49999999999999994,-0.8660254037844387,0,0,1,0
0,52.0,56,-1,1,1,1,-1,1,1,1,14962500,841260000,0,0.8660254037844386,0.5000000000000001,0,0,0,1
1,66.0,37,-1,1,-1,-1,1,1,0,1,14415000,547020000,0,0.0,1.0,0,0,0,1
0,31.0,43,-1,1,1,1,1,1,1,0,12765000,549337500,0,-0.5000000000000004,0.8660254037844384,0,0,1,0
1,50.0,1,-1,-1,-1,-1,-1,-1,0,0,3802500,3802500,0,-1.0,-1.8369701987210297e-16,0,0,1,0
0,42.0,25,-1,-1,1,1,1,1,0,1,15742500,384975000,1,1.0,6.123233995736766e-17,0,0,0,1
0,66.0,61,1,1,1,1,1,1,1,0,13447500,796305000,0,1.2246467991473532e-16,-1.0,0,0,1,0
1,30.0,17,-1,-1,1,1,-1,-1,1,0,13012500,211537500,0,0.8660254037844386,0.5000000000000001,0,0,0,1
0,30.0,41,-1,1,1,1,-1,-1,1,1,12930000,500857500,0,0.8660254037844387,-0.4999999999999998,0,0,0,1
1,33.0,1,-1,1,-1,-1,-1,-1,0,0,7597500,7597500,1,-0.5000000000000004,0.8660254037844384,0,0,1,0
1,18.0,72,1,1,1,1,1,1,1,1,9720000,709852500,0,0.49999999999999994,0.8660254037844387,0,0,1,0
1,34.0,1,-1,1,-1,-1,-1,1,0,1,13627500,13627500,1,-0.8660254037844385,-0.5000000000000004,0,0,0,1
1,31.0,48,-1,1,1,-1,1,1,1,1,16215000,760117500,0,0.49999999999999994,-0.8660254037844387,0,0,0,1
1,42.0,11,0,0,0,0,0,0,0,0,2992500,32212500,1,0.49999999999999994,0.8660254037844387,1,0,0,0
0,44.0,55,-1,1,1,-1,-1,-1,0,1,12817500,731205000,1,0.8660254037844387,-0.4999999999999998,0,0,0,1
0,63.0,42,1,1,1,1,-1,1,1,1,8212500,352267500,0,-0.4999999999999997,-0.8660254037844388,0,0,1,0
1,51.0,44,-1,-1,1,-1,-1,1,0,1,13560000,609450000,0,1.2246467991473532e-16,-1.0,0,0,0,1
1,33.0,1,-1,-1,-1,-1,-1,-1,0,0,6600000,6600000,0,0.49999999999999994,-0.8660254037844387,0,0,1,0
0,29.0,27,-1,-1,-1,-1,1,1,0,1,14340000,389287500,0,-0.8660254037844385,-0.5000000000000004,0,0,0,1
1,46.0,27,-1,1,1,1,1,1,0,1,12720000,346432500,0,1.0,6.123233995736766e-17,0,0,1,0
0,24.0,2,-1,-1,-1,-1,-1,-1,0,1,6645000,13395000,0,-0.5000000000000004,0.8660254037844384,0,0,1,0
0,62.0,19,0,0,0,0,0,0,0,0,2985000,55132500,0,0.49999999999999994,-0.8660254037844387,1,0,0,0
0,54.0,42,-1,-1,-1,-1,1,1,0,1,14257500,591675000,0,0.0,1.0,0,0,0,1
0,34.0,66,1,1,1,1,1,1,1,1,13507500,894892500,0,-1.0,-1.8369701987210297e-16,0,0,1,0
1,19.0,33,1,-1,1,1,1,1,0,1,16485000,554205000,0,0.49999999999999994,0.8660254037844387,0,0,0,1
0,56.0,34,-1,1,-1,-1,-1,-1,0,1,11092500,378667500,1,0.8660254037844387,-0.4999999999999998,0,0,0,1
1,39.0,33,-1,-1,1,1,1,1,0,1,8190000,270555000,0,1.0,6.123233995736766e-17,0,0,1,0
0,55.0,23,0,0,0,0,0,0,1,0,3007500,62265000,0,0.49999999999999994,0.8660254037844387,1,0,0,0
0,21.0,32,0,0,0,0,0,0,1,0,2962500,93622500,0,0.0,1.0,1,0,0,0
0,33.0,11,0,0,0,0,0,0,1,0,3007500,35655000,0,1.2246467991473532e-16,-1.0,1,0,0,0
1,40.0,69,-1,-1,1,-1,1,1,0,1,14917500,1051140000,1,-1.0,-1.8369701987210297e-16,0,0,0,1
0,41.0,68,1,-1,-1,1,-1,-1,1,0,8385000,577320000,0,-0.8660254037844386,0.5000000000000001,0,0,1,0
1,35.0,20,0,0,0,0,0,0,1,1,2955000,62910000,0,-1.0,-1.8369701987210297e-16,1,0,0,0
1,47.0,72,0,0,0,0,0,0,1,1,2970000,220312500,0,-0.5000000000000004,0.8660254037844384,1,0,0,0
1,27.0,60,1,-1,1,-1,1,-1,1,1,14310000,871800000,0,1.2246467991473532e-16,-1.0,0,0,0,1
1,38.0,32,-1,1,-1,-1,1,1,0,1,14092500,429217500,0,1.2246467991473532e-16,-1.0,0,0,0,1
0,41.0,1,0,0,0,0,0,0,0,1,2985000,2985000,1,1.0,6.123233995736766e-17,1,0,0,0
1,46.0,1,0,0,0,0,0,0,0,1,2940000,2940000,1,1.0,6.123233995736766e-17,1,0,0,0
1,49.0,3,-1,1,-1,-1,-1,-1,0,1,12202500,35055000,1,1.0,6.123233995736766e-17,0,0,0,1
0,27.0,46,0,0,0,0,0,0,1,1,3667500,159922500,0,-0.4999999999999997,-0.8660254037844388,1,0,0,0
0,22.0,29,-1,-1,-1,-1,-1,-1,0,1,11242500,322357500,0,0.8660254037844386,0.5000000000000001,0,0,0,1
1,55.0,51,-1,1,1,1,-1,-1,0,1,13102500,670950000,0,0.8660254037844387,-0.4999999999999998,0,0,0,1
0,44.0,48,-1,-1,-1,-1,-1,-1,0,1,10597500,531757500,0,-1.0,-1.8369701987210297e-16,0,0,0,1
0,31.0,16,-1,1,-1,-1,-1,-1,0,0,10987500,179362500,0,-0.8660254037844386,0.5000000000000001,0,0,0,1
1,59.0,70,-1,1,1,1,-1,1,1,1,14805000,1028835000,0,0.8660254037844386,0.5000000000000001,0,0,0,1
0,41.0,40,0,0,0,0,0,0,1,1,3720000,153705000,0,-0.4999999999999997,-0.8660254037844388,1,0,0,0
0,54.0,22,-1,1,-1,-1,-1,1,0,0,12495000,276885000,1,0.49999999999999994,0.8660254037844387,0,0,0,1
0,41.0,1,-1,-1,1,-1,-1,-1,0,1,11295000,11295000,1,0.8660254037844386,0.5000000000000001,0,0,0,1
0,65.0,5,0,0,0,0,0,0,0,1,3645000,19837500,0,-0.8660254037844385,-0.5000000000000004,1,0,0,0
0,61.0,7,-1,-1,-1,-1,-1,-1,0,1,10477500,77317500,0,-0.8660254037844386,0.5000000000000001,0,0,0,1
1,37.0,29,-1,1,1,1,-1,1,1,0,15082500,424567500,0,1.0,6.123233995736766e-17,0,0,0,1
1,52.0,44,0,0,0,0,0,0,1,0,3855000,166575000,0,0.8660254037844386,0.5000000000000001,1,0,0,0
0,48.0,10,1,1,1,-1,-1,-1,0,0,6105000,67395000,0,-1.0,-1.8369701987210297e-16,0,1,0,0
0,56.0,55,-1,-1,-1,-1,-1,-1,0,0,7747500,425782500,0,-0.5000000000000004,0.8660254037844384,0,0,1,0
1,28.0,52,-1,1,1,-1,1,1,1,1,15765000,806460000,0,0.8660254037844386,0.5000000000000001,0,0,0,1
0,48.0,10,-1,-1,-1,-1,-1,1,0,0,12892500,128790000,0,1.0,6.123233995736766e-17,0,0,0,1
1,53.0,18,-1,-1,-1,-1,-1,-1,0,1,11340000,209257500,0,0.8660254037844386,0.5000000000000001,0,0,0,1
0,19.0,68,1,-1,-1,1,-1,-1,1,0,8737500,596355000,0,-0.4999999999999997,-0.8660254037844388,0,1,0,0
0,26.0,61,0,0,0,0,0,0,0,1,2910000,177382500,1,0.0,1.0,1,0,0,0
0,18.0,72,1,1,1,1,1,1,1,1,9780000,717667500,0,1.2246467991473532e-16,-1.0,0,0,1,0
1,37.0,2,1,-1,1,-1,-1,-1,0,0,8017500,17925000,0,-1.0,-1.8369701987210297e-16,0,0,1,0
1,49.0,12,-1,-1,-1,-1,-1,-1,0,1,6810000,77835000,1,-0.5000000000000004,0.8660254037844384,0,0,1,0
1,58.0,41,0,0,0,0,0,0,1,1,2962500,134917500,0,-0.8660254037844385,-0.5000000000000004,1,0,0,0
0,41.0,26,-1,-1,1,1,1,-1,0,1,6667500,177570000,0,-0.8660254037844386,0.5000000000000001,0,0,1,0
1,60.0,36,0,0,0,0,0,0,1,0,3127500,108007500,0,0.8660254037844386,0.5000000000000001,1,0,0,0
1,23.0,72,1,1,1,1,1,1,1,1,17107500,1270230000,0,0.49999999999999994,0.8660254037844387,0,0,0,1
1,20.0,35,-1,-1,-1,1,-1,1,0,1,13477500,474180000,0,0.49999999999999994,0.8660254037844387,0,0,0,1
1,39.0,1,-1,-1,1,1,-1,-1,0,0,8257500,8257500,0,0.8660254037844386,0.5000000000000001,0,0,1,0
0,45.0,16,1,-1,1,1,1,1,0,1,16942500,282382500,0,-0.5000000000000004,0.8660254037844384,0,0,0,1
0,40.0,49,1,-1,-1,-1,1,1,0,0,15232500,760560000,0,0.8660254037844386,0.5000000000000001,0,0,0,1
0,18.0,54,1,1,1,1,1,1,1,1,17197500,907425000,0,1.2246467991473532e-16,-1.0,0,0,0,1
0,39.0,18,1,-1,-1,-1,-1,1,0,0,9720000,175005000,0,0.8660254037844386,0.5000000000000001,0,1,0,0
0,24.0,36,-1,-1,-1,-1,-1,1,0,0,12060000,440647500,0,0.8660254037844387,-0.4999999999999998,0,0,0,1
0,48.0,60,-1,1,1,-1,1,1,0,1,15885000,959467500,1,0.49999999999999994,-0.8660254037844387,0,0,0,1
0,44.0,1,-1,-1,-1,-1,-1,-1,0,0,10432500,10432500,1,0.49999999999999994,0.8660254037844387,0,0,0,1
0,29.0,52,0,0,0,0,0,0,1,1,3757500,190537500,0,-0.4999999999999997,-0.8660254037844388,1,0,0,0
1,34.0,8,-1,-1,1,-1,1,1,0,1,14212500,113932500,0,0.49999999999999994,-0.8660254037844387,0,0,0,1
1,27.0,72,1,1,-1,1,1,1,1,0,15825000,1141732500,0,0.8660254037844387,-0.4999999999999998,0,0,0,1
0,39.0,64,0,0,0,0,0,0,1,0,3705000,246412500,0,0.0,1.0,1,0,0,0
0,51.0,22,1,-1,1,1,-1,1,0,1,10462500,231810000,0,0.49999999999999994,0.8660254037844387,0,1,0,0
1,28.0,60,-1,1,1,1,1,1,0,1,9030000,537360000,0,0.49999999999999994,-0.8660254037844387,0,0,1,0
0,46.0,28,-1,-1,-1,-1,-1,1,0,1,12157500,334065000,1,-1.0,-1.8369701987210297e-16,0,0,0,1
0,34.0,61,0,0,0,0,0,0,1,0,3660000,212685000,0,0.0,1.0,1,0,0,0
0,30.0,24,-1,1,1,-1,1,1,0,1,15622500,374197500,0,0.49999999999999994,0.8660254037844387,0,0,0,1
1,39.0,28,-1,1,1,1,1,-1,1,0,13935000,415252500,0,0.0,1.0,0,0,0,1
0,28.0,30,-1,1,1,1,1,1,1,0,12120000,355395000,0,0.8660254037844387,-0.4999999999999998,0,0,1,0
1,33.0,2,0,0,0,0,0,0,0,0,3000000,5700000,0,1.0,6.123233995736766e-17,1,0,0,0
1,26.0,1,-1,-1,-1,-1,-1,-1,0,1,11265000,11265000,0,0.8660254037844386,0.5000000000000001,0,0,0,1
1,64.0,6,0,0,0,0,0,0,0,0,2947500,15135000,0,-0.4999999999999997,-0.8660254037844388,1,0,0,0
0,40.0,24,-1,1,-1,-1,1,1,0,1,10417500,242107500,0,-0.8660254037844386,0.5000000000000001,0,0,1,0
1,32.0,4,-1,-1,1,-1,1,1,0,0,15172500,57885000,1,1.2246467991473532e-16,-1.0,0,0,0,1
1,43.0,7,-1,1,-1,-1,1,1,0,1,14970000,100987500,1,1.0,6.123233995736766e-17,0,0,0,1
1,39.0,72,1,1,1,1,1,1,1,1,17407500,1260735000,0,-0.4999999999999997,-0.8660254037844388,0,0,0,1
1,37.0,70,-1,-1,-1,1,-1,1,1,1,6007500,419962500,0,0.8660254037844386,0.5000000000000001,0,1,0,0
1,47.0,64,-1,-1,1,1,1,1,1,0,15315000,980767500,0,-0.5000000000000004,0.8660254037844384,0,0,0,1
1,49.0,72,-1,1,-1,-1,1,-1,1,1,13455000,988342500,0,-0.4999999999999997,-0.8660254037844388,0,0,0,1
0,34.0,44,0,0,0,0,0,0,1,0,2985000,130215000,0,-0.5000000000000004,0.8660254037844384,1,0,0,0
0,33.0,13,-1,-1,-1,-1,-1,1,0,0,8392500,110152500,1,-0.8660254037844385,-0.5000000000000004,0,1,0,0
0,37.0,17,0,0,0,0,0,0,1,0,3097500,49590000,0,0.49999999999999994,-0.8660254037844387,1,0,0,0
1,18.0,1,-1,-1,-1,-1,-1,1,0,1,8250000,8250000,1,0.49999999999999994,0.8660254037844387,0,0,1,0
1,22.0,9,-1,-1,1,-1,1,1,0,1,10507500,84660000,0,-0.5000000000000004,0.8660254037844384,0,0,1,0
1,56.0,24,1,-1,-1,1,-1,-1,0,0,8040000,197302500,0,-0.8660254037844386,0.5000000000000001,0,0,1,0
0,60.0,1,-1,1,-1,-1,-1,-1,0,1,11205000,11205000,1,-0.5000000000000004,0.8660254037844384,0,0,0,1
1,37.0,24,-1,1,-1,-1,-1,-1,0,1,12037500,279225000,1,-1.0,-1.8369701987210297e-16,0,0,0,1
1,47.0,35,-1,1,-1,1,1,1,0,1,11407500,412080000,0,1.2246467991473532e-16,-1.0,0,0,1,0
0,44.0,7,1,1,1,1,1,-1,0,1,11355000,83107500,0,0.0,1.0,0,1,0,0
1,75.0,5,-1,-1,-1,1,1,1,0,1,14415000,68010000,1,-1.0,-1.8369701987210297e-16,0,0,0,1
0,53.0,15,-1,-1,-1,-1,-1,-1,0,0,10350000,149220000,1,-0.5000000000000004,0.8660254037844384,0,0,0,1
1,38.0,11,0,0,0,0,0,0,1,0,2947500,33862500,0,-1.0,-1.8369701987210297e-16,1,0,0,0
0,29.0,48,1,-1,1,-1,-1,1,0,1,6795000,321750000,1,0.8660254037844386,0.5000000000000001,0,0,1,0
0,21.0,20,-1,-1,-1,-1,-1,1,0,1,12217500,250740000,0,0.49999999999999994,-0.8660254037844387,0,0,0,1
0,42.0,72,-1,1,1,1,1,1,1,1,16275000,1200570000,0,0.8660254037844386,0.5000000000000001,0,0,0,1
0,31.0,8,-1,1,-1,-1,1,-1,0,1,12532500,102007500,1,-0.8660254037844386,0.5000000000000001,0,0,0,1
1,23.0,72,-1,-1,-1,-1,-1,1,1,1,12675000,919627500,0,-0.4999999999999997,-0.8660254037844388,0,0,0,1
0,32.0,15,-1,1,-1,-1,1,1,0,1,15022500,212250000,0,0.49999999999999994,0.8660254037844387,0,0,0,1
1,27.0,72,-1,1,1,1,1,1,1,1,13290000,930292500,0,-0.8660254037844386,0.5000000000000001,0,0,1,0
0,60.0,0,1,-1,1,1,1,-1,1,1,7882500,0,0,0.49999999999999994,0.8660254037844387,0,0,1,0
1,51.0,1,-1,-1,-1,-1,-1,-1,0,1,11152500,11152500,1,-0.4999999999999997,-0.8660254037844388,0,0,0,1
1,40.0,63,-1,1,1,-1,1,1,1,1,15720000,989587500,0,-0.8660254037844385,-0.5000000000000004,0,0,0,1
0,58.0,2,-1,1,-1,-1,1,-1,0,1,8850000,17122500,0,0.49999999999999994,0.8660254037844387,0,0,1,0
0,41.0,2,1,-1,-1,-1,-1,-1,0,1,11160000,20910000,1,-0.8660254037844385,-0.5000000000000004,0,0,0,1
1,30.0,61,-1,1,-1,-1,-1,1,1,0,9607500,585390000,0,0.8660254037844386,0.5000000000000001,0,1,0,0
1,58.0,1,0,0,0,0,0,0,0,0,3060000,3060000,0,-1.0,-1.8369701987210297e-16,1,0,0,0
1,46.0,22,-1,1,1,-1,-1,1,1,1,6562500,135540000,1,-1.0,-1.8369701987210297e-16,0,1,0,0
1,28.0,28,1,1,-1,1,-1,-1,0,0,9135000,267847500,0,-0.8660254037844386,0.5000000000000001,0,0,1,0
0,38.0,70,0,0,0,0,0,0,1,0,2970000,209647500,0,0.8660254037844386,0.5000000000000001,1,0,0,0
0,29.0,5,-1,1,-1,-1,-1,-1,0,0,4267500,19657500,1,0.0,1.0,0,0,1,0
0,23.0,12,1,1,1,-1,-1,1,0,1,14955000,185767500,1,1.0,6.123233995736766e-17,0,0,0,1
1,51.0,34,1,1,1,1,1,1,1,0,17437500,584857500,0,-0.5000000000000004,0.8660254037844384,0,0,0,1
0,63.0,71,1,-1,-1,-1,-1,-1,1,1,12105000,851400000,0,-0.4999999999999997,-0.8660254037844388,0,0,0,1
0,23.0,70,1,-1,-1,-1,-1,1,1,0,9780000,681472500,0,-0.8660254037844386,0.5000000000000001,0,1,0,0
0,47.0,52,1,-1,1,1,-1,-1,0,1,12607500,649020000,0,0.8660254037844387,-0.4999999999999998,0,0,0,1
1,32.0,69,1,1,1,1,1,-1,1,1,11917500,825382500,0,-0.4999999999999997,-0.8660254037844388,0,1,0,0
0,34.0,20,-1,1,1,-1,-1,1,0,1,14115000,267360000,1,0.8660254037844386,0.5000000000000001,0,0,0,1
1,33.0,11,-1,-1,1,-1,-1,-1,0,1,11700000,127770000,0,0.0,1.0,0,0,0,1
1,30.0,2,-1,-1,-1,1,1,1,0,1,14130000,25125000,1,0.49999999999999994,0.8660254037844387,0,0,0,1
0,41.0,6,-1,-1,-1,1,-1,-1,0,1,12075000,75427500,1,1.0,6.123233995736766e-17,0,0,0,1
0,30.0,1,0,0,0,0,0,0,0,0,2977500,2977500,0,0.8660254037844387,-0.4999999999999998,1,0,0,0
1,43.0,20,1,-1,1,1,-1,1,1,0,14145000,272745000,0,-0.8660254037844386,0.5000000000000001,0,0,0,1
1,39.0,61,1,-1,1,-1,1,1,0,1,15967500,945022500,0,-1.0,-1.8369701987210297e-16,0,0,0,1
0,37.0,5,-1,-1,-1,-1,-1,-1,0,1,11152500,50220000,1,1.2246467991473532e-16,-1.0,0,0,0,1
0,29.0,56,-1,1,-1,1,1,1,0,1,15817500,887542500,0,0.49999999999999994,-0.8660254037844387,0,0,0,1
1,33.0,30,1,1,1,1,-1,-1,0,1,14250000,427860000,0,0.8660254037844387,-0.4999999999999998,0,0,0,1
1,49.0,40,-1,-1,1,1,1,1,0,0,15720000,619792500,1,0.0,1.0,0,0,0,1
0,46.0,28,1,-1,-1,1,-1,-1,1,0,8145000,231945000,0,0.49999999999999994,-0.8660254037844387,0,1,0,0
0,28.0,5,-1,-1,-1,-1,-1,-1,0,0,10507500,45390000,0,-1.0,-1.8369701987210297e-16,0,0,0,1
0,41.0,27,1,-1,-1,-1,-1,-1,0,1,11280000,289402500,1,-0.5000000000000004,0.8660254037844384,0,0,0,1
1,49.0,12,0,0,0,0,0,0,0,0,3007500,39817500,0,0.49999999999999994,-0.8660254037844387,1,0,0,0
1,20.0,67,-1,1,1,-1,1,1,1,1,15810000,1048417500,0,1.0,6.123233995736766e-17,0,0,0,1
1,47.0,29,-1,-1,-1,-1,-1,-1,0,1,7740000,216300000,0,0.0,1.0,0,0,1,0
1,32.0,55,-1,-1,-1,-1,-1,1,0,0,12825000,707010000,0,0.0,1.0,0,0,0,1
0,47.0,23,-1,-1,-1,-1,-1,-1,0,0,11340000,263790000,1,-0.8660254037844385,-0.5000000000000004,0,0,0,1
1,31.0,34,-1,-1,1,-1,1,1,0,1,15007500,522000000,1,1.2246467991473532e-16,-1.0,0,0,0,1
1,18.0,52,1,-1,1,-1,1,-1,1,0,13687500,710745000,0,-0.8660254037844385,-0.5000000000000004,0,0,0,1
1,20.0,72,1,1,1,1,1,1,1,1,17362500,1259872500,0,-0.8660254037844385,-0.5000000000000004,0,0,0,1
1,41.0,58,-1,1,-1,1,1,-1,1,1,14205000,814552500,0,1.2246467991473532e-16,-1.0,0,0,0,1
1,43.0,35,0,0,0,0,0,0,1,0,2940000,103042500,0,1.2246467991473532e-16,-1.0,1,0,0,0
0,29.0,56,-1,1,1,1,1,-1,1,1,14985000,855945000,0,0.49999999999999994,0.8660254037844387,0,0,0,1
0,48.0,24,0,0,0,0,0,0,1,1,3165000,73597500,0,0.49999999999999994,0.8660254037844387,1,0,0,0
1,20.0,70,0,0,0,0,0,0,1,0,3007500,204037500,0,-0.5000000000000004,0.8660254037844384,1,0,0,0
1,39.0,2,-1,-1,-1,-1,1,-1,0,1,11992500,26167500,0,-0.4999999999999997,-0.8660254037844388,0,0,0,1
1,25.0,68,-1,-1,1,1,1,1,1,1,16072500,1106970000,0,-0.5000000000000004,0.8660254037844384,0,0,0,1
0,32.0,1,-1,-1,-1,-1,-1,1,0,1,12750000,12750000,1,-0.8660254037844385,-0.5000000000000004,0,0,0,1
1,41.0,12,-1,-1,1,-1,1,-1,0,1,13432500,153262500,0,0.49999999999999994,-0.8660254037844387,0,0,0,1
0,30.0,63,-1,1,-1,-1,-1,-1,0,1,12232500,754357500,0,0.0,1.0,0,0,0,1
0,35.0,33,1,1,1,-1,-1,-1,1,1,8767500,293310000,0,-0.8660254037844385,-0.5000000000000004,0,0,1,0
0,52.0,69,-1,1,-1,-1,1,1,1,1,14347500,1011630000,0,-0.5000000000000004,0.8660254037844384,0,0,0,1
0,33.0,60,-1,1,1,1,1,1,1,1,12090000,742005000,0,0.49999999999999994,0.8660254037844387,0,0,1,0
0,50.0,72,1,1,1,1,1,1,1,1,16965000,1237275000,0,-0.8660254037844386,0.5000000000000001,0,0,0,1
0,26.0,11,-1,-1,-1,-1,-1,1,0,1,8842500,90240000,0,0.49999999999999994,-0.8660254037844387,0,0,1,0
0,46.0,1,0,0,0,0,0,0,0,0,2932500,2932500,0,0.49999999999999994,0.8660254037844387,1,0,0,0
1,57.0,10,-1,-1,-1,-1,1,-1,0,1,12907500,125115000,1,-0.4999999999999997,-0.8660254037844388,0,0,0,1
1,18.0,13,1,-1,-1,1,1,-1,0,1,6832500,89550000,1,0.49999999999999994,0.8660254037844387,0,1,0,0
1,30.0,34,-1,-1,-1,-1,-1,1,1,1,11842500,397080000,0,0.8660254037844386,0.5000000000000001,0,0,0,1
1,47.0,39,-1,1,-1,-1,1,-1,0,1,12945000,489900000,1,1.2246467991473532e-16,-1.0,0,0,0,1
0,38.0,65,-1,1,-1,1,1,1,1,1,15757500,1011637500,0,0.49999999999999994,-0.8660254037844387,0,0,0,1
1,44.0,50,1,1,1,-1,1,-1,1,1,15285000,789825000,0,-0.4999999999999997,-0.8660254037844388,0,0,0,1
1,33.0,15,0,0,0,0,0,0,0,0,2962500,46740000,0,0.8660254037844387,-0.4999999999999998,1,0,0,0
1,41.0,72,1,1,1,-1,1,1,1,1,16545000,1195035000,0,-0.4999999999999997,-0.8660254037844388,0,0,0,1
0,38.0,72,1,1,1,1,1,1,1,1,17340000,1233060000,0,0.8660254037844386,0.5000000000000001,0,0,0,1
1,54.0,55,0,0,0,0,0,0,1,0,2902500,172987500,0,1.0,6.123233995736766e-17,1,0,0,0
0,43.0,23,0,0,0,0,0,0,1,1,3840000,77212500,0,1.2246467991473532e-16,-1.0,1,0,0,0
1,44.0,32,-1,1,-1,-1,-1,-1,0,1,12052500,389422500,1,0.8660254037844386,0.5000000000000001,0,0,0,1
0,35.0,56,1,-1,1,-1,-1,1,1,1,10312500,571200000,0,0.8660254037844386,0.5000000000000001,0,1,0,0
0,34.0,1,0,0,0,0,0,0,0,0,2985000,2985000,0,0.8660254037844387,-0.4999999999999998,1,0,0,0
1,35.0,38,1,1,-1,1,1,-1,1,0,10590000,406230000,0,1.0,6.123233995736766e-17,0,0,1,0
1,45.0,11,-1,-1,-1,-1,-1,-1,0,0,10530000,114007500,0,-0.5000000000000004,0.8660254037844384,0,0,0,1
1,35.0,1,-1,-1,-1,1,-1,-1,0,1,7395000,7395000,0,0.49999999999999994,-0.8660254037844387,0,0,1,0
1,43.0,56,-1,1,-1,1,1,1,1,1,16087500,904995000,0,-0.5000000000000004,0.8660254037844384,0,0,0,1
1,65.0,3,0,0,0,0,0,0,0,1,3540000,13357500,0,-1.0,-1.8369701987210297e-16,1,0,0,0
1,50.0,7,1,-1,-1,-1,1,1,0,0,10455000,77422500,0,0.49999999999999994,0.8660254037844387,0,1,0,0
1,36.0,59,-1,-1,1,-1,1,1,1,1,14925000,879262500,0,-0.5000000000000004,0.8660254037844384,0,0,0,1
1,54.0,7,-1,-1,1,1,1,-1,0,0,9645000,66892500,0,0.49999999999999994,-0.8660254037844387,0,0,1,0
1,35.0,71,1,-1,1,1,-1,1,1,1,10627500,746010000,0,0.49999999999999994,0.8660254037844387,0,0,1,0
1,18.0,15,1,-1,-1,1,1,1,1,0,15285000,250087500,0,1.0,6.123233995736766e-17,0,0,0,1
1,28.0,71,1,1,-1,1,1,-1,1,0,11025000,803662500,0,-0.8660254037844386,0.5000000000000001,0,0,1,0
0,18.0,35,-1,-1,1,-1,1,1,0,1,15037500,529140000,1,-0.4999999999999997,-0.8660254037844388,0,0,0,1
0,36.0,11,-1,1,1,1,-1,-1,1,1,6060000,63390000,0,1.0,6.123233995736766e-17,0,1,0,0
0,40.0,60,0,0,0,0,0,0,1,1,2887500,165487500,0,0.49999999999999994,-0.8660254037844387,1,0,0,0
1,60.0,47,-1,1,-1,1,-1,-1,1,0,8940000,413100000,0,0.49999999999999994,-0.8660254037844387,0,0,1,0
0,44.0,11,-1,-1,1,1,-1,1,1,0,9735000,104587500,0,0.0,1.0,0,0,1,0
1,37.0,56,-1,1,-1,-1,1,1,1,0,15045000,842167500,1,-1.0,-1.8369701987210297e-16,0,0,0,1
0,50.0,28,-1,1,1,1,1,1,0,1,16627500,480660000,0,0.8660254037844387,-0.4999999999999998,0,0,0,1
1,18.0,61,1,1,-1,1,1,1,1,1,12157500,712147500,0,-0.4999999999999997,-0.8660254037844388,0,0,1,0
1,43.0,31,1,-1,1,-1,1,-1,1,0,14707500,462315000,0,0.8660254037844386,0.5000000000000001,0,0,0,1
1,49.0,9,-1,-1,-1,-1,-1,-1,0,1,10575000,89685000,0,1.0,6.123233995736766e-17,0,0,0,1
1,22.0,35,1,1,-1,-1,-1,1,0,1,14182500,504810000,0,0.49999999999999994,0.8660254037844387,0,0,0,1
1,54.0,2,0,0,0,0,0,0,0,1,2947500,5820000,0,0.49999999999999994,-0.8660254037844387,1,0,0,0
0,44.0,12,0,0,0,0,0,0,0,0,2850000,35032500,1,-1.0,-1.8369701987210297e-16,1,0,0,0
0,35.0,1,1,-1,-1,-1,-1,-1,0,0,11295000,11295000,1,0.49999999999999994,-0.8660254037844387,0,0,0,1
0,48.0,4,-1,-1,1,-1,1,-1,0,1,13380000,51930000,1,1.2246467991473532e-16,-1.0,0,0,0,1
0,67.0,1,0,0,0,0,0,0,0,1,2850000,2850000,0,0.0,1.0,1,0,0,0
0,42.0,3,0,0,0,0,0,0,0,1,3000000,9255000,0,0.8660254037844386,0.5000000000000001,1,0,0,0
0,43.0,1,-1,-1,-1,-1,1,-1,0,1,12855000,12855000,1,0.8660254037844386,0.5000000000000001,0,0,0,1
1,34.0,52,1,1,-1,-1,1,-1,1,1,9487500,501367500,0,1.0,6.123233995736766e-17,0,1,0,0
1,30.0,5,0,0,0,0,0,0,1,0,3015000,12765000,0,0.8660254037844387,-0.4999999999999998,1,0,0,0
1,50.0,72,1,1,1,-1,-1,1,1,1,14872500,1113315000,0,-1.0,-1.8369701987210297e-16,0,0,0,1
1,30.0,71,1,1,1,1,1,1,1,0,13560000,1000207500,0,-1.0,-1.8369701987210297e-16,0,0,1,0
1,41.0,72,1,-1,1,1,1,1,1,1,16785000,1210657500,0,0.49999999999999994,-0.8660254037844387,0,0,0,1
1,34.0,46,0,0,0,0,0,0,1,0,3735000,176220000,0,-1.0,-1.8369701987210297e-16,1,0,0,0
1,46.0,63,1,1,1,-1,1,1,1,0,12525000,815250000,0,-0.8660254037844386,0.5000000000000001,0,1,0,0
1,44.0,30,1,1,1,-1,-1,-1,0,1,12645000,365790000,0,-0.5000000000000004,0.8660254037844384,0,0,0,1
1,52.0,1,-1,-1,-1,-1,-1,-1,0,0,6840000,6840000,0,0.49999999999999994,-0.8660254037844387,0,1,0,0
0,34.0,12,1,-1,1,1,-1,-1,0,1,9247500,107062500,1,1.2246467991473532e-16,-1.0,0,0,1,0
1,37.0,16,1,1,1,1,1,-1,1,0,8227500,137422500,0,0.49999999999999994,0.8660254037844387,0,0,1,0
1,28.0,4,-1,-1,-1,1,-1,1,0,0,9832500,35580000,0,-0.8660254037844385,-0.5000000000000004,0,0,1,0
1,35.0,51,-1,1,-1,-1,-1,1,1,1,13552500,692182500,0,-0.4999999999999997,-0.8660254037844388,0,0,0,1
1,45.0,65,0,0,0,0,0,0,1,1,3060000,212167500,0,0.49999999999999994,-0.8660254037844387,1,0,0,0
1,49.0,16,-1,-1,-1,1,-1,-1,0,1,11182500,175575000,0,0.8660254037844387,-0.4999999999999998,0,0,0,1
1,29.0,2,0,0,0,0,0,0,1,0,2992500,7155000,0,0.0,1.0,1,0,0,0
0,50.0,66,-1,-1,-1,-1,-1,-1,1,1,11137500,728887500,0,-0.4999999999999997,-0.8660254037844388,0,0,0,1
1,56.0,46,-1,1,1,1,1,1,1,0,16297500,735480000,0,0.8660254037844386,0.5000000000000001,0,0,0,1
0,45.0,32,1,-1,1,1,1,1,1,1,16432500,541200000,0,0.8660254037844387,-0.4999999999999998,0,0,0,1
1,63.0,72,1,-1,1,1,1,1,1,0,12997500,914137500,0,-0.8660254037844385,-0.5000000000000004,0,1,0,0
1,31.0,38,1,-1,1,1,1,1,1,0,12150000,462735000,0,0.8660254037844386,0.5000000000000001,0,0,1,0
1,25.0,51,-1,-1,-1,1,-1,-1,1,0,7177500,353512500,0,-0.5000000000000004,0.8660254037844384,0,1,0,0
1,19.0,72,1,1,1,1,1,1,1,0,17182500,1245907500,0,0.0,1.0,0,0,0,1
0,58.0,65,1,-1,1,-1,1,1,0,0,15787500,1017960000,1,0.8660254037844386,0.5000000000000001,0,0,0,1
1,48.0,9,-1,1,-1,-1,-1,-1,0,1,4492500,37342500,1,0.49999999999999994,-0.8660254037844387,0,0,1,0
0,39.0,9,1,1,1,1,-1,-1,0,0,9750000,99457500,1,-0.4999999999999997,-0.8660254037844388,0,1,0,0
1,43.0,66,0,0,0,0,0,0,1,0,3082500,203565000,0,1.0,6.123233995736766e-17,1,0,0,0
0,26.0,44,1,1,1,-1,1,1,1,1,16470000,729052500,0,-1.0,-1.8369701987210297e-16,0,0,0,1
1,69.0,50,-1,-1,1,1,-1,1,1,0,10425000,512730000,0,-0.4999999999999997,-0.8660254037844388,0,1,0,0
0,42.0,15,-1,-1,-1,-1,-1,-1,0,0,7327500,94710000,0,-0.8660254037844385,-0.5000000000000004,0,0,1,0
1,41.0,8,-1,-1,-1,-1,-1,-1,0,1,3787500,27945000,0,0.0,1.0,0,1,0,0
0,49.0,66,-1,-1,1,1,1,1,1,1,15427500,1046512500,0,-0.5000000000000004,0.8660254037844384,0,0,0,1
0,46.0,57,1,1,-1,1,-1,-1,0,1,13132500,732727500,0,-0.8660254037844386,0.5000000000000001,0,0,0,1
0,43.0,7,-1,1,-1,-1,-1,-1,0,1,11782500,78442500,0,1.2246467991473532e-16,-1.0,0,0,0,1
1,31.0,10,-1,-1,-1,-1,-1,1,0,1,5182500,54390000,0,-0.5000000000000004,0.8660254037844384,0,1,0,0
0,46.0,62,1,1,1,-1,-1,-1,1,1,13807500,863370000,0,-0.8660254037844385,-0.5000000000000004,0,0,0,1
1,63.0,40,-1,-1,1,-1,1,-1,1,1,12757500,503347500,0,-0.8660254037844385,-0.5000000000000004,0,0,0,1
0,56.0,20,0,0,0,0,0,0,1,0,2955000,61042500,0,0.8660254037844386,0.5000000000000001,1,0,0,0
0,59.0,7,0,0,0,0,0,0,0,0,3000000,20640000,1,-0.4999999999999997,-0.8660254037844388,1,0,0,0
0,34.0,25,-1,-1,-1,1,1,1,0,1,14272500,359355000,0,-0.5000000000000004,0.8660254037844384,0,0,0,1
1,28.0,23,-1,1,1,-1,-1,-1,0,0,12637500,295215000,0,-0.8660254037844386,0.5000000000000001,0,0,0,1
0,38.0,66,-1,1,1,-1,1,1,1,0,15690000,1022917500,0,-0.8660254037844386,0.5000000000000001,0,0,0,1
0,41.0,72,-1,1,1,1,1,1,1,0,16747500,1191517500,0,-0.5000000000000004,0.8660254037844384,0,0,0,1
1,53.0,49,-1,1,-1,-1,-1,1,0,0,13507500,682087500,1,1.2246467991473532e-16,-1.0,0,0,0,1
1,20.0,43,-1,1,1,1,1,1,0,1,16612500,703185000,1,1.0,6.123233995736766e-17,0,0,0,1
0,58.0,46,1,-1,-1,-1,-1,-1,0,0,8250000,371092500,0,-0.4999999999999997,-0.8660254037844388,0,1,0,0
1,38.0,72,1,1,1,1,1,1,1,0,13477500,984435000,0,0.8660254037844387,-0.4999999999999998,0,0,1,0
1,35.0,10,0,0,0,0,0,0,1,0,3052500,26445000,0,1.0,6.123233995736766e-17,1,0,0,0
0,28.0,40,1,-1,-1,1,1,1,1,1,8182500,335430000,0,0.8660254037844386,0.5000000000000001,0,0,1,0
0,20.0,65,-1,1,1,-1,1,1,0,1,15825000,1047847500,1,-1.0,-1.8369701987210297e-16,0,0,0,1
1,50.0,31,-1,-1,1,1,1,1,1,0,14917500,466485000,0,-0.5000000000000004,0.8660254037844384,0,0,0,1
0,41.0,68,1,1,1,1,-1,-1,1,0,10635000,736702500,0,1.2246467991473532e-16,-1.0,0,0,1,0
1,25.0,56,1,-1,1,-1,1,1,1,1,15682500,869197500,1,-1.0,-1.8369701987210297e-16,0,0,0,1
1,24.0,10,-1,-1,-1,-1,-1,1,0,1,12787500,128295000,1,1.2246467991473532e-16,-1.0,0,0,0,1
1,36.0,68,0,0,0,0,0,0,1,0,3810000,243030000,0,-0.5000000000000004,0.8660254037844384,1,0,0,0
0,60.0,43,-1,-1,-1,-1,1,-1,0,0,8422500,374895000,1,-0.4999999999999997,-0.8660254037844388,0,0,1,0
1,37.0,1,-1,-1,-1,-1,1,1,0,1,13432500,13432500,1,0.8660254037844386,0.5000000000000001,0,0,0,1
0,22.0,49,-1,1,1,-1,-1,1,1,1,13477500,643080000,0,0.8660254037844387,-0.4999999999999998,0,0,0,1
0,37.0,15,0,0,0,0,0,0,0,1,3787500,59227500,0,1.0,6.123233995736766e-17,1,0,0,0
1,37.0,20,-1,-1,-1,-1,1,1,0,1,14182500,284947500,1,-0.8660254037844386,0.5000000000000001,0,0,0,1
1,18.0,1,-1,-1,-1,-1,-1,-1,0,1,6855000,6855000,1,-0.4999999999999997,-0.8660254037844388,0,0,1,0
1,39.0,50,-1,-1,1,1,1,-1,1,1,10447500,516322500,0,0.0,1.0,0,1,0,0
0,37.0,2,-1,1,-1,-1,-1,1,0,0,13425000,24225000,1,0.49999999999999994,0.8660254037844387,0,0,0,1
1,48.0,24,-1,-1,-1,-1,-1,-1,0,0,10500000,259890000,0,0.8660254037844386,0.5000000000000001,0,0,0,1
0,62.0,3,-1,-1,-1,-1,-1,-1,0,1,10432500,33345000,1,0.8660254037844387,-0.4999999999999998,0,0,0,1
0,54.0,1,-1,-1,1,-1,-1,-1,0,1,11190000,11190000,1,0.0,1.0,0,0,0,1
1,37.0,35,0,0,0,0,0,0,1,0,3015000,98295000,0,1.0,6.123233995736766e-17,1,0,0,0
0,27.0,17,0,0,0,0,0,0,0,0,3720000,71287500,0,-0.8660254037844385,-0.5000000000000004,1,0,0,0
0,71.0,8,0,0,0,0,0,0,0,0,2947500,24645000,1,1.0,6.123233995736766e-17,1,0,0,0
1,41.0,10,-1,-1,-1,1,1,1,0,1,14265000,129765000,0,-0.5000000000000004,0.8660254037844384,0,0,0,1
1,40.0,68,1,1,1,1,1,1,1,1,13327500,919905000,0,0.8660254037844387,-0.4999999999999998,0,1,0,0
1,40.0,45,1,1,1,-1,1,1,1,0,11820000,539625000,0,0.49999999999999994,-0.8660254037844387,0,1,0,0
1,42.0,2,0,0,0,0,0,0,1,0,2977500,5385000,1,-0.8660254037844385,-0.5000000000000004,1,0,0,0
1,38.0,37,0,0,0,0,0,0,0,0,3052500,104647500,0,0.8660254037844386,0.5000000000000001,1,0,0,0
0,33.0,4,-1,-1,-1,-1,-1,-1,0,1,3637500,14407500,1,-0.5000000000000004,0.8660254037844384,0,0,1,0
0,33.0,10,-1,-1,-1,-1,-1,-1,0,0,6787500,64305000,0,-0.5000000000000004,0.8660254037844384,0,0,1,0
1,40.0,1,0,0,0,0,0,0,0,0,3007500,3007500,0,-0.4999999999999997,-0.8660254037844388,1,0,0,0
1,33.0,65,1,1,-1,-1,-1,1,1,1,10432500,668872500,0,0.8660254037844387,-0.4999999999999998,0,0,1,0
0,31.0,57,0,0,0,0,0,0,1,0,2925000,175140000,0,1.2246467991473532e-16,-1.0,1,0,0,0
0,41.0,3,-1,-1,1,-1,-1,-1,0,1,11212500,35715000,0,1.0,6.123233995736766e-17,0,0,0,1
0,37.0,2,-1,-1,-1,-1,-1,-1,0,0,10447500,21772500,1,-0.5000000000000004,0.8660254037844384,0,0,0,1
1,58.0,49,-1,-1,1,-1,-1,-1,0,1,4530000,217965000,0,1.2246467991473532e-16,-1.0,0,0,1,0
0,18.0,4,-1,-1,-1,-1,-1,-1,0,0,6847500,28657500,1,1.0,6.123233995736766e-17,0,0,1,0
0,53.0,70,-1,1,1,1,1,1,1,0,8670000,605895000,0,0.49999999999999994,0.8660254037844387,0,0,1,0
0,55.0,53,0,0,0,0,0,0,1,1,2977500,155917500,0,0.8660254037844386,0.5000000000000001,1,0,0,0
1,18.0,53,0,0,0,0,0,0,1,0,3832500,200415000,0,0.8660254037844387,-0.4999999999999998,1,0,0,0
0,36.0,1,-1,-1,-1,-1,-1,-1,0,1,11257500,11257500,1,1.0,6.123233995736766e-17,0,0,0,1
1,36.0,22,0,0,0,0,0,0,0,1,3727500,74010000,0,0.0,1.0,1,0,0,0
1,23.0,52,-1,1,-1,-1,1,1,0,1,7372500,382635000,1,1.2246467991473532e-16,-1.0,0,0,1,0
1,31.0,65,1,-1,1,1,1,1,1,1,16552500,1086922500,0,-1.0,-1.8369701987210297e-16,0,0,0,1
0,27.0,48,0,0,0,0,0,0,1,0,3682500,180592500,0,-0.4999999999999997,-0.8660254037844388,1,0,0,0
0,61.0,2,-1,-1,-1,-1,-1,1,0,1,5205000,9337500,1,-0.4999999999999997,-0.8660254037844388,0,0,1,0
1,51.0,3,-1,1,1,-1,1,1,0,0,16192500,47040000,0,1.0,6.123233995736766e-17,0,0,0,1
1,55.0,45,-1,1,-1,-1,-1,-1,0,0,12210000,566377500,0,-0.5000000000000004,0.8660254037844384,0,0,0,1
1,49.0,1,-1,-1,-1,-1,-1,1,0,0,12000000,12000000,1,0.8660254037844386,0.5000000000000001,0,0,0,1
0,26.0,61,-1,-1,1,1,1,1,1,1,11070000,692407500,0,-0.5000000000000004,0.8660254037844384,0,1,0,0
1,34.0,3,1,-1,-1,1,1,-1,0,1,9660000,29347500,0,1.2246467991473532e-16,-1.0,0,1,0,0
0,46.0,40,-1,-1,1,1,1,1,1,1,15562500,628260000,0,0.49999999999999994,0.8660254037844387,0,0,0,1
0,25.0,1,-1,-1,-1,-1,-1,-1,0,0,10665000,10665000,0,0.0,1.0,0,0,0,1
0,49.0,1,-1,-1,-1,1,-1,-1,0,1,7485000,7485000,0,1.2246467991473532e-16,-1.0,0,1,0,0
1,37.0,51,0,0,0,0,0,0,1,1,3690000,189960000,0,-0.8660254037844385,-0.5000000000000004,1,0,0,0
1,36.0,2,1,-1,-1,-1,-1,-1,0,1,7387500,13665000,1,-0.5000000000000004,0.8660254037844384,0,0,1,0
1,49.0,52,-1,1,-1,-1,-1,-1,1,0,4515000,243510000,0,1.0,6.123233995736766e-17,0,1,0,0
1,45.0,51,-1,-1,-1,-1,-1,1,0,0,12510000,622417500,0,-0.8660254037844386,0.5000000000000001,0,0,0,1
1,36.0,1,0,0,0,0,0,0,0,1,3067500,3067500,0,0.8660254037844387,-0.4999999999999998,1,0,0,0
1,54.0,31,1,1,-1,1,-1,1,1,1,11287500,351675000,0,0.0,1.0,0,0,1,0
1,27.0,47,0,0,0,0,0,0,1,0,3082500,151957500,0,0.49999999999999994,-0.8660254037844387,1,0,0,0
0,47.0,3,-1,-1,-1,-1,-1,-1,0,1,11265000,40605000,1,0.49999999999999994,0.8660254037844387,0,0,0,1
0,47.0,22,0,0,0,0,0,0,1,1,3007500,62550000,0,1.0,6.123233995736766e-17,1,0,0,0
0,36.0,1,0,0,0,0,0,0,0,1,3097500,3097500,0,0.0,1.0,1,0,0,0
1,44.0,72,-1,1,1,1,1,1,1,1,12772500,947430000,0,1.2246467991473532e-16,-1.0,0,0,1,0
1,25.0,3,-1,-1,1,-1,-1,-1,0,1,7522500,25222500,1,0.0,1.0,0,0,1,0
1,51.0,47,-1,1,-1,-1,1,-1,1,1,12742500,602707500,0,-0.8660254037844385,-0.5000000000000004,0,0,0,1
1,38.0,72,1,-1,1,1,-1,-1,1,1,9975000,721740000,0,0.0,1.0,0,1,0,0
1,34.0,66,-1,-1,1,-1,1,-1,1,1,9495000,628455000,0,-0.4999999999999997,-0.8660254037844388,0,0,1,0
1,53.0,35,-1,-1,-1,-1,1,-1,0,0,12472500,427267500,0,1.2246467991473532e-16,-1.0,0,0,0,1
1,32.0,29,-1,-1,-1,-1,-1,1,0,1,12735000,377430000,0,-0.8660254037844385,-0.5000000000000004,0,0,0,1
0,23.0,2,0,0,0,0,0,0,0,1,3082500,5040000,0,-0.5000000000000004,0.8660254037844384,1,0,0,0
1,21.0,4,-1,1,-1,-1,-1,-1,0,0,7387500,31267500,0,-1.0,-1.8369701987210297e-16,0,1,0,0
0,47.0,25,1,1,-1,-1,-1,-1,0,1,11977500,302302500,1,-0.8660254037844386,0.5000000000000001,0,0,0,1
0,25.0,65,1,1,-1,1,-1,-1,1,1,8940000,560970000,0,0.8660254037844386,0.5000000000000001,0,1,0,0
1,61.0,27,-1,1,-1,1,1,1,1,1,15697500,444600000,0,-0.5000000000000004,0.8660254037844384,0,0,0,1
1,18.0,29,-1,-1,1,-1,-1,-1,0,1,11295000,339510000,0,0.0,1.0,0,0,0,1
1,60.0,29,-1,1,1,-1,1,1,0,0,12015000,331770000,0,1.2246467991473532e-16,-1.0,0,0,1,0
1,43.0,1,0,0,0,0,0,0,0,0,2932500,2932500,1,-0.5000000000000004,0.8660254037844384,1,0,0,0
0,39.0,20,-1,-1,1,1,-1,-1,0,1,12150000,252555000,0,0.49999999999999994,-0.8660254037844387,0,0,0,1
0,33.0,58,0,0,0,0,0,0,1,1,3705000,227850000,0,0.8660254037844387,-0.4999999999999998,1,0,0,0
0,45.0,14,1,-1,-1,1,-1,-1,0,1,12900000,174607500,0,0.49999999999999994,0.8660254037844387,0,0,0,1
1,40.0,72,0,0,0,0,0,0,1,0,3810000,256635000,0,0.49999999999999994,-0.8660254037844387,1,0,0,0
1,53.0,46,1,-1,-1,-1,1,-1,0,1,13372500,636832500,0,0.49999999999999994,-0.8660254037844387,0,0,0,1
0,41.0,71,-1,1,1,1,1,1,1,0,8737500,621885000,0,0.8660254037844387,-0.4999999999999998,0,0,1,0
1,42.0,32,-1,-1,-1,-1,-1,1,0,1,12847500,399645000,0,0.8660254037844387,-0.4999999999999998,0,0,0,1
0,36.0,26,-1,-1,1,-1,1,1,0,1,7552500,191625000,0,-0.5000000000000004,0.8660254037844384,0,0,1,0
1,39.0,68,-1,-1,1,-1,-1,-1,0,1,12052500,838395000,0,0.8660254037844387,-0.4999999999999998,0,0,0,1
1,44.0,2,0,0,0,0,0,0,1,0,3030000,5212500,0,0.8660254037844386,0.5000000000000001,1,0,0,0
1,19.0,61,0,0,0,0,0,0,1,0,3082500,195892500,0,-0.4999999999999997,-0.8660254037844388,1,0,0,0
0,24.0,4,-1,-1,-1,-1,-1,1,0,1,12892500,57195000,1,0.49999999999999994,0.8660254037844387,0,0,0,1
1,49.0,3,-1,-1,-1,-1,-1,-1,0,1,6802500,21225000,1,-1.0,-1.8369701987210297e-16,0,0,1,0
1,42.0,33,-1,-1,-1,-1,1,1,0,1,14175000,465832500,1,-0.5000000000000004,0.8660254037844384,0,0,0,1
1,38.0,9,0,0,0,0,0,0,0,1,3187500,30682500,0,1.0,6.123233995736766e-17,1,0,0,0
0,40.0,22,0,0,0,0,0,0,1,0,3937500,90885000,0,-0.5000000000000004,0.8660254037844384,1,0,0,0
0,44.0,5,-1,-1,-1,-1,1,-1,0,1,12127500,53415000,0,1.0,6.123233995736766e-17,0,0,0,1
0,34.0,30,1,1,1,-1,-1,-1,0,0,13755000,413722500,1,-0.8660254037844386,0.5000000000000001,0,0,0,1
1,31.0,65,-1,1,1,1,-1,1,1,1,11130000,720847500,0,1.2246467991473532e-16,-1.0,0,0,1,0
0,42.0,45,-1,-1,1,1,-1,-1,0,1,13087500,591255000,1,-0.8660254037844386,0.5000000000000001,0,0,0,1
1,28.0,5,0,0,0,0,0,0,0,0,3052500,13912500,0,-0.8660254037844385,-0.5000000000000004,1,0,0,0
1,45.0,25,-1,1,-1,-1,-1,-1,0,1,11325000,285157500,0,0.49999999999999994,-0.8660254037844387,0,0,0,1
0,20.0,72,1,-1,-1,-1,-1,-1,1,0,11857500,859605000,0,0.49999999999999994,0.8660254037844387,0,0,0,1
0,52.0,27,-1,-1,1,-1,-1,1,0,0,13522500,363510000,0,0.49999999999999994,0.8660254037844387,0,0,0,1
1,46.0,32,-1,-1,1,-1,1,1,0,0,7590000,248017500,0,0.49999999999999994,0.8660254037844387,0,1,0,0
0,43.0,30,-1,1,1,1,1,1,1,0,16567500,499057500,0,-0.5000000000000004,0.8660254037844384,0,0,0,1
1,52.0,70,1,1,1,1,-1,1,1,0,15150000,1062825000,0,1.2246467991473532e-16,-1.0,0,0,0,1
1,60.0,42,-1,1,-1,-1,-1,-1,0,1,11902500,501615000,0,1.2246467991473532e-16,-1.0,0,0,0,1
0,52.0,72,1,1,1,1,1,1,1,1,13477500,1004602500,0,-1.0,-1.8369701987210297e-16,0,1,0,0
0,18.0,47,1,-1,1,1,-1,-1,1,1,9750000,431985000,0,-1.0,-1.8369701987210297e-16,0,0,1,0
0,25.0,2,1,-1,1,-1,-1,-1,0,1,12067500,20565000,0,1.0,6.123233995736766e-17,0,0,0,1
1,33.0,10,1,-1,-1,-1,1,1,0,0,14782500,151282500,1,1.0,6.123233995736766e-17,0,0,0,1
0,40.0,61,0,0,0,0,0,0,1,1,3615000,232740000,0,0.49999999999999994,0.8660254037844387,1,0,0,0
0,46.0,5,-1,-1,-1,-1,-1,-1,0,1,6607500,30322500,0,0.49999999999999994,-0.8660254037844387,0,0,1,0
0,31.0,72,-1,1,1,1,1,1,1,1,16620000,1182337500,0,-0.8660254037844386,0.5000000000000001,0,0,0,1
1,42.0,72,1,1,1,1,1,1,1,1,17242500,1229460000,0,0.8660254037844386,0.5000000000000001,0,0,0,1
0,31.0,3,-1,-1,1,-1,-1,-1,0,0,11257500,30435000,0,-0.8660254037844386,0.5000000000000001,0,0,0,1
1,33.0,48,0,0,0,0,0,0,1,0,2887500,128265000,0,-0.5000000000000004,0.8660254037844384,1,0,0,0
0,23.0,63,-1,-1,1,1,1,-1,1,1,13507500,872550000,0,1.2246467991473532e-16,-1.0,0,0,0,1
0,29.0,27,1,1,-1,-1,-1,-1,0,1,8505000,247942500,0,-0.4999999999999997,-0.8660254037844388,0,0,1,0
1,24.0,70,1,1,1,-1,1,1,1,1,12022500,840022500,0,0.49999999999999994,-0.8660254037844387,0,1,0,0
1,28.0,7,1,-1,1,1,-1,1,0,1,10702500,77362500,0,1.2246467991473532e-16,-1.0,0,1,0,0
1,53.0,0,0,0,0,0,0,0,1,0,3037500,0,0,1.0,6.123233995736766e-17,1,0,0,0
0,29.0,2,1,1,-1,-1,1,-1,0,0,13552500,28575000,0,-0.8660254037844385,-0.5000000000000004,0,0,0,1
1,72.0,20,-1,-1,1,-1,1,1,0,1,14782500,276420000,1,-0.8660254037844385,-0.5000000000000004,0,0,0,1
1,46.0,66,0,0,0,0,0,0,1,0,2955000,188070000,0,1.0,6.123233995736766e-17,1,0,0,0
0,42.0,3,0,0,0,0,0,0,0,0,2977500,8580000,0,0.8660254037844387,-0.4999999999999998,1,0,0,0
0,30.0,15,-1,1,-1,-1,-1,1,0,1,12885000,190432500,1,-0.8660254037844386,0.5000000000000001,0,0,0,1
0,48.0,72,1,1,-1,1,-1,-1,1,1,13552500,984510000,0,-0.5000000000000004,0.8660254037844384,0,0,0,1
1,33.0,1,0,0,0,0,0,0,0,0,3120000,3120000,0,0.8660254037844386,0.5000000000000001,1,0,0,0
0,41.0,22,-1,-1,-1,-1,1,1,0,0,13387500,286177500,1,-0.4999999999999997,-0.8660254037844388,0,0,0,1
1,71.0,3,-1,-1,-1,-1,-1,-1,0,1,10545000,31327500,1,0.49999999999999994,-0.8660254037844387,0,0,0,1
0,39.0,72,1,-1,1,1,-1,-1,1,0,10027500,713820000,0,0.0,1.0,0,0,1,0
1,54.0,65,0,0,0,0,0,0,1,0,2985000,193890000,0,0.0,1.0,1,0,0,0
0,32.0,11,-1,-1,-1,-1,1,-1,0,1,5370000,54472500,0,0.0,1.0,0,1,0,0
1,40.0,22,-1,1,-1,-1,-1,-1,0,1,11827500,240037500,0,0.49999999999999994,0.8660254037844387,0,0,0,1
1,61.0,14,0,0,0,0,0,0,1,0,3060000,41355000,0,-0.5000000000000004,0.8660254037844384,1,0,0,0
1,32.0,41,-1,-1,-1,1,-1,-1,0,1,11137500,463365000,0,0.49999999999999994,0.8660254037844387,0,0,0,1
1,62.0,17,1,1,-1,-1,-1,1,1,0,9720000,176340000,0,-0.5000000000000004,0.8660254037844384,0,0,1,0
1,48.0,11,0,0,0,0,0,0,0,1,3067500,35595000,0,0.49999999999999994,0.8660254037844387,1,0,0,0
1,33.0,15,-1,-1,-1,-1,1,1,0,1,14002500,216697500,1,0.8660254037844387,-0.4999999999999998,0,0,0,1
0,48.0,1,0,0,0,0,0,0,0,0,2985000,2985000,1,0.8660254037844387,-0.4999999999999998,1,0,0,0
0,52.0,5,1,-1,1,-1,-1,1,0,1,13335000,68122500,1,0.49999999999999994,0.8660254037844387,0,0,0,1
1,47.0,33,-1,-1,1,-1,1,1,1,1,14370000,455512500,1,-1.0,-1.8369701987210297e-16,0,0,0,1
0,21.0,72,1,1,1,-1,1,1,1,1,16597500,1209847500,0,0.0,1.0,0,0,0,1
0,31.0,3,-1,1,-1,-1,-1,1,0,0,6045000,13875000,0,-0.4999999999999997,-0.8660254037844388,0,1,0,0
1,37.0,2,-1,1,-1,-1,-1,-1,0,1,12300000,27697500,1,0.49999999999999994,0.8660254037844387,0,0,0,1
0,39.0,59,1,1,1,1,-1,1,1,1,16050000,922845000,0,-0.4999999999999997,-0.8660254037844388,0,0,0,1
1,47.0,2,-1,-1,-1,-1,-1,-1,0,0,6802500,13425000,1,0.49999999999999994,0.8660254037844387,0,0,1,0
1,42.0,71,-1,1,-1,1,1,1,1,1,11002500,773175000,0,1.0,6.123233995736766e-17,0,0,1,0
0,24.0,5,-1,-1,-1,-1,-1,-1,0,0,6720000,33067500,0,-1.0,-1.8369701987210297e-16,0,1,0,0
1,45.0,27,1,1,-1,-1,-1,-1,0,1,8212500,226545000,0,-1.0,-1.8369701987210297e-16,0,0,1,0
0,47.0,1,-1,-1,-1,1,-1,-1,0,1,7830000,7830000,1,1.0,6.123233995736766e-17,0,0,1,0
1,47.0,63,1,1,-1,1,-1,-1,1,1,6090000,388342500,0,0.49999999999999994,-0.8660254037844387,0,0,1,0
0,53.0,46,1,1,1,-1,1,1,1,1,16500000,731220000,1,-0.5000000000000004,0.8660254037844384,0,0,0,1
1,50.0,72,1,-1,-1,-1,-1,-1,1,0,8295000,597540000,0,0.8660254037844387,-0.4999999999999998,0,1,0,0
0,46.0,34,1,-1,-1,1,-1,-1,0,1,9127500,300540000,0,1.2246467991473532e-16,-1.0,0,0,1,0
0,39.0,24,1,1,-1,-1,1,1,1,0,11760000,274860000,0,1.0,6.123233995736766e-17,0,0,1,0
1,20.0,72,1,1,1,1,-1,-1,1,0,10447500,736237500,0,0.0,1.0,0,0,1,0
0,45.0,60,1,-1,1,1,1,1,1,0,8977500,538530000,0,-0.5000000000000004,0.8660254037844384,0,0,1,0
1,42.0,68,1,1,1,-1,-1,1,1,1,11535000,753450000,0,1.0,6.123233995736766e-17,0,0,1,0
0,43.0,8,0,0,0,0,0,0,1,1,2977500,21990000,0,-0.5000000000000004,0.8660254037844384,1,0,0,0
0,25.0,34,1,-1,1,1,1,-1,1,0,10147500,350895000,0,0.49999999999999994,-0.8660254037844387,0,0,1,0
0,27.0,6,-1,-1,-1,-1,1,1,0,0,6750000,44805000,0,0.0,1.0,0,1,0,0
1,53.0,2,-1,1,-1,1,-1,1,0,1,9630000,21547500,0,0.0,1.0,0,0,1,0
1,40.0,31,-1,-1,-1,1,-1,-1,1,0,12255000,382297500,0,0.8660254037844387,-0.4999999999999998,0,0,0,1
0,48.0,20,0,0,0,0,0,0,0,1,3832500,76110000,0,0.8660254037844387,-0.4999999999999998,1,0,0,0
0,40.0,1,0,0,0,0,0,0,0,0,3000000,3000000,0,-0.8660254037844386,0.5000000000000001,1,0,0,0
1,40.0,62,-1,-1,1,-1,1,1,1,1,14512500,918810000,1,-0.8660254037844386,0.5000000000000001,0,0,0,1
0,51.0,70,-1,-1,-1,-1,-1,-1,1,1,11347500,811710000,0,-0.5000000000000004,0.8660254037844384,0,0,0,1
0,34.0,10,-1,-1,-1,1,1,1,0,1,14775000,158737500,1,1.0,6.123233995736766e-17,0,0,0,1
1,41.0,39,0,0,0,0,0,0,1,1,3570000,135570000,0,-0.8660254037844386,0.5000000000000001,1,0,0,0
0,34.0,46,-1,1,-1,1,1,-1,1,1,9630000,451425000,0,0.8660254037844387,-0.4999999999999998,0,1,0,0
1,35.0,6,-1,1,-1,-1,1,-1,0,1,12802500,73417500,1,-0.4999999999999997,-0.8660254037844388,0,0,0,1
0,36.0,72,-1,-1,1,-1,1,1,1,1,11520000,820267500,0,-0.8660254037844385,-0.5000000000000004,0,0,1,0
1,43.0,18,-1,-1,1,1,-1,-1,0,0,8280000,158715000,0,-0.8660254037844386,0.5000000000000001,0,0,1,0
1,34.0,71,1,-1,1,1,1,1,1,1,16282500,1142400000,0,1.0,6.123233995736766e-17,0,0,0,1
1,55.0,40,-1,1,-1,-1,1,1,0,1,15195000,616965000,1,-0.8660254037844386,0.5000000000000001,0,0,0,1
1,29.0,1,-1,-1,-1,-1,-1,-1,0,1,10432500,10432500,1,0.8660254037844386,0.5000000000000001,0,0,0,1
1,38.0,58,-1,1,1,-1,1,1,1,1,15487500,902647500,1,1.2246467991473532e-16,-1.0,0,0,0,1
1,35.0,70,1,-1,-1,1,1,1,1,1,15600000,1087522500,1,0.49999999999999994,0.8660254037844387,0,0,0,1
0,57.0,42,0,0,0,0,0,0,1,0,3787500,166230000,0,-0.8660254037844385,-0.5000000000000004,1,0,0,0
1,42.0,34,1,-1,-1,-1,-1,-1,1,0,4560000,140797500,0,-0.4999999999999997,-0.8660254037844388,0,1,0,0
1,52.0,5,0,0,0,0,0,0,0,0,3007500,14122500,0,0.49999999999999994,0.8660254037844387,1,0,0,0
0,22.0,25,-1,-1,-1,-1,1,-1,0,1,12690000,313207500,0,0.0,1.0,0,0,0,1
0,43.0,2,-1,-1,1,-1,-1,1,0,1,12930000,26805000,1,-0.8660254037844385,-0.5000000000000004,0,0,0,1
0,51.0,55,-1,1,1,1,1,1,1,1,15555000,848512500,0,-1.0,-1.8369701987210297e-16,0,0,0,1
1,41.0,21,-1,1,1,1,1,1,0,1,16680000,347565000,1,1.0,6.123233995736766e-17,0,0,0,1
1,53.0,70,1,1,-1,1,-1,-1,1,1,13200000,897967500,0,-1.0,-1.8369701987210297e-16,0,0,0,1
0,34.0,61,-1,-1,1,1,1,1,0,1,15952500,1012702500,0,-1.0,-1.8369701987210297e-16,0,0,0,1
1,57.0,43,1,-1,1,1,1,1,1,1,11872500,534990000,0,-0.4999999999999997,-0.8660254037844388,0,0,1,0
1,68.0,47,-1,1,1,-1,1,1,1,1,15465000,733395000,0,1.2246467991473532e-16,-1.0,0,0,0,1
1,36.0,5,-1,-1,1,1,1,-1,0,1,9592500,47715000,0,0.8660254037844387,-0.4999999999999998,0,0,1,0
0,35.0,62,0,0,0,0,0,0,1,1,3870000,234592500,0,-1.0,-1.8369701987210297e-16,1,0,0,0
0,57.0,16,-1,1,1,-1,1,-1,0,1,13417500,214537500,1,1.2246467991473532e-16,-1.0,0,0,0,1
1,59.0,7,-1,-1,-1,-1,1,1,0,1,14340000,96652500,1,1.2246467991473532e-16,-1.0,0,0,0,1
0,34.0,14,0,0,0,0,0,0,0,0,3832500,55867500,0,-1.0,-1.8369701987210297e-16,1,0,0,0
1,35.0,60,-1,1,1,-1,1,-1,1,0,13642500,818010000,1,0.8660254037844386,0.5000000000000001,0,0,0,1
1,37.0,34,-1,-1,1,1,1,-1,0,1,6727500,216390000,0,0.49999999999999994,0.8660254037844387,0,0,1,0
0,24.0,50,1,1,-1,1,1,1,1,0,16282500,841605000,1,-0.8660254037844386,0.5000000000000001,0,0,0,1
1,29.0,38,0,0,0,0,0,0,1,0,3757500,144592500,0,-0.4999999999999997,-0.8660254037844388,1,0,0,0
0,28.0,70,1,1,1,1,-1,1,1,0,11115000,783345000,0,1.2246467991473532e-16,-1.0,0,1,0,0
0,31.0,37,-1,1,-1,-1,1,-1,0,1,13320000,501082500,0,0.8660254037844387,-0.4999999999999998,0,0,0,1
0,40.0,4,-1,-1,-1,-1,1,-1,0,1,11827500,43920000,1,-0.4999999999999997,-0.8660254037844388,0,0,0,1
1,43.0,60,1,1,-1,-1,-1,1,0,1,13987500,866182500,0,-0.8660254037844385,-0.5000000000000004,0,0,0,1
1,59.0,62,1,-1,1,1,-1,1,1,0,10710000,673095000,0,0.49999999999999994,0.8660254037844387,0,0,1,0
1,28.0,1,-1,-1,-1,-1,-1,-1,0,0,6660000,6660000,1,-0.8660254037844386,0.5000000000000001,0,1,0,0
1,52.0,36,1,-1,1,1,1,1,0,1,11880000,428242500,0,1.2246467991473532e-16,-1.0,0,1,0,0
1,37.0,44,0,0,0,0,0,0,1,0,3060000,135832500,0,-1.0,-1.8369701987210297e-16,1,0,0,0
0,39.0,55,-1,-1,1,-1,1,1,1,1,15000000,826395000,1,-0.4999999999999997,-0.8660254037844388,0,0,0,1
0,48.0,72,1,-1,1,-1,1,1,1,1,15750000,1138470000,0,-0.5000000000000004,0.8660254037844384,0,0,0,1
0,27.0,12,0,0,0,0,0,0,1,0,2970000,34440000,1,0.0,1.0,1,0,0,0
0,45.0,13,1,-1,-1,-1,-1,-1,0,1,4627500,59115000,0,0.8660254037844387,-0.4999999999999998,0,1,0,0
1,42.0,1,-1,-1,-1,-1,1,1,0,1,13485000,13485000,1,0.8660254037844386,0.5000000000000001,0,0,0,1
0,46.0,15,0,0,0,0,0,0,1,0,3082500,44392500,0,-0.8660254037844385,-0.5000000000000004,1,0,0,0
0,43.0,65,1,1,1,1,1,1,1,1,12727500,818880000,0,-0.8660254037844385,-0.5000000000000004,0,0,1,0
0,69.0,12,1,-1,-1,1,-1,-1,1,0,4972500,66712500,0,-0.8660254037844385,-0.5000000000000004,0,0,1,0
1,32.0,72,1,1,1,1,1,1,1,1,13800000,1017322500,0,0.8660254037844387,-0.4999999999999998,0,1,0,0
0,34.0,72,1,1,1,1,1,1,1,0,13470000,976567500,0,0.49999999999999994,-0.8660254037844387,0,1,0,0
0,33.0,72,1,1,1,1,1,1,1,1,17370000,1271475000,0,-1.0,-1.8369701987210297e-16,0,0,0,1
1,33.0,52,1,1,-1,1,1,1,1,1,12772500,669277500,0,-0.8660254037844385,-0.5000000000000004,0,0,1,0
1,32.0,2,0,0,0,0,0,0,0,0,3727500,9300000,0,-0.8660254037844386,0.5000000000000001,1,0,0,0
0,54.0,5,1,-1,-1,1,1,-1,0,1,9652500,52897500,0,-0.8660254037844385,-0.5000000000000004,0,1,0,0
0,57.0,68,0,0,0,0,0,0,1,0,3075000,213735000,0,-0.4999999999999997,-0.8660254037844388,1,0,0,0
0,33.0,62,-1,-1,1,-1,1,1,1,1,15022500,962047500,1,-0.8660254037844386,0.5000000000000001,0,0,0,1
1,30.0,72,1,1,-1,1,1,1,1,0,12907500,946447500,0,0.8660254037844386,0.5000000000000001,0,1,0,0
1,46.0,1,-1,1,-1,-1,-1,-1,0,0,7620000,7620000,1,-1.0,-1.8369701987210297e-16,0,1,0,0
0,33.0,66,1,1,-1,1,-1,-1,1,0,13350000,884790000,0,-0.8660254037844385,-0.5000000000000004,0,0,0,1
1,48.0,72,1,1,1,1,1,1,1,1,9720000,707962500,0,0.8660254037844386,0.5000000000000001,0,0,1,0
1,42.0,26,0,0,0,0,0,0,1,0,2970000,68595000,0,-0.4999999999999997,-0.8660254037844388,1,0,0,0
1,22.0,64,1,-1,1,-1,-1,1,1,0,14010000,873345000,0,-0.8660254037844386,0.5000000000000001,0,0,0,1
1,59.0,20,-1,1,-1,-1,-1,-1,0,1,11047500,219525000,1,0.49999999999999994,0.8660254037844387,0,0,0,1
0,62.0,3,-1,1,-1,-1,1,1,0,1,14265000,46110000,1,-1.0,-1.8369701987210297e-16,0,0,0,1
1,33.0,22,-1,-1,-1,-1,1,1,0,1,14197500,315682500,1,-0.8660254037844386,0.5000000000000001,0,0,0,1
1,35.0,4,-1,-1,1,1,-1,-1,0,1,12090000,47872500,1,-0.8660254037844386,0.5000000000000001,0,0,0,1
1,43.0,62,-1,-1,-1,1,1,-1,1,1,5850000,350617500,0,-0.5000000000000004,0.8660254037844384,0,0,1,0
0,44.0,5,0,0,0,0,0,0,0,1,3075000,15645000,0,-0.5000000000000004,0.8660254037844384,1,0,0,0
1,48.0,59,-1,-1,-1,-1,-1,1,1,0,12832500,762697500,1,1.2246467991473532e-16,-1.0,0,0,0,1
1,64.0,3,0,0,0,0,0,0,1,1,3960000,18187500,0,0.49999999999999994,0.8660254037844387,1,0,0,0
0,38.0,72,1,-1,1,1,1,-1,1,1,14730000,1052385000,0,-0.5000000000000004,0.8660254037844384,0,0,0,1
1,30.0,57,-1,1,1,-1,1,1,1,1,14632500,839700000,0,1.2246467991473532e-16,-1.0,0,0,0,1
1,23.0,66,0,0,0,0,0,0,1,0,2992500,190365000,0,-0.8660254037844385,-0.5000000000000004,1,0,0,0
0,31.0,60,-1,1,-1,-1,1,1,0,1,7620000,454110000,1,-0.4999999999999997,-0.8660254037844388,0,0,1,0
1,40.0,45,-1,-1,1,-1,1,1,1,0,14955000,695152500,0,0.49999999999999994,0.8660254037844387,0,0,0,1
0,62.0,3,-1,-1,-1,-1,1,-1,0,1,5220000,17092500,0,1.2246467991473532e-16,-1.0,0,0,1,0
0,34.0,15,1,-1,1,1,1,1,0,0,15765000,237412500,1,0.49999999999999994,-0.8660254037844387,0,0,0,1
0,43.0,51,1,-1,1,1,1,1,1,0,9022500,461550000,0,0.49999999999999994,-0.8660254037844387,0,1,0,0
0,40.0,60,1,-1,1,1,-1,-1,1,0,9712500,605925000,0,0.8660254037844386,0.5000000000000001,0,1,0,0
1,54.0,33,-1,1,-1,-1,-1,-1,0,1,8197500,249780000,0,0.0,1.0,0,1,0,0
1,70.0,10,1,1,1,1,1,1,0,1,16515000,156495000,1,-1.0,-1.8369701987210297e-16,0,0,0,1
1,34.0,26,0,0,0,0,0,0,1,0,2895000,75630000,0,1.0,6.123233995736766e-17,1,0,0,0
0,34.0,6,-1,-1,1,-1,-1,1,0,0,12585000,74632500,1,0.8660254037844387,-0.4999999999999998,0,0,0,1
0,53.0,67,1,-1,1,1,1,1,1,1,16687500,1126747500,0,-0.4999999999999997,-0.8660254037844388,0,0,0,1
0,48.0,49,1,-1,-1,1,-1,-1,1,1,5370000,267300000,0,-0.5000000000000004,0.8660254037844384,0,1,0,0
1,62.0,1,0,0,0,0,0,0,0,1,3007500,3007500,0,0.8660254037844387,-0.4999999999999998,1,0,0,0
0,47.0,7,-1,-1,1,-1,1,-1,0,1,12652500,91447500,0,-0.4999999999999997,-0.8660254037844388,0,0,0,1
0,36.0,27,1,1,1,-1,1,1,1,1,16575000,428640000,0,-1.0,-1.8369701987210297e-16,0,0,0,1
1,47.0,37,-1,-1,-1,-1,1,1,1,0,13680000,487132500,0,0.8660254037844387,-0.4999999999999998,0,0,0,1
0,53.0,63,1,1,1,-1,1,-1,0,1,15082500,932302500,1,-0.8660254037844386,0.5000000000000001,0,0,0,1
1,50.0,31,1,-1,1,1,-1,-1,0,0,13395000,423450000,0,-0.8660254037844386,0.5000000000000001,0,0,0,1
1,46.0,50,-1,1,1,-1,1,1,0,1,15577500,752685000,1,-0.5000000000000004,0.8660254037844384,0,0,0,1
1,53.0,32,-1,-1,1,-1,-1,-1,0,1,12165000,392887500,0,0.8660254037844386,0.5000000000000001,0,0,0,1
0,54.0,1,-1,-1,-1,-1,-1,-1,0,0,3690000,3690000,1,0.0,1.0,0,0,1,0
0,57.0,63,-1,-1,-1,1,-1,-1,1,1,12180000,744765000,0,-0.4999999999999997,-0.8660254037844388,0,0,0,1
1,48.0,30,1,1,-1,-1,-1,1,0,1,14145000,401955000,0,1.0,6.123233995736766e-17,0,0,0,1
1,38.0,71,1,1,1,1,1,1,1,1,17415000,1246582500,0,-1.0,-1.8369701987210297e-16,0,0,0,1
0,42.0,53,-1,1,1,-1,1,1,1,0,15832500,852337500,0,0.0,1.0,0,0,0,1
0,54.0,12,1,-1,-1,1,1,1,0,1,14835000,168142500,1,-0.4999999999999997,-0.8660254037844388,0,0,0,1
1,30.0,50,1,1,-1,-1,-1,1,0,1,14160000,737235000,0,-1.0,-1.8369701987210297e-16,0,0,0,1
0,44.0,2,0,0,0,0,0,0,0,0,2925000,4132500,0,-0.8660254037844386,0.5000000000000001,1,0,0,0
0,35.0,9,-1,-1,1,-1,1,1,0,0,14745000,138525000,1,1.0,6.123233995736766e-17,0,0,0,1
1,40.0,17,1,-1,-1,-1,1,1,0,0,14077500,243847500,1,1.2246467991473532e-16,-1.0,0,0,0,1
0,55.0,56,1,1,1,-1,1,1,1,1,15840000,910297500,0,-0.4999999999999997,-0.8660254037844388,0,0,0,1
1,42.0,67,1,1,1,-1,1,1,1,0,12202500,809790000,0,0.0,1.0,0,0,1,0
1,41.0,9,-1,-1,1,-1,1,1,0,1,15075000,137790000,1,1.2246467991473532e-16,-1.0,0,0,0,1
1,24.0,4,-1,-1,-1,-1,1,-1,0,1,8460000,35227500,0,-0.8660254037844386,0.5000000000000001,0,0,1,0
1,49.0,19,-1,1,-1,1,-1,1,1,1,9802500,184777500,0,-0.8660254037844385,-0.5000000000000004,0,1,0,0
0,48.0,8,0,0,0,0,0,0,0,0,2992500,25635000,0,0.8660254037844387,-0.4999999999999998,1,0,0,0
0,66.0,71,-1,1,1,1,1,1,1,1,16687500,1197622500,0,-1.0,-1.8369701987210297e-16,0,0,0,1
1,36.0,10,-1,1,-1,-1,-1,-1,0,1,10927500,103297500,1,-0.4999999999999997,-0.8660254037844388,0,0,0,1
0,43.0,15,-1,1,-1,-1,1,-1,0,0,13350000,193245000,0,0.49999999999999994,0.8660254037844387,0,0,0,1
1,43.0,72,1,-1,1,-1,1,1,1,1,15915000,1177275000,0,1.0,6.123233995736766e-17,0,0,0,1
1,59.0,12,0,0,0,0,0,0,1,0,3007500,40050000,0,-1.0,-1.8369701987210297e-16,1,0,0,0
1,39.0,72,0,0,0,0,0,0,1,1,3780000,269835000,0,-0.5000000000000004,0.8660254037844384,1,0,0,0
1,43.0,1,-1,-1,-1,-1,-1,-1,0,1,11032500,11032500,1,0.8660254037844387,-0.4999999999999998,0,0,0,1
0,47.0,23,1,-1,-1,-1,-1,-1,0,1,11310000,246532500,0,1.2246467991473532e-16,-1.0,0,0,0,1
1,42.0,72,1,1,1,1,1,1,1,1,9832500,721117500,0,0.49999999999999994,0.8660254037844387,0,1,0,0
0,35.0,26,-1,-1,1,-1,-1,-1,0,1,12105000,328950000,0,0.8660254037844387,-0.4999999999999998,0,0,0,1
0,42.0,21,-1,1,1,1,1,1,1,1,15682500,335910000,0,0.8660254037844386,0.5000000000000001,0,0,0,1
1,53.0,60,0,0,0,0,0,0,1,0,3622500,225885000,0,0.49999999999999994,-0.8660254037844387,1,0,0,0
1,28.0,12,0,0,0,0,0,0,0,0,3067500,38302500,0,1.0,6.123233995736766e-17,1,0,0,0
1,42.0,16,-1,-1,-1,-1,-1,-1,0,1,11310000,178410000,0,0.49999999999999994,-0.8660254037844387,0,0,0,1
0,32.0,63,1,1,-1,-1,1,1,1,1,11955000,717922500,0,0.8660254037844387,-0.4999999999999998,0,0,1,0
0,54.0,22,1,1,-1,-1,-1,-1,0,0,12255000,273135000,0,0.49999999999999994,0.8660254037844387,0,0,0,1
0,22.0,32,1,1,1,1,-1,1,0,0,11445000,360622500,0,1.2246467991473532e-16,-1.0,0,1,0,0
0,33.0,3,-1,1,-1,-1,-1,-1,0,1,11910000,30757500,1,-0.5000000000000004,0.8660254037844384,0,0,0,1
0,45.0,13,-1,1,1,-1,-1,-1,0,1,12172500,142845000,1,-0.8660254037844385,-0.5000000000000004,0,0,0,1
0,59.0,68,-1,1,-1,1,1,1,1,1,15562500,1055917500,0,-0.4999999999999997,-0.8660254037844388,0,0,0,1
0,39.0,30,-1,-1,1,-1,-1,1,1,0,12967500,380707500,0,-0.8660254037844385,-0.5000000000000004,0,0,0,1
0,33.0,16,-1,1,-1,-1,-1,-1,0,0,11265000,181927500,0,0.49999999999999994,-0.8660254037844387,0,0,0,1
1,63.0,33,-1,1,-1,1,-1,-1,1,0,12090000,397665000,0,-1.0,-1.8369701987210297e-16,0,0,0,1
1,23.0,72,0,0,0,0,0,0,1,0,2895000,195720000,0,0.0,1.0,1,0,0,0
0,18.0,4,-1,-1,-1,-1,-1,1,0,1,12690000,54015000,1,-0.5000000000000004,0.8660254037844384,0,0,0,1
0,45.0,12,1,-1,-1,1,-1,-1,1,1,5040000,65317500,0,1.2246467991473532e-16,-1.0,0,1,0,0
0,34.0,4,-1,-1,-1,-1,1,-1,0,1,12487500,46207500,0,0.0,1.0,0,0,0,1
0,28.0,0,1,1,1,-1,1,1,1,0,12127500,0,0,0.49999999999999994,-0.8660254037844387,0,1,0,0
0,49.0,6,1,-1,-1,-1,-1,-1,0,1,11857500,65175000,1,-1.0,-1.8369701987210297e-16,0,0,0,1
0,43.0,65,-1,1,1,1,1,1,1,1,16207500,1067835000,0,1.0,6.123233995736766e-17,0,0,0,1
0,33.0,15,0,0,0,0,0,0,0,0,2985000,48067500,0,-0.4999999999999997,-0.8660254037844388,1,0,0,0
0,25.0,24,0,0,0,0,0,0,1,0,3157500,79732500,0,-0.8660254037844386,0.5000000000000001,1,0,0,0
0,50.0,13,-1,1,-1,-1,-1,-1,0,0,4522500,57330000,0,1.2246467991473532e-16,-1.0,0,0,1,0
1,48.0,24,-1,-1,-1,-1,-1,1,0,1,11977500,300150000,0,-1.0,-1.8369701987210297e-16,0,0,0,1
0,39.0,72,1,1,1,1,1,1,1,0,9825000,737955000,0,0.49999999999999994,-0.8660254037844387,0,0,1,0
0,62.0,54,1,1,-1,-1,1,1,0,1,15615000,846870000,0,0.8660254037844387,-0.4999999999999998,0,0,0,1
0,27.0,3,-1,-1,-1,-1,-1,-1,0,0,11160000,32370000,1,-0.4999999999999997,-0.8660254037844388,0,0,0,1
1,22.0,4,0,0,0,0,0,0,0,1,3075000,11640000,0,-0.5000000000000004,0.8660254037844384,1,0,0,0
0,32.0,32,-1,-1,1,-1,1,-1,0,1,13702500,434482500,0,-0.5000000000000004,0.8660254037844384,0,0,0,1
1,39.0,35,-1,-1,1,-1,1,1,0,1,14857500,509370000,1,0.8660254037844387,-0.4999999999999998,0,0,0,1
1,43.0,35,0,0,0,0,0,0,1,0,3075000,113902500,0,-0.4999999999999997,-0.8660254037844388,1,0,0,0
1,37.0,2,-1,-1,-1,-1,-1,-1,0,0,6742500,12772500,1,-1.0,-1.8369701987210297e-16,0,1,0,0
0,44.0,8,-1,1,-1,-1,-1,-1,0,0,11340000,80332500,0,0.8660254037844386,0.5000000000000001,0,0,0,1
1,25.0,22,1,-1,-1,1,-1,-1,0,0,8265000,187972500,0,0.49999999999999994,0.8660254037844387,0,0,1,0
0,57.0,15,1,-1,1,1,-1,-1,0,0,8842500,143272500,0,0.8660254037844387,-0.4999999999999998,0,1,0,0
1,39.0,22,-1,-1,-1,-1,1,1,0,1,14265000,324390000,0,-0.8660254037844386,0.5000000000000001,0,0,0,1
1,53.0,1,-1,-1,-1,-1,-1,-1,0,0,6705000,6705000,1,-0.8660254037844386,0.5000000000000001,0,0,1,0
0,44.0,71,0,0,0,0,0,0,1,0,3817500,272002500,0,0.0,1.0,1,0,0,0
1,45.0,4,1,-1,1,-1,-1,-1,0,0,8512500,36772500,0,0.8660254037844386,0.5000000000000001,0,0,1,0
1,47.0,25,1,1,1,1,-1,1,0,0,12262500,304320000,0,0.8660254037844387,-0.4999999999999998,0,1,0,0
0,45.0,32,-1,1,-1,-1,1,-1,0,1,12915000,408562500,0,0.0,1.0,0,0,0,1
1,48.0,7,1,-1,-1,-1,-1,-1,0,0,4470000,33067500,0,0.8660254037844387,-0.4999999999999998,0,0,1,0
1,56.0,17,0,0,0,0,0,0,1,1,3075000,54870000,0,0.8660254037844386,0.5000000000000001,1,0,0,0
1,42.0,8,1,-1,-1,-1,1,-1,0,0,9135000,82792500,0,1.2246467991473532e-16,-1.0,0,0,1,0
0,49.0,56,1,-1,1,1,-1,1,1,0,10987500,608130000,0,-1.0,-1.8369701987210297e-16,0,0,1,0
1,39.0,1,-1,-1,-1,-1,-1,-1,0,1,6855000,6855000,1,-0.4999999999999997,-0.8660254037844388,0,0,1,0
1,57.0,8,1,-1,-1,1,1,1,0,0,15045000,124852500,1,1.0,6.123233995736766e-17,0,0,0,1
1,32.0,7,0,0,0,0,0,0,0,0,2887500,16845000,1,0.49999999999999994,-0.8660254037844387,1,0,0,0
1,62.0,3,0,0,0,0,0,0,0,0,3127500,9097500,0,0.8660254037844387,-0.4999999999999998,1,0,0,0
0,40.0,71,1,1,1,1,1,-1,1,0,11602500,832515000,0,0.8660254037844387,-0.4999999999999998,0,1,0,0
0,23.0,2,-1,-1,-1,-1,1,1,0,1,14400000,26220000,1,1.0,6.123233995736766e-17,0,0,0,1
0,42.0,1,-1,-1,-1,-1,1,1,0,0,13582500,13582500,1,0.49999999999999994,0.8660254037844387,0,0,0,1
1,32.0,49,1,1,-1,-1,1,-1,0,1,14077500,709965000,0,-0.8660254037844386,0.5000000000000001,0,0,0,1
1,50.0,58,-1,1,1,1,1,-1,1,0,10515000,607342500,0,0.49999999999999994,0.8660254037844387,0,0,1,0
1,32.0,44,-1,1,-1,-1,-1,-1,0,1,4552500,203955000,1,1.0,6.123233995736766e-17,0,0,1,0
0,35.0,59,-1,1,-1,1,1,1,1,1,11392500,681352500,0,1.0,6.123233995736766e-17,0,1,0,0
1,18.0,71,1,-1,1,1,1,1,1,1,16207500,1129822500,1,-0.8660254037844386,0.5000000000000001,0,0,0,1
1,35.0,1,-1,-1,-1,-1,-1,-1,0,1,10485000,10485000,1,-0.8660254037844385,-0.5000000000000004,0,0,0,1
0,18.0,11,-1,-1,-1,-1,-1,-1,0,0,11287500,133297500,0,0.8660254037844386,0.5000000000000001,0,0,0,1
1,21.0,62,-1,1,1,-1,1,1,1,1,15562500,957502500,1,0.8660254037844386,0.5000000000000001,0,0,0,1
0,49.0,35,1,-1,-1,1,-1,-1,1,1,8242500,287400000,0,1.0,6.123233995736766e-17,0,0,1,0
0,49.0,20,0,0,0,0,0,0,0,1,2925000,61950000,0,-0.8660254037844386,0.5000000000000001,1,0,0,0
1,45.0,40,0,0,0,0,0,0,1,0,2940000,121342500,0,0.0,1.0,1,0,0,0
0,28.0,39,1,-1,-1,-1,-1,-1,1,1,7177500,282960000,0,0.8660254037844387,-0.4999999999999998,0,0,1,0
1,39.0,1,-1,-1,-1,-1,-1,1,0,1,12990000,12990000,1,0.49999999999999994,-0.8660254037844387,0,0,0,1
0,40.0,72,0,0,0,0,0,0,1,0,3562500,251887500,0,0.8660254037844387,-0.4999999999999998,1,0,0,0
0,26.0,33,-1,1,-1,-1,-1,-1,0,1,12090000,398475000,1,-1.0,-1.8369701987210297e-16,0,0,0,1
0,58.0,12,-1,-1,-1,-1,-1,-1,0,0,6570000,81142500,0,0.8660254037844387,-0.4999999999999998,0,0,1,0
1,51.0,1,0,0,0,0,0,0,0,0,2962500,2962500,0,-0.5000000000000004,0.8660254037844384,1,0,0,0
1,37.0,27,0,0,0,0,0,0,0,0,2872500,80602500,0,0.49999999999999994,0.8660254037844387,1,0,0,0
1,40.0,34,0,0,0,0,0,0,1,0,2940000,101820000,0,-0.8660254037844385,-0.5000000000000004,1,0,0,0
0,43.0,56,1,-1,1,-1,-1,-1,1,0,12045000,677047500,0,-0.8660254037844385,-0.5000000000000004,0,0,0,1
0,18.0,58,0,0,0,0,0,0,1,0,3652500,213577500,0,0.0,1.0,1,0,0,0
0,37.0,22,0,0,0,0,0,0,1,0,3787500,83310000,0,0.49999999999999994,-0.8660254037844387,1,0,0,0
0,32.0,10,0,0,0,0,0,0,1,0,3915000,33832500,0,0.0,1.0,1,0,0,0
1,28.0,13,0,0,0,0,0,0,1,0,3000000,40267500,0,1.0,6.123233995736766e-17,1,0,0,0
0,37.0,35,-1,1,-1,1,-1,-1,0,0,12795000,437625000,1,0.0,1.0,0,0,0,1
0,62.0,34,-1,-1,-1,-1,-1,-1,0,1,10500000,362415000,1,-0.5000000000000004,0.8660254037844384,0,0,0,1
0,48.0,4,-1,-1,-1,-1,1,1,0,1,14145000,63667500,1,1.2246467991473532e-16,-1.0,0,0,0,1
1,33.0,72,0,0,0,0,0,0,1,0,3105000,223815000,0,0.8660254037844387,-0.4999999999999998,1,0,0,0
1,47.0,2,-1,-1,-1,1,1,1,0,0,10545000,19860000,0,0.0,1.0,0,0,1,0
0,57.0,7,-1,-1,1,-1,1,1,0,1,14302500,99135000,1,-0.8660254037844385,-0.5000000000000004,0,0,0,1
1,51.0,27,-1,-1,-1,-1,-1,-1,0,1,11325000,284092500,1,0.49999999999999994,-0.8660254037844387,0,0,0,1
1,41.0,4,-1,-1,-1,-1,-1,-1,0,1,10432500,42735000,0,1.0,6.123233995736766e-17,0,0,0,1
0,32.0,37,0,0,0,0,0,0,1,0,2977500,117637500,0,-0.8660254037844385,-0.5000000000000004,1,0,0,0
1,48.0,21,0,0,0,0,0,0,0,0,3000000,62655000,0,1.2246467991473532e-16,-1.0,1,0,0,0
0,45.0,53,-1,-1,-1,-1,1,1,1,1,14377500,752437500,0,0.8660254037844386,0.5000000000000001,0,0,0,1
0,51.0,18,-1,-1,-1,1,-1,1,0,1,13515000,241912500,1,0.8660254037844386,0.5000000000000001,0,0,0,1
0,48.0,2,-1,-1,-1,-1,-1,-1,0,0,10342500,17962500,1,-0.8660254037844385,-0.5000000000000004,0,0,0,1
1,53.0,32,1,-1,-1,-1,1,1,0,1,14932500,480697500,1,1.2246467991473532e-16,-1.0,0,0,0,1
1,34.0,23,0,0,0,0,0,0,1,1,3112500,72780000,0,-0.4999999999999997,-0.8660254037844388,1,0,0,0
1,56.0,3,1,-1,-1,-1,-1,-1,0,1,7522500,24127500,0,-0.5000000000000004,0.8660254037844384,0,0,1,0
0,42.0,71,1,1,-1,1,1,1,1,0,8797500,621787500,0,0.49999999999999994,0.8660254037844387,0,0,1,0
1,65.0,9,-1,-1,-1,1,1,1,0,1,14385000,124117500,0,-0.5000000000000004,0.8660254037844384,0,0,0,1
0,32.0,1,-1,1,-1,-1,-1,-1,0,0,7425000,7425000,0,0.49999999999999994,0.8660254037844387,0,0,1,0
1,61.0,18,-1,-1,1,-1,-1,1,0,0,8617500,148627500,1,0.8660254037844386,0.5000000000000001,0,1,0,0
1,42.0,12,-1,-1,-1,-1,-1,1,1,0,8047500,104452500,1,0.8660254037844387,-0.4999999999999998,0,0,1,0
1,32.0,71,1,1,1,1,-1,1,1,1,12015000,837810000,0,0.8660254037844386,0.5000000000000001,0,0,1,0
0,34.0,64,0,0,0,0,0,0,1,1,3660000,240180000,0,1.0,6.123233995736766e-17,1,0,0,0
1,36.0,4,-1,-1,-1,1,-1,1,0,1,6007500,24367500,0,0.8660254037844386,0.5000000000000001,0,0,1,0
0,45.0,23,0,0,0,0,0,0,0,1,2925000,70530000,0,-1.0,-1.8369701987210297e-16,1,0,0,0
0,46.0,39,1,-1,-1,-1,-1,-1,0,0,7657500,309900000,0,-0.5000000000000004,0.8660254037844384,0,0,1,0
1,33.0,28,1,-1,-1,1,-1,-1,1,0,8152500,213967500,0,1.2246467991473532e-16,-1.0,0,0,1,0
0,40.0,5,-1,1,-1,-1,1,-1,0,1,12705000,58875000,0,0.8660254037844387,-0.4999999999999998,0,0,0,1
0,66.0,45,-1,-1,1,-1,-1,1,0,1,12915000,579217500,0,-0.8660254037844385,-0.5000000000000004,0,0,0,1
1,61.0,37,-1,-1,-1,-1,-1,-1,0,1,10552500,382935000,0,1.2246467991473532e-16,-1.0,0,0,0,1
0,45.0,60,1,1,1,1,1,1,1,1,16500000,1000252500,0,-1.0,-1.8369701987210297e-16,0,0,0,1
1,40.0,8,-1,-1,1,-1,1,1,0,1,15090000,122910000,1,0.49999999999999994,-0.8660254037844387,0,0,0,1
0,41.0,47,1,-1,1,-1,1,-1,1,0,14235000,692287500,0,-0.8660254037844386,0.5000000000000001,0,0,0,1
1,47.0,26,-1,-1,-1,-1,1,-1,0,1,12562500,310590000,1,0.8660254037844386,0.5000000000000001,0,0,0,1
0,28.0,3,1,-1,-1,1,1,-1,0,1,13245000,41062500,1,-0.5000000000000004,0.8660254037844384,0,0,0,1
0,37.0,50,-1,-1,-1,-1,-1,-1,0,1,10462500,533655000,0,-0.5000000000000004,0.8660254037844384,0,0,0,1
1,20.0,27,-1,-1,-1,1,1,1,0,0,10740000,293565000,0,0.0,1.0,0,0,1,0
0,45.0,8,-1,-1,1,-1,1,1,0,1,13815000,109492500,1,-0.4999999999999997,-0.8660254037844388,0,0,0,1
0,48.0,62,0,0,0,0,0,0,1,0,3547500,212512500,0,0.49999999999999994,-0.8660254037844387,1,0,0,0
0,34.0,71,1,-1,1,1,1,1,1,0,12277500,888660000,0,0.0,1.0,0,0,1,0
1,59.0,66,0,0,0,0,0,0,1,0,3765000,254655000,0,-0.5000000000000004,0.8660254037844384,1,0,0,0
1,25.0,68,1,1,1,1,1,1,1,1,17205000,1177477500,0,-0.8660254037844385,-0.5000000000000004,0,0,0,1
0,22.0,13,-1,-1,1,-1,1,1,0,0,7372500,97410000,0,0.8660254037844387,-0.4999999999999998,0,0,1,0
1,43.0,56,-1,-1,-1,-1,-1,1,1,1,12135000,683625000,0,0.49999999999999994,0.8660254037844387,0,0,0,1
1,53.0,38,1,1,-1,-1,-1,-1,0,1,11917500,451957500,1,0.49999999999999994,0.8660254037844387,0,0,0,1
1,60.0,14,-1,-1,-1,-1,1,1,0,0,13567500,189915000,1,0.0,1.0,0,0,0,1
0,34.0,16,0,0,0,0,0,0,1,1,2895000,54052500,0,-0.4999999999999997,-0.8660254037844388,1,0,0,0
0,53.0,14,-1,-1,-1,-1,-1,-1,0,0,10530000,156975000,0,-0.8660254037844386,0.5000000000000001,0,0,0,1
1,40.0,32,-1,-1,-1,-1,-1,-1,0,1,10462500,352185000,1,-0.4999999999999997,-0.8660254037844388,0,0,0,1
0,38.0,8,1,-1,-1,1,-1,-1,1,0,8137500,67162500,0,0.49999999999999994,-0.8660254037844387,0,0,1,0
0,51.0,43,-1,-1,1,-1,1,1,0,1,14895000,631492500,0,-0.8660254037844385,-0.5000000000000004,0,0,0,1
0,48.0,52,1,-1,1,1,1,-1,1,0,11100000,581647500,0,-0.8660254037844386,0.5000000000000001,0,1,0,0
1,21.0,3,-1,-1,-1,1,-1,-1,0,1,7537500,22845000,0,0.49999999999999994,-0.8660254037844387,0,0,1,0
1,58.0,29,0,0,0,0,0,0,1,1,2970000,85830000,0,1.2246467991473532e-16,-1.0,1,0,0,0
0,57.0,1,0,0,0,0,0,0,0,0,2947500,2947500,1,0.49999999999999994,0.8660254037844387,1,0,0,0
1,32.0,12,-1,-1,1,1,-1,1,0,1,6547500,79042500,1,1.0,6.123233995736766e-17,0,0,1,0
0,45.0,16,-1,-1,-1,-1,-1,1,0,1,5325000,82905000,0,1.2246467991473532e-16,-1.0,0,0,1,0
0,46.0,40,-1,-1,1,1,1,1,1,1,12112500,481297500,0,1.0,6.123233995736766e-17,0,0,1,0
0,43.0,5,-1,-1,1,-1,-1,1,0,0,5925000,31612500,1,0.0,1.0,0,0,1,0
1,33.0,40,-1,-1,-1,-1,1,1,0,1,14565000,556042500,1,0.8660254037844387,-0.4999999999999998,0,0,0,1
0,32.0,36,0,0,0,0,0,0,1,0,2932500,93112500,0,-0.8660254037844385,-0.5000000000000004,1,0,0,0
0,40.0,5,-1,-1,-1,-1,-1,1,0,1,12000000,61875000,1,-0.8660254037844386,0.5000000000000001,0,0,0,1
0,54.0,10,1,-1,-1,-1,1,-1,0,1,12705000,124807500,1,0.49999999999999994,0.8660254037844387,0,0,0,1
1,47.0,2,-1,-1,-1,-1,1,1,0,1,13432500,27832500,1,-0.8660254037844386,0.5000000000000001,0,0,0,1
1,36.0,23,-1,-1,-1,1,1,-1,0,1,13590000,291480000,1,-0.8660254037844386,0.5000000000000001,0,0,0,1
1,49.0,26,0,0,0,0,0,0,1,1,3007500,75885000,0,-0.8660254037844385,-0.5000000000000004,1,0,0,0
0,18.0,72,1,1,1,-1,1,1,1,1,16860000,1207027500,0,0.8660254037844387,-0.4999999999999998,0,0,0,1
0,54.0,34,-1,-1,-1,1,-1,-1,0,0,7530000,272295000,0,-0.8660254037844385,-0.5000000000000004,0,0,1,0
1,19.0,10,1,-1,-1,1,1,-1,0,0,9337500,91942500,0,0.0,1.0,0,0,1,0
0,36.0,14,1,-1,-1,1,-1,-1,1,0,8355000,119272500,0,-0.5000000000000004,0.8660254037844384,0,1,0,0
0,27.0,23,1,-1,-1,-1,1,-1,0,1,13507500,325470000,1,0.49999999999999994,-0.8660254037844387,0,0,0,1
1,24.0,47,0,0,0,0,0,0,1,0,2947500,145965000,0,0.49999999999999994,0.8660254037844387,1,0,0,0
1,54.0,24,1,-1,-1,1,-1,1,0,1,13387500,331530000,0,-0.5000000000000004,0.8660254037844384,0,0,0,1
1,34.0,49,-1,1,-1,-1,1,1,0,1,14857500,728062500,1,1.0,6.123233995736766e-17,0,0,0,1
1,44.0,20,1,-1,-1,1,-1,-1,1,0,8100000,158385000,0,0.8660254037844387,-0.4999999999999998,0,1,0,0
0,39.0,2,-1,-1,-1,-1,-1,-1,0,0,10462500,21682500,1,0.8660254037844387,-0.4999999999999998,0,0,0,1
0,46.0,2,-1,1,-1,-1,-1,-1,0,1,7357500,13665000,1,-1.0,-1.8369701987210297e-16,0,0,1,0
1,41.0,22,-1,-1,1,1,1,1,1,0,8512500,195727500,0,0.0,1.0,0,1,0,0
1,25.0,7,-1,-1,1,-1,1,1,0,1,14707500,106950000,1,1.2246467991473532e-16,-1.0,0,0,0,1
1,52.0,1,0,0,0,0,0,0,0,0,3165000,3165000,0,0.0,1.0,1,0,0,0
0,34.0,59,-1,1,-1,1,-1,1,0,1,14497500,837120000,0,-0.5000000000000004,0.8660254037844384,0,0,0,1
0,21.0,58,0,0,0,0,0,0,1,1,3675000,224685000,0,-0.4999999999999997,-0.8660254037844388,1,0,0,0
0,35.0,41,1,1,1,1,1,1,0,1,17175000,679117500,1,0.8660254037844386,0.5000000000000001,0,0,0,1
0,58.0,59,-1,1,-1,-1,-1,-1,1,1,11880000,688552500,0,1.2246467991473532e-16,-1.0,0,0,0,1
0,50.0,3,-1,-1,-1,-1,-1,-1,0,1,10432500,30030000,0,-0.8660254037844385,-0.5000000000000004,0,0,0,1
1,36.0,32,0,0,0,0,0,0,1,1,3007500,92167500,0,0.49999999999999994,-0.8660254037844387,1,0,0,0
1,36.0,46,-1,-1,1,-1,1,1,0,1,14827500,684735000,0,0.8660254037844387,-0.4999999999999998,0,0,0,1
1,36.0,0,0,0,0,0,0,0,1,0,3862500,0,0,0.8660254037844387,-0.4999999999999998,1,0,0,0
1,65.0,2,-1,-1,-1,-1,-1,1,0,1,12142500,25672500,1,0.49999999999999994,0.8660254037844387,0,0,0,1
0,45.0,52,0,0,0,0,0,0,1,0,2940000,151860000,0,1.0,6.123233995736766e-17,1,0,0,0
0,45.0,13,-1,-1,1,-1,-1,-1,0,1,11145000,141052500,1,0.8660254037844386,0.5000000000000001,0,0,0,1
0,52.0,11,-1,-1,-1,-1,1,1,0,0,13455000,157155000,1,-0.4999999999999997,-0.8660254037844388,0,0,0,1
1,43.0,32,1,-1,-1,1,-1,-1,0,0,13147500,414960000,0,0.49999999999999994,0.8660254037844387,0,0,0,1
1,37.0,17,-1,-1,1,-1,1,1,0,1,15067500,243367500,1,-0.8660254037844385,-0.5000000000000004,0,0,0,1
0,38.0,16,-1,-1,-1,-1,-1,-1,0,1,11212500,169402500,0,-1.0,-1.8369701987210297e-16,0,0,0,1
0,39.0,51,1,1,1,-1,1,1,1,0,16117500,852135000,0,-0.8660254037844386,0.5000000000000001,0,0,0,1
1,40.0,29,-1,-1,1,1,1,1,1,1,11302500,336585000,0,0.0,1.0,0,1,0,0
1,49.0,70,1,1,1,1,-1,-1,1,0,9742500,678487500,0,0.8660254037844387,-0.4999999999999998,0,0,1,0
0,41.0,71,1,-1,1,1,-1,1,1,0,15067500,1073955000,0,-0.4999999999999997,-0.8660254037844388,0,0,0,1
1,49.0,41,-1,1,1,-1,1,-1,1,0,10275000,425992500,0,0.8660254037844386,0.5000000000000001,0,0,1,0
1,39.0,1,-1,-1,-1,-1,1,-1,0,1,12082500,12082500,0,0.49999999999999994,-0.8660254037844387,0,0,0,1
0,41.0,7,1,-1,1,1,1,1,0,0,12187500,87015000,0,1.0,6.123233995736766e-17,0,0,1,0
1,18.0,25,-1,-1,-1,-1,1,1,1,1,13560000,326790000,1,1.2246467991473532e-16,-1.0,0,0,0,1
1,51.0,67,1,1,-1,1,-1,-1,1,0,13432500,905782500,0,0.8660254037844387,-0.4999999999999998,0,0,0,1
1,44.0,5,-1,-1,-1,1,-1,-1,0,1,8355000,38910000,0,0.8660254037844387,-0.4999999999999998,0,0,1,0
1,52.0,15,0,0,0,0,0,0,0,1,3720000,48622500,0,0.0,1.0,1,0,0,0
0,18.0,20,0,0,0,0,0,0,0,0,3000000,62647500,0,-1.0,-1.8369701987210297e-16,1,0,0,0
1,65.0,3,-1,1,1,-1,-1,-1,0,1,8422500,25222500,1,0.0,1.0,0,0,1,0
1,38.0,54,-1,1,-1,1,1,1,1,1,15780000,845677500,0,-1.0,-1.8369701987210297e-16,0,0,0,1
1,53.0,42,0,0,0,0,0,0,1,1,2932500,125910000,0,-1.0,-1.8369701987210297e-16,1,0,0,0
0,28.0,9,-1,-1,-1,-1,-1,1,0,1,11962500,115365000,0,-0.8660254037844386,0.5000000000000001,0,0,0,1
0,47.0,63,-1,1,-1,-1,1,1,1,0,14617500,937950000,0,0.49999999999999994,0.8660254037844387,0,0,0,1
0,27.0,69,0,0,0,0,0,0,1,0,3637500,246270000,0,-0.8660254037844386,0.5000000000000001,1,0,0,0
0,33.0,69,0,0,0,0,0,0,1,0,3690000,251707500,0,1.0,6.123233995736766e-17,1,0,0,0
1,63.0,40,-1,1,-1,-1,-1,-1,0,1,7522500,308775000,0,1.0,6.123233995736766e-17,0,1,0,0
1,38.0,60,1,1,1,-1,-1,-1,1,0,5940000,363675000,0,1.0,6.123233995736766e-17,0,1,0,0
0,43.0,4,1,-1,1,1,-1,1,0,1,14160000,58080000,1,-1.0,-1.8369701987210297e-16,0,0,0,1
0,50.0,71,1,1,1,1,1,1,1,0,13477500,944017500,0,-0.4999999999999997,-0.8660254037844388,0,0,1,0
0,46.0,37,-1,-1,1,-1,-1,-1,0,1,11842500,425947500,1,0.8660254037844387,-0.4999999999999998,0,0,0,1
1,42.0,32,-1,1,-1,-1,1,1,0,1,14827500,471885000,0,0.49999999999999994,-0.8660254037844387,0,0,0,1
1,44.0,39,-1,-1,-1,1,-1,-1,1,1,8077500,330105000,0,-0.4999999999999997,-0.8660254037844388,0,0,1,0
0,69.0,38,0,0,0,0,0,0,1,1,3637500,137160000,0,0.49999999999999994,0.8660254037844387,1,0,0,0
1,39.0,52,-1,-1,1,-1,-1,1,1,1,13417500,686662500,0,1.0,6.123233995736766e-17,0,0,0,1
0,42.0,48,1,1,-1,-1,1,1,0,1,15787500,749625000,0,-0.8660254037844385,-0.5000000000000004,0,0,0,1
1,53.0,70,1,-1,1,1,1,1,1,0,8925000,621720000,0,1.0,6.123233995736766e-17,0,0,1,0
1,53.0,20,-1,-1,-1,-1,-1,-1,0,0,10582500,224032500,0,1.2246467991473532e-16,-1.0,0,0,0,1
0,54.0,50,1,-1,1,1,1,1,1,1,12375000,626865000,0,-0.8660254037844385,-0.5000000000000004,0,0,1,0
0,48.0,19,-1,-1,-1,-1,1,1,1,1,6727500,134032500,1,0.8660254037844387,-0.4999999999999998,0,1,0,0
1,26.0,25,1,1,1,-1,-1,-1,1,1,9240000,241650000,0,-0.8660254037844385,-0.5000000000000004,0,1,0,0
1,60.0,12,-1,1,-1,-1,-1,-1,0,1,7357500,88957500,0,0.49999999999999994,0.8660254037844387,0,1,0,0
1,26.0,39,-1,1,1,-1,1,1,0,1,15847500,642720000,1,-0.8660254037844385,-0.5000000000000004,0,0,0,1
1,44.0,7,-1,-1,1,-1,-1,-1,0,0,11197500,81682500,1,-0.8660254037844385,-0.5000000000000004,0,0,0,1
0,31.0,23,1,1,1,1,-1,-1,1,1,9937500,230070000,0,0.8660254037844387,-0.4999999999999998,0,0,1,0
1,39.0,27,0,0,0,0,0,0,0,1,2910000,79470000,0,0.49999999999999994,-0.8660254037844387,1,0,0,0
1,44.0,47,-1,-1,-1,-1,1,-1,0,1,12907500,579840000,0,-0.4999999999999997,-0.8660254037844388,0,0,0,1
1,44.0,26,0,0,0,0,0,0,1,1,2872500,77362500,0,1.2246467991473532e-16,-1.0,1,0,0,0
0,45.0,14,1,-1,-1,-1,1,-1,0,1,9705000,141150000,1,0.0,1.0,0,0,1,0
0,59.0,11,-1,-1,1,1,1,1,0,1,15607500,170047500,1,0.49999999999999994,-0.8660254037844387,0,0,0,1
1,45.0,2,0,0,0,0,0,0,0,0,2887500,7252500,0,1.0,6.123233995736766e-17,1,0,0,0
0,37.0,26,1,1,-1,-1,-1,-1,0,0,12292500,310507500,0,1.0,6.123233995736766e-17,0,0,0,1
0,52.0,72,1,1,1,1,1,1,1,1,17197500,1250092500,0,-0.4999999999999997,-0.8660254037844388,0,0,0,1
0,54.0,63,0,0,0,0,0,0,1,0,3000000,181387500,0,-0.8660254037844386,0.5000000000000001,1,0,0,0
1,25.0,71,0,0,0,0,0,0,1,0,2970000,209437500,0,1.0,6.123233995736766e-17,1,0,0,0
1,47.0,11,1,-1,-1,-1,1,-1,0,1,9772500,108502500,0,-0.8660254037844385,-0.5000000000000004,0,0,1,0
1,48.0,14,0,0,0,0,0,0,1,0,2947500,34297500,0,-0.4999999999999997,-0.8660254037844388,1,0,0,0
0,36.0,13,1,1,1,1,1,1,1,0,13342500,174262500,0,-1.0,-1.8369701987210297e-16,0,0,1,0
1,57.0,6,0,0,0,0,0,0,0,1,3030000,14752500,0,-0.8660254037844386,0.5000000000000001,1,0,0,0
1,38.0,11,-1,-1,-1,-1,-1,-1,0,1,11280000,116295000,0,-1.0,-1.8369701987210297e-16,0,0,0,1
1,42.0,18,-1,1,-1,-1,-1,-1,0,0,8520000,161197500,0,0.0,1.0,0,0,1,0
1,38.0,1,-1,-1,-1,-1,-1,1,0,1,5332500,5332500,1,-0.8660254037844386,0.5000000000000001,0,1,0,0
0,40.0,32,1,-1,-1,-1,-1,-1,0,1,11325000,348705000,0,0.8660254037844386,0.5000000000000001,0,0,0,1
1,27.0,29,1,-1,-1,1,-1,-1,1,0,5340000,160890000,0,0.8660254037844387,-0.4999999999999998,0,0,1,0
0,23.0,3,-1,-1,-1,-1,1,-1,0,1,9037500,25575000,0,0.49999999999999994,0.8660254037844387,0,0,1,0
0,59.0,2,-1,-1,-1,-1,1,1,0,1,14272500,29535000,1,0.49999999999999994,0.8660254037844387,0,0,0,1
1,30.0,13,-1,-1,1,-1,1,1,0,1,14497500,174427500,1,-0.8660254037844386,0.5000000000000001,0,0,0,1
0,28.0,41,-1,1,-1,-1,-1,1,0,1,6052500,251677500,0,0.49999999999999994,-0.8660254037844387,0,1,0,0
0,18.0,1,0,0,0,0,0,0,0,0,2827500,2827500,0,-0.8660254037844386,0.5000000000000001,1,0,0,0
1,32.0,7,-1,-1,-1,-1,1,-1,0,0,8227500,55560000,0,0.0,1.0,0,0,1,0
0,24.0,52,1,-1,1,-1,1,-1,1,1,9645000,511590000,0,1.2246467991473532e-16,-1.0,0,0,1,0
0,60.0,45,0,0,0,0,0,0,1,1,3697500,170820000,0,1.0,6.123233995736766e-17,1,0,0,0
1,52.0,70,-1,1,1,1,1,-1,1,0,11415000,789637500,0,1.0,6.123233995736766e-17,0,0,1,0
0,32.0,53,0,0,0,0,0,0,1,0,2805000,150855000,0,-0.4999999999999997,-0.8660254037844388,1,0,0,0
0,67.0,62,-1,1,1,-1,1,-1,1,1,14692500,890482500,0,0.49999999999999994,-0.8660254037844387,0,0,0,1
0,52.0,60,1,1,-1,-1,-1,1,0,1,14115000,821385000,0,-0.8660254037844385,-0.5000000000000004,0,0,0,1
0,36.0,3,-1,-1,-1,-1,1,-1,0,1,12060000,33607500,1,-0.8660254037844385,-0.5000000000000004,0,0,0,1
0,18.0,23,1,-1,-1,-1,1,1,0,1,14265000,348907500,0,1.2246467991473532e-16,-1.0,0,0,0,1
1,67.0,1,-1,1,-1,-1,-1,-1,0,1,4702500,4702500,1,0.8660254037844386,0.5000000000000001,0,1,0,0
0,23.0,67,1,-1,1,1,-1,1,1,1,10852500,748725000,0,1.0,6.123233995736766e-17,0,1,0,0
0,20.0,12,-1,1,-1,-1,1,-1,0,1,13462500,157860000,1,0.8660254037844387,-0.4999999999999998,0,0,0,1
0,52.0,71,1,1,1,1,-1,1,1,1,12405000,874680000,0,0.49999999999999994,-0.8660254037844387,0,1,0,0
1,69.0,25,0,0,0,0,0,0,1,0,2985000,76620000,0,1.0,6.123233995736766e-17,1,0,0,0
0,57.0,5,1,-1,-1,-1,-1,-1,0,1,8070000,42592500,0,-0.5000000000000004,0.8660254037844384,0,0,1,0
1,47.0,26,-1,-1,-1,-1,-1,-1,1,1,7732500,194310000,0,0.49999999999999994,-0.8660254037844387,0,0,1,0
1,47.0,1,0,0,0,0,0,0,1,0,2947500,2947500,0,0.8660254037844387,-0.4999999999999998,1,0,0,0
1,50.0,70,-1,1,1,-1,1,-1,1,1,6607500,451747500,0,-0.5000000000000004,0.8660254037844384,0,0,1,0
1,49.0,72,1,1,1,1,1,1,1,1,17100000,1213972500,0,-0.8660254037844385,-0.5000000000000004,0,0,0,1
1,43.0,60,-1,1,-1,-1,1,1,1,1,14160000,841537500,1,-1.0,-1.8369701987210297e-16,0,0,0,1
0,41.0,32,-1,1,-1,-1,1,1,0,1,15060000,482647500,0,-1.0,-1.8369701987210297e-16,0,0,0,1
1,39.0,1,0,0,0,0,0,0,0,1,2977500,2977500,1,1.2246467991473532e-16,-1.0,1,0,0,0
0,31.0,14,-1,1,-1,-1,-1,-1,1,1,8137500,115980000,0,-1.0,-1.8369701987210297e-16,0,1,0,0
0,37.0,13,1,-1,-1,-1,-1,-1,0,1,12000000,154402500,0,-0.8660254037844385,-0.5000000000000004,0,0,0,1
0,20.0,6,-1,1,1,1,1,1,0,1,16485000,100417500,1,0.8660254037844387,-0.4999999999999998,0,0,0,1
0,39.0,46,1,-1,1,-1,1,1,1,0,11880000,539070000,0,-0.8660254037844385,-0.5000000000000004,0,0,1,0
1,28.0,15,-1,-1,1,1,1,1,0,1,15202500,233092500,1,0.8660254037844386,0.5000000000000001,0,0,0,1
1,27.0,43,-1,1,-1,1,1,-1,0,1,14145000,592972500,0,1.2246467991473532e-16,-1.0,0,0,0,1
1,42.0,39,-1,-1,-1,1,-1,-1,1,1,7470000,295672500,0,1.0,6.123233995736766e-17,0,0,1,0
1,57.0,21,-1,-1,1,-1,1,-1,0,1,9007500,185422500,1,1.0,6.123233995736766e-17,0,0,1,0
1,51.0,57,1,-1,1,-1,1,1,0,1,8062500,479400000,0,1.2246467991473532e-16,-1.0,0,0,1,0
0,21.0,53,-1,-1,-1,1,1,1,1,1,14017500,730830000,0,0.0,1.0,0,0,0,1
1,28.0,18,1,-1,1,-1,1,-1,0,1,13185000,225075000,0,1.2246467991473532e-16,-1.0,0,0,0,1
0,51.0,1,-1,-1,-1,-1,-1,1,0,1,9022500,9022500,1,0.0,1.0,0,0,1,0
0,28.0,58,1,-1,-1,1,-1,-1,1,1,9157500,521812500,0,1.2246467991473532e-16,-1.0,0,0,1,0
0,37.0,71,-1,-1,1,-1,1,1,1,0,15607500,1112032500,0,0.8660254037844386,0.5000000000000001,0,0,0,1
0,47.0,35,-1,-1,1,1,1,1,1,1,14887500,529800000,0,0.8660254037844386,0.5000000000000001,0,0,0,1
1,28.0,3,-1,-1,1,-1,-1,1,0,0,12855000,38512500,0,-0.8660254037844386,0.5000000000000001,0,0,0,1
1,41.0,38,1,1,-1,-1,1,1,1,1,15727500,583087500,0,-0.5000000000000004,0.8660254037844384,0,0,0,1
1,24.0,35,1,1,1,1,-1,-1,1,1,10372500,373522500,0,-0.8660254037844386,0.5000000000000001,0,0,1,0
1,33.0,7,-1,-1,1,-1,1,-1,0,1,13567500,89017500,1,-0.8660254037844386,0.5000000000000001,0,0,0,1
0,44.0,47,-1,-1,1,1,1,1,1,0,11167500,526545000,0,0.8660254037844387,-0.4999999999999998,0,0,1,0
0,21.0,14,-1,1,-1,-1,-1,-1,0,0,7567500,114817500,0,-0.5000000000000004,0.8660254037844384,0,0,1,0
0,45.0,20,-1,1,-1,-1,-1,1,0,1,9000000,188902500,0,0.8660254037844386,0.5000000000000001,0,0,1,0
1,40.0,66,1,1,-1,1,1,1,1,0,12787500,830752500,0,-0.8660254037844385,-0.5000000000000004,0,0,1,0
1,47.0,15,0,0,0,0,0,0,0,1,2917500,51127500,0,-0.8660254037844385,-0.5000000000000004,1,0,0,0
0,43.0,42,0,0,0,0,0,0,1,1,3112500,126667500,0,0.0,1.0,1,0,0,0
0,56.0,17,1,-1,-1,-1,-1,-1,0,0,11835000,202342500,0,-1.0,-1.8369701987210297e-16,0,0,0,1
1,42.0,37,-1,1,-1,1,1,1,1,1,15675000,566700000,0,1.0,6.123233995736766e-17,0,0,0,1
0,35.0,12,-1,1,-1,-1,-1,-1,0,1,7410000,91747500,0,-0.8660254037844385,-0.5000000000000004,0,0,1,0
1,41.0,53,-1,1,-1,-1,1,1,1,1,14137500,730192500,1,-0.8660254037844385,-0.5000000000000004,0,0,0,1
0,47.0,60,0,0,0,0,0,0,1,0,3750000,225757500,0,-0.8660254037844386,0.5000000000000001,1,0,0,0
1,41.0,18,-1,-1,-1,-1,-1,-1,0,0,3832500,70177500,0,1.0,6.123233995736766e-17,0,0,1,0
1,40.0,1,-1,-1,-1,-1,-1,-1,0,1,11235000,11235000,1,0.8660254037844386,0.5000000000000001,0,0,0,1
0,32.0,3,-1,-1,-1,-1,-1,-1,0,1,10522500,29130000,0,-1.0,-1.8369701987210297e-16,0,0,0,1
0,32.0,9,-1,-1,-1,1,1,1,0,1,10410000,85717500,0,-1.0,-1.8369701987210297e-16,0,0,1,0
0,23.0,1,-1,-1,-1,-1,1,-1,0,1,12037500,12037500,1,0.0,1.0,0,0,0,1
1,61.0,56,1,1,1,-1,-1,-1,1,1,13972500,788092500,0,1.2246467991473532e-16,-1.0,0,0,0,1
1,25.0,17,-1,-1,-1,-1,-1,-1,0,1,10350000,172447500,1,-0.8660254037844385,-0.5000000000000004,0,0,0,1
0,32.0,11,-1,-1,-1,1,-1,1,0,1,9952500,111120000,1,-0.8660254037844385,-0.5000000000000004,0,1,0,0
1,31.0,7,-1,-1,-1,-1,-1,-1,0,1,10432500,78202500,0,-0.8660254037844386,0.5000000000000001,0,0,0,1
0,51.0,69,0,0,0,0,0,0,1,0,3030000,211897500,0,0.49999999999999994,0.8660254037844387,1,0,0,0
1,36.0,19,-1,-1,-1,-1,-1,1,0,1,12900000,229867500,1,-0.8660254037844386,0.5000000000000001,0,0,0,1
0,55.0,3,-1,-1,-1,-1,-1,1,0,1,12045000,37507500,1,-0.4999999999999997,-0.8660254037844388,0,0,0,1
1,32.0,54,0,0,0,0,0,0,1,0,3060000,163590000,0,-1.0,-1.8369701987210297e-16,1,0,0,0
1,43.0,62,0,0,0,0,0,0,1,1,3562500,217020000,0,0.8660254037844386,0.5000000000000001,1,0,0,0
1,30.0,24,-1,1,-1,-1,1,-1,0,1,13582500,342382500,1,1.0,6.123233995736766e-17,0,0,0,1
0,66.0,62,-1,-1,-1,-1,1,1,0,1,10567500,645067500,0,0.49999999999999994,-0.8660254037844387,0,0,1,0
1,26.0,17,1,-1,-1,-1,-1,1,0,0,9862500,166680000,0,0.49999999999999994,-0.8660254037844387,0,0,1,0
1,44.0,9,-1,-1,-1,-1,-1,-1,0,1,3690000,28515000,0,0.49999999999999994,-0.8660254037844387,0,0,1,0
1,48.0,64,1,-1,1,1,1,-1,1,0,10387500,667162500,0,-0.4999999999999997,-0.8660254037844388,0,1,0,0
0,45.0,2,-1,-1,-1,-1,-1,-1,0,1,11385000,21502500,1,-0.8660254037844386,0.5000000000000001,0,0,0,1
1,38.0,1,-1,-1,-1,-1,-1,-1,0,1,6877500,6877500,1,-0.4999999999999997,-0.8660254037844388,0,1,0,0
0,38.0,16,-1,-1,-1,1,1,1,0,1,7492500,121530000,1,-0.4999999999999997,-0.8660254037844388,0,1,0,0
0,41.0,72,0,0,0,0,0,0,1,0,3697500,274507500,0,-0.4999999999999997,-0.8660254037844388,1,0,0,0
1,38.0,30,1,1,1,-1,-1,-1,1,0,13560000,423097500,0,-0.4999999999999997,-0.8660254037844388,0,0,0,1
0,52.0,49,1,-1,-1,-1,1,1,0,1,15127500,727102500,0,-0.8660254037844385,-0.5000000000000004,0,0,0,1
1,67.0,61,1,-1,1,1,-1,1,1,0,11302500,709395000,0,1.2246467991473532e-16,-1.0,0,1,0,0
1,33.0,47,-1,1,-1,-1,1,-1,0,0,13080000,602617500,0,0.0,1.0,0,0,0,1
1,24.0,20,1,-1,1,-1,-1,1,0,0,9660000,209790000,0,0.49999999999999994,0.8660254037844387,0,1,0,0
1,39.0,34,-1,-1,-1,-1,1,-1,0,0,11745000,384645000,1,-0.8660254037844386,0.5000000000000001,0,0,0,1
0,71.0,70,0,0,0,0,0,0,1,0,3705000,252885000,0,-1.0,-1.8369701987210297e-16,1,0,0,0
1,30.0,54,1,1,-1,1,1,1,1,1,15877500,873997500,0,-1.0,-1.8369701987210297e-16,0,0,0,1
1,60.0,61,-1,1,1,1,1,-1,1,1,14745000,909982500,0,1.2246467991473532e-16,-1.0,0,0,0,1
1,60.0,3,-1,-1,-1,-1,-1,-1,0,1,11542500,34260000,1,-0.4999999999999997,-0.8660254037844388,0,0,0,1
1,33.0,13,0,0,0,0,0,0,1,0,2917500,40530000,0,0.8660254037844386,0.5000000000000001,1,0,0,0
0,47.0,16,-1,-1,-1,-1,1,1,0,1,14422500,229380000,1,-0.5000000000000004,0.8660254037844384,0,0,0,1
0,60.0,3,-1,1,-1,-1,1,-1,0,1,8805000,25290000,0,0.8660254037844386,0.5000000000000001,0,0,1,0
1,35.0,25,0,0,0,0,0,0,0,1,3022500,80452500,0,-0.5000000000000004,0.8660254037844384,1,0,0,0
1,38.0,30,1,-1,-1,-1,-1,1,0,1,9675000,283267500,0,0.8660254037844387,-0.4999999999999998,0,0,1,0
0,33.0,21,1,-1,-1,-1,-1,-1,0,0,4275000,94402500,0,-0.8660254037844386,0.5000000000000001,0,0,1,0
1,28.0,1,-1,-1,-1,-1,-1,-1,0,0,6795000,6795000,1,0.49999999999999994,0.8660254037844387,0,1,0,0
0,32.0,15,0,0,0,0,0,0,0,0,2910000,43395000,1,0.49999999999999994,0.8660254037844387,1,0,0,0
1,25.0,23,-1,-1,-1,-1,1,1,0,1,13567500,317587500,0,-0.8660254037844386,0.5000000000000001,0,0,0,1
0,40.0,45,1,1,-1,-1,1,1,0,1,15772500,709635000,0,0.0,1.0,0,0,0,1
0,31.0,24,-1,1,1,-1,-1,-1,1,0,12472500,304957500,0,0.49999999999999994,-0.8660254037844387,0,0,0,1
0,43.0,11,-1,-1,-1,1,1,-1,0,0,13522500,148192500,1,0.0,1.0,0,0,0,1
1,21.0,1,-1,-1,-1,-1,-1,-1,0,0,6757500,6757500,1,0.49999999999999994,0.8660254037844387,0,0,1,0
0,44.0,56,-1,-1,1,1,1,1,1,0,15480000,861652500,0,-0.8660254037844385,-0.5000000000000004,0,0,0,1
0,50.0,1,-1,1,-1,-1,-1,-1,0,0,11370000,11370000,1,0.8660254037844387,-0.4999999999999998,0,0,0,1
1,18.0,1,0,0,0,0,0,0,0,0,2917500,2917500,0,1.0,6.123233995736766e-17,1,0,0,0
0,44.0,7,-1,-1,-1,-1,-1,1,0,1,11895000,78472500,1,0.0,1.0,0,0,0,1
0,55.0,55,-1,-1,1,1,1,-1,1,0,13320000,720795000,0,1.0,6.123233995736766e-17,0,0,0,1
0,25.0,2,-1,-1,-1,1,-1,-1,0,1,4635000,8857500,1,-0.8660254037844385,-0.5000000000000004,0,1,0,0
0,60.0,72,1,-1,1,1,1,1,1,1,12885000,916612500,0,1.0,6.123233995736766e-17,0,0,1,0
0,45.0,45,-1,-1,-1,-1,-1,1,1,0,5130000,239490000,0,1.2246467991473532e-16,-1.0,0,0,1,0
0,32.0,47,0,0,0,0,0,0,1,0,3022500,156930000,0,0.8660254037844387,-0.4999999999999998,1,0,0,0
0,39.0,46,-1,1,-1,-1,1,1,1,0,14287500,663630000,1,1.0,6.123233995736766e-17,0,0,0,1
1,47.0,2,-1,1,-1,-1,-1,-1,0,1,7545000,13912500,0,1.2246467991473532e-16,-1.0,0,0,1,0
0,41.0,2,1,-1,-1,1,-1,-1,0,1,12022500,29182500,0,0.49999999999999994,-0.8660254037844387,0,0,0,1
0,46.0,12,-1,1,-1,-1,-1,-1,0,1,7687500,91815000,0,0.8660254037844386,0.5000000000000001,0,1,0,0
0,29.0,68,-1,1,-1,-1,-1,1,0,1,13440000,919140000,1,0.49999999999999994,-0.8660254037844387,0,0,0,1
1,42.0,69,-1,-1,-1,1,1,1,1,1,14280000,1000755000,0,-0.8660254037844386,0.5000000000000001,0,0,0,1
1,23.0,56,1,-1,-1,-1,1,1,1,0,14220000,789645000,0,-1.0,-1.8369701987210297e-16,0,0,0,1
0,39.0,4,1,-1,-1,-1,-1,-1,0,1,12037500,45555000,0,-1.0,-1.8369701987210297e-16,0,0,0,1
1,29.0,64,-1,1,1,1,1,-1,1,1,11415000,722820000,0,0.8660254037844387,-0.4999999999999998,0,0,1,0
1,31.0,59,1,1,1,-1,1,1,1,1,16522500,967207500,1,-0.4999999999999997,-0.8660254037844388,0,0,0,1
1,55.0,62,1,1,1,1,1,1,1,0,17332500,1073857500,0,-0.5000000000000004,0.8660254037844384,0,0,0,1
1,53.0,63,0,0,0,0,0,0,1,0,3697500,236175000,0,1.2246467991473532e-16,-1.0,1,0,0,0
0,47.0,53,1,1,1,1,1,-1,1,1,8040000,431880000,0,0.8660254037844387,-0.4999999999999998,0,1,0,0
1,27.0,5,0,0,0,0,0,0,0,0,2917500,12907500,0,0.8660254037844386,0.5000000000000001,1,0,0,0
1,36.0,49,1,1,1,-1,-1,-1,0,1,13230000,623917500,0,-0.5000000000000004,0.8660254037844384,0,0,0,1
0,55.0,62,1,-1,-1,-1,1,1,1,1,15172500,995752500,0,-0.8660254037844386,0.5000000000000001,0,0,0,1
0,42.0,55,1,1,-1,1,-1,-1,1,0,8520000,466807500,0,-0.8660254037844385,-0.5000000000000004,0,1,0,0
0,68.0,71,1,1,1,1,1,-1,1,1,14910000,1075237500,0,-1.0,-1.8369701987210297e-16,0,0,0,1
0,45.0,72,0,0,0,0,0,0,1,1,3015000,198937500,0,-1.0,-1.8369701987210297e-16,1,0,0,0
1,42.0,36,1,-1,1,1,1,1,1,0,9105000,335182500,0,-0.5000000000000004,0.8660254037844384,0,0,1,0
1,36.0,25,0,0,0,0,0,0,1,1,3142500,74272500,0,1.2246467991473532e-16,-1.0,1,0,0,0
0,42.0,72,1,1,1,1,1,1,1,1,17227500,1247692500,0,1.2246467991473532e-16,-1.0,0,0,0,1
0,38.0,36,0,0,0,0,0,0,1,1,2887500,101970000,0,-0.8660254037844386,0.5000000000000001,1,0,0,0
1,48.0,1,-1,-1,-1,-1,1,1,0,1,9420000,9420000,0,0.0,1.0,0,0,1,0
0,51.0,72,1,-1,1,-1,1,1,1,1,15825000,1131600000,0,-1.0,-1.8369701987210297e-16,0,0,0,1
1,31.0,59,0,0,0,0,0,0,1,0,2977500,178237500,0,0.8660254037844387,-0.4999999999999998,1,0,0,0
1,24.0,7,-1,-1,-1,-1,1,1,0,1,13425000,101505000,1,0.49999999999999994,-0.8660254037844387,0,0,0,1
0,18.0,1,-1,-1,1,1,1,1,1,0,11115000,11115000,0,-0.8660254037844386,0.5000000000000001,0,1,0,0
0,46.0,30,-1,1,1,1,1,1,0,1,16125000,486375000,0,-0.5000000000000004,0.8660254037844384,0,0,0,1
1,27.0,64,0,0,0,0,0,0,1,0,2932500,186022500,0,-0.5000000000000004,0.8660254037844384,1,0,0,0
1,18.0,63,1,1,1,1,-1,-1,1,0,10320000,616702500,0,0.49999999999999994,-0.8660254037844387,0,1,0,0
1,45.0,72,1,1,1,-1,1,1,1,0,12667500,884977500,0,0.8660254037844387,-0.4999999999999998,0,0,1,0
1,70.0,8,1,-1,-1,-1,-1,-1,0,0,11250000,94942500,1,-0.4999999999999997,-0.8660254037844388,0,0,0,1
0,40.0,62,-1,1,1,1,1,1,1,0,12675000,778980000,0,0.8660254037844386,0.5000000000000001,0,0,1,0
1,50.0,67,-1,1,1,1,1,1,1,1,16680000,1129620000,0,0.8660254037844386,0.5000000000000001,0,0,0,1
1,41.0,6,-1,-1,-1,-1,-1,-1,0,0,6712500,40642500,1,0.0,1.0,0,1,0,0
0,39.0,70,1,-1,-1,1,1,1,1,1,12090000,819030000,0,0.49999999999999994,0.8660254037844387,0,0,1,0
0,51.0,20,-1,-1,-1,-1,1,-1,0,0,12105000,242130000,0,1.2246467991473532e-16,-1.0,0,0,0,1
0,37.0,5,-1,-1,-1,-1,-1,-1,0,0,11340000,60375000,0,0.49999999999999994,0.8660254037844387,0,0,0,1
0,43.0,24,1,1,1,-1,1,1,1,0,8640000,205162500,0,-0.5000000000000004,0.8660254037844384,0,1,0,0
0,44.0,11,-1,-1,-1,-1,-1,-1,0,1,6607500,72555000,1,-0.8660254037844385,-0.5000000000000004,0,1,0,0
1,32.0,72,-1,1,1,1,1,1,1,1,16590000,1194330000,0,-0.8660254037844386,0.5000000000000001,0,0,0,1
0,52.0,66,1,1,-1,1,-1,-1,1,1,8730000,571620000,0,-0.8660254037844385,-0.5000000000000004,0,0,1,0
0,38.0,45,1,-1,1,1,1,1,1,1,12150000,530040000,0,0.49999999999999994,-0.8660254037844387,0,1,0,0
0,31.0,69,0,0,0,0,0,0,1,0,2955000,209535000,0,0.8660254037844386,0.5000000000000001,1,0,0,0
1,46.0,15,-1,-1,-1,-1,-1,1,0,1,12840000,201832500,1,-0.8660254037844386,0.5000000000000001,0,0,0,1
0,29.0,28,-1,-1,1,-1,1,-1,0,1,8932500,246967500,0,-1.0,-1.8369701987210297e-16,0,0,1,0
0,40.0,70,1,1,1,1,1,1,1,0,17332500,1219140000,1,0.49999999999999994,-0.8660254037844387,0,0,0,1
0,40.0,36,1,1,1,1,-1,1,1,1,11332500,402022500,0,0.8660254037844386,0.5000000000000001,0,0,1,0
1,53.0,16,-1,-1,-1,-1,1,-1,0,1,12990000,192150000,1,1.0,6.123233995736766e-17,0,0,0,1
0,46.0,18,-1,-1,-1,-1,1,-1,0,1,12780000,233085000,1,1.2246467991473532e-16,-1.0,0,0,0,1
0,40.0,34,-1,-1,-1,-1,1,1,0,1,14647500,481132500,1,0.49999999999999994,0.8660254037844387,0,0,0,1
1,50.0,42,-1,1,1,-1,-1,1,1,1,6765000,307357500,0,0.49999999999999994,-0.8660254037844387,0,1,0,0
1,57.0,48,1,-1,-1,1,-1,1,1,1,10642500,544380000,0,-1.0,-1.8369701987210297e-16,0,0,1,0
1,47.0,47,-1,1,1,1,1,1,0,1,16432500,768682500,1,0.8660254037844387,-0.4999999999999998,0,0,0,1
0,40.0,39,-1,1,1,1,-1,-1,1,1,13432500,521167500,1,-0.4999999999999997,-0.8660254037844388,0,0,0,1
0,24.0,11,0,0,0,0,0,0,1,0,3135000,30345000,0,-1.0,-1.8369701987210297e-16,1,0,0,0
1,27.0,7,0,0,0,0,0,0,0,1,2992500,22125000,0,0.0,1.0,1,0,0,0
0,36.0,3,0,0,0,0,0,0,0,0,3690000,12952500,0,0.8660254037844387,-0.4999999999999998,1,0,0,0
1,33.0,8,1,-1,1,-1,-1,1,0,1,10005000,86850000,0,0.0,1.0,0,1,0,0
1,38.0,1,0,0,0,0,0,0,0,1,2917500,2917500,1,1.0,6.123233995736766e-17,1,0,0,0
1,41.0,32,1,1,1,-1,-1,1,1,0,14220000,469732500,0,0.8660254037844386,0.5000000000000001,0,0,0,1
1,46.0,60,1,1,1,1,-1,-1,1,1,9877500,589245000,0,0.49999999999999994,0.8660254037844387,0,0,1,0
0,39.0,10,0,0,0,0,0,0,0,1,2992500,28162500,0,0.8660254037844386,0.5000000000000001,1,0,0,0
0,46.0,71,0,0,0,0,0,0,1,1,3697500,256522500,0,1.0,6.123233995736766e-17,1,0,0,0
0,41.0,4,0,0,0,0,0,0,0,0,3052500,11452500,1,-0.5000000000000004,0.8660254037844384,1,0,0,0
0,18.0,1,-1,-1,-1,-1,-1,-1,0,1,10387500,10387500,1,0.8660254037844387,-0.4999999999999998,0,0,0,1
0,29.0,43,1,1,-1,1,1,-1,1,1,7687500,322740000,0,0.8660254037844386,0.5000000000000001,0,0,1,0
1,38.0,59,-1,-1,1,-1,1,1,1,1,14925000,894165000,1,1.0,6.123233995736766e-17,0,0,0,1
0,25.0,23,-1,-1,1,1,-1,-1,0,0,8137500,183232500,0,0.49999999999999994,-0.8660254037844387,0,1,0,0
0,47.0,72,0,0,0,0,0,0,1,0,2910000,224467500,0,-0.8660254037844386,0.5000000000000001,1,0,0,0
1,58.0,22,1,-1,-1,1,-1,-1,1,1,8437500,193830000,0,0.8660254037844386,0.5000000000000001,0,0,1,0
0,55.0,1,-1,-1,-1,-1,-1,-1,0,1,3772500,3772500,0,0.0,1.0,0,1,0,0
1,37.0,69,0,0,0,0,0,0,1,0,3592500,256965000,0,0.8660254037844386,0.5000000000000001,1,0,0,0
1,58.0,50,1,-1,-1,1,-1,-1,1,1,5310000,262335000,0,1.0,6.123233995736766e-17,0,0,1,0
0,42.0,1,-1,-1,-1,-1,-1,-1,0,1,3780000,3780000,1,-0.8660254037844386,0.5000000000000001,0,0,1,0
1,36.0,2,-1,-1,-1,-1,-1,-1,0,1,6750000,14467500,1,0.8660254037844386,0.5000000000000001,0,0,1,0
0,33.0,15,-1,1,-1,-1,-1,-1,0,0,11302500,167182500,0,-0.8660254037844385,-0.5000000000000004,0,0,0,1
1,36.0,31,0,0,0,0,0,0,1,0,3060000,91365000,0,0.8660254037844386,0.5000000000000001,1,0,0,0
1,35.0,1,0,0,0,0,0,0,0,0,3022500,3022500,1,0.49999999999999994,0.8660254037844387,1,0,0,0
1,42.0,66,-1,1,1,-1,1,1,0,1,15750000,1069987500,1,-0.8660254037844385,-0.5000000000000004,0,0,0,1
0,42.0,0,1,1,1,1,1,-1,1,0,8407500,0,0,0.8660254037844386,0.5000000000000001,0,0,1,0
1,40.0,3,-1,-1,-1,-1,1,-1,0,1,8205000,25417500,1,-0.4999999999999997,-0.8660254037844388,0,1,0,0
0,45.0,8,0,0,0,0,0,0,1,0,3000000,21240000,0,0.49999999999999994,-0.8660254037844387,1,0,0,0
1,54.0,64,1,-1,1,-1,1,1,1,1,10957500,703297500,0,0.49999999999999994,-0.8660254037844387,0,0,1,0
0,51.0,28,0,0,0,0,0,0,0,0,3075000,84457500,0,-1.0,-1.8369701987210297e-16,1,0,0,0
0,22.0,57,-1,-1,1,-1,1,1,1,1,15112500,897750000,0,0.0,1.0,0,0,0,1
0,18.0,14,-1,-1,1,-1,-1,1,0,1,13087500,188790000,1,1.2246467991473532e-16,-1.0,0,0,0,1
1,51.0,19,0,0,0,0,0,0,1,1,2992500,56025000,0,1.0,6.123233995736766e-17,1,0,0,0
1,24.0,10,-1,-1,-1,-1,1,-1,0,1,11992500,128580000,1,-0.8660254037844385,-0.5000000000000004,0,0,0,1
0,37.0,51,-1,1,-1,-1,1,1,0,1,7447500,383002500,0,1.0,6.123233995736766e-17,0,0,1,0
0,26.0,67,1,1,1,-1,-1,-1,1,0,9847500,648427500,0,0.49999999999999994,0.8660254037844387,0,0,1,0
1,18.0,11,0,0,0,0,0,0,0,1,3067500,37620000,0,0.49999999999999994,0.8660254037844387,1,0,0,0
1,46.0,72,1,-1,1,1,1,1,1,0,9142500,682357500,0,0.49999999999999994,0.8660254037844387,0,0,1,0
1,49.0,66,0,0,0,0,0,0,1,1,3052500,203925000,0,-1.0,-1.8369701987210297e-16,1,0,0,0
0,33.0,18,-1,-1,-1,1,1,-1,0,1,13252500,245895000,1,1.0,6.123233995736766e-17,0,0,0,1
0,18.0,9,0,0,0,0,0,0,0,1,2925000,26827500,0,1.2246467991473532e-16,-1.0,1,0,0,0
0,33.0,9,-1,-1,-1,-1,-1,-1,0,1,11280000,95077500,0,-0.5000000000000004,0.8660254037844384,0,0,0,1
1,45.0,48,1,1,1,-1,1,1,0,1,16717500,797265000,0,-0.8660254037844385,-0.5000000000000004,0,0,0,1
1,22.0,10,-1,-1,-1,-1,-1,-1,0,0,10522500,110325000,0,-1.0,-1.8369701987210297e-16,0,0,0,1
0,42.0,9,-1,-1,-1,-1,1,1,0,1,14212500,133485000,1,-0.8660254037844386,0.5000000000000001,0,0,0,1
0,40.0,13,-1,-1,-1,-1,1,1,0,1,14257500,193500000,1,1.0,6.123233995736766e-17,0,0,0,1
1,47.0,4,-1,1,-1,-1,-1,-1,0,0,11767500,49507500,1,-0.5000000000000004,0.8660254037844384,0,0,0,1
1,41.0,4,-1,-1,-1,-1,-1,-1,0,1,10530000,35692500,1,-0.5000000000000004,0.8660254037844384,0,0,0,1
0,28.0,72,1,1,1,1,1,1,1,0,13800000,971160000,0,1.0,6.123233995736766e-17,0,0,1,0
0,54.0,51,1,1,1,1,1,1,1,0,12825000,663292500,0,0.49999999999999994,-0.8660254037844387,0,0,1,0
1,38.0,59,-1,1,-1,-1,-1,1,0,1,6157500,367905000,1,0.8660254037844387,-0.4999999999999998,0,1,0,0
1,40.0,10,-1,-1,-1,-1,1,-1,0,1,12840000,122077500,1,1.0,6.123233995736766e-17,0,0,0,1
1,29.0,61,-1,1,-1,-1,-1,-1,0,1,12322500,735727500,0,1.0,6.123233995736766e-17,0,0,0,1
1,35.0,54,1,-1,1,1,-1,-1,1,0,12660000,672607500,0,0.49999999999999994,0.8660254037844387,0,0,0,1
0,29.0,33,1,1,-1,-1,-1,-1,0,1,9135000,305077500,0,0.8660254037844386,0.5000000000000001,0,0,1,0
0,38.0,27,0,0,0,0,0,0,1,1,3037500,80730000,0,-0.5000000000000004,0.8660254037844384,1,0,0,0
0,61.0,1,-1,-1,-1,-1,1,-1,0,1,11880000,11880000,1,0.0,1.0,0,0,0,1
1,24.0,23,-1,1,-1,-1,1,1,0,0,14295000,328935000,0,0.8660254037844386,0.5000000000000001,0,0,0,1
1,21.0,1,0,0,0,0,0,0,0,0,2977500,2977500,0,0.0,1.0,1,0,0,0
1,58.0,45,1,1,1,1,1,1,1,1,12652500,578707500,0,-1.0,-1.8369701987210297e-16,0,0,1,0
0,37.0,39,0,0,0,0,0,0,1,1,2977500,128220000,0,1.0,6.123233995736766e-17,1,0,0,0
1,32.0,5,-1,-1,1,-1,1,1,1,1,10500000,52110000,1,1.0,6.123233995736766e-17,0,0,1,0
1,52.0,72,1,1,1,1,1,-1,1,0,12345000,872272500,0,-0.5000000000000004,0.8660254037844384,0,1,0,0
0,33.0,58,-1,1,-1,-1,1,-1,0,1,10020000,595560000,0,-0.8660254037844386,0.5000000000000001,0,0,1,0
0,62.0,70,1,1,1,1,-1,-1,1,1,6690000,458722500,0,-1.0,-1.8369701987210297e-16,0,1,0,0
1,48.0,61,-1,1,-1,1,1,1,1,1,14767500,921780000,0,-0.5000000000000004,0.8660254037844384,0,0,0,1
1,34.0,2,-1,-1,-1,-1,-1,-1,0,0,10605000,19380000,0,0.8660254037844387,-0.4999999999999998,0,0,0,1
0,66.0,46,0,0,0,0,0,0,1,0,3742500,174885000,0,0.49999999999999994,-0.8660254037844387,1,0,0,0
0,33.0,1,-1,-1,-1,-1,-1,-1,0,1,7492500,7492500,1,-0.8660254037844386,0.5000000000000001,0,1,0,0
0,49.0,22,-1,-1,-1,-1,-1,-1,0,1,10387500,233100000,1,0.0,1.0,0,0,0,1
0,44.0,48,1,-1,1,1,1,1,1,1,15375000,735637500,0,-0.8660254037844385,-0.5000000000000004,0,0,0,1
1,56.0,64,-1,1,1,1,1,1,1,0,12982500,844882500,0,-0.8660254037844385,-0.5000000000000004,0,0,1,0
1,59.0,72,0,0,0,0,0,0,1,0,3645000,246487500,0,-0.4999999999999997,-0.8660254037844388,1,0,0,0
0,40.0,12,-1,-1,1,-1,1,-1,0,1,8752500,111082500,0,1.2246467991473532e-16,-1.0,0,0,1,0
0,31.0,34,-1,1,1,-1,-1,1,0,1,14137500,482632500,1,-0.5000000000000004,0.8660254037844384,0,0,0,1
0,46.0,72,1,1,1,-1,-1,1,1,0,10312500,733230000,0,0.49999999999999994,-0.8660254037844387,0,0,1,0
1,32.0,29,-1,1,1,-1,-1,-1,0,1,12870000,366037500,0,0.0,1.0,0,0,0,1
1,64.0,33,0,0,0,0,0,0,1,0,3015000,93082500,0,0.49999999999999994,0.8660254037844387,1,0,0,0
0,42.0,1,0,0,0,0,0,0,0,0,3052500,3052500,0,1.0,6.123233995736766e-17,1,0,0,0
0,36.0,62,-1,1,1,1,1,1,1,1,16620000,1026142500,0,-1.0,-1.8369701987210297e-16,0,0,0,1
1,42.0,41,-1,-1,1,-1,1,1,1,1,10950000,450180000,1,0.49999999999999994,-0.8660254037844387,0,0,1,0
0,24.0,64,-1,-1,1,-1,1,1,1,1,15007500,938130000,1,0.8660254037844387,-0.4999999999999998,0,0,0,1
0,28.0,4,-1,-1,1,-1,-1,1,0,1,12427500,47940000,0,1.2246467991473532e-16,-1.0,0,0,0,1
0,54.0,24,1,-1,-1,1,-1,-1,0,1,12652500,290707500,0,-0.5000000000000004,0.8660254037844384,0,0,0,1
0,32.0,14,0,0,0,0,0,0,1,0,2932500,44175000,0,0.8660254037844386,0.5000000000000001,1,0,0,0
1,27.0,3,0,0,0,0,0,0,0,0,2992500,8745000,0,-0.4999999999999997,-0.8660254037844388,1,0,0,0
0,46.0,4,-1,1,1,-1,1,1,0,1,14970000,66427500,1,-1.0,-1.8369701987210297e-16,0,0,0,1
0,54.0,18,-1,-1,-1,-1,-1,1,0,1,5250000,82950000,1,-0.8660254037844386,0.5000000000000001,0,0,1,0
1,49.0,8,-1,-1,-1,-1,1,1,0,1,9937500,81967500,0,0.8660254037844387,-0.4999999999999998,0,0,1,0
0,52.0,35,0,0,0,0,0,0,1,0,3495000,119565000,0,0.49999999999999994,0.8660254037844387,1,0,0,0
0,31.0,1,-1,-1,-1,-1,-1,-1,0,0,11400000,11400000,1,-0.8660254037844385,-0.5000000000000004,0,0,0,1
1,23.0,66,0,0,0,0,0,0,1,1,3795000,251070000,0,1.0,6.123233995736766e-17,1,0,0,0
1,58.0,8,1,-1,-1,1,-1,1,1,1,6682500,51517500,0,-0.8660254037844385,-0.5000000000000004,0,1,0,0
0,36.0,71,1,-1,1,-1,1,1,1,1,15615000,1111837500,0,-1.0,-1.8369701987210297e-16,0,0,0,1
0,37.0,43,-1,-1,1,-1,-1,1,0,1,13882500,605850000,0,1.0,6.123233995736766e-17,0,0,0,1
0,56.0,2,-1,-1,-1,-1,1,1,0,1,14077500,25627500,1,1.0,6.123233995736766e-17,0,0,0,1
1,47.0,29,-1,1,1,-1,1,1,0,1,15217500,442290000,0,-0.8660254037844385,-0.5000000000000004,0,0,0,1
0,45.0,15,-1,-1,1,-1,1,-1,0,1,12645000,196260000,1,1.2246467991473532e-16,-1.0,0,0,0,1
1,66.0,65,1,1,1,1,-1,-1,1,0,14182500,911812500,0,0.8660254037844386,0.5000000000000001,0,0,0,1
1,32.0,35,-1,-1,1,1,1,-1,0,0,14325000,512730000,0,-0.8660254037844385,-0.5000000000000004,0,0,0,1
1,51.0,64,1,1,-1,-1,1,1,1,1,15045000,990570000,0,1.0,6.123233995736766e-17,0,0,0,1
0,41.0,58,-1,-1,1,1,1,1,1,1,8325000,475035000,0,1.0,6.123233995736766e-17,0,1,0,0
0,43.0,18,-1,1,-1,-1,-1,-1,0,1,7477500,129862500,0,1.2246467991473532e-16,-1.0,0,0,1,0
1,58.0,67,-1,1,-1,-1,-1,1,0,1,13432500,955965000,0,-0.8660254037844386,0.5000000000000001,0,0,0,1
1,46.0,63,0,0,0,0,0,0,1,1,2872500,176557500,0,0.0,1.0,1,0,0,0
0,46.0,60,-1,1,-1,-1,1,1,0,1,14970000,897862500,0,-0.8660254037844386,0.5000000000000001,0,0,0,1
1,53.0,9,-1,-1,-1,-1,-1,1,0,1,12660000,109875000,1,1.2246467991473532e-16,-1.0,0,0,0,1
0,36.0,70,1,1,1,1,1,1,1,1,16957500,1180357500,0,0.8660254037844387,-0.4999999999999998,0,0,0,1
1,30.0,15,-1,-1,1,-1,1,1,0,1,15165000,225607500,1,-0.8660254037844385,-0.5000000000000004,0,0,0,1
0,27.0,48,0,0,0,0,0,0,1,0,2992500,140505000,0,1.0,6.123233995736766e-17,1,0,0,0
1,18.0,12,-1,-1,1,1,1,1,0,1,11122500,111210000,0,-0.8660254037844386,0.5000000000000001,0,0,1,0
1,65.0,71,1,1,1,1,-1,-1,1,1,13800000,987780000,0,1.0,6.123233995736766e-17,0,0,0,1
1,27.0,44,-1,-1,1,-1,-1,-1,0,0,11077500,468360000,0,-1.0,-1.8369701987210297e-16,0,0,0,1
1,37.0,1,-1,-1,-1,-1,-1,-1,0,1,7567500,7567500,1,-0.5000000000000004,0.8660254037844384,0,0,1,0
1,37.0,45,0,0,0,0,0,0,1,0,3667500,163237500,0,1.0,6.123233995736766e-17,1,0,0,0
0,44.0,23,0,0,0,0,0,0,1,0,3720000,92302500,0,0.0,1.0,1,0,0,0
0,50.0,43,-1,-1,-1,1,1,-1,1,1,9727500,436230000,0,1.0,6.123233995736766e-17,0,0,1,0
1,50.0,35,0,0,0,0,0,0,0,0,3112500,110985000,0,0.0,1.0,1,0,0,0
1,33.0,9,1,1,-1,1,1,-1,0,1,10342500,89077500,0,0.8660254037844386,0.5000000000000001,0,0,1,0
1,38.0,12,-1,-1,-1,1,1,1,0,1,14992500,169912500,1,0.49999999999999994,-0.8660254037844387,0,0,0,1
0,43.0,65,1,1,1,-1,1,1,0,1,16410000,1084117500,0,0.0,1.0,0,0,0,1
0,37.0,2,-1,-1,1,-1,1,-1,0,1,13710000,29040000,1,0.0,1.0,0,0,0,1
1,59.0,27,-1,-1,-1,-1,-1,-1,0,0,7350000,193702500,0,0.8660254037844387,-0.4999999999999998,0,1,0,0
0,46.0,40,-1,-1,1,-1,-1,-1,1,1,7537500,303532500,0,-0.8660254037844386,0.5000000000000001,0,1,0,0
0,49.0,5,-1,-1,1,-1,-1,-1,0,1,11332500,52447500,1,0.0,1.0,0,0,0,1
1,48.0,8,0,0,0,0,0,0,1,0,2985000,23092500,0,1.0,6.123233995736766e-17,1,0,0,0
0,54.0,58,-1,1,-1,-1,1,1,1,1,14670000,818820000,0,0.49999999999999994,-0.8660254037844387,0,0,0,1
0,42.0,52,1,-1,1,-1,1,1,1,0,15045000,786667500,0,-0.8660254037844385,-0.5000000000000004,0,0,0,1
1,24.0,3,-1,-1,1,1,-1,-1,0,1,8370000,23182500,0,-0.5000000000000004,0.8660254037844384,0,1,0,0
1,45.0,41,1,1,1,1,1,1,1,1,16672500,676072500,0,-0.8660254037844386,0.5000000000000001,0,0,0,1
1,32.0,20,-1,-1,-1,1,1,1,0,1,14782500,304792500,0,-0.8660254037844385,-0.5000000000000004,0,0,0,1
1,34.0,1,-1,-1,-1,-1,-1,-1,0,1,7507500,7507500,0,1.0,6.123233995736766e-17,0,0,1,0
1,47.0,4,-1,-1,-1,1,-1,-1,0,0,12120000,49867500,1,-0.5000000000000004,0.8660254037844384,0,0,0,1
1,55.0,23,0,0,0,0,0,0,0,0,3127500,71085000,0,1.2246467991473532e-16,-1.0,1,0,0,0
0,40.0,6,0,0,0,0,0,0,0,0,2925000,16020000,0,-0.4999999999999997,-0.8660254037844388,1,0,0,0
1,44.0,8,0,0,0,0,0,0,0,1,2902500,22890000,0,0.49999999999999994,-0.8660254037844387,1,0,0,0
1,60.0,18,1,-1,1,-1,1,-1,0,0,10425000,179910000,0,0.49999999999999994,0.8660254037844387,0,1,0,0
1,43.0,52,1,-1,-1,-1,1,1,0,1,7320000,383257500,0,-0.5000000000000004,0.8660254037844384,0,0,1,0
1,71.0,31,-1,1,-1,-1,1,1,0,1,14175000,446880000,0,-1.0,-1.8369701987210297e-16,0,0,0,1
1,47.0,29,0,0,0,0,0,0,0,1,3097500,98227500,0,1.2246467991473532e-16,-1.0,1,0,0,0
0,19.0,36,1,1,1,1,-1,1,1,1,15907500,575160000,0,0.8660254037844387,-0.4999999999999998,0,0,0,1
0,49.0,16,-1,1,-1,-1,1,1,0,1,15000000,230212500,1,0.0,1.0,0,0,0,1
1,45.0,42,-1,-1,1,1,1,1,1,1,16245000,687922500,0,-0.4999999999999997,-0.8660254037844388,0,0,0,1
1,55.0,1,0,0,0,0,0,0,0,0,3082500,3082500,1,-0.8660254037844386,0.5000000000000001,1,0,0,0
0,48.0,60,-1,1,1,-1,1,1,1,1,14947500,891157500,0,-0.8660254037844386,0.5000000000000001,0,0,0,1
1,38.0,5,-1,1,1,-1,-1,-1,0,1,12795000,63622500,1,-0.8660254037844386,0.5000000000000001,0,0,0,1
1,25.0,22,1,-1,-1,1,1,-1,0,0,14385000,335242500,0,-0.8660254037844385,-0.5000000000000004,0,0,0,1
1,37.0,36,0,0,0,0,0,0,1,0,3000000,100012500,0,0.8660254037844386,0.5000000000000001,1,0,0,0
0,30.0,4,-1,-1,-1,-1,-1,-1,0,0,10560000,42150000,1,-0.4999999999999997,-0.8660254037844388,0,0,0,1
1,33.0,9,1,-1,-1,1,-1,1,0,0,9742500,82170000,0,-1.0,-1.8369701987210297e-16,0,0,1,0
1,47.0,1,-1,1,-1,-1,-1,-1,0,0,11190000,11190000,0,0.8660254037844387,-0.4999999999999998,0,0,0,1
1,60.0,12,1,-1,-1,-1,-1,-1,0,1,7380000,85672500,0,-1.0,-1.8369701987210297e-16,0,1,0,0
0,45.0,23,-1,-1,-1,1,1,1,1,1,11062500,263490000,0,0.8660254037844387,-0.4999999999999998,0,1,0,0
1,26.0,62,1,1,-1,-1,-1,1,1,1,13845000,859717500,0,1.0,6.123233995736766e-17,0,0,0,1
1,45.0,37,-1,-1,-1,1,1,1,0,0,14820000,521332500,1,-0.5000000000000004,0.8660254037844384,0,0,0,1
0,54.0,8,0,0,0,0,0,0,0,0,2880000,23527500,0,0.0,1.0,1,0,0,0
1,33.0,31,-1,-1,1,-1,1,-1,0,0,13297500,402480000,0,-0.4999999999999997,-0.8660254037844388,0,0,0,1
1,38.0,13,-1,-1,-1,-1,-1,-1,0,1,11160000,134512500,1,1.0,6.123233995736766e-17,0,0,0,1
0,40.0,24,-1,-1,1,-1,1,1,0,1,14812500,361095000,1,-1.0,-1.8369701987210297e-16,0,0,0,1
1,31.0,45,-1,1,1,-1,-1,1,0,1,14392500,668497500,0,-1.0,-1.8369701987210297e-16,0,0,0,1
0,48.0,69,-1,1,-1,1,1,1,1,0,15810000,1049842500,0,0.8660254037844387,-0.4999999999999998,0,0,0,1
1,39.0,2,0,0,0,0,0,0,0,0,3037500,5520000,0,0.49999999999999994,0.8660254037844387,1,0,0,0
1,45.0,61,1,1,-1,-1,1,1,1,1,15900000,982155000,1,-0.5000000000000004,0.8660254037844384,0,0,0,1
1,29.0,41,-1,1,1,-1,1,1,0,1,15705000,651960000,1,-1.0,-1.8369701987210297e-16,0,0,0,1
0,35.0,44,-1,-1,1,-1,1,1,1,1,7357500,339750000,0,-0.4999999999999997,-0.8660254037844388,0,0,1,0
1,49.0,39,-1,-1,1,1,-1,-1,1,0,5332500,196372500,0,-0.8660254037844385,-0.5000000000000004,0,0,1,0
1,36.0,72,1,1,1,1,1,1,1,1,9765000,713145000,0,1.2246467991473532e-16,-1.0,0,0,1,0
0,61.0,13,-1,-1,1,-1,1,1,0,1,14527500,185332500,0,0.49999999999999994,-0.8660254037844387,0,0,0,1
0,35.0,51,1,1,-1,1,-1,1,1,1,10462500,534375000,0,-1.0,-1.8369701987210297e-16,0,0,1,0
0,43.0,71,-1,1,1,-1,1,1,1,1,14880000,1082062500,0,1.2246467991473532e-16,-1.0,0,0,0,1
1,51.0,22,-1,-1,-1,-1,1,1,0,1,14505000,312442500,1,0.0,1.0,0,0,0,1
0,23.0,2,-1,1,-1,1,-1,-1,0,1,8257500,15412500,1,1.2246467991473532e-16,-1.0,0,0,1,0
0,19.0,56,-1,1,1,-1,1,1,1,1,16020000,887160000,0,-1.0,-1.8369701987210297e-16,0,0,0,1
1,22.0,1,1,-1,-1,-1,-1,-1,0,0,7687500,7687500,0,0.49999999999999994,0.8660254037844387,0,0,1,0
0,55.0,23,1,1,-1,1,-1,-1,1,1,8662500,192427500,0,-0.8660254037844385,-0.5000000000000004,0,0,1,0
0,33.0,66,-1,1,1,-1,1,-1,1,1,10627500,710827500,0,0.8660254037844387,-0.4999999999999998,0,1,0,0
0,71.0,1,0,0,0,0,0,0,0,0,2932500,2932500,0,-1.0,-1.8369701987210297e-16,1,0,0,0
1,33.0,19,-1,1,-1,-1,1,-1,0,1,13230000,266370000,1,0.8660254037844387,-0.4999999999999998,0,0,0,1
1,42.0,11,1,-1,1,-1,-1,-1,0,1,11925000,119347500,0,0.0,1.0,0,0,0,1
0,59.0,8,0,0,0,0,0,0,1,1,2962500,21750000,1,0.8660254037844386,0.5000000000000001,1,0,0,0
0,64.0,52,1,1,1,-1,-1,1,0,0,14722500,749010000,0,-0.8660254037844385,-0.5000000000000004,0,0,0,1
1,65.0,3,0,0,0,0,0,0,0,1,3037500,9217500,0,-0.8660254037844385,-0.5000000000000004,1,0,0,0
0,55.0,51,1,1,-1,-1,-1,-1,0,1,11872500,602782500,0,0.0,1.0,0,0,0,1
1,52.0,15,-1,-1,-1,-1,-1,-1,0,0,11347500,171997500,1,-1.0,-1.8369701987210297e-16,0,0,0,1
1,47.0,64,-1,1,1,-1,-1,1,0,1,14137500,912210000,0,-0.4999999999999997,-0.8660254037844388,0,0,0,1
0,49.0,37,-1,-1,1,-1,-1,1,0,1,6030000,221827500,0,-0.8660254037844385,-0.5000000000000004,0,1,0,0
1,33.0,13,0,0,0,0,0,0,1,0,2992500,36547500,0,0.8660254037844387,-0.4999999999999998,1,0,0,0
1,30.0,49,1,-1,-1,-1,-1,-1,1,1,8302500,395092500,0,1.0,6.123233995736766e-17,0,0,1,0
0,40.0,45,-1,-1,1,-1,1,1,1,1,15322500,710302500,0,-0.8660254037844386,0.5000000000000001,0,0,0,1
0,38.0,18,-1,-1,-1,-1,-1,-1,0,1,10665000,187162500,0,0.8660254037844386,0.5000000000000001,0,0,0,1
1,35.0,1,-1,-1,-1,-1,-1,-1,0,1,11205000,11205000,1,-1.0,-1.8369701987210297e-16,0,0,0,1
1,48.0,68,1,-1,1,-1,1,1,1,1,8115000,569175000,0,1.0,6.123233995736766e-17,0,1,0,0
1,51.0,54,0,0,0,0,0,0,1,0,2947500,151305000,0,0.49999999999999994,0.8660254037844387,1,0,0,0
0,41.0,23,-1,1,1,-1,-1,1,0,1,13267500,319582500,0,-0.8660254037844385,-0.5000000000000004,0,0,0,1
1,58.0,17,-1,-1,1,-1,-1,-1,0,1,11497500,197032500,1,0.8660254037844387,-0.4999999999999998,0,0,0,1
1,26.0,71,1,1,1,1,-1,1,1,0,12060000,859072500,0,0.0,1.0,0,0,1,0
0,38.0,67,0,0,0,0,0,0,1,1,2887500,205935000,0,0.49999999999999994,0.8660254037844387,1,0,0,0
0,31.0,14,-1,-1,-1,-1,1,-1,0,1,12720000,180585000,0,-0.8660254037844386,0.5000000000000001,0,0,0,1
0,18.0,1,-1,-1,-1,-1,-1,-1,0,1,3870000,3870000,1,0.0,1.0,0,0,1,0
0,39.0,63,0,0,0,0,0,0,1,0,2925000,182265000,0,0.8660254037844387,-0.4999999999999998,1,0,0,0
0,39.0,41,-1,-1,1,1,-1,1,1,1,10290000,431557500,0,0.0,1.0,0,1,0,0
0,58.0,17,-1,-1,-1,-1,1,1,0,0,13890000,236955000,0,0.8660254037844386,0.5000000000000001,0,0,0,1
1,48.0,56,1,-1,-1,-1,1,1,1,1,15082500,827242500,0,-0.8660254037844386,0.5000000000000001,0,0,0,1
0,28.0,5,0,0,0,0,0,0,0,0,3082500,14415000,0,1.0,6.123233995736766e-17,1,0,0,0
0,62.0,2,1,1,-1,-1,-1,1,0,1,6390000,10860000,1,0.49999999999999994,-0.8660254037844387,0,0,1,0
0,55.0,3,0,0,0,0,0,0,0,1,2940000,8287500,0,1.2246467991473532e-16,-1.0,1,0,0,0
1,47.0,37,1,1,1,1,-1,-1,1,0,10117500,366495000,0,0.8660254037844386,0.5000000000000001,0,0,1,0
0,37.0,29,1,1,1,-1,-1,1,0,1,10327500,295575000,1,-0.8660254037844386,0.5000000000000001,0,0,1,0
1,28.0,8,-1,-1,-1,-1,-1,-1,0,0,6532500,50310000,0,-1.0,-1.8369701987210297e-16,0,0,1,0
0,36.0,63,-1,1,1,1,1,1,0,1,16477500,1050442500,0,0.8660254037844386,0.5000000000000001,0,0,0,1
0,53.0,7,0,0,0,0,0,0,0,0,3097500,23842500,0,1.2246467991473532e-16,-1.0,1,0,0,0
0,63.0,3,-1,1,-1,-1,1,1,0,0,14310000,43972500,0,-0.4999999999999997,-0.8660254037844388,0,0,0,1
1,59.0,72,0,0,0,0,0,0,1,0,3150000,224062500,0,0.49999999999999994,-0.8660254037844387,1,0,0,0
0,34.0,19,-1,-1,-1,-1,-1,1,0,1,8430000,164010000,0,0.0,1.0,0,0,1,0
0,27.0,59,0,0,0,0,0,0,1,0,2760000,158677500,0,1.2246467991473532e-16,-1.0,1,0,0,0
1,42.0,2,-1,-1,1,1,-1,1,0,0,13500000,28507500,1,-0.4999999999999997,-0.8660254037844388,0,0,0,1
0,19.0,35,0,0,0,0,0,0,0,1,3862500,132382500,0,0.49999999999999994,0.8660254037844387,1,0,0,0
1,44.0,14,0,0,0,0,0,0,0,0,2940000,45060000,0,0.0,1.0,1,0,0,0
0,38.0,14,-1,-1,1,-1,-1,-1,0,0,11302500,153892500,1,0.8660254037844386,0.5000000000000001,0,0,0,1
0,34.0,69,0,0,0,0,0,0,1,0,2970000,215542500,0,-0.5000000000000004,0.8660254037844384,1,0,0,0
1,21.0,7,1,1,-1,1,-1,-1,0,0,9630000,71250000,0,1.0,6.123233995736766e-17,0,1,0,0
1,46.0,69,1,1,1,1,1,-1,1,1,11362500,808222500,0,0.8660254037844386,0.5000000000000001,0,1,0,0
0,34.0,72,-1,1,-1,1,1,1,1,1,11842500,859522500,0,0.0,1.0,0,1,0,0
1,26.0,8,-1,1,-1,-1,1,1,0,0,15127500,122932500,1,-0.8660254037844386,0.5000000000000001,0,0,0,1
0,18.0,4,1,-1,-1,-1,-1,-1,0,0,7545000,32565000,0,-0.8660254037844386,0.5000000000000001,0,1,0,0
1,40.0,63,-1,1,1,-1,-1,-1,0,1,12045000,734452500,0,0.8660254037844387,-0.4999999999999998,0,0,0,1
1,61.0,72,0,0,0,0,0,0,1,0,2977500,215115000,0,-0.5000000000000004,0.8660254037844384,1,0,0,0
0,60.0,46,0,0,0,0,0,0,1,1,3165000,140565000,0,-0.8660254037844386,0.5000000000000001,1,0,0,0
0,35.0,5,-1,-1,-1,-1,-1,-1,0,0,10492500,49522500,1,1.2246467991473532e-16,-1.0,0,0,0,1
1,33.0,30,-1,-1,1,-1,-1,-1,0,1,7500000,221235000,0,-1.0,-1.8369701987210297e-16,0,0,1,0
1,46.0,63,-1,1,1,-1,1,1,1,1,15712500,980475000,0,-0.8660254037844386,0.5000000000000001,0,0,0,1
0,28.0,60,0,0,0,0,0,0,1,0,2977500,169215000,0,0.49999999999999994,-0.8660254037844387,1,0,0,0
0,44.0,63,-1,1,1,-1,1,1,1,1,16125000,1031062500,1,-0.8660254037844386,0.5000000000000001,0,0,0,1
1,49.0,25,-1,-1,-1,1,1,-1,0,0,12885000,329857500,0,1.0,6.123233995736766e-17,0,0,0,1
1,55.0,1,-1,-1,-1,-1,-1,-1,0,1,6877500,6877500,1,1.2246467991473532e-16,-1.0,0,1,0,0
1,39.0,6,-1,-1,1,-1,-1,-1,0,1,12120000,68565000,0,0.8660254037844386,0.5000000000000001,0,0,0,1
1,38.0,22,0,0,0,0,0,0,1,0,3787500,84975000,0,0.8660254037844386,0.5000000000000001,1,0,0,0
0,29.0,31,-1,1,-1,1,1,1,1,0,12082500,370740000,0,0.8660254037844387,-0.4999999999999998,0,0,1,0
0,30.0,39,-1,-1,1,1,-1,-1,0,1,12225000,466095000,0,1.2246467991473532e-16,-1.0,0,0,0,1
1,37.0,26,0,0,0,0,0,0,0,0,3135000,77745000,0,-0.5000000000000004,0.8660254037844384,1,0,0,0
0,44.0,53,1,1,1,-1,1,1,1,1,15915000,865462500,1,-0.8660254037844385,-0.5000000000000004,0,0,0,1
0,51.0,1,-1,1,-1,1,1,-1,0,0,13755000,13755000,1,1.2246467991473532e-16,-1.0,0,0,0,1
1,30.0,12,1,1,-1,1,-1,-1,0,1,10087500,124845000,0,-1.0,-1.8369701987210297e-16,0,0,1,0
0,58.0,16,-1,1,1,-1,-1,1,0,1,14340000,233347500,1,-1.0,-1.8369701987210297e-16,0,0,0,1
0,37.0,2,0,0,0,0,0,0,0,0,3052500,6795000,0,1.2246467991473532e-16,-1.0,1,0,0,0
1,40.0,39,1,-1,-1,1,1,-1,1,0,6757500,268590000,0,0.8660254037844387,-0.4999999999999998,0,1,0,0
1,31.0,1,-1,-1,-1,-1,-1,-1,0,1,11242500,11242500,1,0.49999999999999994,0.8660254037844387,0,0,0,1
0,18.0,7,1,-1,-1,1,-1,-1,0,0,5197500,36990000,0,1.2246467991473532e-16,-1.0,0,0,1,0
1,51.0,4,-1,-1,-1,-1,-1,-1,0,0,10402500,39247500,0,-0.5000000000000004,0.8660254037844384,0,0,0,1
1,49.0,10,-1,-1,-1,-1,1,1,0,1,14302500,134752500,1,-1.0,-1.8369701987210297e-16,0,0,0,1
0,37.0,55,-1,1,1,-1,-1,-1,0,1,12232500,676425000,0,-1.0,-1.8369701987210297e-16,0,0,0,1
1,41.0,72,-1,1,1,-1,1,1,1,1,11310000,822037500,0,-1.0,-1.8369701987210297e-16,0,0,1,0
0,46.0,10,-1,-1,1,-1,1,1,0,1,10170000,97972500,0,0.0,1.0,0,0,1,0
1,21.0,11,-1,1,1,1,1,1,0,1,16710000,177457500,0,1.0,6.123233995736766e-17,0,0,0,1
0,34.0,15,-1,-1,-1,-1,-1,-1,0,0,6945000,95917500,0,1.2246467991473532e-16,-1.0,0,1,0,0
0,50.0,23,0,0,0,0,0,0,1,0,3060000,71812500,0,-1.0,-1.8369701987210297e-16,1,0,0,0
1,25.0,1,0,0,0,0,0,0,0,0,3007500,3007500,0,0.8660254037844386,0.5000000000000001,1,0,0,0
0,44.0,3,-1,-1,-1,-1,-1,-1,0,0,6750000,19065000,1,-0.8660254037844386,0.5000000000000001,0,1,0,0
1,24.0,47,1,1,1,-1,-1,1,1,1,14415000,658717500,0,-0.8660254037844386,0.5000000000000001,0,0,0,1
0,46.0,15,0,0,0,0,0,0,1,0,2947500,40590000,0,0.49999999999999994,-0.8660254037844387,1,0,0,0
1,40.0,66,-1,1,1,-1,1,1,0,0,14925000,1006575000,1,0.8660254037844387,-0.4999999999999998,0,0,0,1
0,21.0,68,-1,1,1,1,-1,-1,1,1,9097500,596385000,0,-1.0,-1.8369701987210297e-16,0,0,1,0
0,54.0,17,-1,-1,1,1,1,1,1,0,14790000,255742500,1,-0.5000000000000004,0.8660254037844384,0,0,0,1
0,31.0,7,-1,-1,-1,1,1,-1,0,1,8925000,62392500,1,1.2246467991473532e-16,-1.0,0,0,1,0
1,30.0,12,-1,-1,-1,-1,-1,1,0,1,12067500,142530000,1,1.2246467991473532e-16,-1.0,0,0,0,1
0,42.0,21,-1,1,1,-1,-1,1,1,0,10755000,224557500,0,0.0,1.0,0,1,0,0
1,54.0,21,-1,1,-1,1,-1,-1,0,1,5400000,117022500,0,-0.8660254037844385,-0.5000000000000004,0,0,1,0
0,28.0,56,1,-1,-1,-1,1,-1,1,0,9780000,526822500,0,0.49999999999999994,-0.8660254037844387,0,0,1,0
0,41.0,6,-1,-1,-1,-1,-1,-1,0,1,7342500,40987500,0,0.49999999999999994,-0.8660254037844387,0,0,1,0
0,45.0,65,-1,1,1,-1,1,1,1,1,8025000,527685000,0,-0.8660254037844386,0.5000000000000001,0,0,1,0
1,48.0,42,1,-1,-1,1,1,1,1,0,12067500,506385000,0,-0.5000000000000004,0.8660254037844384,0,1,0,0
0,42.0,68,1,-1,1,1,1,1,1,1,16357500,1126282500,0,1.2246467991473532e-16,-1.0,0,0,0,1
1,36.0,48,0,0,0,0,0,0,1,0,3945000,186757500,0,0.8660254037844386,0.5000000000000001,1,0,0,0
0,30.0,50,-1,1,-1,1,1,1,1,1,16020000,802192500,0,-0.8660254037844385,-0.5000000000000004,0,0,0,1
0,41.0,7,-1,1,1,-1,1,-1,0,1,9742500,74047500,0,0.49999999999999994,0.8660254037844387,0,1,0,0
0,27.0,63,0,0,0,0,0,0,1,0,2902500,189577500,0,0.8660254037844386,0.5000000000000001,1,0,0,0
1,18.0,17,0,0,0,0,0,0,0,0,3165000,57832500,0,1.0,6.123233995736766e-17,1,0,0,0
0,45.0,42,-1,-1,-1,-1,1,-1,0,1,11692500,507600000,1,-0.8660254037844385,-0.5000000000000004,0,0,0,1
1,51.0,4,0,0,0,0,0,0,0,0,2827500,12630000,0,0.49999999999999994,0.8660254037844387,1,0,0,0
0,18.0,62,0,0,0,0,0,0,1,0,3900000,245805000,0,1.0,6.123233995736766e-17,1,0,0,0
1,28.0,2,-1,1,-1,-1,-1,-1,0,1,11205000,24810000,1,0.0,1.0,0,0,0,1
0,47.0,2,-1,-1,-1,-1,-1,-1,0,1,10552500,18037500,0,0.8660254037844386,0.5000000000000001,0,0,0,1
1,65.0,48,1,1,1,-1,1,-1,1,1,14535000,671017500,0,0.8660254037844387,-0.4999999999999998,0,0,0,1
1,40.0,27,0,0,0,0,0,0,1,0,2932500,78082500,0,1.0,6.123233995736766e-17,1,0,0,0
0,31.0,70,-1,1,1,1,1,1,1,1,12060000,857677500,0,1.0,6.123233995736766e-17,0,1,0,0
1,38.0,1,-1,-1,1,-1,1,-1,0,1,13320000,13320000,1,-0.5000000000000004,0.8660254037844384,0,0,0,1
1,56.0,46,-1,1,1,-1,1,-1,1,1,14197500,646875000,0,0.49999999999999994,-0.8660254037844387,0,0,0,1
1,32.0,30,-1,-1,-1,-1,1,1,0,1,13537500,413302500,1,0.49999999999999994,0.8660254037844387,0,0,0,1
0,30.0,15,1,-1,-1,-1,-1,1,0,1,9697500,149182500,1,0.8660254037844386,0.5000000000000001,0,1,0,0
1,34.0,69,-1,1,1,-1,1,-1,1,0,14362500,976687500,0,0.8660254037844386,0.5000000000000001,0,0,0,1
1,29.0,65,0,0,0,0,0,0,1,1,2932500,182797500,0,0.8660254037844386,0.5000000000000001,1,0,0,0
1,41.0,72,1,-1,1,1,1,1,1,1,15615000,1117155000,0,0.0,1.0,0,0,0,1
1,59.0,13,-1,1,-1,1,-1,1,0,1,13357500,175402500,1,0.49999999999999994,0.8660254037844387,0,0,0,1
1,44.0,17,0,0,0,0,0,0,1,1,3015000,41925000,0,0.8660254037844386,0.5000000000000001,1,0,0,0
1,37.0,51,1,-1,1,1,1,1,1,1,16732500,858052500,0,0.0,1.0,0,0,0,1
1,36.0,51,1,1,-1,1,-1,-1,1,0,9075000,468217500,0,-0.5000000000000004,0.8660254037844384,0,0,1,0
0,21.0,72,1,1,1,1,1,1,1,1,13642500,970290000,0,-0.4999999999999997,-0.8660254037844388,0,1,0,0
1,51.0,67,-1,1,1,-1,-1,-1,1,0,13110000,887820000,1,0.49999999999999994,-0.8660254037844387,0,0,0,1
1,39.0,34,0,0,0,0,0,0,0,0,2955000,101340000,0,1.2246467991473532e-16,-1.0,1,0,0,0
1,38.0,67,1,1,-1,1,-1,1,1,1,7642500,528255000,0,-0.8660254037844385,-0.5000000000000004,0,0,1,0
0,75.0,49,0,0,0,0,0,0,1,1,3007500,138465000,0,1.2246467991473532e-16,-1.0,1,0,0,0
1,44.0,53,0,0,0,0,0,0,1,1,2910000,166552500,0,0.49999999999999994,-0.8660254037844387,1,0,0,0
1,31.0,27,-1,-1,1,1,-1,-1,0,0,8917500,241747500,0,0.49999999999999994,0.8660254037844387,0,0,1,0
0,35.0,23,-1,1,-1,-1,1,1,0,1,14212500,344040000,1,-0.8660254037844386,0.5000000000000001,0,0,0,1
1,54.0,69,1,1,1,1,-1,1,1,1,12225000,832987500,0,0.8660254037844387,-0.4999999999999998,0,1,0,0
0,41.0,2,-1,-1,-1,1,-1,-1,0,0,4357500,6712500,0,0.8660254037844386,0.5000000000000001,0,0,1,0
0,23.0,35,-1,-1,-1,-1,1,-1,0,1,12967500,454365000,1,-0.4999999999999997,-0.8660254037844388,0,0,0,1
0,51.0,46,1,1,-1,1,-1,1,1,0,10590000,484657500,0,-0.5000000000000004,0.8660254037844384,0,0,1,0
0,32.0,54,-1,1,-1,-1,1,1,1,1,14580000,769417500,0,-0.5000000000000004,0.8660254037844384,0,0,0,1
0,62.0,56,-1,1,-1,-1,1,1,1,1,14737500,826252500,1,1.2246467991473532e-16,-1.0,0,0,0,1
0,53.0,9,-1,-1,1,-1,-1,-1,0,1,11362500,98385000,1,-0.4999999999999997,-0.8660254037844388,0,0,0,1
1,35.0,20,1,-1,-1,1,-1,-1,0,0,8880000,178680000,0,-0.4999999999999997,-0.8660254037844388,0,1,0,0
1,55.0,11,-1,1,-1,-1,-1,-1,0,1,11385000,129960000,0,0.8660254037844387,-0.4999999999999998,0,0,0,1
0,41.0,30,-1,1,-1,-1,1,-1,0,1,13507500,394080000,0,-0.4999999999999997,-0.8660254037844388,0,0,0,1
1,50.0,68,1,1,1,-1,-1,1,1,0,10642500,711217500,0,0.49999999999999994,0.8660254037844387,0,0,1,0
1,46.0,38,-1,1,1,-1,1,1,0,1,15390000,601380000,0,-1.0,-1.8369701987210297e-16,0,0,0,1
0,30.0,17,1,-1,1,-1,-1,-1,0,1,12802500,219517500,1,0.0,1.0,0,0,0,1
1,32.0,48,-1,1,1,-1,1,1,1,1,15915000,762420000,1,0.8660254037844386,0.5000000000000001,0,0,0,1
0,52.0,1,-1,-1,-1,-1,-1,-1,0,0,6570000,6570000,0,0.8660254037844386,0.5000000000000001,0,0,1,0
1,36.0,63,1,1,1,-1,1,1,1,0,8850000,556140000,0,-0.4999999999999997,-0.8660254037844388,0,0,1,0
0,35.0,3,-1,-1,1,-1,1,1,1,1,10492500,33067500,0,-0.8660254037844385,-0.5000000000000004,0,0,1,0
0,29.0,48,0,0,0,0,0,0,1,0,3652500,170055000,0,-0.5000000000000004,0.8660254037844384,1,0,0,0
1,45.0,66,-1,-1,-1,1,-1,-1,1,0,4417500,297472500,0,0.49999999999999994,-0.8660254037844387,0,1,0,0
0,65.0,68,-1,1,1,-1,-1,-1,1,1,12660000,862012500,0,-0.8660254037844385,-0.5000000000000004,0,0,0,1
1,27.0,17,-1,-1,-1,-1,-1,-1,0,1,6757500,115590000,1,0.49999999999999994,0.8660254037844387,0,1,0,0
0,40.0,7,0,0,0,0,0,0,1,0,3097500,20107500,0,1.0,6.123233995736766e-17,1,0,0,0
1,57.0,72,1,1,1,1,1,1,1,1,13065000,934515000,0,-1.0,-1.8369701987210297e-16,0,0,1,0
0,39.0,29,0,0,0,0,0,0,0,0,2977500,85957500,0,1.0,6.123233995736766e-17,1,0,0,0
1,45.0,37,-1,-1,1,1,-1,1,0,1,13552500,512895000,0,0.8660254037844386,0.5000000000000001,0,0,0,1
0,27.0,34,1,1,1,-1,1,1,0,1,16470000,538087500,1,-0.8660254037844385,-0.5000000000000004,0,0,0,1
0,45.0,42,-1,-1,-1,-1,1,-1,0,1,12697500,531202500,1,-0.5000000000000004,0.8660254037844384,0,0,0,1
0,38.0,59,1,1,-1,1,-1,-1,1,0,9825000,570195000,0,0.0,1.0,0,0,1,0
1,52.0,11,-1,-1,-1,-1,1,-1,0,1,11925000,130275000,1,0.8660254037844387,-0.4999999999999998,0,0,0,1
1,54.0,60,1,-1,-1,-1,-1,-1,0,1,12142500,728865000,0,0.0,1.0,0,0,0,1
0,71.0,27,-1,1,-1,1,-1,-1,0,1,8422500,215902500,0,0.8660254037844387,-0.4999999999999998,0,0,1,0
0,47.0,1,-1,-1,-1,-1,-1,1,0,0,12870000,12870000,1,-0.8660254037844385,-0.5000000000000004,0,0,0,1
1,44.0,1,-1,-1,-1,-1,1,-1,0,1,11865000,11865000,1,-1.0,-1.8369701987210297e-16,0,0,0,1
1,42.0,17,1,-1,1,-1,-1,-1,0,0,5160000,88912500,0,-0.8660254037844386,0.5000000000000001,0,1,0,0
1,36.0,58,0,0,0,0,0,0,1,0,3112500,177892500,0,-0.8660254037844386,0.5000000000000001,1,0,0,0
1,44.0,1,0,0,0,0,0,0,1,0,2820000,2820000,0,-1.0,-1.8369701987210297e-16,1,0,0,0
0,36.0,3,-1,-1,-1,-1,-1,-1,0,0,6645000,20175000,1,0.49999999999999994,0.8660254037844387,0,0,1,0
0,42.0,53,1,1,1,-1,-1,-1,0,0,13620000,738180000,0,-0.4999999999999997,-0.8660254037844388,0,0,0,1
1,56.0,35,0,0,0,0,0,0,0,1,3840000,135187500,0,-0.8660254037844385,-0.5000000000000004,1,0,0,0
1,28.0,50,1,-1,1,-1,1,1,0,0,15892500,801270000,1,-0.5000000000000004,0.8660254037844384,0,0,0,1
1,54.0,68,-1,1,-1,1,-1,1,1,0,10620000,728992500,0,0.49999999999999994,-0.8660254037844387,0,0,1,0
1,56.0,47,0,0,0,0,0,0,0,0,3810000,170880000,0,-1.0,-1.8369701987210297e-16,1,0,0,0
0,39.0,65,-1,1,1,-1,1,1,0,1,16320000,1062367500,0,-0.8660254037844385,-0.5000000000000004,0,0,0,1
1,18.0,5,-1,-1,-1,-1,-1,-1,0,1,10462500,48690000,1,-1.0,-1.8369701987210297e-16,0,0,0,1
1,33.0,51,-1,-1,-1,-1,1,1,0,1,14197500,721912500,1,0.8660254037844386,0.5000000000000001,0,0,0,1
0,56.0,46,-1,-1,-1,-1,1,1,0,0,14407500,659925000,1,0.8660254037844386,0.5000000000000001,0,0,0,1
0,40.0,9,-1,-1,-1,-1,-1,-1,0,1,11527500,99532500,0,1.0,6.123233995736766e-17,0,0,0,1
0,28.0,8,0,0,0,0,0,0,1,0,3037500,26197500,0,0.0,1.0,1,0,0,0
1,34.0,14,0,0,0,0,0,0,1,1,3720000,48255000,0,1.2246467991473532e-16,-1.0,1,0,0,0
0,50.0,45,1,1,1,1,1,1,0,1,17347500,768825000,0,0.8660254037844387,-0.4999999999999998,0,0,0,1
0,47.0,8,-1,-1,-1,-1,-1,-1,0,1,11190000,82335000,0,-0.8660254037844385,-0.5000000000000004,0,0,0,1
1,37.0,1,-1,-1,1,-1,-1,-1,0,1,7522500,7522500,1,0.49999999999999994,0.8660254037844387,0,0,1,0
1,36.0,66,1,1,1,-1,1,1,1,1,15472500,1054695000,0,1.2246467991473532e-16,-1.0,0,0,0,1
1,35.0,72,1,1,1,1,-1,-1,1,0,10815000,752497500,0,-0.8660254037844385,-0.5000000000000004,0,1,0,0
0,29.0,41,1,1,1,1,1,1,0,1,17040000,689242500,1,-0.8660254037844385,-0.5000000000000004,0,0,0,1
0,59.0,23,0,0,0,0,0,0,1,0,3765000,91717500,0,0.0,1.0,1,0,0,0
0,36.0,29,-1,-1,-1,-1,1,-1,0,1,11835000,357622500,1,1.2246467991473532e-16,-1.0,0,0,0,1
0,55.0,4,1,-1,-1,-1,-1,-1,0,1,12022500,47977500,0,-0.8660254037844386,0.5000000000000001,0,0,0,1
1,58.0,6,0,0,0,0,0,0,1,0,3810000,22995000,0,0.49999999999999994,-0.8660254037844387,1,0,0,0
0,52.0,67,1,1,1,1,-1,1,1,1,15810000,1055340000,0,-0.4999999999999997,-0.8660254037844388,0,0,0,1
1,35.0,7,-1,-1,-1,-1,-1,-1,0,1,6862500,51630000,0,0.8660254037844387,-0.4999999999999998,0,0,1,0
1,45.0,56,0,0,0,0,0,0,1,1,3667500,214747500,0,0.49999999999999994,-0.8660254037844387,1,0,0,0
0,40.0,72,0,0,0,0,0,0,1,0,3750000,277380000,0,-0.5000000000000004,0.8660254037844384,1,0,0,0
1,29.0,72,1,1,1,-1,1,1,1,1,12787500,912465000,0,-0.8660254037844386,0.5000000000000001,0,1,0,0
1,44.0,23,0,0,0,0,0,0,1,0,2940000,63997500,0,-0.8660254037844385,-0.5000000000000004,1,0,0,0
0,26.0,35,-1,-1,-1,-1,-1,-1,0,0,7522500,248302500,0,0.0,1.0,0,1,0,0
1,54.0,27,-1,-1,-1,-1,-1,-1,0,1,10582500,291585000,0,0.0,1.0,0,0,0,1
0,34.0,26,-1,1,-1,1,-1,-1,0,1,9007500,242422500,1,0.8660254037844387,-0.4999999999999998,0,0,1,0
1,42.0,12,0,0,0,0,0,0,1,0,3960000,47242500,0,0.49999999999999994,-0.8660254037844387,1,0,0,0
0,43.0,40,0,0,0,0,0,0,1,0,3022500,120727500,0,1.2246467991473532e-16,-1.0,1,0,0,0
1,37.0,7,1,1,1,-1,1,1,0,0,8827500,69855000,0,-1.0,-1.8369701987210297e-16,0,1,0,0
1,47.0,70,1,1,-1,-1,1,-1,0,1,14632500,1000357500,0,0.49999999999999994,-0.8660254037844387,0,0,0,1
1,34.0,60,0,0,0,0,0,0,1,0,2947500,174262500,0,-0.8660254037844386,0.5000000000000001,1,0,0,0
1,50.0,39,-1,-1,-1,-1,-1,-1,1,1,3787500,142162500,0,0.8660254037844386,0.5000000000000001,0,0,1,0
1,24.0,72,1,1,1,1,1,1,1,0,17167500,1256257500,0,0.8660254037844387,-0.4999999999999998,0,0,0,1
0,42.0,1,-1,-1,-1,-1,1,-1,0,1,5205000,5205000,1,-0.8660254037844386,0.5000000000000001,0,0,1,0
1,63.0,54,-1,1,-1,1,1,-1,1,1,10605000,565500000,0,0.8660254037844387,-0.4999999999999998,0,0,1,0
1,28.0,3,-1,-1,-1,-1,-1,1,0,1,12795000,39720000,1,0.8660254037844387,-0.4999999999999998,0,0,0,1
0,32.0,63,1,1,1,1,1,-1,1,0,11332500,706177500,0,-0.4999999999999997,-0.8660254037844388,0,1,0,0
1,46.0,71,-1,1,-1,1,-1,-1,1,1,12720000,922860000,0,-0.4999999999999997,-0.8660254037844388,0,0,0,1
0,42.0,42,0,0,0,0,0,0,1,1,3097500,143715000,0,0.49999999999999994,-0.8660254037844387,1,0,0,0
1,44.0,47,0,0,0,0,0,0,1,0,3067500,141450000,0,0.49999999999999994,-0.8660254037844387,1,0,0,0
0,46.0,66,-1,1,1,-1,1,1,1,1,15367500,992272500,1,-1.0,-1.8369701987210297e-16,0,0,0,1
0,48.0,21,1,-1,1,-1,1,1,0,1,15660000,330037500,1,-1.0,-1.8369701987210297e-16,0,0,0,1
1,53.0,11,-1,1,-1,1,-1,-1,0,1,5347500,63765000,0,0.49999999999999994,-0.8660254037844387,0,0,1,0
1,45.0,1,-1,-1,1,-1,1,1,0,1,14962500,14962500,1,0.49999999999999994,0.8660254037844387,0,0,0,1
0,37.0,55,-1,1,1,1,-1,-1,0,0,13567500,756720000,0,-0.8660254037844385,-0.5000000000000004,0,0,0,1
1,48.0,69,-1,1,1,1,1,-1,1,1,14647500,1011532500,0,0.49999999999999994,-0.8660254037844387,0,0,0,1
0,63.0,3,-1,-1,1,-1,-1,-1,0,0,11077500,29460000,0,-0.8660254037844385,-0.5000000000000004,0,0,0,1
1,38.0,4,-1,-1,1,1,1,1,0,1,11160000,44955000,1,1.2246467991473532e-16,-1.0,0,0,1,0
1,28.0,30,-1,-1,1,1,1,-1,1,1,10365000,314085000,0,-1.0,-1.8369701987210297e-16,0,1,0,0
0,53.0,5,-1,-1,1,1,-1,-1,0,1,12412500,62662500,0,-1.0,-1.8369701987210297e-16,0,0,0,1
0,39.0,71,0,0,0,0,0,0,1,1,3660000,258810000,0,-0.5000000000000004,0.8660254037844384,1,0,0,0
0,18.0,29,-1,1,-1,-1,-1,-1,1,1,8287500,243030000,0,-0.8660254037844386,0.5000000000000001,0,1,0,0
1,50.0,52,-1,1,-1,1,-1,-1,0,0,9202500,475432500,0,-1.0,-1.8369701987210297e-16,0,0,1,0
1,34.0,68,1,1,1,-1,-1,1,1,0,11512500,784987500,0,-0.8660254037844385,-0.5000000000000004,0,0,1,0
0,39.0,46,0,0,0,0,0,0,1,0,2910000,145177500,0,-0.8660254037844385,-0.5000000000000004,1,0,0,0
1,44.0,8,-1,-1,-1,-1,-1,1,0,1,8212500,65707500,0,-0.8660254037844386,0.5000000000000001,0,0,1,0
1,42.0,72,0,0,0,0,0,0,1,0,2955000,213285000,0,1.2246467991473532e-16,-1.0,1,0,0,0
0,49.0,17,0,0,0,0,0,0,1,0,2985000,48472500,0,0.0,1.0,1,0,0,0
1,35.0,3,-1,1,1,1,1,1,0,1,16192500,47790000,0,0.49999999999999994,0.8660254037844387,0,0,0,1
0,46.0,2,-1,1,-1,-1,1,-1,0,1,12570000,24555000,0,-0.8660254037844386,0.5000000000000001,0,0,0,1
0,37.0,9,1,-1,-1,-1,-1,-1,0,1,11137500,95947500,1,-0.5000000000000004,0.8660254037844384,0,0,0,1
0,49.0,51,-1,1,1,-1,1,1,1,1,8460000,439275000,0,-0.8660254037844386,0.5000000000000001,0,0,1,0
0,47.0,6,0,0,0,0,0,0,1,0,3015000,15052500,0,-1.0,-1.8369701987210297e-16,1,0,0,0
0,29.0,3,-1,-1,-1,-1,1,1,0,0,14235000,40980000,0,-0.8660254037844385,-0.5000000000000004,0,0,0,1
0,53.0,17,-1,-1,-1,-1,1,1,0,1,14130000,241222500,0,0.8660254037844387,-0.4999999999999998,0,0,0,1
1,34.0,30,-1,-1,-1,-1,-1,-1,0,0,7485000,216292500,0,1.0,6.123233995736766e-17,0,0,1,0
1,50.0,31,-1,1,-1,1,1,-1,0,1,10657500,325222500,0,-1.0,-1.8369701987210297e-16,0,0,1,0
0,44.0,45,1,-1,1,1,1,1,1,0,12247500,542805000,0,-0.8660254037844386,0.5000000000000001,0,0,1,0
1,62.0,64,1,1,1,-1,-1,-1,1,0,13417500,853897500,0,-0.4999999999999997,-0.8660254037844388,0,0,0,1
1,37.0,1,-1,-1,-1,-1,1,-1,0,1,8977500,8977500,1,1.2246467991473532e-16,-1.0,0,0,1,0
0,36.0,1,-1,-1,-1,-1,-1,-1,0,1,10440000,10440000,1,-0.8660254037844385,-0.5000000000000004,0,0,0,1
1,40.0,61,-1,1,-1,-1,1,1,1,0,14850000,895395000,0,-0.8660254037844386,0.5000000000000001,0,0,0,1
1,36.0,1,0,0,0,0,0,0,0,0,2857500,2857500,0,1.0,6.123233995736766e-17,1,0,0,0
1,50.0,9,-1,-1,-1,-1,1,1,0,1,6810000,62820000,1,0.49999999999999994,0.8660254037844387,0,0,1,0
1,21.0,72,1,1,1,1,1,1,1,0,17167500,1215082500,0,1.2246467991473532e-16,-1.0,0,0,0,1
0,27.0,1,0,0,0,0,0,0,0,0,2925000,2925000,1,0.49999999999999994,-0.8660254037844387,1,0,0,0
0,27.0,7,-1,-1,-1,-1,-1,-1,0,1,6637500,47017500,0,-0.4999999999999997,-0.8660254037844388,0,1,0,0
0,51.0,66,-1,1,1,1,-1,-1,1,1,13582500,919642500,0,0.8660254037844387,-0.4999999999999998,0,0,0,1
1,61.0,1,-1,-1,-1,-1,-1,-1,0,1,10485000,10485000,1,-0.8660254037844386,0.5000000000000001,0,0,0,1
1,39.0,40,0,0,0,0,0,0,0,1,3060000,111795000,0,-0.8660254037844385,-0.5000000000000004,1,0,0,0
1,38.0,16,-1,1,1,-1,-1,1,0,1,10710000,181815000,0,0.49999999999999994,-0.8660254037844387,0,0,1,0
0,41.0,2,-1,1,-1,-1,1,-1,0,1,13072500,27562500,1,0.0,1.0,0,0,0,1
1,54.0,67,0,0,0,0,0,0,1,0,3727500,237525000,0,-0.8660254037844386,0.5000000000000001,1,0,0,0
0,29.0,41,1,1,1,-1,1,1,1,1,15667500,624307500,0,-1.0,-1.8369701987210297e-16,0,0,0,1
0,43.0,56,0,0,0,0,0,0,1,1,2970000,167985000,0,1.2246467991473532e-16,-1.0,1,0,0,0
0,52.0,72,1,1,1,1,1,1,1,1,17467500,1202032500,0,-0.8660254037844385,-0.5000000000000004,0,0,0,1
0,46.0,3,-1,-1,-1,-1,-1,1,0,1,12712500,39727500,1,-0.8660254037844386,0.5000000000000001,0,0,0,1
0,42.0,54,0,0,0,0,0,0,1,0,3007500,165360000,0,-1.0,-1.8369701987210297e-16,1,0,0,0
1,52.0,52,-1,1,1,1,1,1,0,1,16612500,874800000,0,0.8660254037844387,-0.4999999999999998,0,0,0,1
0,18.0,50,-1,-1,1,1,-1,1,1,1,13455000,645675000,0,-0.4999999999999997,-0.8660254037844388,0,0,0,1
1,48.0,14,-1,-1,-1,1,1,-1,0,1,13492500,176760000,1,1.0,6.123233995736766e-17,0,0,0,1
1,32.0,27,1,-1,-1,-1,-1,-1,1,0,7305000,213262500,0,0.8660254037844386,0.5000000000000001,0,0,1,0
0,18.0,72,1,1,1,1,-1,-1,1,1,14490000,1024125000,0,-0.5000000000000004,0.8660254037844384,0,0,0,1
1,46.0,62,1,1,-1,-1,1,1,1,1,11145000,704707500,0,-0.4999999999999997,-0.8660254037844388,0,0,1,0
0,56.0,12,-1,1,-1,1,-1,-1,0,1,8145000,98175000,0,0.8660254037844386,0.5000000000000001,0,0,1,0
0,38.0,44,-1,-1,1,1,1,1,1,0,11227500,490207500,0,0.49999999999999994,0.8660254037844387,0,0,1,0
1,51.0,54,-1,1,-1,1,-1,-1,1,1,11992500,654307500,0,0.8660254037844386,0.5000000000000001,0,0,0,1
0,59.0,68,0,0,0,0,0,0,1,0,3007500,208035000,0,0.8660254037844387,-0.4999999999999998,1,0,0,0
1,56.0,20,0,0,0,0,0,0,0,0,2910000,62310000,0,1.2246467991473532e-16,-1.0,1,0,0,0
1,60.0,50,-1,-1,1,-1,-1,-1,1,0,8235000,392115000,0,0.49999999999999994,0.8660254037844387,0,1,0,0
1,49.0,58,0,0,0,0,0,0,1,1,3667500,227040000,0,1.0,6.123233995736766e-17,1,0,0,0
1,41.0,35,-1,1,-1,-1,1,-1,0,1,13447500,474240000,0,1.0,6.123233995736766e-17,0,0,0,1
0,21.0,2,-1,-1,-1,-1,-1,-1,0,1,6810000,12142500,0,1.2246467991473532e-16,-1.0,0,1,0,0
1,37.0,63,1,-1,1,1,-1,1,1,0,11355000,701505000,0,1.2246467991473532e-16,-1.0,0,0,1,0
0,30.0,58,1,1,1,-1,1,1,1,1,16597500,978997500,0,-0.8660254037844385,-0.5000000000000004,0,0,0,1
0,66.0,27,0,0,0,0,0,0,1,1,3082500,87495000,0,0.49999999999999994,0.8660254037844387,1,0,0,0
0,38.0,71,1,1,1,1,1,1,1,1,17272500,1211715000,0,1.2246467991473532e-16,-1.0,0,0,0,1
0,41.0,63,-1,-1,1,-1,-1,1,1,0,8782500,525525000,0,0.49999999999999994,-0.8660254037844387,0,0,1,0
1,47.0,71,-1,1,1,-1,-1,1,0,1,13987500,1000417500,0,-0.5000000000000004,0.8660254037844384,0,0,0,1
0,41.0,41,1,1,1,-1,1,1,0,1,16980000,703425000,1,0.8660254037844387,-0.4999999999999998,0,0,0,1
1,60.0,13,-1,-1,-1,-1,1,1,0,1,13575000,180172500,1,-0.4999999999999997,-0.8660254037844388,0,0,0,1
1,33.0,2,-1,-1,-1,-1,1,-1,0,0,11850000,21547500,1,-0.8660254037844386,0.5000000000000001,0,0,0,1
0,42.0,68,0,0,0,0,0,0,1,1,2902500,193897500,0,0.49999999999999994,-0.8660254037844387,1,0,0,0
1,31.0,1,1,-1,-1,-1,-1,-1,0,1,7312500,7312500,0,0.8660254037844386,0.5000000000000001,0,0,1,0
1,24.0,65,1,-1,1,1,1,1,1,1,16357500,1066230000,0,-0.8660254037844385,-0.5000000000000004,0,0,0,1
1,33.0,72,0,0,0,0,0,0,1,1,3750000,270382500,0,-0.8660254037844386,0.5000000000000001,1,0,0,0
0,40.0,28,-1,-1,-1,1,-1,-1,0,1,8235000,225772500,0,0.8660254037844386,0.5000000000000001,0,0,1,0
1,35.0,72,0,0,0,0,0,0,1,0,3712500,278865000,0,1.0,6.123233995736766e-17,1,0,0,0
0,32.0,2,1,1,-1,-1,1,-1,0,1,13672500,25275000,0,1.2246467991473532e-16,-1.0,0,0,0,1
0,23.0,18,0,0,0,0,0,0,1,0,3022500,58627500,1,0.0,1.0,1,0,0,0
1,39.0,60,-1,1,1,-1,1,1,1,1,15652500,950917500,0,-0.8660254037844386,0.5000000000000001,0,0,0,1
0,22.0,26,-1,-1,-1,1,-1,1,0,1,9907500,247860000,0,-1.0,-1.8369701987210297e-16,0,0,1,0
1,49.0,1,-1,-1,-1,-1,-1,-1,0,1,10747500,10747500,1,0.8660254037844386,0.5000000000000001,0,0,0,1
0,41.0,4,0,0,0,0,0,0,0,0,3052500,11625000,1,-1.0,-1.8369701987210297e-16,1,0,0,0
1,23.0,68,1,1,1,1,1,1,1,1,13830000,958927500,0,-1.0,-1.8369701987210297e-16,0,0,1,0
0,36.0,38,-1,1,1,1,-1,-1,0,1,12637500,489675000,1,0.8660254037844386,0.5000000000000001,0,0,0,1
0,31.0,42,1,-1,1,-1,1,1,1,1,15780000,689872500,0,-1.0,-1.8369701987210297e-16,0,0,0,1
0,44.0,57,0,0,0,0,0,0,1,1,2940000,170137500,0,1.2246467991473532e-16,-1.0,1,0,0,0
1,56.0,54,-1,1,-1,-1,-1,-1,0,0,4560000,243202500,0,0.49999999999999994,-0.8660254037844387,0,0,1,0
0,18.0,12,-1,-1,-1,-1,-1,1,0,0,11715000,142095000,1,1.0,6.123233995736766e-17,0,0,0,1
0,41.0,44,1,1,1,-1,-1,-1,1,1,9225000,408330000,0,1.2246467991473532e-16,-1.0,0,1,0,0
1,38.0,42,1,1,-1,-1,1,-1,0,1,10410000,458745000,0,0.49999999999999994,0.8660254037844387,0,1,0,0
1,48.0,72,0,0,0,0,0,0,1,0,3712500,265440000,0,-0.8660254037844385,-0.5000000000000004,1,0,0,0
0,43.0,71,1,1,1,1,1,1,1,0,13657500,944062500,0,1.0,6.123233995736766e-17,0,0,1,0
0,31.0,19,-1,-1,1,-1,-1,1,0,0,13447500,264157500,1,1.2246467991473532e-16,-1.0,0,0,0,1
0,36.0,23,-1,-1,-1,1,1,1,0,1,11047500,246412500,0,0.49999999999999994,0.8660254037844387,0,0,1,0
0,30.0,30,0,0,0,0,0,0,1,0,2910000,86775000,0,0.49999999999999994,-0.8660254037844387,1,0,0,0
1,53.0,35,0,0,0,0,0,0,1,0,3930000,143235000,0,-0.8660254037844385,-0.5000000000000004,1,0,0,0
0,40.0,10,1,-1,-1,-1,1,1,0,1,14805000,145987500,1,0.8660254037844387,-0.4999999999999998,0,0,0,1
1,63.0,1,-1,-1,-1,-1,-1,-1,0,1,6577500,6577500,0,-1.0,-1.8369701987210297e-16,0,0,1,0
1,39.0,22,-1,-1,-1,-1,-1,-1,0,1,10455000,223560000,0,1.2246467991473532e-16,-1.0,0,0,0,1
1,31.0,7,1,1,1,-1,-1,-1,1,0,5782500,42000000,0,0.49999999999999994,-0.8660254037844387,0,0,1,0
0,22.0,36,1,1,1,1,-1,1,1,1,7965000,285187500,0,0.49999999999999994,0.8660254037844387,0,1,0,0
0,18.0,34,0,0,0,0,0,0,0,0,3097500,107460000,0,-0.4999999999999997,-0.8660254037844388,1,0,0,0
1,21.0,72,1,1,1,-1,-1,-1,1,0,9667500,708000000,0,1.0,6.123233995736766e-17,0,0,1,0
1,43.0,36,0,0,0,0,0,0,1,0,3765000,139642500,0,0.8660254037844387,-0.4999999999999998,1,0,0,0
0,46.0,1,-1,-1,1,-1,-1,-1,0,0,11452500,11452500,1,-0.5000000000000004,0.8660254037844384,0,0,0,1
0,21.0,23,-1,1,-1,-1,-1,-1,0,1,11872500,251542500,1,0.0,1.0,0,0,0,1
1,51.0,32,-1,-1,-1,-1,-1,1,0,1,12750000,396307500,1,-0.8660254037844385,-0.5000000000000004,0,0,0,1
0,34.0,71,1,1,1,1,-1,-1,1,1,14272500,1015627500,0,0.49999999999999994,-0.8660254037844387,0,0,0,1
0,42.0,23,-1,-1,1,-1,-1,-1,0,1,11902500,275295000,0,-0.8660254037844386,0.5000000000000001,0,0,0,1
1,59.0,17,-1,-1,1,-1,1,1,1,1,14497500,238237500,0,-0.5000000000000004,0.8660254037844384,0,0,0,1
1,51.0,1,-1,-1,1,1,1,1,0,1,11325000,11325000,0,0.0,1.0,0,1,0,0
1,37.0,12,0,0,0,0,0,0,1,0,2955000,38752500,0,1.0,6.123233995736766e-17,1,0,0,0
0,29.0,72,0,0,0,0,0,0,1,0,3075000,225337500,0,0.49999999999999994,0.8660254037844387,1,0,0,0
1,18.0,1,0,0,0,0,0,0,0,0,2880000,2880000,0,0.8660254037844386,0.5000000000000001,1,0,0,0
1,31.0,72,-1,1,-1,-1,1,1,1,0,14752500,1039410000,0,-1.0,-1.8369701987210297e-16,0,0,0,1
1,37.0,60,-1,-1,-1,-1,-1,-1,0,0,11152500,667995000,0,0.0,1.0,0,0,0,1
0,28.0,61,-1,1,1,1,1,-1,1,0,7702500,486660000,0,-1.0,-1.8369701987210297e-16,0,1,0,0
0,38.0,6,-1,-1,-1,-1,-1,-1,0,0,6847500,48517500,0,-0.8660254037844385,-0.5000000000000004,0,0,1,0
1,41.0,32,-1,-1,-1,-1,-1,1,0,0,12795000,399165000,1,0.49999999999999994,0.8660254037844387,0,0,0,1
0,37.0,31,-1,-1,-1,-1,1,-1,0,1,12982500,404610000,1,-0.8660254037844386,0.5000000000000001,0,0,0,1
1,32.0,19,-1,1,-1,-1,-1,-1,0,1,11077500,213675000,1,0.49999999999999994,-0.8660254037844387,0,0,0,1
1,42.0,72,0,0,0,0,0,0,1,0,3045000,210172500,0,0.8660254037844386,0.5000000000000001,1,0,0,0
0,45.0,32,-1,1,-1,-1,-1,-1,0,1,8130000,260940000,0,-0.5000000000000004,0.8660254037844384,0,0,1,0
1,27.0,65,-1,1,-1,-1,-1,1,0,1,13597500,889650000,0,0.49999999999999994,-0.8660254037844387,0,0,0,1
0,57.0,45,1,-1,-1,-1,1,1,0,1,7635000,350077500,0,-0.8660254037844386,0.5000000000000001,0,1,0,0
1,39.0,42,0,0,0,0,0,0,1,0,3757500,142477500,0,0.0,1.0,1,0,0,0
1,40.0,8,-1,-1,-1,-1,-1,-1,0,1,11227500,85867500,0,-0.8660254037844386,0.5000000000000001,0,0,0,1
1,48.0,32,0,0,0,0,0,0,1,0,3075000,104520000,0,0.0,1.0,1,0,0,0
0,43.0,22,1,1,-1,1,-1,-1,0,1,9532500,207270000,0,-0.8660254037844386,0.5000000000000001,0,0,1,0
1,51.0,57,-1,-1,-1,-1,1,1,0,1,6727500,385942500,1,-1.0,-1.8369701987210297e-16,0,0,1,0
1,43.0,1,1,-1,-1,-1,-1,-1,0,0,7192500,7192500,0,0.49999999999999994,0.8660254037844387,0,1,0,0
1,33.0,1,-1,-1,-1,-1,-1,-1,0,0,6765000,6765000,1,-0.8660254037844386,0.5000000000000001,0,0,1,0
0,44.0,1,-1,-1,-1,-1,-1,-1,0,1,6750000,6750000,0,-0.8660254037844386,0.5000000000000001,0,0,1,0
1,26.0,24,-1,-1,-1,1,1,1,0,1,14400000,318367500,1,0.0,1.0,0,0,0,1
1,41.0,1,0,0,0,0,0,0,0,0,3007500,3007500,1,-0.4999999999999997,-0.8660254037844388,1,0,0,0
1,40.0,54,-1,1,-1,-1,-1,1,0,1,13507500,739770000,0,0.0,1.0,0,0,0,1
0,38.0,4,0,0,0,0,0,0,1,1,3795000,17542500,0,1.2246467991473532e-16,-1.0,1,0,0,0
1,38.0,65,1,-1,1,1,1,1,1,0,16297500,1040692500,1,-0.8660254037844386,0.5000000000000001,0,0,0,1
0,18.0,56,0,0,0,0,0,0,1,0,3645000,189255000,0,0.8660254037844387,-0.4999999999999998,1,0,0,0
1,33.0,45,1,-1,1,-1,1,1,0,1,11392500,491070000,0,-0.8660254037844385,-0.5000000000000004,0,0,1,0
0,41.0,71,0,0,0,0,0,0,1,0,2955000,212377500,0,0.8660254037844386,0.5000000000000001,1,0,0,0
1,42.0,59,1,1,1,-1,1,-1,1,0,9960000,593730000,0,1.2246467991473532e-16,-1.0,0,0,1,0
1,28.0,69,-1,1,1,-1,-1,-1,1,1,5362500,373837500,0,1.2246467991473532e-16,-1.0,0,1,0,0
1,55.0,19,0,0,0,0,0,0,1,0,2820000,41880000,0,-0.8660254037844386,0.5000000000000001,1,0,0,0
0,30.0,55,0,0,0,0,0,0,1,0,2910000,162450000,0,0.0,1.0,1,0,0,0
0,52.0,38,0,0,0,0,0,0,1,0,2895000,113325000,0,-1.0,-1.8369701987210297e-16,1,0,0,0
1,45.0,10,-1,-1,-1,-1,-1,-1,0,1,6832500,60390000,1,-0.8660254037844386,0.5000000000000001,0,1,0,0
0,32.0,47,1,1,1,-1,-1,-1,0,1,10117500,487800000,0,0.8660254037844387,-0.4999999999999998,0,0,1,0
0,61.0,2,-1,-1,-1,-1,-1,1,0,1,5265000,10312500,1,0.49999999999999994,0.8660254037844387,0,1,0,0
1,26.0,1,-1,-1,-1,-1,-1,-1,0,0,6930000,6930000,1,-0.8660254037844386,0.5000000000000001,0,0,1,0
0,51.0,1,-1,-1,-1,-1,-1,-1,0,0,6772500,6772500,1,-0.8660254037844385,-0.5000000000000004,0,0,1,0
1,52.0,1,-1,1,1,-1,-1,1,0,1,6495000,6495000,1,1.2246467991473532e-16,-1.0,0,0,1,0
1,32.0,46,0,0,0,0,0,0,1,1,3015000,140527500,0,-1.0,-1.8369701987210297e-16,1,0,0,0
0,57.0,38,1,1,-1,-1,-1,-1,0,1,8572500,337597500,1,1.0,6.123233995736766e-17,0,1,0,0
0,37.0,65,1,-1,1,1,-1,-1,1,0,8835000,578565000,0,0.8660254037844386,0.5000000000000001,0,1,0,0
0,43.0,19,1,-1,-1,-1,-1,-1,0,1,10980000,216165000,1,0.8660254037844386,0.5000000000000001,0,0,0,1
1,43.0,52,-1,1,-1,-1,-1,1,0,1,12802500,650790000,1,0.49999999999999994,0.8660254037844387,0,0,0,1
1,38.0,71,0,0,0,0,0,0,1,0,2917500,206767500,0,0.8660254037844386,0.5000000000000001,1,0,0,0
0,50.0,1,-1,-1,-1,-1,-1,-1,0,0,6892500,6892500,1,0.49999999999999994,-0.8660254037844387,0,0,1,0
0,50.0,52,-1,1,1,1,1,-1,0,1,7575000,384945000,0,-0.4999999999999997,-0.8660254037844388,0,1,0,0
1,19.0,6,0,0,0,0,0,0,1,0,3765000,25650000,0,1.2246467991473532e-16,-1.0,1,0,0,0
0,56.0,26,-1,-1,1,-1,-1,1,1,0,9105000,239610000,0,0.8660254037844386,0.5000000000000001,0,1,0,0
1,20.0,48,-1,1,-1,-1,1,1,1,1,14850000,711652500,0,0.8660254037844386,0.5000000000000001,0,0,0,1
0,52.0,64,1,-1,-1,1,1,1,1,1,15660000,1008240000,0,1.2246467991473532e-16,-1.0,0,0,0,1
0,54.0,3,-1,1,-1,-1,1,-1,0,0,12562500,37087500,1,-1.0,-1.8369701987210297e-16,0,0,0,1
1,27.0,1,-1,-1,-1,-1,-1,-1,0,1,6607500,6607500,0,0.49999999999999994,0.8660254037844387,0,0,1,0
1,35.0,72,0,0,0,0,0,0,1,0,3615000,260197500,0,0.8660254037844387,-0.4999999999999998,1,0,0,0
1,27.0,1,-1,-1,-1,-1,-1,-1,0,1,6832500,6832500,0,0.8660254037844386,0.5000000000000001,0,0,1,0
0,37.0,51,1,1,-1,-1,-1,1,0,1,14070000,680902500,0,-0.8660254037844386,0.5000000000000001,0,0,0,1
0,36.0,41,0,0,0,0,0,0,1,0,2955000,120637500,0,0.49999999999999994,0.8660254037844387,1,0,0,0
0,49.0,72,1,1,1,-1,1,-1,1,1,10597500,751672500,0,-1.0,-1.8369701987210297e-16,0,0,1,0
0,56.0,43,1,1,-1,1,1,1,1,0,12967500,536175000,0,0.49999999999999994,0.8660254037844387,0,0,1,0
1,57.0,72,1,1,1,1,1,1,1,1,17115000,1212960000,0,-1.0,-1.8369701987210297e-16,0,0,0,1
1,33.0,47,-1,-1,-1,-1,1,1,1,1,14280000,684450000,0,0.8660254037844387,-0.4999999999999998,0,0,0,1
1,37.0,72,1,1,1,1,1,1,1,0,13282500,954352500,0,0.49999999999999994,-0.8660254037844387,0,0,1,0
1,20.0,3,0,0,0,0,0,0,0,1,3112500,10065000,0,1.2246467991473532e-16,-1.0,1,0,0,0
1,30.0,1,-1,-1,-1,-1,-1,-1,0,1,10507500,10507500,1,0.8660254037844386,0.5000000000000001,0,0,0,1
1,52.0,2,-1,-1,-1,-1,-1,1,0,1,12900000,24817500,1,-1.0,-1.8369701987210297e-16,0,0,0,1
1,59.0,26,1,1,-1,-1,-1,1,0,1,6697500,173482500,0,-0.8660254037844386,0.5000000000000001,0,0,1,0
1,25.0,29,1,-1,-1,-1,-1,1,0,1,9030000,275122500,0,-1.0,-1.8369701987210297e-16,0,0,1,0
0,33.0,35,1,1,-1,1,1,-1,0,1,15075000,548002500,1,-0.4999999999999997,-0.8660254037844388,0,0,0,1
1,40.0,27,1,1,-1,-1,-1,-1,1,0,8317500,221647500,0,0.0,1.0,0,1,0,0
1,43.0,24,1,1,-1,1,-1,1,0,1,10545000,255967500,0,0.8660254037844387,-0.4999999999999998,0,1,0,0
1,30.0,67,1,-1,1,1,-1,-1,1,1,9060000,593055000,0,0.8660254037844386,0.5000000000000001,0,0,1,0
0,45.0,16,-1,-1,-1,-1,-1,-1,0,0,10897500,179145000,1,1.0,6.123233995736766e-17,0,0,0,1
0,34.0,23,-1,1,1,-1,-1,-1,1,0,8370000,199177500,0,1.0,6.123233995736766e-17,0,1,0,0
1,40.0,14,-1,1,-1,-1,-1,-1,0,1,4665000,62955000,0,-0.8660254037844385,-0.5000000000000004,0,0,1,0
0,47.0,1,0,0,0,0,0,0,0,1,3150000,3150000,1,-0.8660254037844386,0.5000000000000001,1,0,0,0
0,40.0,1,-1,-1,-1,-1,-1,-1,0,0,6765000,6765000,1,0.0,1.0,0,0,1,0
1,35.0,4,-1,1,-1,-1,1,1,0,1,7642500,31102500,0,-1.0,-1.8369701987210297e-16,0,0,1,0
1,39.0,16,1,1,-1,-1,-1,1,0,1,10365000,162555000,0,-0.8660254037844386,0.5000000000000001,0,1,0,0
0,39.0,46,-1,-1,-1,-1,1,1,0,1,6592500,301177500,0,0.8660254037844387,-0.4999999999999998,0,1,0,0
1,36.0,68,1,1,-1,1,1,1,1,1,12975000,882412500,0,0.8660254037844387,-0.4999999999999998,0,0,1,0
1,37.0,38,1,1,1,1,-1,-1,0,0,10492500,398632500,0,-0.4999999999999997,-0.8660254037844388,0,0,1,0
1,59.0,30,-1,1,-1,-1,-1,-1,0,1,7560000,229125000,1,-0.4999999999999997,-0.8660254037844388,0,0,1,0
0,47.0,5,-1,-1,-1,-1,-1,1,0,0,11842500,56760000,1,-0.8660254037844386,0.5000000000000001,0,0,0,1
1,36.0,17,-1,1,1,-1,-1,1,0,1,13642500,241830000,0,-0.5000000000000004,0.8660254037844384,0,0,0,1
1,48.0,4,0,0,0,0,0,0,1,0,2985000,11497500,0,-1.0,-1.8369701987210297e-16,1,0,0,0
0,36.0,12,0,0,0,0,0,0,1,0,3022500,39105000,0,-1.0,-1.8369701987210297e-16,1,0,0,0
1,54.0,72,1,1,1,1,1,1,1,1,13590000,966277500,0,0.49999999999999994,0.8660254037844387,0,0,1,0
1,44.0,3,-1,-1,-1,-1,1,1,0,1,13800000,40020000,0,-0.8660254037844386,0.5000000000000001,0,0,0,1
1,39.0,56,-1,1,-1,1,-1,1,0,1,14167500,768690000,1,-0.8660254037844385,-0.5000000000000004,0,0,0,1
0,45.0,41,0,0,0,0,0,0,1,1,3727500,144337500,0,0.8660254037844387,-0.4999999999999998,1,0,0,0
1,21.0,40,-1,1,-1,1,-1,-1,1,0,5400000,207435000,0,0.8660254037844387,-0.4999999999999998,0,1,0,0
0,26.0,7,1,1,-1,1,1,1,0,1,11775000,85657500,0,0.49999999999999994,-0.8660254037844387,0,1,0,0
1,26.0,69,0,0,0,0,0,0,1,0,2992500,209902500,0,0.8660254037844387,-0.4999999999999998,1,0,0,0
1,42.0,7,0,0,0,0,0,0,1,0,3097500,22500000,0,-0.5000000000000004,0.8660254037844384,1,0,0,0
0,61.0,5,-1,1,-1,-1,-1,-1,0,1,4575000,25080000,0,1.2246467991473532e-16,-1.0,0,0,1,0
0,67.0,72,1,1,1,1,1,-1,1,0,15915000,1148610000,0,-0.8660254037844385,-0.5000000000000004,0,0,0,1
1,48.0,44,0,0,0,0,0,0,1,1,3075000,129757500,0,-1.0,-1.8369701987210297e-16,1,0,0,0
0,46.0,65,-1,1,1,-1,1,-1,1,1,14325000,923077500,0,0.0,1.0,0,0,0,1
0,18.0,3,-1,-1,-1,1,1,-1,0,0,9690000,26130000,0,0.8660254037844386,0.5000000000000001,0,0,1,0
1,33.0,24,-1,-1,-1,1,-1,-1,0,1,7665000,190440000,0,1.2246467991473532e-16,-1.0,0,0,1,0
0,31.0,44,-1,1,1,-1,-1,-1,0,1,12720000,579382500,1,0.8660254037844387,-0.4999999999999998,0,0,0,1
0,33.0,72,1,1,1,1,1,1,1,0,13365000,952860000,0,1.2246467991473532e-16,-1.0,0,1,0,0
1,38.0,24,1,-1,-1,1,-1,-1,0,0,8242500,202275000,0,-0.8660254037844386,0.5000000000000001,0,0,1,0
1,34.0,1,-1,-1,1,-1,-1,-1,0,0,7635000,7635000,1,0.49999999999999994,0.8660254037844387,0,1,0,0
1,18.0,22,0,0,0,0,0,0,0,1,3067500,70732500,0,-1.0,-1.8369701987210297e-16,1,0,0,0
1,49.0,70,-1,1,1,1,1,1,1,1,12892500,889762500,0,-0.8660254037844386,0.5000000000000001,0,1,0,0
1,27.0,25,-1,-1,-1,-1,1,-1,0,0,9052500,210697500,0,1.0,6.123233995736766e-17,0,1,0,0
1,43.0,37,0,0,0,0,0,0,1,0,2970000,108915000,0,-1.0,-1.8369701987210297e-16,1,0,0,0
0,65.0,22,-1,-1,-1,-1,1,-1,0,0,12802500,294240000,0,-0.5000000000000004,0.8660254037844384,0,0,0,1
0,29.0,59,-1,-1,1,1,1,-1,1,1,10815000,629227500,0,1.2246467991473532e-16,-1.0,0,0,1,0
1,18.0,49,-1,-1,1,-1,1,1,0,1,14970000,730867500,1,-0.5000000000000004,0.8660254037844384,0,0,0,1
1,37.0,47,-1,-1,1,1,1,1,0,1,16102500,767842500,1,-0.8660254037844386,0.5000000000000001,0,0,0,1
0,53.0,31,0,0,0,0,0,0,0,1,2932500,98842500,1,1.0,6.123233995736766e-17,1,0,0,0
1,64.0,1,-1,-1,-1,-1,-1,1,0,1,12157500,12157500,0,1.2246467991473532e-16,-1.0,0,0,0,1
1,25.0,3,0,0,0,0,0,0,0,1,3075000,11542500,0,1.0,6.123233995736766e-17,1,0,0,0
0,46.0,53,-1,1,1,1,1,1,1,1,16770000,871462500,0,0.8660254037844386,0.5000000000000001,0,0,0,1
1,34.0,1,0,0,0,0,0,0,0,0,3030000,3030000,0,0.49999999999999994,-0.8660254037844387,1,0,0,0
1,39.0,20,0,0,0,0,0,0,1,1,2955000,62385000,0,1.0,6.123233995736766e-17,1,0,0,0
0,72.0,3,1,1,-1,-1,-1,-1,0,1,11865000,36975000,1,0.8660254037844387,-0.4999999999999998,0,0,0,1
0,22.0,51,0,0,0,0,0,0,1,1,2977500,149542500,0,0.0,1.0,1,0,0,0
0,43.0,51,1,1,-1,1,-1,-1,1,1,9075000,471772500,0,-0.8660254037844385,-0.5000000000000004,0,0,1,0
0,46.0,13,0,0,0,0,0,0,1,0,2932500,39795000,0,0.8660254037844387,-0.4999999999999998,1,0,0,0
0,53.0,1,0,0,0,0,0,0,0,0,3135000,3135000,0,1.0,6.123233995736766e-17,1,0,0,0
1,41.0,1,0,0,0,0,0,0,0,1,3157500,3157500,0,0.49999999999999994,-0.8660254037844387,1,0,0,0
1,44.0,63,1,1,1,1,-1,-1,1,0,10725000,686445000,0,0.49999999999999994,0.8660254037844387,0,1,0,0
1,35.0,3,-1,-1,-1,-1,-1,1,0,0,8197500,28365000,0,-0.4999999999999997,-0.8660254037844388,0,0,1,0
1,43.0,46,0,0,0,0,0,0,1,0,2880000,136222500,0,-1.0,-1.8369701987210297e-16,1,0,0,0
1,36.0,1,-1,-1,-1,-1,-1,-1,0,1,7470000,7470000,0,0.8660254037844387,-0.4999999999999998,0,0,1,0
1,47.0,8,-1,-1,-1,-1,-1,-1,0,0,3825000,32280000,1,-0.5000000000000004,0.8660254037844384,0,0,1,0
0,36.0,71,0,0,0,0,0,0,1,0,3075000,225142500,0,-0.4999999999999997,-0.8660254037844388,1,0,0,0
1,45.0,55,-1,-1,1,-1,1,-1,0,1,13560000,764872500,0,0.8660254037844386,0.5000000000000001,0,0,0,1
0,40.0,70,-1,1,1,1,-1,-1,1,1,13537500,957892500,0,0.8660254037844387,-0.4999999999999998,0,0,0,1
0,54.0,2,-1,-1,-1,-1,-1,1,0,0,12112500,23917500,1,0.49999999999999994,0.8660254037844387,0,0,0,1
1,39.0,67,1,-1,-1,1,1,1,1,0,15690000,1032862500,0,1.0,6.123233995736766e-17,0,0,0,1
1,19.0,65,-1,1,-1,-1,1,-1,0,1,13777500,891127500,1,0.49999999999999994,-0.8660254037844387,0,0,0,1
1,55.0,14,-1,-1,1,-1,-1,-1,0,0,7530000,100327500,0,-0.8660254037844386,0.5000000000000001,0,0,1,0
0,29.0,20,-1,-1,1,1,-1,1,0,1,14325000,287430000,0,-0.8660254037844385,-0.5000000000000004,0,0,0,1
1,32.0,1,-1,1,-1,-1,-1,-1,0,1,11302500,11302500,1,0.0,1.0,0,0,0,1
1,33.0,1,-1,-1,-1,-1,-1,-1,0,1,11317500,11317500,1,-0.8660254037844385,-0.5000000000000004,0,0,0,1
0,56.0,49,-1,-1,-1,-1,1,1,0,1,14310000,692092500,0,0.8660254037844386,0.5000000000000001,0,0,0,1
0,18.0,72,1,1,1,-1,1,-1,1,1,15195000,1089187500,0,1.0,6.123233995736766e-17,0,0,0,1
0,75.0,46,1,-1,-1,-1,-1,-1,0,0,7965000,368970000,0,1.2246467991473532e-16,-1.0,0,0,1,0
1,53.0,24,-1,1,1,-1,-1,-1,0,1,12727500,307320000,0,0.49999999999999994,0.8660254037844387,0,0,0,1
0,43.0,5,-1,1,-1,1,-1,-1,0,0,5137500,24532500,0,1.2246467991473532e-16,-1.0,0,0,1,0
0,39.0,33,-1,1,1,1,-1,-1,0,0,13290000,433305000,0,0.8660254037844387,-0.4999999999999998,0,0,0,1
0,43.0,42,1,1,-1,-1,-1,-1,1,1,9022500,363240000,0,0.49999999999999994,0.8660254037844387,0,0,1,0
1,46.0,23,1,-1,1,-1,1,1,1,1,14992500,343912500,0,-0.8660254037844386,0.5000000000000001,0,0,0,1
1,48.0,8,-1,-1,-1,-1,-1,-1,0,0,10605000,83010000,0,-0.4999999999999997,-0.8660254037844388,0,0,0,1
1,47.0,66,1,1,-1,-1,-1,-1,1,1,8220000,519855000,0,-0.8660254037844386,0.5000000000000001,0,0,1,0
1,41.0,24,1,-1,-1,-1,-1,-1,0,1,7432500,181560000,1,-0.8660254037844386,0.5000000000000001,0,0,1,0
1,38.0,24,-1,1,-1,-1,-1,-1,0,0,8220000,193695000,0,0.49999999999999994,0.8660254037844387,0,0,1,0
1,38.0,69,1,1,1,1,-1,1,1,1,11790000,803467500,1,0.49999999999999994,-0.8660254037844387,0,0,1,0
0,38.0,53,-1,1,1,-1,1,1,1,1,15045000,780120000,0,-0.8660254037844385,-0.5000000000000004,0,0,0,1
0,54.0,60,1,-1,1,-1,1,1,1,0,8040000,485557500,0,-0.8660254037844385,-0.5000000000000004,0,0,1,0
0,47.0,7,-1,-1,-1,-1,1,-1,0,1,12165000,86497500,1,-0.5000000000000004,0.8660254037844384,0,0,0,1
0,18.0,20,0,0,0,0,0,0,1,1,2902500,65062500,0,-0.8660254037844386,0.5000000000000001,1,0,0,0
0,48.0,23,-1,-1,-1,-1,-1,1,0,0,12840000,280260000,0,1.2246467991473532e-16,-1.0,0,0,0,1
1,42.0,72,1,-1,1,1,1,1,1,1,12120000,859282500,0,0.0,1.0,0,0,1,0
1,40.0,11,-1,-1,-1,-1,-1,-1,0,1,11242500,123855000,1,-0.8660254037844385,-0.5000000000000004,0,0,0,1
1,35.0,21,0,0,0,0,0,0,1,0,2940000,58560000,0,0.49999999999999994,-0.8660254037844387,1,0,0,0
1,53.0,1,-1,-1,-1,-1,1,1,0,1,14032500,14032500,1,-1.0,-1.8369701987210297e-16,0,0,0,1
1,51.0,31,-1,1,-1,-1,1,-1,0,1,13605000,426772500,0,1.2246467991473532e-16,-1.0,0,0,0,1
0,31.0,57,-1,1,1,1,1,-1,1,0,10462500,584160000,0,0.8660254037844386,0.5000000000000001,0,1,0,0
0,45.0,45,0,0,0,0,0,0,1,1,3000000,132960000,0,0.8660254037844386,0.5000000000000001,1,0,0,0
1,28.0,10,-1,1,1,-1,-1,1,0,1,14287500,153232500,0,-0.4999999999999997,-0.8660254037844388,0,0,0,1
0,23.0,58,-1,-1,1,1,1,1,0,1,15315000,882810000,1,0.49999999999999994,0.8660254037844387,0,0,0,1
1,32.0,14,0,0,0,0,0,0,0,0,2992500,40260000,0,1.2246467991473532e-16,-1.0,1,0,0,0
1,50.0,27,1,-1,-1,1,1,1,1,0,12127500,330652500,0,-0.8660254037844386,0.5000000000000001,0,0,1,0
0,51.0,14,-1,1,-1,-1,-1,1,0,1,13635000,188850000,1,0.49999999999999994,0.8660254037844387,0,0,0,1
0,46.0,12,-1,1,-1,-1,-1,-1,0,0,4380000,46365000,1,-0.8660254037844386,0.5000000000000001,0,1,0,0
0,49.0,69,-1,1,-1,1,-1,1,1,1,13995000,959707500,0,-0.4999999999999997,-0.8660254037844388,0,0,0,1
0,46.0,25,-1,1,1,-1,1,-1,0,1,13372500,338662500,1,0.49999999999999994,0.8660254037844387,0,0,0,1
1,32.0,58,1,1,1,-1,1,1,1,1,16327500,943087500,1,0.49999999999999994,-0.8660254037844387,0,0,0,1
0,45.0,35,1,-1,-1,1,1,-1,1,1,6952500,249307500,0,1.0,6.123233995736766e-17,0,0,1,0
0,50.0,16,-1,-1,-1,-1,1,-1,0,1,12712500,202522500,1,1.2246467991473532e-16,-1.0,0,0,0,1
1,49.0,45,-1,1,1,-1,1,1,1,0,11812500,540097500,0,0.49999999999999994,0.8660254037844387,0,1,0,0
0,54.0,17,-1,1,-1,-1,1,-1,0,1,12532500,199372500,0,-0.8660254037844385,-0.5000000000000004,0,0,0,1
0,48.0,1,-1,-1,-1,-1,-1,-1,0,1,6855000,6855000,1,-0.8660254037844386,0.5000000000000001,0,0,1,0
1,44.0,22,0,0,0,0,0,0,1,0,2940000,63375000,0,0.49999999999999994,0.8660254037844387,1,0,0,0
0,53.0,1,-1,-1,-1,-1,-1,-1,0,1,10492500,10492500,1,1.2246467991473532e-16,-1.0,0,0,0,1
1,40.0,67,1,-1,1,1,-1,1,1,0,10177500,694147500,0,0.0,1.0,0,0,1,0
0,29.0,67,-1,-1,1,1,1,1,1,1,15847500,1007685000,0,0.49999999999999994,0.8660254037844387,0,0,0,1
0,38.0,2,-1,-1,-1,-1,1,1,0,0,6690000,14565000,1,0.49999999999999994,-0.8660254037844387,0,0,1,0
1,31.0,23,-1,-1,-1,-1,-1,-1,0,1,11242500,256567500,1,0.8660254037844387,-0.4999999999999998,0,0,0,1
0,32.0,9,-1,-1,1,-1,-1,-1,0,0,11325000,95610000,0,-0.8660254037844386,0.5000000000000001,0,0,0,1
0,38.0,5,0,0,0,0,0,0,0,0,3022500,17692500,0,0.8660254037844387,-0.4999999999999998,1,0,0,0
1,30.0,54,1,-1,-1,1,1,-1,1,0,6780000,369082500,0,-0.8660254037844385,-0.5000000000000004,0,0,1,0
0,36.0,57,-1,-1,1,-1,1,1,1,1,14287500,819697500,1,-0.8660254037844386,0.5000000000000001,0,0,0,1
1,18.0,24,-1,-1,1,-1,1,-1,0,1,13477500,324757500,1,-0.4999999999999997,-0.8660254037844388,0,0,0,1
0,43.0,49,-1,1,-1,-1,1,1,1,0,15067500,741270000,1,-0.5000000000000004,0.8660254037844384,0,0,0,1
1,40.0,5,-1,-1,-1,-1,-1,-1,0,0,7072500,33472500,1,1.0,6.123233995736766e-17,0,1,0,0
1,30.0,2,-1,-1,-1,-1,-1,1,0,1,12030000,27165000,1,-1.0,-1.8369701987210297e-16,0,0,0,1
0,48.0,4,-1,-1,1,1,-1,-1,0,1,13065000,51217500,1,0.49999999999999994,0.8660254037844387,0,0,0,1
1,51.0,70,1,1,1,1,1,-1,1,1,11887500,859777500,0,0.49999999999999994,0.8660254037844387,0,1,0,0
1,21.0,5,-1,-1,-1,-1,-1,-1,0,1,11385000,53662500,1,-0.5000000000000004,0.8660254037844384,0,0,0,1
1,31.0,53,1,-1,1,1,1,1,0,0,12855000,692415000,0,0.49999999999999994,0.8660254037844387,0,1,0,0
0,31.0,47,1,1,1,-1,1,-1,0,1,14812500,680055000,1,0.49999999999999994,0.8660254037844387,0,0,0,1
0,29.0,31,0,0,0,0,0,0,1,0,3015000,88387500,0,-0.8660254037844385,-0.5000000000000004,1,0,0,0
1,50.0,13,-1,1,1,1,-1,-1,0,0,9270000,112515000,0,0.8660254037844386,0.5000000000000001,0,0,1,0
0,38.0,28,-1,-1,-1,-1,-1,-1,0,0,7485000,211537500,0,0.8660254037844386,0.5000000000000001,0,0,1,0
0,37.0,10,-1,-1,-1,-1,-1,1,0,0,12967500,124627500,1,-0.8660254037844385,-0.5000000000000004,0,0,0,1
1,18.0,38,0,0,0,0,0,0,1,0,3060000,111525000,0,-0.8660254037844385,-0.5000000000000004,1,0,0,0
0,48.0,1,-1,-1,-1,-1,-1,-1,0,1,6795000,6795000,1,-0.4999999999999997,-0.8660254037844388,0,0,1,0
1,25.0,67,-1,1,1,-1,1,1,1,0,15615000,1056127500,1,-0.8660254037844386,0.5000000000000001,0,0,0,1
1,41.0,52,1,1,-1,-1,1,1,1,1,11310000,579817500,0,-0.8660254037844386,0.5000000000000001,0,0,1,0
1,43.0,62,1,1,1,1,1,1,1,0,16222500,1023847500,0,0.8660254037844387,-0.4999999999999998,0,0,0,1
0,56.0,16,-1,1,-1,-1,-1,1,0,1,12937500,201015000,0,-0.4999999999999997,-0.8660254037844388,0,0,0,1
0,24.0,5,-1,1,-1,-1,-1,-1,0,1,12150000,55747500,1,1.2246467991473532e-16,-1.0,0,0,0,1
1,18.0,12,-1,-1,1,-1,1,1,1,0,14355000,177600000,0,-0.8660254037844386,0.5000000000000001,0,0,0,1
0,42.0,72,1,1,1,1,1,1,1,1,17527500,1271655000,0,1.2246467991473532e-16,-1.0,0,0,0,1
1,62.0,71,-1,1,-1,1,1,1,1,0,15862500,1107427500,0,-0.8660254037844386,0.5000000000000001,0,0,0,1
0,55.0,24,0,0,0,0,0,0,1,0,3022500,68527500,0,-0.5000000000000004,0.8660254037844384,1,0,0,0
0,43.0,15,0,0,0,0,0,0,1,0,2940000,49740000,0,-1.0,-1.8369701987210297e-16,1,0,0,0
1,34.0,67,1,1,-1,-1,-1,1,1,1,13590000,908422500,1,0.49999999999999994,0.8660254037844387,0,0,0,1
1,50.0,2,1,1,-1,-1,-1,-1,0,0,9142500,20190000,0,1.2246467991473532e-16,-1.0,0,0,1,0
0,28.0,5,-1,-1,-1,-1,-1,-1,0,0,3757500,18825000,0,0.0,1.0,0,1,0,0
0,46.0,15,-1,-1,-1,-1,1,1,0,0,13222500,208590000,1,0.49999999999999994,-0.8660254037844387,0,0,0,1
1,46.0,1,0,0,0,0,0,0,0,1,3030000,3030000,1,-0.4999999999999997,-0.8660254037844388,1,0,0,0
1,53.0,41,1,1,1,-1,-1,-1,1,1,9045000,376695000,0,0.8660254037844386,0.5000000000000001,0,0,1,0
0,73.0,43,1,1,-1,-1,-1,1,0,1,9592500,410557500,0,0.49999999999999994,-0.8660254037844387,0,0,1,0
1,45.0,1,-1,-1,-1,-1,-1,-1,0,0,11145000,11145000,0,1.0,6.123233995736766e-17,0,0,0,1
0,34.0,1,-1,-1,-1,-1,-1,-1,0,1,10590000,10590000,0,-1.0,-1.8369701987210297e-16,0,0,0,1
0,40.0,26,-1,-1,-1,-1,1,1,0,1,13620000,354270000,1,0.49999999999999994,0.8660254037844387,0,0,0,1
1,19.0,22,-1,1,-1,-1,-1,-1,0,1,11902500,259552500,1,1.0,6.123233995736766e-17,0,0,0,1
1,32.0,71,1,1,1,1,1,1,1,0,13582500,960600000,0,0.0,1.0,0,0,1,0
1,35.0,7,0,0,0,0,0,0,1,0,2917500,24802500,0,0.8660254037844386,0.5000000000000001,1,0,0,0
0,34.0,28,-1,1,1,1,-1,-1,0,0,9667500,280140000,0,-0.4999999999999997,-0.8660254037844388,0,0,1,0
1,42.0,16,-1,-1,-1,-1,-1,-1,0,0,10447500,156495000,0,-0.8660254037844385,-0.5000000000000004,0,0,0,1
1,30.0,7,0,0,0,0,0,0,1,0,2925000,19290000,0,0.8660254037844387,-0.4999999999999998,1,0,0,0
0,53.0,69,-1,1,1,1,1,1,1,1,16575000,1118317500,0,0.0,1.0,0,0,0,1
0,40.0,1,-1,-1,-1,-1,-1,-1,0,0,3705000,3705000,0,1.2246467991473532e-16,-1.0,0,0,1,0
1,40.0,3,1,-1,1,-1,1,1,0,1,11610000,30922500,0,0.49999999999999994,-0.8660254037844387,0,0,1,0
1,36.0,21,-1,-1,1,-1,1,1,0,1,14520000,304545000,1,-0.5000000000000004,0.8660254037844384,0,0,0,1
0,42.0,69,-1,1,1,-1,-1,-1,0,1,12810000,880410000,0,0.8660254037844387,-0.4999999999999998,0,0,0,1
0,50.0,71,1,1,1,1,-1,-1,1,1,7140000,506670000,0,-0.4999999999999997,-0.8660254037844388,0,0,1,0
0,30.0,69,0,0,0,0,0,0,1,0,2910000,201930000,0,0.49999999999999994,0.8660254037844387,1,0,0,0
0,32.0,48,-1,-1,1,1,1,1,0,1,15577500,741907500,0,1.2246467991473532e-16,-1.0,0,0,0,1
1,36.0,47,-1,1,1,-1,-1,-1,0,1,12502500,609750000,1,1.0,6.123233995736766e-17,0,0,0,1
0,24.0,2,-1,-1,-1,-1,-1,-1,0,1,7410000,15982500,1,1.0,6.123233995736766e-17,0,1,0,0
1,30.0,45,1,-1,1,1,1,1,0,1,16267500,744705000,0,-0.4999999999999997,-0.8660254037844388,0,0,0,1
1,34.0,51,-1,1,-1,-1,-1,-1,0,0,12150000,612862500,0,-0.8660254037844385,-0.5000000000000004,0,0,0,1
0,50.0,22,1,-1,-1,1,1,1,0,1,11880000,261412500,1,-0.8660254037844386,0.5000000000000001,0,1,0,0
1,43.0,72,1,1,1,1,1,1,1,0,12997500,933720000,0,-0.8660254037844385,-0.5000000000000004,0,1,0,0
1,42.0,37,-1,1,1,-1,1,-1,0,1,13942500,512287500,0,-1.0,-1.8369701987210297e-16,0,0,0,1
1,50.0,71,1,1,1,1,1,1,1,0,13552500,948787500,0,-1.0,-1.8369701987210297e-16,0,0,1,0
1,38.0,7,-1,-1,1,-1,-1,-1,0,0,7305000,51037500,1,-0.8660254037844386,0.5000000000000001,0,0,1,0
0,45.0,66,0,0,0,0,0,0,1,1,3772500,252540000,0,-0.8660254037844385,-0.5000000000000004,1,0,0,0
1,39.0,51,1,-1,-1,1,1,1,1,1,11460000,594945000,0,1.2246467991473532e-16,-1.0,0,0,1,0
0,43.0,30,0,0,0,0,0,0,1,0,2932500,91275000,0,-1.0,-1.8369701987210297e-16,1,0,0,0
0,33.0,34,-1,-1,-1,-1,1,-1,0,0,12802500,434490000,0,-0.8660254037844386,0.5000000000000001,0,0,0,1
1,18.0,64,0,0,0,0,0,0,1,1,3720000,227227500,0,0.8660254037844387,-0.4999999999999998,1,0,0,0
1,38.0,65,-1,1,1,-1,1,1,1,1,15472500,1018867500,0,-0.8660254037844386,0.5000000000000001,0,0,0,1
1,57.0,47,1,1,-1,1,1,-1,0,0,15112500,700380000,0,-0.8660254037844385,-0.5000000000000004,0,0,0,1
0,51.0,1,1,-1,-1,-1,1,1,0,1,14340000,14340000,1,-1.0,-1.8369701987210297e-16,0,0,0,1
0,52.0,49,1,1,-1,-1,-1,-1,0,1,8962500,440145000,1,0.49999999999999994,-0.8660254037844387,0,0,1,0
0,55.0,67,-1,1,-1,1,1,-1,1,0,14115000,945420000,0,0.0,1.0,0,0,0,1
1,41.0,39,0,0,0,0,0,0,1,0,2902500,116880000,0,-0.4999999999999997,-0.8660254037844388,1,0,0,0
1,42.0,14,0,0,0,0,0,0,0,0,2985000,42562500,0,0.49999999999999994,0.8660254037844387,1,0,0,0
0,33.0,43,1,1,-1,1,1,1,0,1,16222500,690105000,1,-1.0,-1.8369701987210297e-16,0,0,0,1
1,36.0,56,-1,-1,1,-1,1,1,0,1,15157500,839100000,0,0.49999999999999994,0.8660254037844387,0,0,0,1
0,47.0,14,-1,-1,-1,1,-1,1,1,0,8865000,115927500,0,1.2246467991473532e-16,-1.0,0,1,0,0
0,54.0,1,-1,-1,-1,-1,-1,-1,0,0,10702500,10702500,1,1.2246467991473532e-16,-1.0,0,0,0,1
1,38.0,16,1,1,-1,-1,-1,-1,1,1,8377500,128670000,0,-0.8660254037844385,-0.5000000000000004,0,0,1,0
1,35.0,70,1,1,-1,-1,1,1,0,1,15907500,1133107500,0,0.8660254037844387,-0.4999999999999998,0,0,0,1
1,40.0,72,1,1,1,-1,1,1,1,1,12615000,897247500,0,-0.8660254037844386,0.5000000000000001,0,0,1,0
0,47.0,23,-1,-1,1,-1,-1,-1,0,1,11295000,255435000,0,-1.0,-1.8369701987210297e-16,0,0,0,1
1,23.0,21,0,0,0,0,0,0,0,0,3705000,70072500,0,-0.4999999999999997,-0.8660254037844388,1,0,0,0
0,18.0,1,0,0,0,0,0,0,0,1,3022500,3022500,1,0.49999999999999994,-0.8660254037844387,1,0,0,0
1,33.0,1,-1,-1,-1,-1,-1,-1,0,0,10462500,10462500,1,0.49999999999999994,0.8660254037844387,0,0,0,1
0,25.0,32,-1,-1,-1,-1,1,1,0,1,13980000,439650000,1,-0.4999999999999997,-0.8660254037844388,0,0,0,1
1,34.0,17,-1,-1,-1,-1,1,-1,0,0,12127500,210127500,1,-0.8660254037844385,-0.5000000000000004,0,0,0,1
0,38.0,4,1,1,-1,-1,-1,-1,0,1,5047500,20677500,1,-0.5000000000000004,0.8660254037844384,0,0,1,0
0,35.0,36,-1,-1,1,-1,-1,-1,1,0,8370000,291225000,0,0.8660254037844387,-0.4999999999999998,0,0,1,0
0,57.0,50,-1,1,1,1,-1,-1,1,0,5955000,289912500,0,0.49999999999999994,-0.8660254037844387,0,1,0,0
0,44.0,48,-1,-1,-1,1,-1,-1,0,1,4425000,213457500,0,0.0,1.0,0,0,1,0
0,44.0,50,0,0,0,0,0,0,1,0,3022500,145627500,0,0.49999999999999994,-0.8660254037844387,1,0,0,0
1,47.0,72,1,1,1,1,-1,1,1,0,11932500,871635000,0,0.0,1.0,0,1,0,0
1,26.0,10,0,0,0,0,0,0,0,0,3720000,33585000,0,-0.4999999999999997,-0.8660254037844388,1,0,0,0
0,52.0,18,0,0,0,0,0,0,0,0,2947500,58755000,0,-0.4999999999999997,-0.8660254037844388,1,0,0,0
1,39.0,1,-1,-1,-1,-1,1,-1,0,1,11992500,11992500,1,1.2246467991473532e-16,-1.0,0,0,0,1
0,48.0,1,0,0,0,0,0,0,0,0,2895000,2895000,1,0.8660254037844386,0.5000000000000001,1,0,0,0
1,27.0,9,-1,-1,1,-1,1,1,0,1,14107500,121747500,0,-0.5000000000000004,0.8660254037844384,0,0,0,1
1,21.0,2,1,-1,-1,-1,-1,1,0,0,13612500,26212500,0,0.0,1.0,0,0,0,1
0,50.0,40,-1,-1,-1,1,-1,-1,0,1,11827500,469027500,0,0.8660254037844386,0.5000000000000001,0,0,0,1
1,45.0,69,-1,-1,1,-1,1,1,1,0,14925000,1026217500,0,-0.4999999999999997,-0.8660254037844388,0,0,0,1
0,29.0,37,1,-1,1,1,-1,1,1,1,14880000,563190000,1,-0.8660254037844386,0.5000000000000001,0,0,0,1
1,30.0,18,-1,-1,1,-1,-1,-1,0,1,12082500,210997500,0,0.49999999999999994,-0.8660254037844387,0,0,0,1
1,54.0,11,-1,-1,-1,-1,-1,-1,0,1,10530000,125205000,0,0.49999999999999994,-0.8660254037844387,0,0,0,1
0,26.0,8,-1,-1,-1,-1,-1,1,0,1,12780000,94110000,1,0.49999999999999994,0.8660254037844387,0,0,0,1
0,60.0,3,-1,-1,-1,-1,-1,-1,0,0,11287500,36300000,1,0.8660254037844387,-0.4999999999999998,0,0,0,1
1,29.0,55,1,-1,-1,-1,-1,1,1,0,8917500,473550000,0,0.0,1.0,0,0,1,0
1,48.0,33,-1,1,1,-1,-1,1,0,1,14002500,463800000,0,1.2246467991473532e-16,-1.0,0,0,0,1
0,36.0,46,-1,-1,-1,-1,-1,-1,0,0,6742500,325335000,0,-0.5000000000000004,0.8660254037844384,0,0,1,0
1,47.0,34,0,0,0,0,0,0,1,0,3915000,147052500,0,-1.0,-1.8369701987210297e-16,1,0,0,0
0,33.0,3,0,0,0,0,0,0,0,0,3030000,9892500,0,0.0,1.0,1,0,0,0
1,38.0,30,0,0,0,0,0,0,1,0,3187500,106785000,0,0.49999999999999994,0.8660254037844387,1,0,0,0
0,40.0,33,1,-1,-1,1,-1,-1,1,0,8910000,292920000,0,1.2246467991473532e-16,-1.0,0,0,1,0
1,28.0,45,-1,1,1,-1,-1,1,1,1,14250000,655327500,0,0.8660254037844386,0.5000000000000001,0,0,0,1
1,49.0,40,1,1,-1,1,-1,-1,0,1,9285000,397065000,0,1.2246467991473532e-16,-1.0,0,0,1,0
0,34.0,71,1,1,1,1,1,1,1,1,17797500,1271640000,0,1.2246467991473532e-16,-1.0,0,0,0,1
1,37.0,1,-1,-1,1,-1,-1,-1,0,0,8152500,8152500,1,0.49999999999999994,-0.8660254037844387,0,0,1,0
0,28.0,72,1,1,1,1,1,1,1,0,9667500,679200000,0,0.49999999999999994,0.8660254037844387,0,0,1,0
0,18.0,22,-1,-1,-1,-1,-1,1,0,1,12022500,268597500,0,0.8660254037844387,-0.4999999999999998,0,0,0,1
1,38.0,46,0,0,0,0,0,0,1,1,3030000,126840000,0,-0.8660254037844386,0.5000000000000001,1,0,0,0
0,69.0,55,0,0,0,0,0,0,1,0,3150000,181545000,0,-0.8660254037844386,0.5000000000000001,1,0,0,0
1,49.0,1,0,0,0,0,0,0,0,0,3067500,3067500,0,-1.0,-1.8369701987210297e-16,1,0,0,0
0,40.0,12,-1,-1,-1,1,1,1,1,1,11377500,128167500,0,-0.8660254037844386,0.5000000000000001,0,0,1,0
1,37.0,31,-1,1,-1,-1,-1,-1,0,1,12067500,364365000,0,-0.8660254037844385,-0.5000000000000004,0,0,0,1
1,40.0,5,-1,-1,-1,-1,-1,-1,0,1,3742500,15060000,1,0.49999999999999994,0.8660254037844387,0,0,1,0
0,47.0,67,1,-1,-1,-1,1,1,1,1,11325000,784417500,0,-1.0,-1.8369701987210297e-16,0,0,1,0
1,26.0,1,-1,-1,-1,-1,-1,-1,0,0,6667500,6667500,0,-0.8660254037844385,-0.5000000000000004,0,0,1,0
1,53.0,40,1,1,1,-1,-1,-1,1,1,6352500,257467500,1,1.0,6.123233995736766e-17,0,0,1,0
1,49.0,41,1,1,1,-1,1,-1,0,1,11182500,453532500,0,-1.0,-1.8369701987210297e-16,0,1,0,0
1,49.0,1,-1,-1,-1,-1,-1,-1,0,1,11295000,11295000,1,-0.4999999999999997,-0.8660254037844388,0,0,0,1
1,45.0,51,1,1,-1,-1,1,-1,1,1,14220000,725640000,1,1.2246467991473532e-16,-1.0,0,0,0,1
1,40.0,42,1,-1,1,1,1,-1,1,0,7222500,304845000,0,0.8660254037844387,-0.4999999999999998,0,0,1,0
1,48.0,23,0,0,0,0,0,0,1,0,2947500,65535000,0,1.0,6.123233995736766e-17,1,0,0,0
0,47.0,1,-1,-1,-1,-1,-1,-1,0,1,10582500,10582500,1,-0.4999999999999997,-0.8660254037844388,0,0,0,1
0,36.0,1,0,0,0,0,0,0,0,0,3022500,3022500,0,1.0,6.123233995736766e-17,1,0,0,0
0,33.0,56,1,1,-1,-1,1,1,0,1,15990000,884092500,0,1.2246467991473532e-16,-1.0,0,0,0,1
1,41.0,15,-1,1,-1,-1,1,-1,0,1,13650000,214507500,0,0.8660254037844387,-0.4999999999999998,0,0,0,1
1,59.0,12,0,0,0,0,0,0,1,1,3810000,46950000,0,0.49999999999999994,0.8660254037844387,1,0,0,0
0,25.0,54,1,-1,1,1,-1,1,1,0,10492500,580777500,0,1.0,6.123233995736766e-17,0,0,1,0
0,22.0,7,-1,-1,-1,-1,1,1,0,1,10027500,68715000,0,0.8660254037844386,0.5000000000000001,0,0,1,0
0,42.0,33,-1,-1,-1,-1,-1,1,0,0,12922500,411855000,1,-0.8660254037844385,-0.5000000000000004,0,0,0,1
1,41.0,16,0,0,0,0,0,0,0,0,3022500,51202500,0,-1.0,-1.8369701987210297e-16,1,0,0,0
0,42.0,21,1,-1,1,-1,-1,1,1,0,9727500,200520000,0,0.49999999999999994,-0.8660254037844387,0,0,1,0
1,43.0,30,-1,-1,1,-1,1,1,1,0,11227500,327262500,0,0.8660254037844387,-0.4999999999999998,0,0,1,0
1,37.0,3,-1,-1,-1,1,-1,-1,0,1,7575000,22162500,0,1.0,6.123233995736766e-17,0,0,1,0
1,58.0,11,-1,-1,1,-1,-1,-1,0,0,10935000,122767500,0,-0.8660254037844386,0.5000000000000001,0,0,0,1
0,21.0,62,1,1,1,1,1,1,1,1,17257500,1070017500,0,1.2246467991473532e-16,-1.0,0,0,0,1
1,30.0,18,0,0,0,0,0,0,0,0,2850000,52320000,0,-0.4999999999999997,-0.8660254037844388,1,0,0,0
1,39.0,6,0,0,0,0,0,0,0,0,2932500,19290000,0,0.0,1.0,1,0,0,0
0,20.0,46,-1,-1,1,-1,1,1,1,1,15165000,701160000,0,-0.8660254037844386,0.5000000000000001,0,0,0,1
1,38.0,21,-1,-1,-1,-1,-1,1,0,1,12615000,260617500,0,-0.5000000000000004,0.8660254037844384,0,0,0,1
1,60.0,68,0,0,0,0,0,0,1,1,3622500,224827500,0,0.8660254037844387,-0.4999999999999998,1,0,0,0
0,40.0,1,-1,-1,-1,-1,-1,-1,0,1,7515000,7515000,0,-0.4999999999999997,-0.8660254037844388,0,0,1,0
0,43.0,25,-1,-1,1,-1,-1,-1,0,1,11190000,269662500,0,-0.8660254037844385,-0.5000000000000004,0,0,0,1
0,25.0,24,0,0,0,0,0,0,1,0,2962500,74715000,0,1.0,6.123233995736766e-17,1,0,0,0
0,33.0,30,-1,-1,-1,-1,-1,1,0,1,12750000,393637500,1,1.2246467991473532e-16,-1.0,0,0,0,1
0,35.0,2,-1,-1,-1,-1,-1,1,0,0,12082500,27615000,1,-1.0,-1.8369701987210297e-16,0,0,0,1
1,36.0,51,-1,1,1,-1,1,1,1,1,16020000,824820000,0,0.0,1.0,0,0,0,1
0,55.0,57,1,-1,1,1,1,1,1,1,12675000,726810000,0,0.49999999999999994,0.8660254037844387,0,1,0,0
0,47.0,15,0,0,0,0,0,0,1,0,3757500,55365000,0,1.0,6.123233995736766e-17,1,0,0,0
0,27.0,72,1,1,1,1,1,1,1,1,12555000,914535000,0,-0.4999999999999997,-0.8660254037844388,0,0,1,0
0,43.0,2,-1,-1,1,-1,-1,-1,0,1,11370000,24112500,1,-1.0,-1.8369701987210297e-16,0,0,0,1
1,46.0,28,-1,1,1,-1,1,-1,0,0,14490000,402652500,0,1.2246467991473532e-16,-1.0,0,0,0,1
1,54.0,29,-1,-1,1,-1,1,1,0,1,14775000,450622500,1,-0.8660254037844385,-0.5000000000000004,0,0,0,1
1,59.0,70,1,1,1,1,1,-1,1,1,15165000,1049220000,0,1.2246467991473532e-16,-1.0,0,0,0,1
0,28.0,13,0,0,0,0,0,0,1,0,3030000,40987500,0,0.8660254037844387,-0.4999999999999998,1,0,0,0
0,30.0,59,1,1,1,1,-1,-1,1,1,14107500,822585000,0,0.49999999999999994,-0.8660254037844387,0,0,0,1
1,25.0,13,-1,-1,-1,-1,1,1,0,1,14287500,185047500,1,1.2246467991473532e-16,-1.0,0,0,0,1
1,37.0,7,-1,-1,-1,-1,-1,-1,0,1,11160000,79185000,1,-0.4999999999999997,-0.8660254037844388,0,0,0,1
0,46.0,62,1,-1,1,1,1,1,1,0,12150000,747885000,0,-0.8660254037844386,0.5000000000000001,0,1,0,0
0,52.0,21,1,-1,1,1,-1,-1,1,1,9037500,188752500,0,0.0,1.0,0,0,1,0
0,39.0,2,-1,-1,1,-1,-1,1,0,0,9127500,16710000,0,-0.8660254037844386,0.5000000000000001,0,0,1,0
0,36.0,1,-1,-1,-1,-1,-1,-1,0,0,6592500,6592500,0,1.2246467991473532e-16,-1.0,0,0,1,0
1,42.0,4,-1,-1,1,-1,-1,1,0,0,12907500,46215000,0,-0.4999999999999997,-0.8660254037844388,0,0,0,1
0,30.0,19,0,0,0,0,0,0,1,0,3037500,57547500,0,-0.4999999999999997,-0.8660254037844388,1,0,0,0
0,65.0,30,-1,-1,-1,1,1,-1,0,0,12772500,383385000,1,-0.8660254037844385,-0.5000000000000004,0,0,0,1
1,21.0,67,0,0,0,0,0,0,1,1,2910000,192630000,0,-0.8660254037844385,-0.5000000000000004,1,0,0,0
1,42.0,72,1,1,1,-1,-1,1,1,1,15397500,1132545000,0,-0.4999999999999997,-0.8660254037844388,0,0,0,1
1,64.0,53,0,0,0,0,0,0,1,0,2985000,166507500,0,1.2246467991473532e-16,-1.0,1,0,0,0
0,40.0,5,0,0,0,0,0,0,1,0,2932500,14940000,0,-0.8660254037844386,0.5000000000000001,1,0,0,0
1,38.0,71,-1,1,1,1,-1,1,1,1,14325000,1006072500,0,1.0,6.123233995736766e-17,0,0,0,1
0,36.0,50,-1,1,1,1,1,1,1,1,12622500,624660000,0,-0.5000000000000004,0.8660254037844384,0,1,0,0
1,38.0,56,-1,-1,1,1,1,1,1,1,15480000,881062500,0,1.2246467991473532e-16,-1.0,0,0,0,1
1,56.0,2,-1,-1,-1,1,-1,-1,0,1,7530000,16387500,0,-0.4999999999999997,-0.8660254037844388,0,0,1,0
0,18.0,2,-1,-1,1,-1,-1,1,0,1,13282500,26887500,1,-0.8660254037844386,0.5000000000000001,0,0,0,1
1,58.0,24,1,-1,-1,-1,-1,-1,0,0,8212500,200722500,1,-0.8660254037844385,-0.5000000000000004,0,0,1,0
1,23.0,46,0,0,0,0,0,0,1,0,2992500,129360000,0,0.0,1.0,1,0,0,0
1,37.0,71,1,1,1,1,1,1,1,1,17437500,1284712500,0,-1.0,-1.8369701987210297e-16,0,0,0,1
0,35.0,29,-1,-1,-1,1,-1,-1,0,1,4680000,138930000,0,-1.0,-1.8369701987210297e-16,0,1,0,0
1,47.0,69,0,0,0,0,0,0,1,0,3667500,257730000,0,-0.5000000000000004,0.8660254037844384,1,0,0,0
1,21.0,71,-1,1,1,1,1,1,1,0,12630000,893527500,0,-1.0,-1.8369701987210297e-16,0,0,1,0
0,46.0,1,-1,-1,-1,-1,1,1,0,1,13695000,13695000,1,0.0,1.0,0,0,0,1
1,64.0,56,1,1,1,1,1,1,1,1,12847500,723667500,0,0.49999999999999994,0.8660254037844387,0,0,1,0
1,24.0,56,0,0,0,0,0,0,1,1,3180000,185797500,0,-0.8660254037844385,-0.5000000000000004,1,0,0,0
1,42.0,1,-1,-1,-1,-1,1,-1,0,1,11925000,11925000,1,0.49999999999999994,-0.8660254037844387,0,0,0,1
0,32.0,28,0,0,0,0,0,0,1,0,3832500,100830000,0,1.2246467991473532e-16,-1.0,1,0,0,0
0,45.0,19,0,0,0,0,0,0,0,0,3030000,57330000,0,0.49999999999999994,-0.8660254037844387,1,0,0,0
1,40.0,66,-1,-1,-1,1,-1,1,0,0,9577500,639690000,0,-0.4999999999999997,-0.8660254037844388,0,0,1,0
0,32.0,17,-1,-1,1,1,-1,-1,1,1,9292500,160605000,0,0.0,1.0,0,0,1,0
1,46.0,52,0,0,0,0,0,0,1,0,3862500,201877500,0,0.8660254037844386,0.5000000000000001,1,0,0,0
0,62.0,19,-1,1,-1,-1,1,-1,1,0,8730000,156787500,0,0.8660254037844387,-0.4999999999999998,0,1,0,0
0,38.0,36,1,1,1,1,1,1,1,0,12877500,450532500,0,0.8660254037844386,0.5000000000000001,0,1,0,0
1,49.0,7,-1,-1,-1,-1,-1,-1,0,1,10515000,70132500,1,0.0,1.0,0,0,0,1
1,24.0,72,1,1,1,1,-1,1,1,1,15735000,1130625000,0,1.2246467991473532e-16,-1.0,0,0,0,1
1,29.0,67,1,1,1,-1,1,1,1,1,16695000,1122315000,1,0.49999999999999994,0.8660254037844387,0,0,0,1
1,46.0,34,-1,1,1,-1,1,1,1,1,14977500,501472500,0,0.8660254037844387,-0.4999999999999998,0,0,0,1
1,58.0,57,-1,1,1,-1,-1,1,0,1,14287500,814057500,1,0.49999999999999994,-0.8660254037844387,0,0,0,1
0,44.0,7,-1,-1,1,-1,1,-1,0,1,12937500,88065000,1,0.8660254037844386,0.5000000000000001,0,0,0,1
0,36.0,1,-1,-1,1,-1,1,1,0,1,15120000,15120000,1,-0.5000000000000004,0.8660254037844384,0,0,0,1
1,40.0,8,0,0,0,0,0,0,0,1,2932500,24172500,0,-1.0,-1.8369701987210297e-16,1,0,0,0
0,25.0,69,-1,-1,1,1,1,1,1,0,15600000,1054275000,0,0.49999999999999994,0.8660254037844387,0,0,0,1
0,47.0,50,1,-1,1,-1,1,1,1,1,15660000,784935000,0,0.8660254037844386,0.5000000000000001,0,0,0,1
1,51.0,10,0,0,0,0,0,0,1,0,2925000,33877500,0,1.0,6.123233995736766e-17,1,0,0,0
0,35.0,12,0,0,0,0,0,0,1,0,3787500,41205000,0,-0.5000000000000004,0.8660254037844384,1,0,0,0
0,34.0,14,-1,1,-1,-1,-1,1,0,1,12945000,177142500,1,0.49999999999999994,-0.8660254037844387,0,0,0,1
0,43.0,70,1,-1,1,1,-1,1,1,1,7477500,505530000,0,-0.8660254037844385,-0.5000000000000004,0,0,1,0
0,35.0,64,1,-1,1,1,1,1,0,1,16342500,1066695000,0,0.49999999999999994,-0.8660254037844387,0,0,0,1
0,39.0,66,1,1,1,1,1,1,1,0,13485000,893827500,0,0.0,1.0,0,1,0,0
0,65.0,71,1,-1,1,1,1,1,1,1,12300000,899977500,0,0.0,1.0,0,0,1,0
1,37.0,20,-1,-1,-1,-1,1,1,0,0,13492500,247267500,0,-0.5000000000000004,0.8660254037844384,0,0,0,1
1,36.0,72,1,1,-1,1,1,1,1,1,11902500,862987500,0,-0.8660254037844385,-0.5000000000000004,0,0,1,0
0,32.0,71,1,1,1,1,-1,-1,1,0,9607500,673935000,0,0.8660254037844386,0.5000000000000001,0,0,1,0
1,49.0,38,-1,-1,1,-1,1,1,0,1,15172500,593505000,0,-0.8660254037844385,-0.5000000000000004,0,0,0,1
0,38.0,28,-1,1,-1,-1,-1,1,0,1,13492500,393832500,1,1.2246467991473532e-16,-1.0,0,0,0,1
1,32.0,17,-1,1,-1,-1,-1,-1,0,1,11467500,185010000,1,-0.5000000000000004,0.8660254037844384,0,0,0,1
1,56.0,33,-1,1,-1,-1,1,-1,1,1,5865000,196350000,0,0.49999999999999994,-0.8660254037844387,0,0,1,0
0,57.0,23,1,-1,-1,1,-1,-1,1,0,5190000,122017500,0,0.49999999999999994,-0.8660254037844387,0,0,1,0
1,33.0,58,0,0,0,0,0,0,1,1,2932500,166320000,0,0.8660254037844386,0.5000000000000001,1,0,0,0
0,18.0,70,-1,1,-1,1,1,1,1,1,15667500,1102402500,0,-0.8660254037844386,0.5000000000000001,0,0,0,1
1,52.0,4,-1,-1,-1,-1,-1,-1,0,0,10575000,44130000,0,1.0,6.123233995736766e-17,0,0,0,1
1,32.0,45,0,0,0,0,0,0,1,0,3052500,139380000,0,0.49999999999999994,0.8660254037844387,1,0,0,0
1,49.0,10,-1,-1,-1,-1,-1,-1,0,1,10500000,111000000,1,0.0,1.0,0,0,0,1
1,18.0,36,0,0,0,0,0,0,1,0,2917500,113175000,0,-1.0,-1.8369701987210297e-16,1,0,0,0
1,51.0,54,1,1,-1,1,1,-1,0,1,10485000,582495000,0,-0.4999999999999997,-0.8660254037844388,0,0,1,0
1,25.0,23,-1,1,-1,1,-1,-1,1,0,8955000,212130000,0,0.8660254037844387,-0.4999999999999998,0,0,1,0
0,49.0,41,1,1,1,-1,1,-1,1,1,11752500,481680000,0,0.0,1.0,0,0,1,0
1,40.0,5,-1,-1,-1,-1,-1,-1,0,1,10717500,55740000,0,0.49999999999999994,0.8660254037844387,0,0,0,1
1,29.0,27,-1,1,1,-1,-1,1,1,1,6877500,186960000,0,0.0,1.0,0,0,1,0
0,35.0,1,-1,-1,-1,1,1,1,0,1,14377500,14377500,0,0.0,1.0,0,0,0,1
0,48.0,67,1,-1,-1,1,-1,-1,1,0,5355000,381855000,0,1.2246467991473532e-16,-1.0,0,0,1,0
0,41.0,72,1,1,1,1,1,1,1,1,13432500,967327500,0,0.8660254037844387,-0.4999999999999998,0,1,0,0
0,47.0,56,0,0,0,0,0,0,1,1,3742500,220335000,0,1.0,6.123233995736766e-17,1,0,0,0
1,64.0,44,0,0,0,0,0,0,1,0,3727500,152040000,0,0.49999999999999994,0.8660254037844387,1,0,0,0
0,21.0,66,-1,1,-1,-1,1,1,0,1,15120000,1003612500,0,-0.8660254037844386,0.5000000000000001,0,0,0,1
0,59.0,34,1,1,-1,1,-1,-1,1,1,9660000,313312500,1,0.49999999999999994,-0.8660254037844387,0,1,0,0
0,41.0,69,-1,-1,1,1,1,1,1,0,15802500,1086097500,0,1.0,6.123233995736766e-17,0,0,0,1
0,29.0,1,1,-1,1,-1,1,1,0,1,15367500,15367500,1,0.8660254037844386,0.5000000000000001,0,0,0,1
0,24.0,40,0,0,0,0,0,0,1,0,2947500,124537500,0,-1.0,-1.8369701987210297e-16,1,0,0,0
1,38.0,30,1,-1,-1,-1,-1,-1,0,1,8167500,238305000,0,-0.8660254037844385,-0.5000000000000004,0,0,1,0
0,51.0,11,-1,-1,-1,1,1,1,0,0,10575000,124395000,0,-0.8660254037844386,0.5000000000000001,0,0,1,0
0,38.0,15,0,0,0,0,0,0,1,0,3015000,45367500,0,-0.8660254037844386,0.5000000000000001,1,0,0,0
1,58.0,11,-1,-1,1,-1,1,1,0,1,10402500,106837500,0,0.8660254037844386,0.5000000000000001,0,1,0,0
0,23.0,64,0,0,0,0,0,0,1,0,2970000,200497500,0,1.0,6.123233995736766e-17,1,0,0,0
1,40.0,72,1,1,1,1,1,-1,1,0,11160000,804112500,0,1.2246467991473532e-16,-1.0,0,0,1,0
1,25.0,72,1,1,1,1,-1,-1,1,1,13957500,1010257500,0,-0.4999999999999997,-0.8660254037844388,0,0,0,1
0,44.0,1,1,-1,-1,-1,-1,-1,0,0,7680000,7680000,0,-0.5000000000000004,0.8660254037844384,0,0,1,0
0,51.0,15,1,1,1,1,-1,-1,1,0,9840000,151500000,0,-0.8660254037844385,-0.5000000000000004,0,0,1,0
0,35.0,60,-1,-1,1,1,1,1,1,0,12082500,727057500,0,0.0,1.0,0,0,1,0
1,18.0,56,1,-1,1,-1,-1,-1,1,0,7905000,452955000,0,-0.5000000000000004,0.8660254037844384,0,1,0,0
0,42.0,8,0,0,0,0,0,0,1,0,3127500,24247500,0,-0.5000000000000004,0.8660254037844384,1,0,0,0
0,45.0,3,-1,-1,1,1,-1,-1,0,0,12015000,32632500,1,1.0,6.123233995736766e-17,0,0,0,1
0,45.0,49,-1,-1,-1,-1,-1,-1,0,1,7822500,387562500,0,-0.8660254037844386,0.5000000000000001,0,1,0,0
0,55.0,2,-1,-1,-1,-1,1,-1,0,1,12030000,21907500,1,-0.4999999999999997,-0.8660254037844388,0,0,0,1
0,27.0,6,1,1,1,1,-1,1,0,1,14722500,85117500,1,0.49999999999999994,0.8660254037844387,0,0,0,1
1,48.0,70,1,1,1,1,1,1,1,1,17242500,1156687500,0,0.8660254037844386,0.5000000000000001,0,0,0,1
1,54.0,12,-1,1,1,1,1,1,0,1,16942500,207712500,1,-0.4999999999999997,-0.8660254037844388,0,0,0,1
1,19.0,52,1,-1,1,1,1,1,1,1,15667500,822187500,0,-0.8660254037844385,-0.5000000000000004,0,0,0,1
0,44.0,72,1,1,1,1,1,1,1,1,17047500,1218630000,0,0.8660254037844386,0.5000000000000001,0,0,0,1
0,34.0,40,0,0,0,0,0,0,1,1,3090000,124095000,0,-1.0,-1.8369701987210297e-16,1,0,0,0
0,39.0,1,-1,-1,-1,-1,-1,-1,0,0,10635000,10635000,1,-1.0,-1.8369701987210297e-16,0,0,0,1
0,44.0,3,-1,-1,1,-1,1,-1,0,1,13027500,33142500,1,0.8660254037844386,0.5000000000000001,0,0,0,1
0,34.0,40,-1,-1,-1,-1,1,1,0,1,13732500,551040000,0,-0.8660254037844386,0.5000000000000001,0,0,0,1
1,32.0,1,-1,-1,1,-1,-1,-1,0,1,7477500,7477500,0,1.2246467991473532e-16,-1.0,0,0,1,0
1,40.0,30,0,0,0,0,0,0,1,0,2970000,86497500,0,1.2246467991473532e-16,-1.0,1,0,0,0
1,27.0,23,1,-1,-1,1,1,1,0,1,14977500,349695000,1,0.0,1.0,0,0,0,1
1,27.0,1,-1,-1,-1,-1,-1,-1,0,1,11175000,11175000,1,0.0,1.0,0,0,0,1
0,48.0,44,-1,-1,1,1,1,1,0,0,15622500,674347500,0,-1.0,-1.8369701987210297e-16,0,0,0,1
1,26.0,65,-1,1,1,1,1,1,0,1,16372500,1041180000,1,-0.5000000000000004,0.8660254037844384,0,0,0,1
0,48.0,7,1,-1,-1,-1,-1,-1,0,1,7230000,51052500,0,0.49999999999999994,0.8660254037844387,0,1,0,0
1,46.0,72,0,0,0,0,0,0,1,1,3765000,268485000,0,-1.0,-1.8369701987210297e-16,1,0,0,0
0,19.0,8,-1,-1,-1,1,1,1,0,1,15022500,136282500,0,1.0,6.123233995736766e-17,0,0,0,1
0,32.0,16,-1,-1,1,-1,-1,1,0,1,9780000,156502500,1,1.2246467991473532e-16,-1.0,0,0,1,0
1,54.0,66,-1,-1,1,-1,1,1,0,1,14925000,1023322500,1,0.0,1.0,0,0,0,1
1,28.0,1,-1,-1,-1,-1,-1,-1,0,1,10732500,10732500,1,0.8660254037844387,-0.4999999999999998,0,0,0,1
1,34.0,3,1,-1,1,-1,-1,-1,0,0,8385000,23632500,0,0.8660254037844387,-0.4999999999999998,0,0,1,0
1,46.0,53,1,-1,1,-1,-1,1,0,0,14085000,754380000,1,-0.8660254037844386,0.5000000000000001,0,0,0,1
1,49.0,8,-1,-1,1,1,-1,1,0,1,9660000,87255000,0,1.0,6.123233995736766e-17,0,0,1,0
1,37.0,69,-1,1,1,1,1,1,1,1,16260000,1097730000,1,0.49999999999999994,-0.8660254037844387,0,0,0,1
0,33.0,5,-1,1,-1,-1,1,-1,0,1,12795000,63067500,0,-0.4999999999999997,-0.8660254037844388,0,0,0,1
0,57.0,72,1,-1,1,1,1,1,1,0,16117500,1136505000,0,1.2246467991473532e-16,-1.0,0,0,0,1
0,61.0,13,-1,-1,1,-1,1,1,0,1,7312500,95010000,1,-0.4999999999999997,-0.8660254037844388,0,0,1,0
0,52.0,4,-1,-1,-1,-1,1,-1,0,1,12847500,48247500,1,-1.0,-1.8369701987210297e-16,0,0,0,1
0,41.0,54,1,1,1,1,1,1,1,0,13695000,744750000,0,-1.0,-1.8369701987210297e-16,0,0,1,0
1,30.0,72,-1,1,1,1,1,1,1,0,12892500,922785000,0,0.0,1.0,0,0,1,0
1,30.0,12,-1,1,1,-1,1,1,0,1,16005000,188085000,1,0.8660254037844387,-0.4999999999999998,0,0,0,1
1,46.0,1,-1,-1,-1,-1,-1,-1,0,1,3772500,3772500,1,1.2246467991473532e-16,-1.0,0,0,1,0
1,45.0,1,-1,-1,-1,-1,-1,-1,0,0,6780000,6780000,0,1.0,6.123233995736766e-17,0,0,1,0
0,57.0,54,-1,1,1,1,1,1,1,0,16552500,883972500,1,0.49999999999999994,-0.8660254037844387,0,0,0,1
1,48.0,69,-1,-1,1,-1,-1,-1,1,1,11880000,813097500,0,0.49999999999999994,0.8660254037844387,0,0,0,1
0,22.0,48,1,1,-1,-1,-1,-1,1,0,8325000,394102500,0,0.49999999999999994,-0.8660254037844387,0,0,1,0
0,53.0,48,1,1,-1,-1,1,1,1,1,15487500,755632500,1,-0.8660254037844386,0.5000000000000001,0,0,0,1
0,28.0,8,-1,-1,-1,1,-1,1,0,1,13537500,111562500,0,-0.4999999999999997,-0.8660254037844388,0,0,0,1
1,35.0,71,1,1,1,1,1,1,1,1,13687500,988440000,0,-0.8660254037844386,0.5000000000000001,0,0,1,0
1,43.0,2,1,-1,-1,-1,-1,-1,0,1,7170000,13867500,1,-0.8660254037844385,-0.5000000000000004,0,0,1,0
1,64.0,67,1,1,-1,-1,1,1,1,1,15135000,1009972500,0,-0.5000000000000004,0.8660254037844384,0,0,0,1
1,75.0,34,-1,1,-1,-1,1,1,0,1,14655000,511500000,0,-0.8660254037844385,-0.5000000000000004,0,0,0,1
0,47.0,3,-1,-1,-1,-1,-1,-1,0,1,10477500,29977500,0,0.8660254037844386,0.5000000000000001,0,0,0,1
0,38.0,9,-1,1,-1,1,1,-1,1,1,9840000,88995000,0,0.8660254037844386,0.5000000000000001,0,0,1,0
1,46.0,71,1,1,1,-1,1,1,1,1,15697500,1093260000,0,-0.8660254037844385,-0.5000000000000004,0,0,0,1
1,51.0,57,-1,-1,-1,1,1,-1,1,1,13567500,784470000,0,0.49999999999999994,-0.8660254037844387,0,0,0,1
1,36.0,72,1,1,1,1,1,1,1,1,9555000,669720000,0,-0.4999999999999997,-0.8660254037844388,0,0,1,0
0,62.0,48,1,-1,1,1,1,1,0,1,15675000,760207500,0,0.8660254037844386,0.5000000000000001,0,0,0,1
1,43.0,18,0,0,0,0,0,0,1,0,3015000,60277500,0,-0.4999999999999997,-0.8660254037844388,1,0,0,0
1,46.0,43,-1,-1,1,1,1,1,1,1,15645000,667777500,0,0.49999999999999994,0.8660254037844387,0,0,0,1
0,48.0,72,1,1,1,1,1,1,1,1,13987500,1003342500,0,0.8660254037844387,-0.4999999999999998,0,1,0,0
1,45.0,35,-1,-1,-1,1,1,1,1,1,11017500,399165000,0,0.8660254037844387,-0.4999999999999998,0,1,0,0
1,50.0,4,0,0,0,0,0,0,0,0,3105000,10957500,0,0.0,1.0,1,0,0,0
0,33.0,49,0,0,0,0,0,0,1,0,3787500,181747500,0,1.0,6.123233995736766e-17,1,0,0,0
0,33.0,71,1,1,1,-1,1,-1,1,0,15075000,1054597500,0,0.8660254037844387,-0.4999999999999998,0,0,0,1
1,27.0,11,-1,-1,-1,-1,1,1,0,0,13590000,153030000,0,0.0,1.0,0,0,0,1
1,45.0,63,1,1,1,1,1,1,1,1,13410000,839647500,0,0.0,1.0,0,0,1,0
0,49.0,65,-1,1,1,-1,1,-1,0,1,14317500,933495000,0,-0.8660254037844385,-0.5000000000000004,0,0,0,1
0,45.0,49,0,0,0,0,0,0,1,0,3067500,153697500,0,-0.8660254037844385,-0.5000000000000004,1,0,0,0
0,60.0,29,-1,-1,1,-1,1,1,0,1,14790000,439980000,1,0.0,1.0,0,0,0,1
0,40.0,15,-1,-1,1,1,-1,-1,0,1,12457500,188745000,1,-0.5000000000000004,0.8660254037844384,0,0,0,1
0,48.0,4,0,0,0,0,0,0,0,1,2992500,12435000,0,1.2246467991473532e-16,-1.0,1,0,0,0
0,27.0,72,-1,1,1,1,1,1,1,0,16372500,1168440000,0,-0.4999999999999997,-0.8660254037844388,0,0,0,1
0,35.0,26,-1,-1,1,-1,1,-1,0,1,12855000,310050000,0,-1.0,-1.8369701987210297e-16,0,0,0,1
0,48.0,35,-1,-1,1,-1,1,1,0,0,15307500,517882500,0,-0.8660254037844385,-0.5000000000000004,0,0,0,1
0,50.0,57,-1,1,-1,1,-1,1,1,0,14205000,820342500,0,0.49999999999999994,0.8660254037844387,0,0,0,1
1,36.0,28,-1,1,-1,-1,-1,1,0,0,9660000,270322500,0,-0.5000000000000004,0.8660254037844384,0,0,1,0
0,39.0,25,0,0,0,0,0,0,1,1,4020000,110032500,0,-0.4999999999999997,-0.8660254037844388,1,0,0,0
0,22.0,47,1,-1,1,-1,1,-1,1,1,9907500,453217500,0,-0.8660254037844386,0.5000000000000001,0,0,1,0
0,36.0,57,1,1,-1,1,-1,-1,0,0,9780000,553177500,0,0.49999999999999994,0.8660254037844387,0,1,0,0
1,51.0,16,-1,-1,-1,-1,1,-1,0,1,12757500,208672500,0,-1.0,-1.8369701987210297e-16,0,0,0,1
1,47.0,5,1,-1,1,-1,-1,-1,0,1,8370000,41152500,0,0.0,1.0,0,1,0,0
1,46.0,17,-1,-1,-1,-1,-1,-1,0,1,10560000,182107500,1,1.0,6.123233995736766e-17,0,0,0,1
0,41.0,56,-1,1,1,-1,1,1,1,1,15712500,826597500,1,-0.5000000000000004,0.8660254037844384,0,0,0,1
1,40.0,72,0,0,0,0,0,0,1,0,2992500,198427500,0,-0.8660254037844386,0.5000000000000001,1,0,0,0
0,32.0,21,-1,-1,-1,-1,1,1,0,1,14137500,296062500,1,0.49999999999999994,-0.8660254037844387,0,0,0,1
0,48.0,48,1,-1,1,-1,-1,1,1,0,6750000,329445000,0,-0.5000000000000004,0.8660254037844384,0,1,0,0
0,45.0,68,1,1,1,1,1,1,1,0,17235000,1176532500,0,1.0,6.123233995736766e-17,0,0,0,1
0,46.0,30,1,-1,-1,1,1,1,0,0,15960000,481785000,0,0.49999999999999994,-0.8660254037844387,0,0,0,1
0,34.0,3,-1,-1,-1,-1,-1,-1,0,1,6915000,19522500,0,-0.8660254037844385,-0.5000000000000004,0,1,0,0
0,18.0,14,1,-1,1,1,-1,-1,1,0,5955000,103852500,0,0.8660254037844387,-0.4999999999999998,0,0,1,0
0,53.0,4,0,0,0,0,0,0,0,1,3007500,12825000,0,0.49999999999999994,-0.8660254037844387,1,0,0,0
0,34.0,71,-1,1,1,-1,-1,1,1,1,14362500,1027410000,0,1.0,6.123233995736766e-17,0,0,0,1
1,30.0,8,0,0,0,0,0,0,1,0,3660000,30592500,0,0.49999999999999994,-0.8660254037844387,1,0,0,0
1,48.0,61,1,-1,1,-1,-1,-1,0,0,5040000,317580000,0,0.0,1.0,0,0,1,0
1,35.0,72,-1,1,1,1,-1,-1,1,0,13567500,984877500,0,-0.8660254037844385,-0.5000000000000004,0,0,0,1
0,53.0,5,-1,-1,-1,-1,1,-1,0,1,12600000,63712500,0,0.49999999999999994,0.8660254037844387,0,0,0,1
0,47.0,49,1,1,1,1,-1,-1,1,0,10110000,496027500,0,0.8660254037844387,-0.4999999999999998,0,0,1,0
1,48.0,8,0,0,0,0,0,0,0,1,2955000,25335000,0,-0.8660254037844385,-0.5000000000000004,1,0,0,0
1,24.0,3,-1,-1,-1,-1,-1,1,0,1,12052500,38070000,0,-0.5000000000000004,0.8660254037844384,0,0,0,1
1,55.0,9,0,0,0,0,0,0,1,0,2940000,29610000,0,-0.5000000000000004,0.8660254037844384,1,0,0,0
1,43.0,67,1,1,-1,-1,-1,-1,1,1,8130000,575730000,0,1.2246467991473532e-16,-1.0,0,0,1,0
1,36.0,46,-1,-1,-1,-1,-1,-1,0,1,6780000,309772500,0,0.8660254037844386,0.5000000000000001,0,0,1,0
0,42.0,67,1,1,1,-1,-1,1,1,0,11265000,759667500,0,0.0,1.0,0,0,1,0
0,19.0,55,0,0,0,0,0,0,1,0,2955000,171007500,0,-0.5000000000000004,0.8660254037844384,1,0,0,0
1,45.0,33,1,1,1,-1,1,-1,0,1,10912500,367117500,0,-0.8660254037844385,-0.5000000000000004,0,0,1,0
1,28.0,62,0,0,0,0,0,0,1,0,3007500,189585000,0,-1.0,-1.8369701987210297e-16,1,0,0,0
0,24.0,1,-1,-1,-1,-1,-1,-1,0,0,6892500,6892500,1,0.49999999999999994,-0.8660254037844387,0,0,1,0
1,22.0,49,1,-1,-1,-1,-1,1,0,1,5880000,275722500,0,-0.8660254037844386,0.5000000000000001,0,1,0,0
1,53.0,1,-1,-1,-1,-1,-1,-1,0,1,6712500,6712500,0,0.8660254037844386,0.5000000000000001,0,0,1,0
1,32.0,14,-1,1,1,-1,-1,-1,0,1,12397500,177750000,0,0.0,1.0,0,0,0,1
1,58.0,18,-1,-1,1,1,1,-1,0,0,14085000,261585000,0,-0.5000000000000004,0.8660254037844384,0,0,0,1
0,34.0,1,-1,-1,-1,-1,-1,-1,0,1,10522500,10522500,1,0.8660254037844387,-0.4999999999999998,0,0,0,1
0,20.0,1,-1,-1,1,-1,1,-1,0,1,12832500,12832500,1,0.49999999999999994,-0.8660254037844387,0,0,0,1
0,27.0,72,1,1,1,1,1,1,1,1,17572500,1279425000,0,-0.4999999999999997,-0.8660254037844388,0,0,0,1
1,55.0,64,1,-1,1,1,-1,1,1,0,14887500,982417500,0,-0.8660254037844386,0.5000000000000001,0,0,0,1
1,38.0,69,1,1,1,1,1,1,1,1,16882500,1170975000,0,1.2246467991473532e-16,-1.0,0,0,0,1
0,33.0,1,0,0,0,0,0,0,0,1,3855000,3855000,0,-0.8660254037844385,-0.5000000000000004,1,0,0,0
1,42.0,71,1,1,1,1,1,1,1,0,13545000,943095000,0,-0.8660254037844385,-0.5000000000000004,0,1,0,0
0,46.0,66,-1,-1,-1,1,-1,-1,1,1,7410000,487777500,0,0.49999999999999994,0.8660254037844387,0,0,1,0
1,53.0,2,0,0,0,0,0,0,0,0,2910000,7590000,0,-0.4999999999999997,-0.8660254037844388,1,0,0,0
0,57.0,71,1,1,1,1,1,1,1,1,16455000,1185637500,0,-0.8660254037844385,-0.5000000000000004,0,0,0,1
1,36.0,11,-1,1,-1,-1,1,-1,1,1,9187500,109492500,0,0.8660254037844386,0.5000000000000001,0,1,0,0
1,24.0,47,1,1,-1,-1,-1,-1,0,1,8295000,398107500,0,0.49999999999999994,-0.8660254037844387,0,0,1,0
0,35.0,35,-1,-1,-1,-1,-1,-1,0,1,10545000,362482500,1,-0.4999999999999997,-0.8660254037844388,0,0,0,1
1,43.0,32,-1,1,1,-1,1,1,0,0,15952500,528112500,1,-1.0,-1.8369701987210297e-16,0,0,0,1
1,28.0,60,-1,1,-1,1,1,1,0,1,15562500,895492500,0,-1.0,-1.8369701987210297e-16,0,0,0,1
1,29.0,11,0,0,0,0,0,0,1,0,2925000,34020000,0,0.8660254037844386,0.5000000000000001,1,0,0,0
0,44.0,29,1,1,-1,1,-1,-1,1,0,5925000,162412500,0,-0.8660254037844386,0.5000000000000001,0,0,1,0
1,39.0,21,-1,-1,-1,-1,-1,-1,0,1,3907500,84862500,0,1.0,6.123233995736766e-17,0,0,1,0
1,40.0,48,-1,-1,1,-1,-1,1,0,1,13657500,655612500,0,0.49999999999999994,0.8660254037844387,0,0,0,1
0,31.0,3,-1,1,-1,-1,-1,-1,0,0,4447500,13507500,0,-0.8660254037844385,-0.5000000000000004,0,0,1,0
0,37.0,43,-1,1,-1,-1,-1,-1,0,0,7530000,325410000,0,0.0,1.0,0,1,0,0
1,29.0,5,-1,1,1,-1,1,1,0,0,15795000,82590000,0,0.0,1.0,0,0,0,1
0,51.0,1,-1,-1,-1,-1,-1,1,0,1,8317500,8317500,0,-0.4999999999999997,-0.8660254037844388,0,1,0,0
1,52.0,71,1,-1,1,1,1,1,1,0,12817500,945127500,0,1.2246467991473532e-16,-1.0,0,0,1,0
0,18.0,8,0,0,0,0,0,0,1,0,2970000,24007500,0,-0.8660254037844385,-0.5000000000000004,1,0,0,0
1,29.0,8,-1,-1,-1,-1,1,-1,0,1,8887500,65490000,0,0.8660254037844386,0.5000000000000001,0,1,0,0
1,22.0,20,-1,-1,1,-1,1,-1,0,1,13605000,267202500,0,0.49999999999999994,-0.8660254037844387,0,0,0,1
0,32.0,33,1,-1,1,-1,1,1,1,1,15555000,520050000,1,1.2246467991473532e-16,-1.0,0,0,0,1
1,39.0,71,-1,1,-1,-1,-1,-1,1,1,11857500,832875000,0,-1.0,-1.8369701987210297e-16,0,0,0,1
0,23.0,31,-1,-1,1,-1,1,-1,1,1,13605000,425325000,0,0.0,1.0,0,0,0,1
0,29.0,38,1,1,-1,-1,-1,1,1,0,14250000,538687500,0,0.8660254037844386,0.5000000000000001,0,0,0,1
1,28.0,1,-1,-1,-1,-1,1,1,0,1,13252500,13252500,1,0.8660254037844386,0.5000000000000001,0,0,0,1
0,42.0,2,-1,1,-1,-1,-1,-1,0,1,4537500,9562500,0,-0.8660254037844386,0.5000000000000001,0,0,1,0
0,41.0,12,-1,-1,1,-1,1,1,0,1,7477500,92572500,0,-0.8660254037844385,-0.5000000000000004,0,0,1,0
0,31.0,9,1,-1,1,1,-1,1,0,0,13950000,130537500,0,1.0,6.123233995736766e-17,0,0,0,1
1,42.0,11,-1,1,-1,1,-1,-1,0,1,8182500,90187500,0,1.2246467991473532e-16,-1.0,0,0,1,0
1,33.0,6,0,0,0,0,0,0,0,0,2955000,16747500,0,-0.8660254037844385,-0.5000000000000004,1,0,0,0
0,37.0,71,1,1,1,1,1,1,1,1,12720000,906915000,0,-0.8660254037844385,-0.5000000000000004,0,0,1,0
0,60.0,42,1,1,-1,-1,1,-1,1,1,14167500,588570000,0,-0.5000000000000004,0.8660254037844384,0,0,0,1
0,56.0,8,-1,-1,1,-1,1,1,0,1,14130000,116595000,1,0.49999999999999994,-0.8660254037844387,0,0,0,1
0,24.0,5,-1,1,-1,-1,1,1,0,1,14437500,76867500,1,1.2246467991473532e-16,-1.0,0,0,0,1
0,50.0,2,-1,-1,-1,-1,-1,-1,0,1,10605000,21217500,1,-0.8660254037844386,0.5000000000000001,0,0,0,1
0,50.0,45,0,0,0,0,0,0,1,0,3127500,133822500,0,0.49999999999999994,0.8660254037844387,1,0,0,0
1,26.0,28,-1,1,1,1,1,1,1,1,9000000,252307500,0,0.49999999999999994,-0.8660254037844387,0,0,1,0
0,50.0,43,-1,1,-1,-1,-1,-1,0,0,12067500,509835000,0,-0.8660254037844386,0.5000000000000001,0,0,0,1
1,58.0,60,1,-1,1,1,1,1,1,1,12742500,747727500,0,-1.0,-1.8369701987210297e-16,0,0,1,0
0,27.0,42,-1,1,-1,1,-1,-1,1,0,5032500,216795000,1,-0.4999999999999997,-0.8660254037844388,0,1,0,0
1,29.0,7,1,-1,1,1,-1,1,1,0,7447500,45832500,0,-0.8660254037844386,0.5000000000000001,0,0,1,0
0,52.0,25,0,0,0,0,0,0,1,1,3030000,76185000,0,0.49999999999999994,0.8660254037844387,1,0,0,0
0,43.0,40,-1,-1,-1,-1,1,1,0,1,14182500,546067500,1,0.49999999999999994,-0.8660254037844387,0,0,0,1
1,47.0,27,-1,-1,1,-1,1,1,1,1,15075000,401017500,0,1.0,6.123233995736766e-17,0,0,0,1
1,44.0,10,-1,1,-1,1,-1,-1,0,0,5362500,58470000,0,-0.8660254037844386,0.5000000000000001,0,1,0,0
0,45.0,27,-1,1,1,-1,-1,-1,0,1,12967500,360157500,0,1.0,6.123233995736766e-17,0,0,0,1
0,24.0,11,-1,-1,1,1,-1,-1,1,0,8070000,97732500,0,-0.8660254037844386,0.5000000000000001,0,0,1,0
1,53.0,4,1,-1,-1,-1,1,-1,0,0,5782500,23415000,0,0.8660254037844387,-0.4999999999999998,0,0,1,0
1,54.0,68,-1,-1,1,-1,-1,1,0,1,5985000,419452500,0,-0.4999999999999997,-0.8660254037844388,0,0,1,0
1,37.0,1,-1,-1,-1,-1,-1,-1,0,1,10507500,10507500,0,-0.8660254037844386,0.5000000000000001,0,0,0,1
0,39.0,18,0,0,0,0,0,0,1,0,3015000,61057500,0,-0.4999999999999997,-0.8660254037844388,1,0,0,0
0,22.0,57,1,1,1,-1,1,1,1,1,16942500,969750000,1,-1.0,-1.8369701987210297e-16,0,0,0,1
1,46.0,26,0,0,0,0,0,0,0,1,3045000,76687500,0,0.0,1.0,1,0,0,0
0,47.0,17,-1,1,1,-1,-1,-1,0,1,5347500,96907500,0,-0.5000000000000004,0.8660254037844384,0,0,1,0
1,39.0,1,-1,-1,-1,-1,-1,1,0,0,5385000,5385000,1,0.49999999999999994,-0.8660254037844387,0,0,1,0
1,53.0,38,-1,-1,1,-1,1,1,0,1,14887500,566572500,1,0.49999999999999994,0.8660254037844387,0,0,0,1
1,36.0,59,1,1,1,-1,-1,-1,1,1,12442500,735472500,0,-0.8660254037844385,-0.5000000000000004,0,0,0,1
1,47.0,30,1,-1,1,-1,-1,-1,1,1,8347500,248077500,0,-0.8660254037844385,-0.5000000000000004,0,0,1,0
1,28.0,2,-1,-1,-1,-1,-1,-1,0,1,3667500,7125000,1,1.0,6.123233995736766e-17,0,0,1,0
0,40.0,50,0,0,0,0,0,0,1,0,3780000,195945000,0,0.49999999999999994,0.8660254037844387,1,0,0,0
1,38.0,9,1,-1,1,1,-1,1,1,0,7620000,69540000,0,-1.0,-1.8369701987210297e-16,0,0,1,0
0,43.0,3,0,0,0,0,0,0,0,0,2947500,9097500,0,0.8660254037844386,0.5000000000000001,1,0,0,0
0,36.0,14,-1,-1,1,-1,1,-1,0,1,8970000,123727500,0,-0.8660254037844386,0.5000000000000001,0,0,1,0
0,38.0,31,1,-1,-1,-1,-1,-1,0,1,11032500,314197500,0,-0.8660254037844386,0.5000000000000001,0,0,0,1
0,50.0,7,1,1,1,-1,-1,-1,0,0,9210000,65835000,0,-0.5000000000000004,0.8660254037844384,0,1,0,0
0,35.0,8,1,-1,-1,1,1,1,0,1,15502500,127095000,1,1.2246467991473532e-16,-1.0,0,0,0,1
1,21.0,17,0,0,0,0,0,0,1,0,2985000,49462500,0,-1.0,-1.8369701987210297e-16,1,0,0,0
1,61.0,32,0,0,0,0,0,0,0,1,2917500,101182500,0,-0.8660254037844385,-0.5000000000000004,1,0,0,0
0,57.0,2,-1,-1,-1,-1,1,-1,0,0,12225000,24382500,0,-0.5000000000000004,0.8660254037844384,0,0,0,1
1,24.0,7,-1,-1,-1,-1,1,-1,0,1,12720000,82042500,1,-0.8660254037844386,0.5000000000000001,0,0,0,1
0,48.0,72,1,1,1,-1,1,1,1,0,16432500,1183087500,0,-0.8660254037844386,0.5000000000000001,0,0,0,1
0,34.0,31,-1,1,-1,-1,1,1,0,1,14992500,477997500,1,0.8660254037844386,0.5000000000000001,0,0,0,1
0,43.0,27,1,-1,-1,-1,-1,-1,0,0,11160000,295852500,0,-0.8660254037844385,-0.5000000000000004,0,0,0,1
0,44.0,18,-1,1,-1,-1,1,-1,0,1,13500000,229102500,1,-0.4999999999999997,-0.8660254037844388,0,0,0,1
1,37.0,7,-1,-1,1,-1,-1,-1,0,1,11235000,73582500,0,0.8660254037844387,-0.4999999999999998,0,0,0,1
0,31.0,14,-1,1,1,-1,1,1,0,1,15727500,229710000,1,-0.4999999999999997,-0.8660254037844388,0,0,0,1
1,32.0,11,-1,-1,1,-1,1,-1,0,1,8947500,102487500,0,0.8660254037844386,0.5000000000000001,0,0,1,0
0,29.0,72,1,-1,1,1,1,1,1,1,16567500,1208827500,0,0.49999999999999994,-0.8660254037844387,0,0,0,1
1,30.0,28,1,1,-1,-1,1,1,1,0,15915000,427110000,1,-0.8660254037844386,0.5000000000000001,0,0,0,1
1,39.0,15,-1,-1,-1,-1,-1,-1,0,1,11130000,170085000,1,-1.0,-1.8369701987210297e-16,0,0,0,1
0,31.0,4,-1,-1,-1,-1,-1,-1,0,1,11167500,44167500,0,1.2246467991473532e-16,-1.0,0,0,0,1
0,48.0,71,0,0,0,0,0,0,1,0,3682500,257872500,0,0.49999999999999994,0.8660254037844387,1,0,0,0
0,58.0,5,-1,1,-1,1,-1,1,0,1,13402500,69255000,1,1.2246467991473532e-16,-1.0,0,0,0,1
1,33.0,47,0,0,0,0,0,0,1,0,3682500,174067500,0,0.8660254037844387,-0.4999999999999998,1,0,0,0
1,43.0,57,-1,1,1,-1,1,-1,1,1,13597500,779970000,0,0.49999999999999994,0.8660254037844387,0,0,0,1
1,46.0,50,1,-1,1,-1,1,1,1,1,15757500,774495000,0,-0.5000000000000004,0.8660254037844384,0,0,0,1
1,46.0,8,0,0,0,0,0,0,0,1,3067500,24345000,0,0.0,1.0,1,0,0,0
0,41.0,48,0,0,0,0,0,0,1,0,2932500,132502500,0,1.0,6.123233995736766e-17,1,0,0,0
0,49.0,70,0,0,0,0,0,0,1,0,2955000,201225000,0,1.2246467991473532e-16,-1.0,1,0,0,0
1,46.0,1,1,1,-1,1,-1,1,0,1,10567500,10567500,0,0.49999999999999994,-0.8660254037844387,0,1,0,0
1,25.0,8,-1,-1,-1,-1,-1,1,0,1,12847500,98917500,0,-0.5000000000000004,0.8660254037844384,0,0,0,1
0,50.0,1,-1,-1,-1,-1,-1,-1,0,1,11572500,11572500,1,-0.8660254037844386,0.5000000000000001,0,0,0,1
1,51.0,1,-1,-1,-1,-1,-1,1,0,1,5287500,5287500,1,0.8660254037844387,-0.4999999999999998,0,0,1,0
1,31.0,60,0,0,0,0,0,0,1,0,3082500,180757500,0,1.0,6.123233995736766e-17,1,0,0,0
1,40.0,49,-1,-1,-1,1,1,1,1,1,14692500,737685000,0,-1.0,-1.8369701987210297e-16,0,0,0,1
1,48.0,4,-1,1,-1,-1,1,1,0,1,7282500,30150000,1,0.0,1.0,0,0,1,0
0,37.0,29,0,0,0,0,0,0,1,0,3000000,89895000,0,0.49999999999999994,0.8660254037844387,1,0,0,0
0,53.0,67,0,0,0,0,0,0,1,1,3787500,259972500,0,-0.5000000000000004,0.8660254037844384,1,0,0,0
0,68.0,53,-1,1,-1,-1,1,1,0,1,14760000,772425000,1,0.49999999999999994,0.8660254037844387,0,0,0,1
1,31.0,67,1,1,1,1,-1,-1,1,0,10635000,701565000,0,0.8660254037844387,-0.4999999999999998,0,1,0,0
0,23.0,6,0,0,0,0,0,0,0,0,2977500,17895000,0,-0.5000000000000004,0.8660254037844384,1,0,0,0
0,44.0,47,-1,1,1,-1,1,1,0,1,15952500,727365000,0,0.8660254037844386,0.5000000000000001,0,0,0,1
0,49.0,53,1,1,1,1,-1,1,1,0,14925000,813637500,0,-0.8660254037844386,0.5000000000000001,0,0,0,1
1,37.0,69,1,1,1,1,1,1,1,1,12705000,881835000,0,0.8660254037844387,-0.4999999999999998,0,0,1,0
1,57.0,3,1,-1,-1,-1,-1,1,0,1,12907500,36727500,0,-0.8660254037844385,-0.5000000000000004,0,0,0,1
1,24.0,4,-1,-1,-1,-1,-1,-1,0,0,6682500,33112500,0,1.0,6.123233995736766e-17,0,1,0,0
1,48.0,56,1,1,-1,1,-1,1,1,1,11377500,639180000,0,-1.0,-1.8369701987210297e-16,0,0,1,0
1,33.0,59,-1,-1,-1,-1,1,1,0,1,14077500,836212500,1,0.8660254037844387,-0.4999999999999998,0,0,0,1
1,61.0,61,0,0,0,0,0,0,1,0,3750000,225262500,0,-0.8660254037844386,0.5000000000000001,1,0,0,0
0,64.0,2,-1,-1,-1,-1,-1,-1,0,1,6750000,13462500,0,0.49999999999999994,-0.8660254037844387,0,1,0,0
1,31.0,46,1,1,1,-1,1,-1,0,1,15105000,681180000,1,-0.8660254037844386,0.5000000000000001,0,0,0,1
1,33.0,12,0,0,0,0,0,0,0,0,3075000,38325000,0,-0.8660254037844385,-0.5000000000000004,1,0,0,0
0,50.0,14,-1,-1,1,-1,-1,-1,0,1,12067500,160800000,1,1.2246467991473532e-16,-1.0,0,0,0,1
0,35.0,28,-1,-1,-1,1,-1,1,1,1,13567500,376387500,0,0.0,1.0,0,0,0,1
1,39.0,24,1,1,-1,1,-1,-1,0,0,9067500,216112500,0,-1.0,-1.8369701987210297e-16,0,1,0,0
1,40.0,31,-1,-1,1,1,-1,-1,0,1,8287500,257347500,1,-0.5000000000000004,0.8660254037844384,0,1,0,0
0,18.0,68,1,1,1,1,-1,1,1,1,11767500,800002500,0,1.0,6.123233995736766e-17,0,1,0,0
1,40.0,39,-1,-1,-1,1,1,1,1,0,15082500,584302500,0,0.49999999999999994,0.8660254037844387,0,0,0,1
0,32.0,42,0,0,0,0,0,0,0,0,3052500,130485000,0,1.2246467991473532e-16,-1.0,1,0,0,0
1,34.0,13,1,-1,-1,1,1,1,0,1,8167500,106027500,1,-0.8660254037844385,-0.5000000000000004,0,0,1,0
0,57.0,6,-1,1,-1,-1,-1,1,0,1,13612500,76837500,0,0.8660254037844387,-0.4999999999999998,0,0,0,1
1,25.0,35,-1,-1,-1,-1,-1,-1,0,0,11302500,395407500,1,-0.8660254037844385,-0.5000000000000004,0,0,0,1
0,50.0,38,0,0,0,0,0,0,1,1,3037500,122212500,0,1.2246467991473532e-16,-1.0,1,0,0,0
1,37.0,18,0,0,0,0,0,0,1,0,3007500,58290000,0,0.49999999999999994,0.8660254037844387,1,0,0,0
0,37.0,4,0,0,0,0,0,0,0,0,2940000,14017500,0,-1.0,-1.8369701987210297e-16,1,0,0,0
1,49.0,27,-1,1,-1,1,-1,-1,0,1,8070000,208477500,0,-1.0,-1.8369701987210297e-16,0,0,1,0
1,44.0,41,1,1,1,-1,1,-1,1,0,10530000,434182500,0,-0.5000000000000004,0.8660254037844384,0,0,1,0
1,47.0,50,1,-1,-1,1,1,1,1,0,11325000,603840000,0,-0.5000000000000004,0.8660254037844384,0,1,0,0
1,52.0,72,0,0,0,0,0,0,1,0,3052500,203160000,0,0.49999999999999994,-0.8660254037844387,1,0,0,0
0,36.0,70,0,0,0,0,0,0,1,0,3907500,278460000,0,1.0,6.123233995736766e-17,1,0,0,0
1,33.0,44,0,0,0,0,0,0,1,0,3090000,138900000,0,0.0,1.0,1,0,0,0
1,27.0,2,1,-1,-1,-1,-1,-1,0,1,11355000,28380000,1,1.2246467991473532e-16,-1.0,0,0,0,1
0,30.0,34,0,0,0,0,0,0,1,1,3015000,102315000,0,-0.8660254037844385,-0.5000000000000004,1,0,0,0
0,75.0,72,0,0,0,0,0,0,1,0,3645000,266805000,0,-1.0,-1.8369701987210297e-16,1,0,0,0
1,55.0,71,0,0,0,0,0,0,1,1,3675000,272430000,0,0.49999999999999994,-0.8660254037844387,1,0,0,0
0,24.0,64,-1,1,1,1,1,1,1,1,16575000,1060387500,0,-1.0,-1.8369701987210297e-16,0,0,0,1
0,24.0,72,0,0,0,0,0,0,1,1,3787500,276180000,0,-0.4999999999999997,-0.8660254037844388,1,0,0,0
1,46.0,1,-1,-1,-1,-1,-1,-1,0,1,11137500,11137500,1,0.8660254037844387,-0.4999999999999998,0,0,0,1
1,47.0,29,1,-1,1,-1,-1,1,1,0,13515000,398505000,0,-0.8660254037844386,0.5000000000000001,0,0,0,1
0,47.0,23,1,-1,1,1,-1,1,1,1,10312500,253417500,0,0.0,1.0,0,0,1,0
1,37.0,52,0,0,0,0,0,0,1,0,2880000,158212500,0,1.0,6.123233995736766e-17,1,0,0,0
0,38.0,25,-1,1,-1,-1,-1,1,0,1,13455000,328132500,1,-1.0,-1.8369701987210297e-16,0,0,0,1
0,44.0,64,1,1,1,1,1,1,1,1,17265000,1100107500,0,1.0,6.123233995736766e-17,0,0,0,1
0,41.0,16,-1,-1,-1,-1,1,1,0,1,14460000,237180000,1,0.8660254037844386,0.5000000000000001,0,0,0,1
1,18.0,1,-1,-1,-1,-1,-1,-1,0,1,10425000,10425000,1,1.2246467991473532e-16,-1.0,0,0,0,1
1,37.0,24,-1,1,-1,-1,1,1,0,1,14947500,360727500,0,-0.8660254037844386,0.5000000000000001,0,0,0,1
1,30.0,2,-1,-1,1,-1,1,-1,0,1,13717500,25717500,0,0.8660254037844387,-0.4999999999999998,0,0,0,1
0,42.0,34,1,1,1,1,1,1,1,0,12712500,425917500,0,0.8660254037844386,0.5000000000000001,0,0,1,0
1,75.0,36,-1,-1,-1,-1,-1,1,0,1,12787500,469912500,1,0.8660254037844386,0.5000000000000001,0,0,0,1
1,44.0,53,-1,-1,1,1,1,1,1,1,11812500,591367500,0,1.0,6.123233995736766e-17,0,0,1,0
0,36.0,47,0,0,0,0,0,0,1,0,3037500,131010000,0,-0.5000000000000004,0.8660254037844384,1,0,0,0
1,51.0,72,0,0,0,0,0,0,1,0,2985000,229447500,0,-0.8660254037844386,0.5000000000000001,1,0,0,0
1,46.0,72,1,1,-1,1,-1,1,1,1,14662500,1048740000,0,0.8660254037844387,-0.4999999999999998,0,0,0,1
1,45.0,1,0,0,0,0,0,0,0,0,2910000,2910000,1,-0.5000000000000004,0.8660254037844384,1,0,0,0
0,47.0,9,-1,-1,-1,-1,-1,1,0,1,12495000,120495000,1,-0.8660254037844386,0.5000000000000001,0,0,0,1
0,65.0,8,-1,-1,-1,-1,1,-1,0,1,12015000,101895000,1,0.8660254037844386,0.5000000000000001,0,0,0,1
1,26.0,45,1,-1,1,-1,-1,1,1,0,9405000,418725000,1,0.49999999999999994,-0.8660254037844387,0,0,1,0
0,46.0,7,-1,-1,1,1,1,1,0,1,15060000,107250000,0,0.49999999999999994,-0.8660254037844387,0,0,0,1
0,29.0,71,0,0,0,0,0,0,1,1,3667500,252240000,0,-0.4999999999999997,-0.8660254037844388,1,0,0,0
0,47.0,41,-1,-1,1,1,1,1,1,1,15165000,602430000,0,0.49999999999999994,-0.8660254037844387,0,0,0,1
1,29.0,67,1,-1,-1,-1,1,1,1,0,7635000,492247500,0,-1.0,-1.8369701987210297e-16,0,0,1,0
1,35.0,69,1,1,1,1,-1,1,1,1,16080000,1097565000,0,-0.4999999999999997,-0.8660254037844388,0,0,0,1
0,36.0,70,1,1,1,1,1,1,1,1,13830000,971167500,0,1.2246467991473532e-16,-1.0,0,0,1,0
1,52.0,25,0,0,0,0,0,0,1,0,3795000,101452500,1,0.0,1.0,1,0,0,0
1,51.0,72,1,1,1,1,1,1,1,0,17010000,1224615000,0,0.49999999999999994,0.8660254037844387,0,0,0,1
1,25.0,34,-1,-1,-1,1,1,-1,1,1,6082500,198877500,0,1.0,6.123233995736766e-17,0,0,1,0
0,41.0,65,0,0,0,0,0,0,1,0,3900000,248227500,0,1.0,6.123233995736766e-17,1,0,0,0
0,31.0,70,1,1,1,1,1,1,1,1,16792500,1169392500,0,-0.5000000000000004,0.8660254037844384,0,0,0,1
0,25.0,72,1,-1,1,-1,1,1,1,1,8070000,592867500,0,0.0,1.0,0,0,1,0
1,37.0,35,-1,-1,-1,1,1,1,1,1,10815000,374272500,0,0.0,1.0,0,0,1,0
1,36.0,13,1,-1,-1,-1,1,1,0,0,14722500,184537500,1,0.0,1.0,0,0,0,1
0,69.0,12,1,-1,1,-1,1,1,1,0,11827500,131512500,0,0.0,1.0,0,1,0,0
0,45.0,62,1,-1,1,1,1,-1,1,1,10612500,639517500,0,-0.8660254037844386,0.5000000000000001,0,1,0,0
0,23.0,25,1,-1,-1,1,1,1,0,1,11422500,298942500,0,0.49999999999999994,0.8660254037844387,0,1,0,0
0,33.0,52,1,1,-1,1,-1,-1,1,0,5865000,297315000,0,0.0,1.0,0,0,1,0
1,52.0,8,-1,-1,-1,-1,-1,-1,0,1,10492500,84405000,0,0.49999999999999994,0.8660254037844387,0,0,0,1
1,65.0,2,0,0,0,0,0,0,0,0,3007500,5055000,0,1.2246467991473532e-16,-1.0,1,0,0,0
0,21.0,56,0,0,0,0,0,0,1,0,3007500,163515000,0,0.0,1.0,1,0,0,0
0,18.0,12,0,0,0,0,0,0,0,0,2917500,34117500,0,0.49999999999999994,0.8660254037844387,1,0,0,0
0,62.0,47,0,0,0,0,0,0,1,0,4035000,187627500,0,-0.8660254037844385,-0.5000000000000004,1,0,0,0
1,45.0,2,0,0,0,0,0,0,0,0,2880000,5580000,0,0.0,1.0,1,0,0,0
0,30.0,18,-1,-1,1,-1,-1,-1,0,1,7500000,133905000,0,0.49999999999999994,0.8660254037844387,0,1,0,0
0,46.0,8,1,-1,-1,-1,1,-1,0,1,9000000,73162500,0,-0.5000000000000004,0.8660254037844384,0,0,1,0
1,18.0,45,1,-1,1,-1,-1,-1,0,1,12682500,557092500,0,-0.8660254037844386,0.5000000000000001,0,0,0,1
1,40.0,3,-1,-1,-1,-1,-1,-1,0,0,6817500,21255000,0,-0.4999999999999997,-0.8660254037844388,0,1,0,0
0,44.0,38,0,0,0,0,0,0,1,0,3007500,101730000,0,0.8660254037844387,-0.4999999999999998,1,0,0,0
1,51.0,72,1,1,1,1,1,1,1,1,17332500,1263795000,0,0.8660254037844386,0.5000000000000001,0,0,0,1
1,28.0,46,1,1,-1,-1,-1,1,0,1,14055000,623220000,1,0.8660254037844387,-0.4999999999999998,0,0,0,1
0,41.0,71,1,1,1,-1,1,-1,1,1,14850000,1059247500,0,-0.8660254037844386,0.5000000000000001,0,0,0,1
1,29.0,66,-1,-1,-1,1,1,1,1,0,7582500,504682500,0,0.0,1.0,0,1,0,0
1,43.0,25,-1,1,1,-1,1,1,0,0,15892500,398287500,1,-0.8660254037844385,-0.5000000000000004,0,0,0,1
1,29.0,18,-1,-1,1,1,1,1,1,1,12300000,213817500,1,0.49999999999999994,-0.8660254037844387,0,0,1,0
0,35.0,13,0,0,0,0,0,0,1,1,3750000,49875000,0,-0.4999999999999997,-0.8660254037844388,1,0,0,0
0,28.0,65,1,1,1,1,1,1,1,0,13732500,894592500,0,0.8660254037844386,0.5000000000000001,0,0,1,0
1,48.0,60,-1,1,1,-1,1,-1,0,1,14362500,861435000,1,0.8660254037844386,0.5000000000000001,0,0,0,1
1,50.0,15,0,0,0,0,0,0,1,0,2902500,41827500,0,0.49999999999999994,0.8660254037844387,1,0,0,0
0,37.0,72,0,0,0,0,0,0,1,0,3727500,280777500,0,0.8660254037844386,0.5000000000000001,1,0,0,0
1,40.0,30,-1,-1,-1,-1,1,1,0,1,14107500,429967500,1,-0.4999999999999997,-0.8660254037844388,0,0,0,1
0,23.0,42,-1,-1,1,1,1,1,1,1,15060000,645547500,0,0.8660254037844387,-0.4999999999999998,0,0,0,1
0,36.0,71,0,0,0,0,0,0,1,0,3750000,262950000,0,-0.8660254037844385,-0.5000000000000004,1,0,0,0
0,39.0,1,-1,-1,-1,-1,-1,1,0,1,8212500,8212500,1,-0.4999999999999997,-0.8660254037844388,0,0,1,0
1,71.0,39,-1,-1,-1,-1,1,1,0,1,14347500,563857500,1,0.8660254037844386,0.5000000000000001,0,0,0,1
0,27.0,35,0,0,0,0,0,0,0,0,2887500,92647500,0,0.49999999999999994,0.8660254037844387,1,0,0,0
0,58.0,53,-1,1,1,1,1,1,0,1,16237500,890265000,0,1.2246467991473532e-16,-1.0,0,0,0,1
0,52.0,1,-1,-1,-1,-1,1,1,0,1,14190000,14190000,1,0.49999999999999994,0.8660254037844387,0,0,0,1
0,43.0,31,-1,-1,1,1,1,1,0,1,14835000,436695000,1,0.8660254037844386,0.5000000000000001,0,0,0,1
1,61.0,48,0,0,0,0,0,0,1,0,3022500,147442500,0,0.49999999999999994,0.8660254037844387,1,0,0,0
0,44.0,30,-1,-1,-1,1,1,1,0,1,15195000,446175000,0,-0.8660254037844385,-0.5000000000000004,0,0,0,1
1,45.0,10,0,0,0,0,0,0,0,0,3000000,29805000,0,0.8660254037844387,-0.4999999999999998,1,0,0,0
0,39.0,12,-1,1,1,-1,1,1,0,1,15795000,191347500,0,-0.4999999999999997,-0.8660254037844388,0,0,0,1
0,55.0,57,1,-1,1,1,1,-1,1,0,10477500,600450000,0,0.8660254037844387,-0.4999999999999998,0,0,1,0
0,53.0,58,1,1,-1,-1,1,-1,0,1,9787500,568740000,0,0.0,1.0,0,0,1,0
0,32.0,37,0,0,0,0,0,0,1,0,2970000,121995000,0,0.49999999999999994,-0.8660254037844387,1,0,0,0
0,24.0,44,0,0,0,0,0,0,0,0,2940000,117037500,0,1.0,6.123233995736766e-17,1,0,0,0
1,38.0,27,0,0,0,0,0,0,1,0,3007500,82935000,0,-0.8660254037844385,-0.5000000000000004,1,0,0,0
0,30.0,8,-1,-1,-1,1,-1,-1,0,0,7410000,61237500,0,-1.0,-1.8369701987210297e-16,0,0,1,0
1,39.0,3,-1,-1,-1,-1,-1,-1,0,1,11407500,34770000,1,0.8660254037844386,0.5000000000000001,0,0,0,1
0,55.0,25,-1,1,1,-1,-1,1,0,0,13260000,328672500,0,0.49999999999999994,-0.8660254037844387,0,0,0,1
0,35.0,57,-1,1,-1,-1,1,1,0,1,15090000,841755000,0,-1.0,-1.8369701987210297e-16,0,0,0,1
0,39.0,12,0,0,0,0,0,0,0,0,2917500,36937500,0,-0.5000000000000004,0.8660254037844384,1,0,0,0
0,41.0,62,0,0,0,0,0,0,1,0,3045000,194422500,0,0.8660254037844387,-0.4999999999999998,1,0,0,0
0,50.0,65,-1,1,1,1,1,1,1,1,16147500,1062427500,0,-0.8660254037844385,-0.5000000000000004,0,0,0,1
0,18.0,71,-1,-1,1,1,1,1,1,1,12067500,849337500,0,-0.8660254037844386,0.5000000000000001,0,1,0,0
0,33.0,21,-1,1,-1,-1,1,-1,1,1,8827500,182317500,0,1.2246467991473532e-16,-1.0,0,0,1,0
1,43.0,71,1,1,1,-1,1,1,1,1,16440000,1178122500,0,-0.8660254037844385,-0.5000000000000004,0,0,0,1
0,54.0,7,-1,-1,1,-1,-1,-1,0,1,11272500,78750000,0,-1.0,-1.8369701987210297e-16,0,0,0,1
0,34.0,72,1,1,1,1,-1,1,1,1,10950000,789780000,0,0.49999999999999994,0.8660254037844387,0,0,1,0
0,18.0,1,-1,-1,-1,-1,-1,-1,0,0,10515000,10515000,0,1.2246467991473532e-16,-1.0,0,0,0,1
0,47.0,72,-1,1,1,1,-1,1,1,1,14797500,1069417500,0,0.0,1.0,0,0,0,1
0,32.0,64,-1,1,1,1,1,1,1,1,16717500,1090042500,0,0.8660254037844387,-0.4999999999999998,0,0,0,1
0,26.0,72,1,1,1,1,1,1,1,1,17235000,1274505000,0,0.8660254037844386,0.5000000000000001,0,0,0,1
0,33.0,29,-1,-1,1,-1,1,1,0,0,15082500,431812500,0,0.49999999999999994,-0.8660254037844387,0,0,0,1
0,38.0,13,0,0,0,0,0,0,1,1,3060000,39195000,0,-0.8660254037844385,-0.5000000000000004,1,0,0,0
0,33.0,31,1,1,-1,-1,1,1,0,0,15652500,480840000,0,0.8660254037844387,-0.4999999999999998,0,0,0,1
1,18.0,1,-1,-1,-1,-1,-1,-1,0,1,10462500,10462500,1,-0.5000000000000004,0.8660254037844384,0,0,0,1
1,51.0,7,1,-1,-1,1,-1,-1,0,1,5175000,41887500,1,1.0,6.123233995736766e-17,0,0,1,0
1,55.0,61,-1,1,1,-1,1,1,0,1,15832500,942217500,1,-1.0,-1.8369701987210297e-16,0,0,0,1
0,48.0,39,-1,-1,1,-1,-1,-1,0,0,4515000,169695000,1,0.8660254037844387,-0.4999999999999998,0,1,0,0
1,26.0,10,-1,-1,-1,-1,-1,-1,0,1,10545000,110730000,1,0.49999999999999994,-0.8660254037844387,0,0,0,1
0,38.0,14,-1,1,-1,1,1,1,0,0,12067500,170557500,0,0.49999999999999994,0.8660254037844387,0,0,1,0
0,40.0,1,-1,1,-1,-1,-1,-1,0,1,12030000,12030000,1,-0.4999999999999997,-0.8660254037844388,0,0,0,1
0,47.0,67,1,-1,-1,1,-1,1,1,1,14152500,951217500,1,0.49999999999999994,-0.8660254037844387,0,0,0,1
0,48.0,72,1,1,1,1,1,1,1,1,13702500,1004580000,0,0.49999999999999994,-0.8660254037844387,0,0,1,0
1,31.0,6,-1,-1,-1,-1,-1,-1,0,1,6690000,39120000,1,1.0,6.123233995736766e-17,0,0,1,0
0,41.0,1,0,0,0,0,0,0,0,1,2940000,2940000,1,-0.8660254037844385,-0.5000000000000004,1,0,0,0
1,45.0,25,0,0,0,0,0,0,1,0,2985000,75817500,0,1.2246467991473532e-16,-1.0,1,0,0,0
0,57.0,33,-1,1,1,1,1,1,0,1,16567500,548317500,1,-0.8660254037844386,0.5000000000000001,0,0,0,1
1,48.0,18,1,-1,1,1,1,-1,0,1,10252500,194970000,0,0.49999999999999994,-0.8660254037844387,0,0,1,0
1,49.0,71,-1,1,1,1,1,1,1,1,11865000,834727500,0,-0.4999999999999997,-0.8660254037844388,0,0,1,0
1,41.0,28,-1,-1,-1,-1,-1,-1,1,1,7650000,207270000,0,0.8660254037844387,-0.4999999999999998,0,1,0,0
0,57.0,2,1,-1,-1,-1,-1,-1,0,0,12082500,28215000,0,1.2246467991473532e-16,-1.0,0,0,0,1
1,45.0,17,-1,1,1,1,-1,-1,0,1,10005000,161557500,0,-0.8660254037844386,0.5000000000000001,0,0,1,0
1,30.0,56,1,1,-1,-1,-1,-1,0,1,12960000,738360000,0,-0.8660254037844386,0.5000000000000001,0,0,0,1
0,57.0,60,1,1,1,-1,-1,1,1,0,7507500,436725000,0,0.0,1.0,0,1,0,0
0,48.0,33,0,0,0,0,0,0,1,0,3855000,123915000,0,-0.4999999999999997,-0.8660254037844388,1,0,0,0
0,35.0,1,1,1,-1,1,-1,-1,0,1,12510000,12510000,0,0.8660254037844386,0.5000000000000001,0,0,0,1
1,34.0,2,-1,-1,-1,-1,-1,-1,0,0,10605000,21105000,1,0.49999999999999994,-0.8660254037844387,0,0,0,1
1,44.0,63,1,-1,-1,1,-1,-1,1,1,12697500,806670000,0,0.8660254037844386,0.5000000000000001,0,0,0,1
1,46.0,7,-1,-1,1,-1,1,1,0,1,14887500,99817500,1,-0.4999999999999997,-0.8660254037844388,0,0,0,1
0,42.0,55,-1,1,1,-1,-1,1,1,1,9712500,542565000,0,-0.8660254037844386,0.5000000000000001,0,0,1,0
0,44.0,65,1,1,-1,1,1,-1,1,1,15022500,996525000,0,0.49999999999999994,-0.8660254037844387,0,0,0,1
1,60.0,1,-1,-1,-1,1,1,-1,0,1,12720000,12720000,1,0.49999999999999994,0.8660254037844387,0,0,0,1
1,53.0,63,0,0,0,0,0,0,1,0,3787500,233895000,0,-0.5000000000000004,0.8660254037844384,1,0,0,0
0,42.0,70,1,1,1,1,1,1,1,1,16950000,1198140000,0,0.8660254037844386,0.5000000000000001,0,0,0,1
0,51.0,36,1,-1,1,1,-1,-1,1,0,6097500,232102500,0,0.8660254037844386,0.5000000000000001,0,0,1,0
1,28.0,52,-1,1,1,1,1,1,1,1,15750000,814027500,1,0.8660254037844386,0.5000000000000001,0,0,0,1
1,45.0,22,1,-1,-1,-1,-1,-1,0,1,8167500,169102500,1,0.8660254037844386,0.5000000000000001,0,0,1,0
1,62.0,22,-1,1,1,1,-1,1,0,1,14242500,321420000,0,0.8660254037844387,-0.4999999999999998,0,0,0,1
0,37.0,5,1,1,-1,1,-1,-1,0,0,8985000,43177500,0,0.0,1.0,0,0,1,0
0,30.0,47,-1,-1,1,-1,-1,1,0,1,12795000,606847500,1,-0.5000000000000004,0.8660254037844384,0,0,0,1
0,32.0,33,-1,-1,-1,-1,-1,1,0,1,12502500,413677500,1,0.49999999999999994,-0.8660254037844387,0,0,0,1
1,27.0,18,-1,1,1,-1,-1,-1,0,1,5025000,90000000,1,0.8660254037844386,0.5000000000000001,0,1,0,0
0,31.0,1,0,0,0,0,0,0,0,0,2970000,2970000,0,-0.8660254037844386,0.5000000000000001,1,0,0,0
1,36.0,56,-1,1,1,1,1,1,1,1,12270000,680167500,0,-0.5000000000000004,0.8660254037844384,0,0,1,0
0,23.0,2,0,0,0,0,0,0,0,1,3000000,6135000,0,1.2246467991473532e-16,-1.0,1,0,0,0
1,40.0,35,1,-1,1,-1,-1,-1,0,1,8940000,314235000,0,1.2246467991473532e-16,-1.0,0,0,1,0
0,51.0,64,0,0,0,0,0,0,1,0,3750000,237720000,0,-0.4999999999999997,-0.8660254037844388,1,0,0,0
0,29.0,15,1,-1,1,-1,-1,-1,0,1,12652500,195397500,0,-1.0,-1.8369701987210297e-16,0,0,0,1
1,58.0,24,-1,-1,-1,-1,1,1,0,1,13552500,335775000,1,1.0,6.123233995736766e-17,0,0,0,1
1,46.0,1,-1,-1,-1,-1,-1,1,0,0,8332500,8332500,0,-0.8660254037844385,-0.5000000000000004,0,0,1,0
0,52.0,70,1,-1,-1,1,1,1,1,0,11302500,815662500,0,0.49999999999999994,-0.8660254037844387,0,0,1,0
1,32.0,1,-1,-1,-1,-1,1,1,0,1,13612500,13612500,1,-0.5000000000000004,0.8660254037844384,0,0,0,1
0,50.0,4,-1,1,-1,-1,1,-1,0,0,13440000,54847500,1,-0.5000000000000004,0.8660254037844384,0,0,0,1
0,27.0,39,-1,-1,-1,1,-1,1,1,0,8895000,331372500,0,-0.5000000000000004,0.8660254037844384,0,1,0,0
0,51.0,29,1,-1,-1,-1,-1,1,0,1,9915000,286822500,0,0.49999999999999994,0.8660254037844387,0,1,0,0
0,42.0,14,0,0,0,0,0,0,1,0,2820000,38332500,0,0.8660254037844386,0.5000000000000001,1,0,0,0
0,47.0,61,1,-1,1,1,1,1,1,0,12967500,776295000,0,0.8660254037844387,-0.4999999999999998,0,0,1,0
1,26.0,13,1,-1,-1,-1,-1,-1,0,1,7815000,100597500,0,-0.8660254037844385,-0.5000000000000004,0,0,1,0
0,29.0,66,1,1,1,1,-1,-1,1,1,7110000,476587500,0,-0.8660254037844386,0.5000000000000001,0,0,1,0
1,47.0,2,-1,-1,1,-1,1,1,0,1,7387500,13552500,1,0.0,1.0,0,0,1,0
0,29.0,59,1,1,1,-1,1,1,1,1,16372500,983662500,0,1.0,6.123233995736766e-17,0,0,0,1
1,46.0,62,1,1,-1,-1,1,-1,1,1,14242500,868777500,0,0.49999999999999994,0.8660254037844387,0,0,0,1
1,24.0,33,1,1,-1,1,-1,1,1,1,14032500,458325000,0,0.49999999999999994,0.8660254037844387,0,0,0,1
1,50.0,66,-1,1,1,1,1,1,1,1,11925000,779415000,0,0.49999999999999994,0.8660254037844387,0,0,1,0
0,25.0,72,1,1,1,1,1,1,1,0,17257500,1260750000,0,0.49999999999999994,-0.8660254037844387,0,0,0,1
1,47.0,1,0,0,0,0,0,0,0,0,2962500,2962500,1,-0.8660254037844385,-0.5000000000000004,1,0,0,0
0,48.0,19,1,1,-1,-1,-1,1,0,1,14272500,268387500,1,0.0,1.0,0,0,0,1
0,32.0,51,1,-1,-1,1,1,-1,1,1,14272500,750007500,0,-1.0,-1.8369701987210297e-16,0,0,0,1
1,47.0,63,-1,1,-1,1,1,1,0,0,15810000,1006980000,0,1.0,6.123233995736766e-17,0,0,0,1
1,43.0,27,0,0,0,0,0,0,1,0,3015000,84390000,0,1.2246467991473532e-16,-1.0,1,0,0,0
1,34.0,22,1,-1,-1,-1,1,1,0,1,15202500,347565000,1,-0.4999999999999997,-0.8660254037844388,0,0,0,1
0,28.0,4,0,0,0,0,0,0,0,0,3007500,13717500,0,-0.5000000000000004,0.8660254037844384,1,0,0,0
1,18.0,42,0,0,0,0,0,0,1,0,3105000,124327500,0,-0.8660254037844386,0.5000000000000001,1,0,0,0
0,44.0,29,0,0,0,0,0,0,1,0,3052500,92602500,0,-0.8660254037844386,0.5000000000000001,1,0,0,0
0,21.0,4,-1,-1,-1,-1,-1,-1,0,1,10507500,40035000,1,-0.8660254037844386,0.5000000000000001,0,0,0,1
1,41.0,30,0,0,0,0,0,0,1,0,2955000,93757500,0,-0.8660254037844385,-0.5000000000000004,1,0,0,0
1,37.0,4,-1,-1,-1,-1,-1,-1,0,1,11197500,45210000,1,1.2246467991473532e-16,-1.0,0,0,0,1
1,48.0,71,1,1,1,1,1,1,1,0,12817500,904485000,0,0.49999999999999994,-0.8660254037844387,0,0,1,0
1,36.0,46,1,-1,1,1,-1,-1,1,0,6060000,276405000,0,-0.5000000000000004,0.8660254037844384,0,0,1,0
1,36.0,4,-1,-1,-1,-1,-1,-1,0,0,7560000,30990000,1,-0.8660254037844386,0.5000000000000001,0,0,1,0
0,49.0,7,1,-1,-1,-1,-1,-1,0,1,11947500,90705000,1,1.0,6.123233995736766e-17,0,0,0,1
1,44.0,69,-1,1,-1,1,1,1,1,1,15780000,1107907500,0,-0.8660254037844385,-0.5000000000000004,0,0,0,1
0,44.0,72,1,1,1,-1,1,-1,1,0,15097500,1100107500,0,0.8660254037844387,-0.4999999999999998,0,0,0,1
1,46.0,19,-1,-1,1,-1,-1,-1,0,1,11977500,220762500,1,-0.8660254037844386,0.5000000000000001,0,0,0,1
1,22.0,28,-1,-1,1,1,-1,1,0,0,13650000,393922500,0,1.0,6.123233995736766e-17,0,0,0,1
1,49.0,5,-1,1,-1,-1,-1,-1,0,1,11812500,61815000,1,-0.4999999999999997,-0.8660254037844388,0,0,0,1
0,47.0,72,1,1,1,1,1,1,1,1,17512500,1241557500,0,0.49999999999999994,0.8660254037844387,0,0,0,1
1,28.0,8,-1,-1,-1,-1,1,-1,0,1,12067500,87517500,1,1.0,6.123233995736766e-17,0,0,0,1
0,37.0,7,1,-1,-1,-1,-1,1,1,1,8865000,55387500,0,1.2246467991473532e-16,-1.0,0,0,1,0
0,40.0,22,1,-1,-1,-1,-1,-1,0,1,7470000,157357500,0,0.49999999999999994,0.8660254037844387,0,1,0,0
1,38.0,72,0,0,0,0,0,0,1,0,2895000,212220000,0,0.49999999999999994,0.8660254037844387,1,0,0,0
1,44.0,8,0,0,0,0,0,0,0,0,2947500,25462500,0,0.49999999999999994,0.8660254037844387,1,0,0,0
1,57.0,52,1,1,1,1,-1,1,1,1,12210000,653167500,0,-0.8660254037844385,-0.5000000000000004,0,1,0,0
0,53.0,68,1,-1,1,1,-1,-1,1,0,5835000,407880000,0,-0.8660254037844386,0.5000000000000001,0,0,1,0
0,24.0,71,1,1,1,1,1,1,1,0,13192500,954802500,0,1.2246467991473532e-16,-1.0,0,0,1,0
1,47.0,2,0,0,0,0,0,0,0,0,2977500,7740000,0,0.8660254037844386,0.5000000000000001,1,0,0,0
0,56.0,34,-1,1,-1,1,1,-1,0,1,14452500,478537500,0,-0.8660254037844385,-0.5000000000000004,0,0,0,1
0,45.0,35,-1,-1,-1,-1,-1,-1,0,0,3622500,121875000,0,0.8660254037844387,-0.4999999999999998,0,1,0,0
0,53.0,61,0,0,0,0,0,0,1,0,2865000,171570000,0,1.0,6.123233995736766e-17,1,0,0,0
1,64.0,1,-1,-1,-1,-1,-1,-1,0,0,6600000,6600000,0,0.8660254037844386,0.5000000000000001,0,1,0,0
0,52.0,1,-1,-1,-1,-1,-1,-1,0,1,7515000,7515000,1,-1.0,-1.8369701987210297e-16,0,0,1,0
0,43.0,53,-1,-1,1,-1,-1,1,1,0,9090000,494550000,0,-0.8660254037844386,0.5000000000000001,0,0,1,0
0,53.0,72,0,0,0,0,0,0,1,0,3847500,283050000,0,-0.8660254037844385,-0.5000000000000004,1,0,0,0
1,42.0,2,-1,-1,1,-1,-1,-1,0,0,11460000,22770000,1,0.0,1.0,0,0,0,1
1,40.0,3,-1,-1,1,1,1,1,0,1,14805000,44047500,1,0.8660254037844387,-0.4999999999999998,0,0,0,1
0,36.0,13,1,-1,-1,-1,1,1,0,1,15120000,196215000,1,-0.4999999999999997,-0.8660254037844388,0,0,0,1
1,59.0,41,-1,1,1,-1,1,1,0,1,8092500,332310000,0,0.49999999999999994,0.8660254037844387,0,0,1,0
0,30.0,24,0,0,0,0,0,0,1,0,3060000,72420000,0,-0.4999999999999997,-0.8660254037844388,1,0,0,0
0,58.0,28,-1,-1,-1,-1,1,1,1,1,13515000,389842500,1,0.49999999999999994,0.8660254037844387,0,0,0,1
1,46.0,8,1,-1,-1,-1,-1,-1,0,0,4402500,32467500,0,0.49999999999999994,-0.8660254037844387,0,0,1,0
1,23.0,1,0,0,0,0,0,0,0,1,3067500,3067500,0,0.8660254037844386,0.5000000000000001,1,0,0,0
0,44.0,54,-1,-1,1,1,-1,1,1,1,14265000,759727500,0,0.49999999999999994,-0.8660254037844387,0,0,0,1
1,18.0,41,0,0,0,0,0,0,0,1,3787500,149467500,0,-0.8660254037844385,-0.5000000000000004,1,0,0,0
0,48.0,19,-1,-1,-1,-1,-1,-1,0,0,6735000,125947500,0,-1.0,-1.8369701987210297e-16,0,0,1,0
0,51.0,72,1,1,1,1,1,1,1,0,13897500,1009950000,0,-0.4999999999999997,-0.8660254037844388,0,1,0,0
1,33.0,62,1,1,1,1,-1,-1,1,1,6555000,392745000,0,0.0,1.0,0,0,1,0
0,41.0,56,1,-1,-1,1,1,1,1,1,10890000,612652500,0,1.2246467991473532e-16,-1.0,0,1,0,0
1,63.0,15,-1,-1,-1,-1,-1,-1,0,0,7732500,114825000,1,0.49999999999999994,-0.8660254037844387,0,1,0,0
1,34.0,10,-1,-1,-1,-1,-1,1,0,1,11887500,119032500,1,1.2246467991473532e-16,-1.0,0,0,0,1
1,27.0,32,0,0,0,0,0,0,1,0,2842500,92092500,0,-0.8660254037844386,0.5000000000000001,1,0,0,0
1,58.0,21,0,0,0,0,0,0,0,0,3075000,60427500,0,0.8660254037844386,0.5000000000000001,1,0,0,0
1,64.0,62,0,0,0,0,0,0,1,0,2992500,186720000,0,0.8660254037844387,-0.4999999999999998,1,0,0,0
0,40.0,2,-1,-1,-1,-1,-1,-1,0,0,3675000,6960000,0,0.49999999999999994,-0.8660254037844387,0,0,1,0
1,52.0,27,0,0,0,0,0,0,1,0,3090000,87277500,0,-0.8660254037844386,0.5000000000000001,1,0,0,0
1,56.0,5,-1,-1,-1,-1,1,1,0,1,14227500,69420000,1,-0.8660254037844386,0.5000000000000001,0,0,0,1
0,31.0,25,1,1,1,-1,1,1,1,0,9157500,231030000,0,1.2246467991473532e-16,-1.0,0,0,1,0
0,34.0,2,-1,-1,-1,-1,-1,1,0,1,12855000,25470000,1,-0.5000000000000004,0.8660254037844384,0,0,0,1
1,55.0,49,-1,1,-1,1,1,1,1,1,15997500,775215000,0,-0.8660254037844386,0.5000000000000001,0,0,0,1
0,60.0,63,1,1,1,-1,1,1,0,0,16237500,1017015000,0,-1.0,-1.8369701987210297e-16,0,0,0,1
0,47.0,4,0,0,0,0,0,0,0,0,3060000,14175000,0,0.49999999999999994,0.8660254037844387,1,0,0,0
0,29.0,1,-1,-1,-1,-1,1,-1,0,1,8295000,8295000,0,1.0,6.123233995736766e-17,0,0,1,0
1,64.0,11,0,0,0,0,0,0,0,0,3037500,31200000,0,-0.8660254037844386,0.5000000000000001,1,0,0,0
1,34.0,52,-1,-1,-1,-1,-1,-1,0,1,10942500,574462500,0,1.2246467991473532e-16,-1.0,0,0,0,1
0,36.0,60,-1,1,-1,-1,-1,1,0,0,13417500,794190000,0,-0.5000000000000004,0.8660254037844384,0,0,0,1
1,44.0,64,-1,-1,1,1,1,1,1,1,15697500,1033470000,0,1.0,6.123233995736766e-17,0,0,0,1
0,59.0,43,1,-1,1,-1,1,1,1,0,11280000,488152500,0,0.49999999999999994,-0.8660254037844387,0,0,1,0
0,50.0,61,-1,-1,-1,1,1,1,1,0,15172500,957585000,0,0.8660254037844387,-0.4999999999999998,0,0,0,1
0,45.0,1,-1,-1,-1,-1,-1,-1,0,0,6660000,6660000,1,-0.4999999999999997,-0.8660254037844388,0,0,1,0
1,46.0,5,-1,-1,-1,-1,1,1,0,1,13425000,71655000,1,-0.8660254037844386,0.5000000000000001,0,0,0,1
1,41.0,66,1,1,1,1,-1,-1,1,0,10312500,667132500,0,-0.8660254037844386,0.5000000000000001,0,0,1,0
1,47.0,67,1,1,1,1,1,1,1,1,16657500,1098157500,0,0.49999999999999994,-0.8660254037844387,0,0,0,1
0,18.0,42,-1,-1,1,1,1,1,1,1,14850000,620250000,0,1.0,6.123233995736766e-17,0,0,0,1
1,36.0,1,-1,-1,-1,-1,1,-1,0,1,12907500,12907500,1,-1.0,-1.8369701987210297e-16,0,0,0,1
0,43.0,31,0,0,0,0,0,0,1,0,3150000,104655000,0,-0.8660254037844385,-0.5000000000000004,1,0,0,0
1,26.0,7,0,0,0,0,0,0,0,1,2910000,25297500,0,1.2246467991473532e-16,-1.0,1,0,0,0
1,45.0,4,-1,-1,-1,-1,1,1,0,1,6682500,26145000,1,-0.4999999999999997,-0.8660254037844388,0,1,0,0
1,38.0,34,-1,-1,1,-1,1,1,1,0,11580000,413070000,0,-0.4999999999999997,-0.8660254037844388,0,0,1,0
1,61.0,3,0,0,0,0,0,0,1,1,2917500,10387500,0,-0.8660254037844386,0.5000000000000001,1,0,0,0
0,59.0,19,-1,-1,-1,-1,-1,-1,0,1,3727500,65220000,0,1.2246467991473532e-16,-1.0,0,0,1,0
1,34.0,31,1,-1,-1,1,-1,-1,0,0,5310000,161625000,1,0.0,1.0,0,0,1,0
0,38.0,1,-1,-1,-1,-1,1,1,0,0,14347500,14347500,1,-0.4999999999999997,-0.8660254037844388,0,0,0,1
1,39.0,3,1,-1,1,1,-1,-1,0,0,6202500,16087500,0,0.49999999999999994,-0.8660254037844387,0,1,0,0
1,35.0,46,0,0,0,0,0,0,0,0,2940000,127680000,0,0.8660254037844386,0.5000000000000001,1,0,0,0
0,42.0,1,0,0,0,0,0,0,0,0,3142500,3142500,1,-0.4999999999999997,-0.8660254037844388,1,0,0,0
0,31.0,69,1,-1,1,-1,-1,-1,1,0,12667500,877290000,0,-0.5000000000000004,0.8660254037844384,0,0,0,1
1,26.0,5,0,0,0,0,0,0,0,0,3037500,16470000,0,0.8660254037844386,0.5000000000000001,1,0,0,0
1,47.0,1,0,0,0,0,0,0,0,0,2947500,2947500,0,-1.0,-1.8369701987210297e-16,1,0,0,0
1,48.0,26,0,0,0,0,0,0,1,1,3097500,89325000,0,1.2246467991473532e-16,-1.0,1,0,0,0
0,30.0,10,-1,-1,-1,-1,-1,1,0,1,5205000,49470000,1,0.0,1.0,0,0,1,0
1,51.0,25,-1,-1,1,1,1,1,1,0,14895000,377025000,0,-0.8660254037844385,-0.5000000000000004,0,0,0,1
1,32.0,64,1,1,-1,-1,-1,-1,0,0,12157500,770302500,0,0.8660254037844386,0.5000000000000001,0,0,0,1
1,43.0,30,1,1,1,1,-1,-1,0,0,10140000,300030000,0,0.8660254037844386,0.5000000000000001,0,1,0,0
1,50.0,13,-1,-1,-1,-1,-1,-1,0,1,10522500,139762500,0,-0.4999999999999997,-0.8660254037844388,0,0,0,1
0,40.0,64,1,1,1,1,1,1,1,1,17250000,1109422500,0,0.49999999999999994,0.8660254037844387,0,0,0,1
0,45.0,46,-1,-1,1,1,-1,-1,0,1,12720000,593827500,0,-0.5000000000000004,0.8660254037844384,0,0,0,1
0,34.0,12,0,0,0,0,0,0,1,0,2955000,39135000,0,0.8660254037844386,0.5000000000000001,1,0,0,0
0,38.0,15,0,0,0,0,0,0,0,0,2962500,44595000,1,0.49999999999999994,-0.8660254037844387,1,0,0,0
1,38.0,17,-1,-1,-1,-1,1,1,0,1,13882500,227265000,1,-0.4999999999999997,-0.8660254037844388,0,0,0,1
0,31.0,13,1,-1,1,-1,-1,1,0,1,9472500,122520000,0,1.0,6.123233995736766e-17,0,1,0,0
0,38.0,67,1,1,-1,1,1,-1,1,0,11100000,730260000,0,0.49999999999999994,0.8660254037844387,0,0,1,0
1,21.0,24,-1,-1,1,-1,-1,-1,0,0,4365000,103200000,0,-0.8660254037844385,-0.5000000000000004,0,0,1,0
1,34.0,6,-1,-1,-1,1,-1,-1,0,0,7507500,43252500,0,-1.0,-1.8369701987210297e-16,0,0,1,0
1,37.0,53,1,-1,-1,1,-1,-1,1,1,9007500,484447500,1,0.0,1.0,0,0,1,0
1,37.0,16,-1,1,-1,-1,-1,-1,0,1,11145000,176737500,1,-0.5000000000000004,0.8660254037844384,0,0,0,1
1,37.0,10,0,0,0,0,0,0,0,0,3000000,27810000,0,-0.4999999999999997,-0.8660254037844388,1,0,0,0
0,39.0,13,-1,1,-1,-1,-1,-1,1,1,11197500,144937500,0,1.2246467991473532e-16,-1.0,0,0,0,1
1,46.0,9,-1,-1,-1,-1,1,-1,0,1,12802500,113790000,1,0.0,1.0,0,0,0,1
0,50.0,25,1,1,1,1,1,-1,1,0,11145000,279570000,1,0.8660254037844386,0.5000000000000001,0,0,1,0
1,32.0,7,-1,1,-1,1,-1,1,0,1,6660000,39870000,0,-1.0,-1.8369701987210297e-16,0,0,1,0
1,26.0,38,1,-1,1,1,1,1,1,1,12810000,494550000,0,-0.5000000000000004,0.8660254037844384,0,1,0,0
0,27.0,43,1,1,-1,-1,-1,1,0,1,14115000,616095000,0,0.49999999999999994,0.8660254037844387,0,0,0,1
0,34.0,4,-1,-1,1,1,1,1,0,1,14715000,59445000,1,-0.5000000000000004,0.8660254037844384,0,0,0,1
0,36.0,25,-1,1,1,1,1,1,1,0,16335000,421357500,0,0.49999999999999994,-0.8660254037844387,0,0,0,1
1,31.0,27,1,1,-1,-1,-1,-1,1,0,8430000,235132500,0,-1.0,-1.8369701987210297e-16,0,0,1,0
1,24.0,72,0,0,0,0,0,0,1,0,3915000,277717500,0,-0.5000000000000004,0.8660254037844384,1,0,0,0
1,35.0,71,1,1,-1,-1,-1,-1,1,1,12817500,904342500,0,-0.4999999999999997,-0.8660254037844388,0,0,0,1
0,42.0,24,-1,-1,1,-1,1,-1,0,1,13342500,310912500,0,0.0,1.0,0,0,0,1
0,47.0,50,1,1,-1,1,1,1,1,1,16447500,832672500,1,-0.8660254037844385,-0.5000000000000004,0,0,0,1
1,33.0,57,1,-1,1,-1,1,1,1,1,11152500,647602500,0,-0.8660254037844385,-0.5000000000000004,0,0,1,0
0,35.0,15,-1,1,-1,-1,-1,-1,0,0,7327500,110520000,0,-0.8660254037844385,-0.5000000000000004,0,1,0,0
1,29.0,4,1,-1,-1,-1,-1,-1,0,1,12015000,50422500,0,-0.8660254037844385,-0.5000000000000004,0,0,0,1
0,40.0,28,1,1,-1,-1,-1,-1,0,0,8407500,228397500,0,-0.8660254037844385,-0.5000000000000004,0,1,0,0
0,30.0,9,-1,-1,-1,-1,-1,-1,0,1,11182500,93435000,1,-0.5000000000000004,0.8660254037844384,0,0,0,1
0,47.0,55,1,-1,-1,-1,1,-1,0,1,13470000,743940000,0,-0.8660254037844385,-0.5000000000000004,0,0,0,1
1,19.0,3,-1,-1,1,-1,1,1,0,1,15142500,49492500,1,0.0,1.0,0,0,0,1
1,36.0,10,-1,-1,1,-1,1,1,0,1,14235000,157327500,1,0.49999999999999994,0.8660254037844387,0,0,0,1
1,44.0,55,0,0,0,0,0,0,1,0,2865000,150225000,0,0.49999999999999994,0.8660254037844387,1,0,0,0
0,42.0,20,0,0,0,0,0,0,0,0,3052500,66390000,0,-1.0,-1.8369701987210297e-16,1,0,0,0
0,72.0,62,-1,1,-1,1,1,1,1,1,15907500,1005525000,0,-0.8660254037844386,0.5000000000000001,0,0,0,1
1,44.0,32,-1,-1,1,1,1,1,0,1,15735000,502732500,1,0.0,1.0,0,0,0,1
0,28.0,43,0,0,0,0,0,0,1,1,2947500,116887500,0,0.8660254037844387,-0.4999999999999998,1,0,0,0
1,39.0,9,-1,-1,-1,-1,-1,-1,1,0,3615000,38970000,1,1.2246467991473532e-16,-1.0,0,1,0,0
0,19.0,60,1,1,-1,1,-1,-1,1,0,8977500,522517500,0,0.49999999999999994,-0.8660254037844387,0,0,1,0
1,39.0,58,1,1,1,-1,1,1,1,1,12915000,733575000,0,1.0,6.123233995736766e-17,0,1,0,0
1,30.0,7,0,0,0,0,0,0,1,0,2917500,20512500,0,-0.8660254037844385,-0.5000000000000004,1,0,0,0
1,51.0,2,1,-1,-1,-1,1,1,0,0,14565000,27622500,0,-0.5000000000000004,0.8660254037844384,0,0,0,1
1,33.0,37,-1,1,1,-1,-1,-1,0,0,5497500,197250000,0,0.49999999999999994,0.8660254037844387,0,0,1,0
0,39.0,65,-1,-1,1,1,1,1,1,1,15585000,1015065000,0,0.49999999999999994,-0.8660254037844387,0,0,0,1
0,32.0,39,0,0,0,0,0,0,1,0,2962500,113692500,0,-0.4999999999999997,-0.8660254037844388,1,0,0,0
1,61.0,66,-1,1,-1,1,1,1,1,1,15607500,1033500000,1,-0.4999999999999997,-0.8660254037844388,0,0,0,1
1,36.0,68,0,0,0,0,0,0,1,0,3682500,248610000,0,-1.0,-1.8369701987210297e-16,1,0,0,0
0,62.0,62,1,1,-1,1,1,-1,1,0,7305000,451282500,0,0.8660254037844386,0.5000000000000001,0,0,1,0
1,50.0,3,-1,-1,1,1,1,-1,0,1,13252500,39307500,1,1.0,6.123233995736766e-17,0,0,0,1
0,46.0,72,1,1,1,-1,1,1,1,1,16432500,1224765000,0,0.49999999999999994,-0.8660254037844387,0,0,0,1
0,44.0,41,0,0,0,0,0,0,1,0,3097500,131332500,0,0.49999999999999994,0.8660254037844387,1,0,0,0
1,45.0,29,1,-1,-1,-1,1,1,0,0,14197500,397372500,1,-0.5000000000000004,0.8660254037844384,0,0,0,1
0,18.0,4,1,1,-1,-1,-1,-1,0,0,8280000,33097500,0,1.2246467991473532e-16,-1.0,0,0,1,0
1,37.0,53,0,0,0,0,0,0,1,0,3607500,195285000,0,-1.0,-1.8369701987210297e-16,1,0,0,0
1,50.0,1,-1,-1,-1,-1,-1,-1,0,1,11160000,11160000,1,-0.5000000000000004,0.8660254037844384,0,0,0,1
0,39.0,41,1,1,1,1,-1,1,0,0,11985000,498930000,1,0.49999999999999994,0.8660254037844387,0,0,1,0
1,23.0,39,0,0,0,0,0,0,1,1,3067500,118500000,0,-0.4999999999999997,-0.8660254037844388,1,0,0,0
1,39.0,63,0,0,0,0,0,0,1,0,2887500,185647500,0,0.0,1.0,1,0,0,0
1,60.0,15,0,0,0,0,0,0,0,1,3952500,56790000,0,-0.4999999999999997,-0.8660254037844388,1,0,0,0
0,55.0,13,-1,-1,-1,-1,-1,-1,1,0,6570000,88897500,0,0.0,1.0,0,0,1,0
1,39.0,1,-1,1,-1,-1,-1,-1,0,1,7522500,7522500,0,0.8660254037844386,0.5000000000000001,0,0,1,0
1,51.0,1,0,0,0,0,0,0,1,0,3067500,3067500,0,-0.8660254037844385,-0.5000000000000004,1,0,0,0
1,36.0,8,-1,-1,-1,-1,-1,-1,0,1,10455000,84127500,1,-0.8660254037844385,-0.5000000000000004,0,0,0,1
1,20.0,60,1,1,1,-1,-1,-1,1,0,9210000,545737500,0,0.49999999999999994,-0.8660254037844387,0,0,1,0
0,29.0,12,-1,1,1,-1,1,-1,0,1,14715000,159030000,1,0.49999999999999994,0.8660254037844387,0,0,0,1
1,59.0,40,-1,1,-1,1,1,-1,1,0,10612500,438262500,0,-0.4999999999999997,-0.8660254037844388,0,1,0,0
0,37.0,66,1,1,1,-1,-1,-1,1,1,9172500,602617500,0,1.0,6.123233995736766e-17,0,0,1,0
1,37.0,42,0,0,0,0,0,0,1,0,3037500,128235000,0,0.49999999999999994,0.8660254037844387,1,0,0,0
0,36.0,66,1,1,-1,1,-1,-1,1,1,9577500,626152500,0,-0.4999999999999997,-0.8660254037844388,0,0,1,0
1,63.0,49,-1,1,-1,-1,1,1,0,0,14805000,738082500,0,-0.8660254037844385,-0.5000000000000004,0,0,0,1
0,60.0,1,0,0,0,0,0,0,0,0,3075000,3075000,1,0.8660254037844387,-0.4999999999999998,1,0,0,0
0,67.0,41,0,0,0,0,0,0,1,0,3000000,121545000,0,-1.0,-1.8369701987210297e-16,1,0,0,0
0,38.0,41,0,0,0,0,0,0,1,0,2895000,115860000,0,0.8660254037844386,0.5000000000000001,1,0,0,0
0,44.0,23,1,1,-1,1,-1,-1,0,0,12660000,290527500,0,-0.8660254037844386,0.5000000000000001,0,0,0,1
1,22.0,3,-1,-1,-1,-1,-1,-1,0,0,3765000,11970000,0,0.8660254037844386,0.5000000000000001,0,0,1,0
0,58.0,4,1,-1,1,1,-1,1,0,0,7237500,30337500,0,-0.4999999999999997,-0.8660254037844388,0,0,1,0
0,26.0,52,0,0,0,0,0,0,1,0,2977500,160575000,0,0.8660254037844387,-0.4999999999999998,1,0,0,0
0,43.0,4,1,-1,-1,-1,1,1,0,1,14940000,52147500,1,0.49999999999999994,-0.8660254037844387,0,0,0,1
0,27.0,11,-1,1,1,1,-1,1,0,1,14130000,149985000,0,-0.8660254037844385,-0.5000000000000004,0,0,0,1
0,33.0,2,1,-1,-1,-1,-1,1,0,1,9322500,16965000,0,1.0,6.123233995736766e-17,0,0,1,0
0,30.0,26,-1,1,-1,-1,-1,-1,0,0,11895000,302370000,0,-0.8660254037844386,0.5000000000000001,0,0,0,1
1,33.0,24,1,-1,1,-1,-1,-1,1,1,8437500,218137500,0,0.49999999999999994,-0.8660254037844387,0,0,1,0
0,34.0,12,0,0,0,0,0,0,0,0,3045000,37005000,0,0.8660254037844387,-0.4999999999999998,1,0,0,0
1,33.0,60,-1,-1,-1,1,1,1,0,1,14850000,902685000,0,0.8660254037844387,-0.4999999999999998,0,0,0,1
0,50.0,64,1,1,1,1,1,1,1,1,13590000,872617500,0,0.49999999999999994,-0.8660254037844387,0,0,1,0
1,27.0,66,1,1,1,1,1,1,1,1,12885000,839295000,0,1.2246467991473532e-16,-1.0,0,0,1,0
0,43.0,60,-1,-1,1,-1,-1,-1,1,1,11880000,714750000,0,-0.8660254037844386,0.5000000000000001,0,0,0,1
1,55.0,17,1,-1,1,-1,1,-1,1,1,10552500,180247500,0,-1.0,-1.8369701987210297e-16,0,1,0,0
1,34.0,42,0,0,0,0,0,0,1,0,2902500,130095000,0,1.0,6.123233995736766e-17,1,0,0,0
1,31.0,1,-1,-1,-1,-1,-1,-1,0,1,7522500,7522500,0,0.8660254037844386,0.5000000000000001,0,1,0,0
0,37.0,47,-1,1,-1,1,-1,1,1,0,9570000,451087500,0,-0.5000000000000004,0.8660254037844384,0,0,1,0
0,54.0,10,0,0,0,0,0,0,0,1,3082500,37912500,0,0.0,1.0,1,0,0,0
1,42.0,70,1,1,1,1,1,1,1,1,13282500,945975000,0,0.49999999999999994,-0.8660254037844387,0,0,1,0
1,34.0,67,-1,-1,1,-1,1,1,0,1,15210000,1026157500,0,0.0,1.0,0,0,0,1
0,46.0,1,-1,-1,-1,-1,-1,1,0,1,12292500,12292500,1,1.0,6.123233995736766e-17,0,0,0,1
1,27.0,7,-1,-1,-1,-1,-1,-1,0,1,10402500,67665000,1,-0.8660254037844385,-0.5000000000000004,0,0,0,1
1,48.0,1,-1,-1,-1,-1,-1,-1,0,0,6690000,6690000,0,1.0,6.123233995736766e-17,0,1,0,0
1,45.0,4,-1,1,-1,1,1,-1,0,1,9562500,33930000,0,-0.5000000000000004,0.8660254037844384,0,0,1,0
0,36.0,66,1,1,1,-1,1,1,1,0,16387500,1062375000,0,0.0,1.0,0,0,0,1
0,30.0,12,-1,1,-1,-1,-1,1,0,1,12690000,152602500,0,1.2246467991473532e-16,-1.0,0,0,0,1
0,29.0,24,0,0,0,0,0,0,1,0,3067500,79102500,0,0.0,1.0,1,0,0,0
1,46.0,26,-1,1,-1,-1,1,-1,0,1,12862500,321975000,0,-0.8660254037844385,-0.5000000000000004,0,0,0,1
0,55.0,6,-1,-1,-1,-1,1,1,0,1,13665000,68295000,1,0.49999999999999994,0.8660254037844387,0,0,0,1
1,32.0,57,-1,-1,1,1,1,1,1,0,16192500,895477500,0,0.8660254037844386,0.5000000000000001,0,0,0,1
1,46.0,14,-1,-1,-1,-1,1,-1,0,1,12915000,185332500,1,0.0,1.0,0,0,0,1
0,18.0,42,0,0,0,0,0,0,1,0,3442500,152137500,0,-0.4999999999999997,-0.8660254037844388,1,0,0,0
1,33.0,25,-1,-1,-1,-1,1,1,0,1,14205000,354315000,1,-0.4999999999999997,-0.8660254037844388,0,0,0,1
0,40.0,64,0,0,0,0,0,0,1,0,2917500,183847500,0,-0.8660254037844386,0.5000000000000001,1,0,0,0
1,29.0,22,-1,-1,-1,-1,-1,1,0,1,12765000,281055000,1,-0.4999999999999997,-0.8660254037844388,0,0,0,1
1,29.0,19,0,0,0,0,0,0,1,1,2955000,57975000,0,-0.8660254037844386,0.5000000000000001,1,0,0,0
0,32.0,61,-1,1,-1,-1,1,1,0,1,14872500,901507500,1,-0.5000000000000004,0.8660254037844384,0,0,0,1
1,44.0,22,-1,-1,1,-1,1,-1,0,1,13050000,277597500,0,-0.4999999999999997,-0.8660254037844388,0,0,0,1
1,38.0,70,-1,1,1,-1,1,1,0,1,15442500,1065225000,1,-0.4999999999999997,-0.8660254037844388,0,0,0,1
1,18.0,12,-1,-1,-1,-1,-1,1,0,1,11992500,156510000,0,0.8660254037844386,0.5000000000000001,0,0,0,1
0,18.0,31,1,-1,-1,1,-1,1,1,1,9600000,286612500,0,-0.5000000000000004,0.8660254037844384,0,0,1,0
0,33.0,11,-1,-1,-1,-1,1,1,0,1,9735000,107415000,0,-0.4999999999999997,-0.8660254037844388,0,0,1,0
1,45.0,68,0,0,0,0,0,0,1,0,3862500,252922500,0,-0.8660254037844386,0.5000000000000001,1,0,0,0
0,18.0,72,1,1,1,1,1,1,1,1,13522500,1007467500,0,-0.8660254037844385,-0.5000000000000004,0,0,1,0
1,34.0,67,1,1,1,1,1,1,1,1,17415000,1175977500,0,-0.8660254037844385,-0.5000000000000004,0,0,0,1
0,34.0,60,1,-1,1,1,1,1,0,1,15742500,935512500,0,-0.8660254037844386,0.5000000000000001,0,0,0,1
1,57.0,1,-1,-1,-1,-1,-1,-1,0,1,6757500,6757500,1,0.49999999999999994,-0.8660254037844387,0,0,1,0
0,35.0,1,-1,-1,-1,-1,-1,-1,0,1,10650000,10650000,1,-0.4999999999999997,-0.8660254037844388,0,0,0,1
1,45.0,58,1,1,1,-1,1,-1,1,0,7500000,437977500,0,0.49999999999999994,-0.8660254037844387,0,0,1,0
0,42.0,47,-1,-1,-1,-1,-1,-1,0,0,10582500,496387500,1,-0.8660254037844386,0.5000000000000001,0,0,0,1
0,18.0,1,-1,-1,-1,-1,-1,1,0,1,11955000,11955000,1,0.8660254037844387,-0.4999999999999998,0,0,0,1
1,49.0,1,0,0,0,0,0,0,0,0,3067500,3067500,0,0.49999999999999994,0.8660254037844387,1,0,0,0
1,43.0,22,1,1,-1,-1,-1,-1,0,0,8850000,188205000,1,0.0,1.0,0,0,1,0
0,46.0,48,1,-1,1,1,-1,-1,1,1,9052500,434460000,1,-0.5000000000000004,0.8660254037844384,0,1,0,0
0,75.0,37,0,0,0,0,0,0,1,1,2977500,107625000,0,-0.8660254037844385,-0.5000000000000004,1,0,0,0
1,18.0,13,0,0,0,0,0,0,1,1,2992500,38070000,0,1.0,6.123233995736766e-17,1,0,0,0
1,61.0,43,0,0,0,0,0,0,1,0,3967500,166507500,0,0.49999999999999994,-0.8660254037844387,1,0,0,0
0,37.0,6,1,1,1,1,1,1,1,1,9510000,52320000,0,0.49999999999999994,0.8660254037844387,0,1,0,0
1,43.0,71,1,1,1,1,1,-1,1,0,8092500,583297500,0,-1.0,-1.8369701987210297e-16,0,0,1,0
0,39.0,1,-1,-1,-1,-1,-1,-1,0,1,10387500,10387500,1,0.0,1.0,0,0,0,1
0,35.0,72,1,1,-1,-1,1,-1,1,1,14265000,1026472500,0,0.0,1.0,0,0,0,1
0,33.0,6,1,-1,-1,-1,-1,-1,0,1,11115000,67635000,0,-0.4999999999999997,-0.8660254037844388,0,0,0,1
1,44.0,12,-1,1,-1,1,-1,-1,0,0,5325000,64837500,0,1.2246467991473532e-16,-1.0,0,1,0,0
1,22.0,25,-1,-1,-1,-1,-1,-1,0,0,10642500,265102500,1,-0.8660254037844386,0.5000000000000001,0,0,0,1
0,49.0,21,-1,-1,1,1,-1,-1,1,0,11880000,261367500,0,0.49999999999999994,0.8660254037844387,0,0,0,1
0,35.0,6,-1,-1,-1,1,-1,-1,0,1,7320000,44602500,0,-0.8660254037844385,-0.5000000000000004,0,0,1,0
1,26.0,20,-1,-1,-1,-1,1,1,0,1,13350000,273067500,1,0.49999999999999994,0.8660254037844387,0,0,0,1
1,35.0,18,1,-1,-1,-1,1,1,0,1,14910000,261442500,1,-0.8660254037844386,0.5000000000000001,0,0,0,1
0,55.0,43,-1,1,-1,1,-1,-1,1,0,8317500,366637500,0,-0.8660254037844386,0.5000000000000001,0,0,1,0
0,34.0,35,0,0,0,0,0,0,1,1,3810000,142470000,0,-1.0,-1.8369701987210297e-16,1,0,0,0
0,44.0,1,-1,-1,1,-1,-1,-1,0,0,11025000,11025000,1,0.8660254037844386,0.5000000000000001,0,0,0,1
1,31.0,32,-1,1,1,-1,-1,1,0,1,14025000,445620000,0,-0.8660254037844385,-0.5000000000000004,0,0,0,1
1,49.0,52,1,1,1,1,1,1,1,0,9585000,500242500,0,0.49999999999999994,0.8660254037844387,0,1,0,0
1,48.0,32,-1,-1,-1,-1,1,1,1,1,9727500,301642500,0,0.8660254037844387,-0.4999999999999998,0,0,1,0
0,62.0,72,1,1,1,1,1,1,1,1,9570000,702645000,0,-1.0,-1.8369701987210297e-16,0,0,1,0
1,38.0,51,1,-1,-1,1,-1,1,0,1,6667500,327232500,0,-0.5000000000000004,0.8660254037844384,0,0,1,0
1,48.0,68,0,0,0,0,0,0,1,1,2992500,195487500,0,1.0,6.123233995736766e-17,1,0,0,0
1,41.0,8,-1,1,1,-1,-1,1,0,1,6502500,55710000,0,0.0,1.0,0,0,1,0
1,56.0,49,-1,1,-1,-1,1,1,1,0,7447500,361485000,0,-0.5000000000000004,0.8660254037844384,0,0,1,0
0,31.0,72,1,1,1,1,1,1,1,0,12765000,923310000,0,-0.8660254037844386,0.5000000000000001,0,0,1,0
1,49.0,9,-1,-1,-1,-1,1,1,0,1,14325000,124365000,1,1.2246467991473532e-16,-1.0,0,0,0,1
0,38.0,28,1,-1,-1,-1,1,1,0,1,13852500,390435000,1,-0.5000000000000004,0.8660254037844384,0,0,0,1
1,39.0,54,1,-1,1,-1,1,-1,0,0,13470000,700050000,0,1.2246467991473532e-16,-1.0,0,0,0,1
1,41.0,11,-1,1,-1,-1,-1,-1,0,1,11182500,123712500,1,0.49999999999999994,0.8660254037844387,0,0,0,1
0,43.0,50,-1,-1,1,1,1,1,1,0,15457500,773025000,0,1.2246467991473532e-16,-1.0,0,0,0,1
0,39.0,69,1,1,1,1,1,1,1,1,17400000,1227427500,0,-0.8660254037844386,0.5000000000000001,0,0,0,1
1,43.0,1,-1,-1,-1,-1,-1,-1,0,1,10485000,10485000,0,-0.4999999999999997,-0.8660254037844388,0,0,0,1
1,59.0,68,1,1,-1,1,-1,1,1,0,14265000,1002510000,0,-1.0,-1.8369701987210297e-16,0,0,0,1
1,52.0,40,1,1,-1,1,-1,-1,1,0,6037500,234607500,0,-0.8660254037844385,-0.5000000000000004,0,0,1,0
1,50.0,31,0,0,0,0,0,0,1,0,3862500,113340000,0,-0.8660254037844386,0.5000000000000001,1,0,0,0
0,35.0,33,-1,1,1,-1,1,1,0,1,15802500,519757500,0,0.49999999999999994,0.8660254037844387,0,0,0,1
1,29.0,55,-1,1,1,1,1,1,1,1,17040000,943905000,0,-1.0,-1.8369701987210297e-16,0,0,0,1
1,51.0,68,0,0,0,0,0,0,1,1,3600000,249645000,0,-0.8660254037844386,0.5000000000000001,1,0,0,0
0,51.0,12,0,0,0,0,0,0,0,0,2910000,29715000,0,1.0,6.123233995736766e-17,1,0,0,0
1,58.0,71,1,1,1,1,1,1,1,1,12915000,906885000,0,-0.8660254037844386,0.5000000000000001,0,0,1,0
1,33.0,40,-1,1,1,-1,1,1,0,1,15397500,616222500,0,1.2246467991473532e-16,-1.0,0,0,0,1
0,37.0,64,-1,1,1,-1,-1,1,1,1,13927500,897112500,0,0.49999999999999994,-0.8660254037844387,0,0,0,1
1,20.0,53,-1,1,-1,1,-1,1,1,0,14662500,756480000,0,-0.5000000000000004,0.8660254037844384,0,0,0,1
1,35.0,12,-1,1,1,1,-1,-1,0,1,12570000,154462500,1,0.0,1.0,0,0,0,1
1,52.0,53,-1,1,1,-1,1,1,0,1,8167500,428182500,1,-0.5000000000000004,0.8660254037844384,0,1,0,0
1,34.0,72,1,1,1,-1,1,-1,1,1,14692500,1067137500,0,0.8660254037844387,-0.4999999999999998,0,0,0,1
1,48.0,46,0,0,0,0,0,0,1,0,2992500,136057500,0,0.8660254037844387,-0.4999999999999998,1,0,0,0
1,38.0,40,0,0,0,0,0,0,1,1,3690000,146092500,0,0.49999999999999994,0.8660254037844387,1,0,0,0
1,44.0,12,1,1,-1,1,1,-1,0,1,7642500,90862500,0,0.8660254037844386,0.5000000000000001,0,0,1,0
1,26.0,9,1,-1,-1,-1,-1,-1,0,0,11340000,99232500,0,-0.5000000000000004,0.8660254037844384,0,0,0,1
0,41.0,51,-1,-1,-1,1,-1,-1,0,1,12112500,617535000,0,-1.0,-1.8369701987210297e-16,0,0,0,1
1,18.0,49,-1,1,1,-1,1,-1,0,1,13560000,674197500,0,-0.8660254037844385,-0.5000000000000004,0,0,0,1
1,38.0,41,-1,-1,1,-1,1,1,0,1,14970000,638895000,1,0.49999999999999994,-0.8660254037844387,0,0,0,1
0,20.0,56,1,-1,1,1,-1,-1,1,1,9037500,492412500,0,0.49999999999999994,-0.8660254037844387,0,1,0,0
1,54.0,4,0,0,0,0,0,0,0,1,3030000,8355000,0,0.8660254037844387,-0.4999999999999998,1,0,0,0
1,49.0,20,1,-1,-1,1,-1,1,1,1,9622500,191167500,0,-1.0,-1.8369701987210297e-16,0,0,1,0
0,46.0,26,0,0,0,0,0,0,0,1,3037500,74092500,0,0.49999999999999994,0.8660254037844387,1,0,0,0
0,58.0,20,-1,1,1,-1,1,1,0,1,15877500,335947500,1,-0.5000000000000004,0.8660254037844384,0,0,0,1
0,29.0,7,-1,-1,-1,-1,-1,-1,0,0,11317500,72112500,1,-0.4999999999999997,-0.8660254037844388,0,0,0,1
1,61.0,7,-1,-1,-1,-1,1,1,0,1,14077500,95340000,1,1.2246467991473532e-16,-1.0,0,0,0,1
1,51.0,51,-1,1,1,-1,1,1,0,1,14850000,755722500,0,0.49999999999999994,-0.8660254037844387,0,0,0,1
0,37.0,4,-1,1,-1,-1,-1,-1,0,1,12045000,48630000,0,1.0,6.123233995736766e-17,0,0,0,1
0,54.0,1,0,0,0,0,0,0,0,0,2932500,2932500,0,0.8660254037844387,-0.4999999999999998,1,0,0,0
1,27.0,27,1,1,-1,1,1,-1,0,0,15112500,419032500,0,1.0,6.123233995736766e-17,0,0,0,1
1,30.0,22,1,-1,-1,-1,1,1,0,1,15112500,314250000,1,-0.8660254037844385,-0.5000000000000004,0,0,0,1
1,33.0,12,-1,1,-1,1,-1,-1,0,1,8062500,97297500,0,0.8660254037844386,0.5000000000000001,0,0,1,0
0,34.0,3,-1,-1,-1,1,-1,-1,0,1,4650000,14257500,1,-0.8660254037844386,0.5000000000000001,0,1,0,0
0,27.0,34,0,0,0,0,0,0,1,1,3840000,137572500,0,0.49999999999999994,-0.8660254037844387,1,0,0,0
1,55.0,24,1,-1,-1,1,-1,-1,1,1,8752500,202035000,0,1.0,6.123233995736766e-17,0,0,1,0
1,37.0,51,-1,-1,1,-1,-1,-1,0,0,12000000,636352500,1,1.2246467991473532e-16,-1.0,0,0,0,1
0,44.0,14,-1,-1,-1,-1,1,1,0,1,6952500,100905000,0,0.8660254037844387,-0.4999999999999998,0,0,1,0
1,33.0,59,1,1,1,1,1,1,1,0,17062500,984187500,0,0.8660254037844387,-0.4999999999999998,0,0,0,1
1,18.0,3,-1,1,1,-1,-1,1,0,0,13560000,40267500,0,-0.8660254037844386,0.5000000000000001,0,0,0,1
0,43.0,65,1,-1,1,1,1,1,1,0,16395000,1100632500,0,0.0,1.0,0,0,0,1
1,18.0,5,-1,-1,-1,-1,-1,-1,0,1,10537500,49785000,1,0.0,1.0,0,0,0,1
0,39.0,59,1,1,1,1,1,1,1,0,13545000,779107500,0,0.49999999999999994,-0.8660254037844387,0,0,1,0
1,24.0,72,1,1,1,1,1,1,1,1,9787500,671827500,0,0.49999999999999994,-0.8660254037844387,0,0,1,0
0,64.0,62,-1,1,1,-1,1,1,0,1,15022500,942495000,1,-1.0,-1.8369701987210297e-16,0,0,0,1
1,51.0,28,1,1,-1,-1,-1,1,0,1,14175000,398910000,1,-0.5000000000000004,0.8660254037844384,0,0,0,1
1,41.0,3,-1,-1,-1,1,-1,1,0,0,9097500,29535000,0,0.8660254037844386,0.5000000000000001,0,0,1,0
1,55.0,19,0,0,0,0,0,0,0,1,3615000,65880000,0,0.49999999999999994,-0.8660254037844387,1,0,0,0
1,30.0,1,0,0,0,0,0,0,0,1,2925000,2925000,0,0.8660254037844387,-0.4999999999999998,1,0,0,0
1,47.0,24,-1,1,1,1,-1,-1,0,1,12892500,316072500,0,1.0,6.123233995736766e-17,0,0,0,1
1,42.0,57,-1,-1,1,1,-1,-1,1,1,8025000,455370000,0,1.2246467991473532e-16,-1.0,0,1,0,0
0,43.0,72,0,0,0,0,0,0,1,0,3817500,279967500,0,0.0,1.0,1,0,0,0
1,55.0,67,0,0,0,0,0,0,1,0,3075000,214642500,0,0.0,1.0,1,0,0,0
1,49.0,52,0,0,0,0,0,0,1,1,3127500,160740000,0,-1.0,-1.8369701987210297e-16,1,0,0,0
1,43.0,71,1,1,1,1,1,1,1,0,13485000,968572500,0,-0.4999999999999997,-0.8660254037844388,0,1,0,0
0,20.0,26,0,0,0,0,0,0,1,0,3900000,102607500,0,0.49999999999999994,-0.8660254037844387,1,0,0,0
0,28.0,35,1,1,1,1,1,1,1,1,16980000,587107500,0,0.8660254037844386,0.5000000000000001,0,0,0,1
0,39.0,55,-1,-1,-1,-1,-1,-1,1,1,10357500,576390000,0,0.0,1.0,0,0,0,1
0,41.0,33,0,0,0,0,0,0,1,0,3015000,100552500,0,-1.0,-1.8369701987210297e-16,1,0,0,0
1,26.0,72,1,1,1,-1,1,1,1,1,16447500,1182037500,0,-0.5000000000000004,0.8660254037844384,0,0,0,1
1,69.0,1,0,0,0,0,0,0,0,1,2880000,2880000,0,-0.8660254037844386,0.5000000000000001,1,0,0,0
1,58.0,10,-1,-1,-1,-1,-1,1,0,1,5085000,44767500,1,-0.4999999999999997,-0.8660254037844388,0,1,0,0
0,47.0,37,-1,-1,1,1,1,-1,0,0,13500000,505762500,0,0.8660254037844387,-0.4999999999999998,0,0,0,1
1,41.0,12,-1,1,-1,1,-1,-1,0,0,5100000,66367500,0,1.2246467991473532e-16,-1.0,0,0,1,0
1,37.0,1,0,0,0,0,0,0,1,0,3060000,3060000,0,0.8660254037844387,-0.4999999999999998,1,0,0,0
1,29.0,62,1,1,-1,1,-1,-1,1,1,5790000,351832500,0,-0.8660254037844386,0.5000000000000001,0,0,1,0
0,41.0,1,-1,-1,-1,-1,-1,-1,0,0,3787500,3787500,0,1.2246467991473532e-16,-1.0,0,0,1,0
0,43.0,18,1,-1,1,-1,-1,-1,0,1,9090000,173452500,0,0.49999999999999994,0.8660254037844387,0,1,0,0
1,25.0,69,-1,1,-1,-1,1,-1,0,1,13492500,921472500,1,0.49999999999999994,-0.8660254037844387,0,0,0,1
1,44.0,2,-1,1,-1,-1,-1,-1,0,1,11212500,21720000,0,-0.8660254037844385,-0.5000000000000004,0,0,0,1
1,38.0,19,0,0,0,0,0,0,0,0,3090000,62242500,0,-0.4999999999999997,-0.8660254037844388,1,0,0,0
1,18.0,12,-1,-1,-1,-1,1,-1,0,1,12667500,158932500,1,0.49999999999999994,0.8660254037844387,0,0,0,1
1,30.0,9,0,0,0,0,0,0,0,0,3060000,27270000,0,-0.4999999999999997,-0.8660254037844388,1,0,0,0
1,35.0,27,1,-1,1,1,1,1,1,0,12255000,331882500,0,-0.8660254037844386,0.5000000000000001,0,0,1,0
1,63.0,27,-1,-1,-1,1,-1,-1,0,1,11925000,327082500,1,-1.0,-1.8369701987210297e-16,0,0,0,1
1,47.0,1,-1,-1,-1,-1,1,1,0,0,13372500,13372500,1,0.0,1.0,0,0,0,1
0,24.0,24,0,0,0,0,0,0,0,1,3045000,68992500,0,1.0,6.123233995736766e-17,1,0,0,0
1,46.0,14,-1,-1,-1,-1,-1,-1,0,1,11242500,155512500,1,-0.5000000000000004,0.8660254037844384,0,0,0,1
0,21.0,32,-1,1,-1,-1,-1,-1,0,1,11160000,341542500,1,-1.0,-1.8369701987210297e-16,0,0,0,1
0,53.0,11,0,0,0,0,0,0,1,0,3000000,31792500,0,-1.0,-1.8369701987210297e-16,1,0,0,0
1,34.0,1,0,0,0,0,0,0,0,1,3750000,3750000,0,0.0,1.0,1,0,0,0
1,39.0,38,1,-1,-1,-1,-1,-1,0,1,12067500,474397500,0,-1.0,-1.8369701987210297e-16,0,0,0,1
0,56.0,9,0,0,0,0,0,0,1,0,2962500,31597500,0,0.8660254037844387,-0.4999999999999998,1,0,0,0
1,25.0,54,1,1,-1,1,-1,-1,1,1,9847500,535005000,0,-0.8660254037844385,-0.5000000000000004,0,0,1,0
0,23.0,29,-1,-1,-1,-1,1,1,1,1,10650000,312015000,0,-1.0,-1.8369701987210297e-16,0,0,1,0
1,33.0,44,-1,-1,1,-1,1,-1,0,1,13380000,606030000,0,1.2246467991473532e-16,-1.0,0,0,0,1
1,52.0,59,1,1,1,1,1,1,1,1,13012500,777900000,0,0.49999999999999994,0.8660254037844387,0,0,1,0
0,22.0,3,-1,-1,-1,-1,-1,1,0,1,8295000,29422500,1,1.0,6.123233995736766e-17,0,1,0,0
0,18.0,18,1,1,-1,1,-1,-1,1,1,9225000,163117500,0,-0.4999999999999997,-0.8660254037844388,0,0,1,0
1,35.0,67,0,0,0,0,0,0,1,0,3765000,250822500,0,0.0,1.0,1,0,0,0
0,47.0,22,-1,1,-1,1,-1,-1,0,0,8272500,180907500,1,1.2246467991473532e-16,-1.0,0,0,1,0
1,54.0,33,1,-1,-1,1,-1,-1,1,0,5107500,167092500,0,-0.4999999999999997,-0.8660254037844388,0,0,1,0
1,34.0,5,0,0,0,0,0,0,0,0,2992500,16057500,0,0.8660254037844387,-0.4999999999999998,1,0,0,0
0,35.0,2,0,0,0,0,0,0,0,0,2992500,5722500,0,-0.4999999999999997,-0.8660254037844388,1,0,0,0
1,54.0,72,1,1,1,1,1,1,1,0,13455000,950895000,0,0.8660254037844386,0.5000000000000001,0,0,1,0
1,18.0,9,0,0,0,0,0,0,0,0,3060000,27615000,0,0.49999999999999994,-0.8660254037844387,1,0,0,0
1,35.0,67,0,0,0,0,0,0,1,0,3945000,253335000,0,0.49999999999999994,0.8660254037844387,1,0,0,0
0,42.0,16,-1,-1,-1,-1,1,-1,0,1,12742500,206737500,1,-1.0,-1.8369701987210297e-16,0,0,0,1
0,45.0,8,0,0,0,0,0,0,0,1,3105000,20640000,0,0.8660254037844386,0.5000000000000001,1,0,0,0
1,34.0,5,1,1,1,1,-1,-1,0,1,6487500,32850000,1,1.2246467991473532e-16,-1.0,0,0,1,0
1,40.0,23,-1,-1,-1,-1,-1,-1,1,1,7252500,160072500,1,0.49999999999999994,0.8660254037844387,0,0,1,0
1,18.0,1,-1,-1,-1,-1,1,-1,0,1,11932500,11932500,1,-0.8660254037844385,-0.5000000000000004,0,0,0,1
0,32.0,50,-1,-1,-1,-1,-1,-1,0,1,10657500,516727500,1,-1.0,-1.8369701987210297e-16,0,0,0,1
1,45.0,17,0,0,0,0,0,0,1,0,2917500,55357500,0,1.2246467991473532e-16,-1.0,1,0,0,0
0,28.0,68,1,1,1,-1,1,1,1,1,16620000,1133040000,0,0.49999999999999994,0.8660254037844387,0,0,0,1
1,41.0,1,-1,-1,-1,-1,1,-1,0,0,12675000,12675000,1,0.8660254037844387,-0.4999999999999998,0,0,0,1
0,45.0,25,-1,-1,-1,-1,-1,-1,0,1,10395000,271965000,0,-0.8660254037844386,0.5000000000000001,0,0,0,1
1,36.0,67,1,-1,1,1,1,-1,1,1,7402500,498202500,0,-1.0,-1.8369701987210297e-16,0,1,0,0
1,42.0,32,0,0,0,0,0,0,1,0,3052500,106125000,0,-0.8660254037844385,-0.5000000000000004,1,0,0,0
0,28.0,67,1,1,-1,-1,1,1,1,1,15840000,1066822500,0,1.0,6.123233995736766e-17,0,0,0,1
1,38.0,72,1,1,1,1,1,1,1,1,9667500,696165000,0,0.8660254037844386,0.5000000000000001,0,1,0,0
1,47.0,71,-1,1,1,1,1,1,1,1,16290000,1153635000,1,0.8660254037844386,0.5000000000000001,0,0,0,1
1,42.0,1,-1,1,-1,-1,-1,-1,0,1,7485000,7485000,0,-0.5000000000000004,0.8660254037844384,0,0,1,0
1,33.0,46,-1,1,-1,-1,-1,-1,0,0,4545000,207015000,1,-0.8660254037844386,0.5000000000000001,0,0,1,0
0,43.0,2,-1,-1,1,-1,-1,-1,0,1,4560000,11797500,1,-0.8660254037844386,0.5000000000000001,0,0,1,0
0,49.0,1,-1,-1,-1,-1,-1,-1,0,1,6810000,6810000,1,0.49999999999999994,-0.8660254037844387,0,0,1,0
0,18.0,48,-1,1,1,-1,-1,1,1,1,9847500,464197500,0,1.0,6.123233995736766e-17,0,0,1,0
0,54.0,61,-1,-1,1,1,1,1,1,1,15495000,977752500,0,0.8660254037844387,-0.4999999999999998,0,0,0,1
0,36.0,32,-1,1,-1,-1,-1,1,0,0,12622500,387892500,1,0.0,1.0,0,0,0,1
0,45.0,2,-1,-1,-1,-1,-1,-1,0,0,6667500,12405000,0,0.49999999999999994,-0.8660254037844387,0,0,1,0
0,54.0,3,0,0,0,0,0,0,0,0,2962500,8827500,1,-0.8660254037844385,-0.5000000000000004,1,0,0,0
0,24.0,5,-1,-1,-1,1,-1,1,0,1,12810000,63885000,1,0.0,1.0,0,0,0,1
0,31.0,71,1,1,1,1,1,1,1,0,13485000,951405000,0,-0.5000000000000004,0.8660254037844384,0,1,0,0
1,37.0,37,1,-1,-1,-1,-1,-1,0,1,8257500,304612500,0,-0.4999999999999997,-0.8660254037844388,0,0,1,0
1,31.0,65,-1,-1,1,1,1,1,1,1,15615000,1005007500,0,0.49999999999999994,0.8660254037844387,0,0,0,1
0,61.0,67,-1,1,-1,1,1,1,1,1,15990000,1086705000,0,-0.4999999999999997,-0.8660254037844388,0,0,0,1
1,30.0,49,-1,-1,-1,-1,-1,-1,0,0,11280000,551745000,1,0.8660254037844386,0.5000000000000001,0,0,0,1
1,33.0,50,1,-1,-1,1,1,-1,1,1,10575000,522997500,0,0.49999999999999994,0.8660254037844387,0,0,1,0
1,42.0,25,0,0,0,0,0,0,1,0,2940000,61672500,0,0.8660254037844386,0.5000000000000001,1,0,0,0
0,26.0,17,-1,-1,1,-1,-1,-1,1,1,8377500,140625000,1,0.49999999999999994,-0.8660254037844387,0,0,1,0
0,35.0,64,0,0,0,0,0,0,1,1,3607500,233872500,0,1.2246467991473532e-16,-1.0,1,0,0,0
1,44.0,25,-1,-1,1,-1,1,-1,1,1,5715000,145560000,0,1.2246467991473532e-16,-1.0,0,1,0,0
1,36.0,23,-1,1,1,-1,1,1,0,1,15960000,372525000,1,0.8660254037844386,0.5000000000000001,0,0,0,1
1,39.0,24,-1,-1,1,1,-1,-1,0,0,5137500,124230000,0,-0.8660254037844386,0.5000000000000001,0,0,1,0
0,34.0,37,-1,-1,1,-1,1,1,0,1,15007500,571582500,0,-1.0,-1.8369701987210297e-16,0,0,0,1
0,22.0,21,-1,-1,-1,-1,-1,-1,0,1,10297500,223980000,0,0.49999999999999994,0.8660254037844387,0,0,0,1
1,44.0,1,-1,-1,-1,-1,-1,-1,0,1,6870000,6870000,0,-0.8660254037844385,-0.5000000000000004,0,0,1,0
0,61.0,10,-1,-1,-1,-1,-1,-1,0,1,11362500,116595000,0,-0.5000000000000004,0.8660254037844384,0,0,0,1
1,40.0,6,-1,1,-1,-1,-1,1,0,1,12660000,83452500,1,0.49999999999999994,-0.8660254037844387,0,0,0,1
1,43.0,51,1,1,-1,-1,-1,1,1,1,14460000,736657500,0,0.8660254037844386,0.5000000000000001,0,0,0,1
0,48.0,10,0,0,0,0,0,0,0,1,3082500,28102500,0,-0.8660254037844385,-0.5000000000000004,1,0,0,0
0,25.0,6,1,1,-1,1,-1,1,0,0,7642500,46140000,0,0.49999999999999994,0.8660254037844387,0,0,1,0
1,60.0,47,1,1,1,1,1,1,1,1,13575000,647752500,0,1.2246467991473532e-16,-1.0,0,1,0,0
0,42.0,61,1,1,1,1,-1,1,1,1,11910000,723082500,0,-0.4999999999999997,-0.8660254037844388,0,1,0,0
0,60.0,52,1,1,1,-1,1,1,1,1,8812500,455782500,0,1.0,6.123233995736766e-17,0,0,1,0
0,31.0,35,1,1,-1,-1,-1,-1,0,1,8917500,320535000,0,-0.8660254037844386,0.5000000000000001,0,0,1,0
1,62.0,71,-1,1,1,-1,1,1,1,1,15855000,1120822500,0,-0.5000000000000004,0.8660254037844384,0,0,0,1
0,49.0,6,1,1,-1,-1,-1,-1,0,0,8437500,58365000,1,-1.0,-1.8369701987210297e-16,0,0,1,0
1,47.0,45,1,-1,1,-1,-1,-1,1,0,7995000,344437500,0,1.0,6.123233995736766e-17,0,0,1,0
0,43.0,2,-1,-1,-1,-1,1,-1,0,1,12832500,28117500,1,0.0,1.0,0,0,0,1
0,37.0,4,-1,1,-1,-1,1,1,0,1,10297500,39187500,1,-0.4999999999999997,-0.8660254037844388,0,0,1,0
1,54.0,2,-1,-1,-1,-1,-1,-1,0,0,3645000,5767500,0,0.49999999999999994,-0.8660254037844387,0,0,1,0
1,42.0,4,-1,-1,-1,-1,1,-1,0,0,11677500,44880000,1,-0.5000000000000004,0.8660254037844384,0,0,0,1
1,18.0,51,1,-1,-1,1,-1,-1,1,0,8985000,456540000,0,-0.8660254037844386,0.5000000000000001,0,0,1,0
1,27.0,60,0,0,0,0,0,0,1,0,3592500,225960000,0,0.49999999999999994,0.8660254037844387,1,0,0,0
1,38.0,9,0,0,0,0,0,0,1,1,3022500,24555000,0,0.8660254037844387,-0.4999999999999998,1,0,0,0
1,44.0,3,-1,1,1,-1,1,1,0,1,15802500,48487500,1,0.8660254037844386,0.5000000000000001,0,0,0,1
1,39.0,17,-1,-1,1,1,-1,1,0,1,14347500,246000000,0,-0.8660254037844386,0.5000000000000001,0,0,0,1
0,55.0,8,-1,-1,-1,-1,1,-1,0,1,13057500,114315000,1,-0.8660254037844386,0.5000000000000001,0,0,0,1
1,18.0,46,1,-1,1,1,1,1,1,0,12150000,576952500,0,0.8660254037844387,-0.4999999999999998,0,0,1,0
0,42.0,68,1,1,1,1,1,1,1,1,12367500,846990000,0,1.0,6.123233995736766e-17,0,1,0,0
1,18.0,1,-1,-1,-1,-1,1,-1,0,1,8025000,8025000,1,0.49999999999999994,0.8660254037844387,0,0,1,0
0,49.0,4,0,0,0,0,0,0,1,0,3075000,11857500,0,-0.8660254037844385,-0.5000000000000004,1,0,0,0
0,39.0,1,-1,-1,-1,-1,-1,-1,0,1,3765000,3765000,1,-0.5000000000000004,0.8660254037844384,0,0,1,0
1,45.0,28,-1,1,-1,1,-1,-1,1,1,8160000,227490000,0,1.2246467991473532e-16,-1.0,0,0,1,0
0,30.0,39,-1,1,-1,-1,1,-1,1,1,8790000,333675000,0,0.8660254037844386,0.5000000000000001,0,1,0,0
1,55.0,11,-1,-1,1,-1,-1,1,0,0,12720000,133312500,0,-0.4999999999999997,-0.8660254037844388,0,0,0,1
0,53.0,71,-1,1,1,1,1,1,1,1,9210000,646552500,0,0.0,1.0,0,0,1,0
1,47.0,2,0,0,0,0,0,0,0,0,3060000,6435000,0,1.0,6.123233995736766e-17,1,0,0,0
1,38.0,30,-1,1,1,-1,-1,-1,0,1,11947500,354772500,1,0.8660254037844386,0.5000000000000001,0,0,0,1
0,47.0,17,0,0,0,0,0,0,1,0,3022500,53047500,0,-0.5000000000000004,0.8660254037844384,1,0,0,0
0,32.0,55,-1,1,1,-1,1,-1,0,1,14167500,760965000,0,-0.4999999999999997,-0.8660254037844388,0,0,0,1
0,50.0,58,1,-1,-1,-1,-1,-1,0,1,11970000,679027500,0,-0.5000000000000004,0.8660254037844384,0,0,0,1
0,60.0,5,1,-1,-1,1,-1,-1,0,0,8130000,46237500,1,0.8660254037844386,0.5000000000000001,0,0,1,0
0,53.0,1,0,0,0,0,0,0,0,1,2917500,2917500,1,-0.8660254037844386,0.5000000000000001,1,0,0,0
1,31.0,9,-1,-1,-1,-1,-1,-1,0,1,11107500,101767500,0,-0.5000000000000004,0.8660254037844384,0,0,0,1
1,44.0,26,-1,-1,-1,1,-1,-1,0,0,7372500,185595000,0,0.49999999999999994,-0.8660254037844387,0,0,1,0
0,24.0,50,0,0,0,0,0,0,1,0,2910000,153592500,0,0.8660254037844386,0.5000000000000001,1,0,0,0
0,47.0,72,1,1,1,1,1,1,1,1,17047500,1227412500,0,-0.4999999999999997,-0.8660254037844388,0,0,0,1
0,45.0,43,1,1,-1,1,1,1,1,1,15900000,679845000,0,0.8660254037844387,-0.4999999999999998,0,0,0,1
1,18.0,56,0,0,0,0,0,0,1,1,3892500,216607500,0,0.8660254037844387,-0.4999999999999998,1,0,0,0
0,26.0,1,0,0,0,0,0,0,0,0,2865000,2865000,0,0.8660254037844386,0.5000000000000001,1,0,0,0
1,37.0,72,-1,1,1,-1,1,1,1,1,15510000,1105897500,1,-0.4999999999999997,-0.8660254037844388,0,0,0,1
1,36.0,72,1,1,-1,1,-1,1,1,1,15082500,1098765000,0,-1.0,-1.8369701987210297e-16,0,0,0,1
1,25.0,36,-1,-1,-1,-1,1,1,0,1,14310000,521130000,0,-0.5000000000000004,0.8660254037844384,0,0,0,1
1,45.0,5,-1,-1,1,1,1,1,0,0,11272500,58897500,0,0.49999999999999994,-0.8660254037844387,0,0,1,0
0,43.0,13,-1,1,1,-1,-1,-1,0,1,12667500,158790000,1,-0.4999999999999997,-0.8660254037844388,0,0,0,1
0,38.0,44,-1,1,1,-1,-1,1,1,0,13372500,598612500,0,0.49999999999999994,-0.8660254037844387,0,0,0,1
0,31.0,70,-1,1,1,1,1,1,1,1,16185000,1121377500,0,-1.0,-1.8369701987210297e-16,0,0,0,1
1,53.0,44,0,0,0,0,0,0,1,0,2925000,125325000,0,0.49999999999999994,-0.8660254037844387,1,0,0,0
0,60.0,32,-1,-1,-1,-1,1,-1,0,1,12892500,394290000,1,1.0,6.123233995736766e-17,0,0,0,1
0,34.0,69,0,0,0,0,0,0,1,1,3742500,257752500,0,0.49999999999999994,0.8660254037844387,1,0,0,0
0,33.0,16,-1,-1,-1,1,1,-1,0,0,8910000,153585000,1,0.8660254037844387,-0.4999999999999998,0,0,1,0
1,46.0,68,0,0,0,0,0,0,1,0,2925000,179032500,0,-1.0,-1.8369701987210297e-16,1,0,0,0
1,36.0,16,-1,-1,-1,-1,-1,-1,0,1,10492500,180825000,0,-0.8660254037844385,-0.5000000000000004,0,0,0,1
1,38.0,68,1,1,-1,1,1,1,1,0,12427500,866467500,0,-1.0,-1.8369701987210297e-16,0,0,1,0
1,49.0,4,0,0,0,0,0,0,0,0,2850000,11835000,0,0.8660254037844387,-0.4999999999999998,1,0,0,0
0,18.0,26,1,1,-1,1,-1,-1,0,0,5827500,153772500,0,1.0,6.123233995736766e-17,0,1,0,0
0,56.0,29,-1,1,-1,-1,-1,-1,0,1,4590000,128452500,1,-0.8660254037844385,-0.5000000000000004,0,1,0,0
1,41.0,5,0,0,0,0,0,0,0,0,3052500,18300000,0,0.0,1.0,1,0,0,0
1,35.0,70,-1,1,1,-1,1,-1,1,1,14250000,990435000,0,-1.0,-1.8369701987210297e-16,0,0,0,1
1,39.0,24,1,-1,-1,1,1,1,1,0,11160000,256935000,0,-0.8660254037844385,-0.5000000000000004,0,1,0,0
0,40.0,72,1,1,1,1,-1,1,1,0,11767500,852337500,0,0.8660254037844387,-0.4999999999999998,0,0,1,0
1,19.0,1,-1,-1,-1,1,-1,-1,0,1,11145000,11145000,0,-0.8660254037844385,-0.5000000000000004,0,0,0,1
1,58.0,70,-1,1,1,1,-1,1,1,1,7657500,545272500,0,-0.4999999999999997,-0.8660254037844388,0,1,0,0
0,40.0,36,0,0,0,0,0,0,0,0,2880000,105435000,0,-0.4999999999999997,-0.8660254037844388,1,0,0,0
0,45.0,38,-1,-1,-1,1,1,1,0,1,14932500,560137500,1,-0.4999999999999997,-0.8660254037844388,0,0,0,1
0,51.0,17,-1,-1,-1,-1,-1,-1,0,1,10500000,171675000,1,-0.8660254037844386,0.5000000000000001,0,0,0,1
0,28.0,41,-1,1,1,1,1,1,1,1,16365000,668137500,0,-0.5000000000000004,0.8660254037844384,0,0,0,1
0,46.0,1,-1,-1,-1,-1,-1,-1,0,1,6795000,6795000,1,1.2246467991473532e-16,-1.0,0,0,1,0
1,37.0,2,-1,-1,-1,1,-1,-1,0,0,4477500,11340000,1,0.49999999999999994,0.8660254037844387,0,0,1,0
1,50.0,14,-1,-1,1,-1,-1,-1,0,0,11467500,167632500,0,0.8660254037844387,-0.4999999999999998,0,0,0,1
1,18.0,2,-1,1,1,1,-1,1,0,1,14265000,27037500,1,0.49999999999999994,0.8660254037844387,0,0,0,1
1,39.0,1,0,0,0,0,0,0,0,0,2970000,2970000,1,-0.8660254037844386,0.5000000000000001,1,0,0,0
1,33.0,13,-1,1,1,1,1,-1,0,1,10920000,139507500,0,-0.4999999999999997,-0.8660254037844388,0,1,0,0
1,45.0,6,0,0,0,0,0,0,0,0,2842500,16522500,0,1.2246467991473532e-16,-1.0,1,0,0,0
0,46.0,4,-1,1,-1,-1,-1,-1,0,1,11497500,50040000,1,0.8660254037844387,-0.4999999999999998,0,0,0,1
0,32.0,5,-1,1,-1,1,1,1,0,1,14872500,69757500,1,0.49999999999999994,0.8660254037844387,0,0,0,1
0,31.0,15,1,-1,1,-1,1,1,0,0,15262500,250410000,0,0.49999999999999994,0.8660254037844387,0,0,0,1
0,39.0,47,1,-1,-1,-1,-1,-1,0,0,11317500,531765000,0,0.8660254037844386,0.5000000000000001,0,0,0,1
0,29.0,8,-1,-1,1,1,-1,1,0,0,9615000,75607500,0,0.8660254037844386,0.5000000000000001,0,0,1,0
1,50.0,17,-1,-1,-1,-1,-1,-1,0,1,3847500,66030000,0,0.0,1.0,0,0,1,0
1,36.0,15,1,-1,-1,-1,-1,-1,0,0,11265000,172732500,0,0.49999999999999994,0.8660254037844387,0,0,0,1
0,18.0,26,1,-1,1,1,-1,1,1,1,14377500,371302500,0,0.8660254037844386,0.5000000000000001,0,0,0,1
0,36.0,23,1,-1,-1,-1,-1,-1,0,0,8160000,187387500,0,0.8660254037844387,-0.4999999999999998,0,0,1,0
0,28.0,4,-1,1,-1,-1,-1,-1,0,0,10912500,47662500,0,-0.4999999999999997,-0.8660254037844388,0,0,0,1
1,20.0,29,0,0,0,0,0,0,1,0,2977500,80257500,0,0.49999999999999994,-0.8660254037844387,1,0,0,0
0,25.0,25,0,0,0,0,0,0,0,0,2857500,69195000,0,0.8660254037844387,-0.4999999999999998,1,0,0,0
1,41.0,9,-1,-1,-1,-1,-1,-1,0,0,6742500,64650000,1,-0.5000000000000004,0.8660254037844384,0,0,1,0
1,56.0,18,-1,-1,1,-1,-1,-1,0,1,7432500,131752500,1,-0.4999999999999997,-0.8660254037844388,0,0,1,0
1,44.0,3,-1,-1,-1,-1,1,1,0,1,14227500,50362500,0,0.0,1.0,0,0,0,1
0,33.0,69,1,1,1,1,-1,-1,1,0,6937500,468210000,0,-0.4999999999999997,-0.8660254037844388,0,1,0,0
1,45.0,14,0,0,0,0,0,0,1,0,2902500,48720000,0,0.8660254037844386,0.5000000000000001,1,0,0,0
1,34.0,19,-1,-1,-1,-1,1,1,0,0,10440000,209182500,0,-0.5000000000000004,0.8660254037844384,0,0,1,0
1,32.0,39,-1,1,-1,-1,-1,1,0,0,13605000,511987500,0,0.8660254037844386,0.5000000000000001,0,0,0,1
1,26.0,31,-1,1,1,-1,1,1,0,1,15210000,471547500,0,-0.8660254037844386,0.5000000000000001,0,0,0,1
1,19.0,24,0,0,0,0,0,0,1,0,3037500,65962500,0,1.0,6.123233995736766e-17,1,0,0,0
1,35.0,14,-1,-1,-1,1,-1,-1,0,0,7320000,99660000,0,-0.5000000000000004,0.8660254037844384,0,0,1,0
0,42.0,64,1,1,1,1,-1,1,1,1,11152500,713932500,0,0.8660254037844386,0.5000000000000001,0,0,1,0
0,39.0,50,0,0,0,0,0,0,1,1,2902500,154950000,0,-0.8660254037844385,-0.5000000000000004,1,0,0,0
1,35.0,52,-1,1,1,1,1,-1,1,1,10312500,522427500,0,0.49999999999999994,0.8660254037844387,0,1,0,0
1,29.0,28,-1,1,-1,-1,1,1,1,0,15030000,403267500,0,1.0,6.123233995736766e-17,0,0,0,1
0,47.0,21,0,0,0,0,0,0,1,1,3127500,65287500,0,-0.4999999999999997,-0.8660254037844388,1,0,0,0
1,24.0,25,-1,1,-1,-1,1,1,0,1,14385000,367312500,1,-0.5000000000000004,0.8660254037844384,0,0,0,1
0,49.0,17,0,0,0,0,0,0,1,0,2902500,46050000,0,-0.8660254037844385,-0.5000000000000004,1,0,0,0
1,28.0,58,-1,-1,-1,-1,1,1,1,1,6750000,403402500,0,1.0,6.123233995736766e-17,0,0,1,0
1,31.0,17,-1,-1,-1,-1,-1,1,0,0,12225000,199380000,1,-0.8660254037844385,-0.5000000000000004,0,0,0,1
0,22.0,51,0,0,0,0,0,0,1,0,3825000,192187500,0,0.8660254037844387,-0.4999999999999998,1,0,0,0
1,34.0,72,1,-1,1,1,1,-1,1,0,7335000,529050000,0,-0.5000000000000004,0.8660254037844384,0,0,1,0
1,52.0,52,1,-1,-1,-1,1,-1,0,0,12615000,652297500,1,0.49999999999999994,0.8660254037844387,0,0,0,1
0,46.0,27,0,0,0,0,0,0,1,1,2940000,84172500,0,0.8660254037844387,-0.4999999999999998,1,0,0,0
0,52.0,3,0,0,0,0,0,0,0,0,3000000,9540000,0,-0.8660254037844385,-0.5000000000000004,1,0,0,0
0,46.0,64,1,1,1,1,-1,1,1,1,12195000,769395000,0,0.0,1.0,0,0,1,0
0,27.0,45,-1,-1,-1,1,1,1,1,1,14280000,642870000,0,0.49999999999999994,0.8660254037844387,0,0,0,1
1,36.0,3,-1,-1,-1,-1,1,-1,0,1,5467500,14055000,1,0.49999999999999994,0.8660254037844387,0,0,1,0
0,31.0,71,-1,1,1,1,1,1,1,1,12495000,884175000,0,-0.8660254037844385,-0.5000000000000004,0,0,1,0
0,56.0,1,-1,-1,-1,-1,-1,-1,0,0,3757500,3757500,1,0.49999999999999994,-0.8660254037844387,0,0,1,0
0,26.0,58,0,0,0,0,0,0,1,0,3045000,174112500,0,-0.5000000000000004,0.8660254037844384,1,0,0,0
1,51.0,34,-1,1,1,-1,1,-1,0,1,13477500,463762500,0,-0.8660254037844386,0.5000000000000001,0,0,0,1
0,51.0,8,1,-1,-1,-1,-1,-1,0,1,7477500,54832500,1,-0.5000000000000004,0.8660254037844384,0,1,0,0
0,62.0,15,0,0,0,0,0,0,0,0,2970000,40942500,0,0.8660254037844386,0.5000000000000001,1,0,0,0
1,35.0,66,-1,-1,1,1,1,1,1,0,8197500,544800000,0,-0.8660254037844385,-0.5000000000000004,0,0,1,0
1,49.0,12,-1,1,-1,-1,-1,-1,0,1,4402500,57180000,0,0.8660254037844387,-0.4999999999999998,0,1,0,0
1,67.0,58,0,0,0,0,0,0,1,1,2872500,155325000,0,0.49999999999999994,-0.8660254037844387,1,0,0,0
0,33.0,3,0,0,0,0,0,0,1,0,2865000,7800000,0,1.0,6.123233995736766e-17,1,0,0,0
0,22.0,43,-1,1,1,-1,1,1,0,0,8332500,351330000,1,-0.8660254037844386,0.5000000000000001,0,0,1,0
0,18.0,9,-1,1,1,-1,-1,-1,0,0,12082500,98085000,0,1.2246467991473532e-16,-1.0,0,0,0,1
0,49.0,3,0,0,0,0,0,0,1,0,3037500,10680000,0,0.0,1.0,1,0,0,0
0,18.0,22,-1,1,-1,-1,1,1,1,1,10425000,224730000,1,0.49999999999999994,0.8660254037844387,0,0,1,0
1,36.0,40,-1,1,1,-1,1,1,1,1,15900000,626797500,0,0.49999999999999994,-0.8660254037844387,0,0,0,1
0,45.0,68,0,0,0,0,0,0,1,0,3825000,273270000,0,-0.5000000000000004,0.8660254037844384,1,0,0,0
1,42.0,54,-1,1,1,-1,1,1,0,1,15645000,791722500,1,0.49999999999999994,0.8660254037844387,0,0,0,1
0,45.0,50,-1,1,-1,1,1,1,1,1,11940000,603630000,0,0.49999999999999994,0.8660254037844387,0,0,1,0
1,43.0,1,-1,-1,-1,-1,-1,1,0,1,8287500,8287500,0,-1.0,-1.8369701987210297e-16,0,1,0,0
0,55.0,72,1,1,1,1,1,1,1,0,13207500,978120000,0,0.0,1.0,0,1,0,0
1,29.0,40,0,0,0,0,0,0,1,1,3060000,128235000,0,1.2246467991473532e-16,-1.0,1,0,0,0
0,32.0,72,1,1,1,1,1,1,1,1,17640000,1246335000,0,0.8660254037844387,-0.4999999999999998,0,0,0,1
0,31.0,6,0,0,0,0,0,0,0,0,3000000,16380000,0,1.2246467991473532e-16,-1.0,1,0,0,0
0,50.0,5,0,0,0,0,0,0,0,1,2947500,13807500,0,0.49999999999999994,0.8660254037844387,1,0,0,0
1,51.0,48,-1,1,1,-1,-1,1,1,1,10582500,513075000,0,0.49999999999999994,-0.8660254037844387,0,0,1,0
0,45.0,1,-1,-1,-1,-1,1,1,0,1,14077500,14077500,1,-0.8660254037844386,0.5000000000000001,0,0,0,1
0,54.0,64,1,-1,-1,1,1,-1,1,0,9870000,610200000,0,-0.8660254037844386,0.5000000000000001,0,1,0,0
0,26.0,17,0,0,0,0,0,0,1,0,3007500,50685000,0,0.49999999999999994,-0.8660254037844387,1,0,0,0
1,60.0,40,-1,1,1,-1,-1,-1,0,1,12000000,475312500,0,-0.8660254037844385,-0.5000000000000004,0,0,0,1
0,58.0,41,1,-1,1,-1,-1,-1,1,0,5310000,211860000,0,0.49999999999999994,0.8660254037844387,0,0,1,0
1,49.0,51,-1,1,-1,-1,-1,-1,1,1,11940000,596205000,0,-0.8660254037844386,0.5000000000000001,0,0,0,1
1,61.0,41,-1,1,-1,-1,-1,-1,0,1,12037500,515850000,0,-0.8660254037844385,-0.5000000000000004,0,0,0,1
0,20.0,1,-1,-1,1,-1,-1,-1,0,0,7567500,7567500,1,0.0,1.0,0,1,0,0
0,34.0,2,0,0,0,0,0,0,0,1,3067500,6367500,0,-0.4999999999999997,-0.8660254037844388,1,0,0,0
1,31.0,68,-1,1,1,-1,-1,-1,1,0,11940000,819217500,0,1.0,6.123233995736766e-17,0,0,0,1
0,49.0,24,0,0,0,0,0,0,1,0,3705000,85762500,0,-0.5000000000000004,0.8660254037844384,1,0,0,0
1,27.0,70,1,-1,1,1,-1,1,1,0,11595000,824730000,0,-0.8660254037844385,-0.5000000000000004,0,1,0,0
1,49.0,3,-1,-1,-1,1,-1,-1,0,1,4462500,14527500,0,1.2246467991473532e-16,-1.0,0,1,0,0
1,56.0,2,-1,-1,-1,-1,-1,-1,0,0,6735000,16657500,0,-0.4999999999999997,-0.8660254037844388,0,0,1,0
1,48.0,3,-1,1,-1,-1,-1,-1,0,0,4470000,14160000,0,1.2246467991473532e-16,-1.0,0,0,1,0
0,43.0,7,-1,-1,-1,1,1,1,0,1,11197500,78165000,1,0.49999999999999994,0.8660254037844387,0,0,1,0
0,28.0,13,1,-1,-1,-1,1,1,0,1,10792500,138577500,0,0.0,1.0,0,0,1,0
1,30.0,7,0,0,0,0,0,0,0,0,3112500,21165000,0,0.49999999999999994,-0.8660254037844387,1,0,0,0
1,55.0,12,-1,-1,-1,-1,1,-1,0,1,8445000,94297500,0,1.0,6.123233995736766e-17,0,0,1,0
1,49.0,53,-1,1,1,-1,1,1,1,1,15787500,836445000,0,-0.5000000000000004,0.8660254037844384,0,0,0,1
0,40.0,12,-1,-1,-1,-1,1,1,0,1,14130000,156915000,1,0.49999999999999994,-0.8660254037844387,0,0,0,1
1,35.0,63,0,0,0,0,0,0,1,0,2932500,186840000,0,-0.8660254037844386,0.5000000000000001,1,0,0,0
0,18.0,15,1,1,1,1,1,1,0,0,12667500,193177500,0,0.49999999999999994,-0.8660254037844387,0,0,1,0
1,27.0,36,1,1,-1,-1,-1,-1,1,0,8047500,290902500,0,-0.5000000000000004,0.8660254037844384,0,0,1,0
1,63.0,4,-1,-1,1,-1,-1,-1,0,1,4485000,17737500,0,0.8660254037844386,0.5000000000000001,0,1,0,0
0,25.0,24,0,0,0,0,0,0,1,0,2955000,67882500,0,0.8660254037844386,0.5000000000000001,1,0,0,0
0,42.0,61,1,1,1,1,-1,-1,1,0,6555000,404482500,0,-0.8660254037844385,-0.5000000000000004,0,0,1,0
1,52.0,16,-1,1,-1,-1,-1,-1,0,0,8295000,131302500,0,-1.0,-1.8369701987210297e-16,0,0,1,0
1,25.0,65,0,0,0,0,0,0,1,1,2977500,190057500,0,0.8660254037844386,0.5000000000000001,1,0,0,0
0,42.0,26,0,0,0,0,0,0,1,0,2947500,74235000,0,-0.8660254037844386,0.5000000000000001,1,0,0,0
1,51.0,16,-1,-1,-1,1,-1,-1,0,1,7417500,119850000,0,0.0,1.0,0,1,0,0
0,40.0,54,1,1,-1,-1,1,1,1,0,15982500,864495000,1,-0.4999999999999997,-0.8660254037844388,0,0,0,1
1,74.0,1,0,0,0,0,0,0,0,0,3015000,3015000,1,-0.8660254037844386,0.5000000000000001,1,0,0,0
1,20.0,5,0,0,0,0,0,0,1,0,3067500,16035000,0,1.2246467991473532e-16,-1.0,1,0,0,0
0,53.0,19,-1,1,-1,-1,-1,1,0,1,5955000,106507500,0,1.2246467991473532e-16,-1.0,0,1,0,0
1,38.0,10,1,-1,-1,-1,-1,-1,0,1,8175000,85230000,0,0.0,1.0,0,1,0,0
0,49.0,23,-1,1,1,1,-1,-1,0,0,12570000,285037500,1,1.2246467991473532e-16,-1.0,0,0,0,1
1,45.0,3,-1,-1,-1,-1,1,-1,0,0,8272500,23872500,1,1.0,6.123233995736766e-17,0,1,0,0
0,31.0,72,-1,1,1,1,1,1,1,1,16740000,1201912500,0,-1.0,-1.8369701987210297e-16,0,0,0,1
1,43.0,10,-1,-1,-1,-1,-1,1,0,1,12997500,128497500,1,0.0,1.0,0,0,0,1
0,18.0,10,-1,1,1,-1,-1,-1,0,1,8332500,82695000,0,1.0,6.123233995736766e-17,0,0,1,0
1,47.0,11,0,0,0,0,0,0,1,1,3082500,27742500,0,0.49999999999999994,0.8660254037844387,1,0,0,0
0,44.0,37,1,1,-1,-1,1,1,0,1,16012500,608512500,1,0.0,1.0,0,0,0,1
1,48.0,17,1,-1,-1,1,-1,-1,1,1,9315000,164497500,0,-0.5000000000000004,0.8660254037844384,0,0,1,0
0,53.0,36,1,-1,1,-1,1,1,0,1,15675000,552742500,0,-0.8660254037844385,-0.5000000000000004,0,0,0,1
1,44.0,17,-1,1,1,-1,1,1,0,1,15270000,262867500,0,-1.0,-1.8369701987210297e-16,0,0,0,1
0,42.0,66,1,1,-1,1,1,1,1,1,16590000,1081627500,0,-0.4999999999999997,-0.8660254037844388,0,0,0,1
1,29.0,61,1,1,1,1,1,1,1,0,12735000,789675000,0,-0.4999999999999997,-0.8660254037844388,0,0,1,0
1,31.0,22,-1,1,-1,-1,1,1,0,1,13980000,323595000,0,1.0,6.123233995736766e-17,0,0,0,1
1,54.0,1,-1,-1,-1,-1,-1,-1,0,1,3660000,3660000,0,0.8660254037844387,-0.4999999999999998,0,0,1,0
0,57.0,6,-1,-1,-1,-1,-1,-1,0,0,10582500,65092500,0,-0.4999999999999997,-0.8660254037844388,0,0,0,1
1,37.0,31,-1,1,-1,1,-1,-1,0,1,11767500,365272500,1,1.2246467991473532e-16,-1.0,0,0,0,1
0,41.0,68,1,1,1,1,1,1,1,1,12750000,841162500,0,0.8660254037844386,0.5000000000000001,0,0,1,0
0,29.0,34,-1,-1,1,-1,1,-1,0,0,13117500,431122500,1,-0.8660254037844385,-0.5000000000000004,0,0,0,1
0,54.0,52,-1,1,1,1,-1,-1,0,0,12870000,664995000,0,-0.8660254037844386,0.5000000000000001,0,0,0,1
0,48.0,10,-1,-1,1,1,1,-1,0,1,13665000,144652500,0,0.49999999999999994,-0.8660254037844387,0,0,0,1
1,63.0,29,-1,-1,-1,-1,-1,-1,0,1,10612500,296220000,1,0.8660254037844386,0.5000000000000001,0,0,0,1
0,29.0,72,0,0,0,0,0,0,1,0,3015000,219127500,0,0.49999999999999994,0.8660254037844387,1,0,0,0
1,35.0,47,0,0,0,0,0,0,1,0,3007500,142732500,0,0.49999999999999994,-0.8660254037844387,1,0,0,0
1,43.0,24,1,-1,-1,-1,1,1,1,0,11220000,273180000,0,-0.8660254037844386,0.5000000000000001,0,0,1,0
1,48.0,65,0,0,0,0,0,0,1,0,3720000,240142500,0,-0.5000000000000004,0.8660254037844384,1,0,0,0
0,37.0,4,-1,-1,-1,1,1,1,0,1,15127500,59887500,0,0.0,1.0,0,0,0,1
1,30.0,12,-1,1,-1,-1,1,1,0,1,15202500,182782500,1,0.49999999999999994,-0.8660254037844387,0,0,0,1
1,51.0,1,1,-1,-1,-1,-1,-1,0,1,12255000,12255000,1,0.0,1.0,0,0,0,1
1,49.0,33,-1,-1,-1,-1,-1,-1,0,0,10237500,325672500,1,0.49999999999999994,0.8660254037844387,0,0,0,1
0,29.0,34,-1,1,1,1,1,1,0,1,15765000,545220000,0,0.49999999999999994,0.8660254037844387,0,0,0,1
0,56.0,14,0,0,0,0,0,0,1,0,3060000,43860000,0,-0.8660254037844385,-0.5000000000000004,1,0,0,0
0,54.0,4,-1,-1,-1,-1,-1,1,0,1,11872500,47587500,1,-0.4999999999999997,-0.8660254037844388,0,0,0,1
1,42.0,13,0,0,0,0,0,0,1,0,3000000,32782500,0,-0.5000000000000004,0.8660254037844384,1,0,0,0
0,41.0,65,-1,1,-1,1,1,1,1,1,11910000,760785000,0,0.49999999999999994,-0.8660254037844387,0,0,1,0
1,47.0,23,1,-1,-1,1,-1,-1,1,0,8580000,213502500,0,1.0,6.123233995736766e-17,0,0,1,0
1,30.0,55,1,1,1,-1,-1,-1,1,0,8790000,460290000,0,-0.8660254037844386,0.5000000000000001,0,0,1,0
1,40.0,49,-1,1,-1,-1,1,1,1,1,14220000,703597500,0,0.0,1.0,0,0,0,1
1,18.0,60,-1,1,1,-1,1,1,1,0,15375000,923640000,0,-0.5000000000000004,0.8660254037844384,0,0,0,1
0,51.0,69,0,0,0,0,0,0,1,1,3052500,216397500,0,1.2246467991473532e-16,-1.0,1,0,0,0
1,21.0,40,-1,-1,-1,-1,1,-1,0,1,12735000,505357500,0,0.8660254037844387,-0.4999999999999998,0,0,0,1
1,58.0,67,1,1,-1,1,-1,1,1,1,10380000,700747500,0,1.0,6.123233995736766e-17,0,0,1,0
1,36.0,35,-1,-1,-1,-1,1,1,0,1,14317500,521107500,1,-1.0,-1.8369701987210297e-16,0,0,0,1
1,37.0,19,-1,-1,-1,1,1,1,1,1,15142500,281332500,1,0.49999999999999994,-0.8660254037844387,0,0,0,1
0,32.0,13,0,0,0,0,0,0,1,0,3127500,40852500,0,-0.8660254037844385,-0.5000000000000004,1,0,0,0
0,37.0,41,-1,1,-1,-1,1,-1,0,1,13275000,546757500,0,0.8660254037844387,-0.4999999999999998,0,0,0,1
0,57.0,4,1,-1,1,-1,-1,-1,0,0,5250000,20362500,0,0.8660254037844387,-0.4999999999999998,0,1,0,0
0,18.0,24,1,-1,-1,1,-1,-1,0,0,8272500,197977500,0,-0.8660254037844385,-0.5000000000000004,0,1,0,0
0,55.0,5,-1,1,-1,-1,1,1,0,1,7642500,34410000,0,0.8660254037844386,0.5000000000000001,0,0,1,0
0,44.0,5,-1,1,-1,-1,-1,1,0,1,9600000,55537500,0,-0.8660254037844385,-0.5000000000000004,0,0,1,0
0,26.0,1,-1,-1,-1,-1,-1,-1,0,1,10365000,10365000,1,-0.8660254037844385,-0.5000000000000004,0,0,0,1
0,27.0,72,1,1,1,1,1,-1,1,0,12030000,857130000,0,-0.8660254037844386,0.5000000000000001,0,0,1,0
0,60.0,24,-1,-1,1,-1,-1,-1,0,1,7395000,184987500,0,0.49999999999999994,0.8660254037844387,0,1,0,0
0,29.0,42,1,-1,1,1,1,1,1,0,12652500,535740000,0,0.8660254037844386,0.5000000000000001,0,0,1,0
0,26.0,4,0,0,0,0,0,0,0,0,3007500,12495000,0,0.8660254037844386,0.5000000000000001,1,0,0,0
1,54.0,68,1,1,1,1,1,1,1,1,17580000,1205392500,0,1.0,6.123233995736766e-17,0,0,0,1
0,44.0,33,0,0,0,0,0,0,1,0,3015000,86910000,0,-0.8660254037844385,-0.5000000000000004,1,0,0,0
0,29.0,1,-1,-1,-1,-1,-1,-1,0,1,10440000,10440000,1,0.0,1.0,0,0,0,1
1,43.0,31,-1,1,1,-1,1,1,1,1,15517500,459967500,1,-0.5000000000000004,0.8660254037844384,0,0,0,1
0,28.0,4,-1,1,-1,-1,-1,-1,0,0,11692500,45832500,1,-0.5000000000000004,0.8660254037844384,0,0,0,1
1,53.0,69,-1,1,1,1,1,1,1,1,16492500,1145137500,0,-0.4999999999999997,-0.8660254037844388,0,0,0,1
1,53.0,38,-1,-1,-1,-1,1,1,0,0,14212500,547950000,0,-1.0,-1.8369701987210297e-16,0,0,0,1
0,46.0,3,-1,1,-1,1,-1,-1,0,1,12000000,36195000,0,0.8660254037844386,0.5000000000000001,0,0,0,1
0,44.0,48,-1,1,-1,1,1,1,1,0,11947500,580545000,0,0.0,1.0,0,0,1,0
0,61.0,15,0,0,0,0,0,0,1,0,3780000,58185000,0,0.8660254037844387,-0.4999999999999998,1,0,0,0
0,40.0,25,0,0,0,0,0,0,1,0,2985000,79125000,0,0.8660254037844386,0.5000000000000001,1,0,0,0
0,26.0,1,-1,-1,-1,-1,1,-1,0,0,11767500,11767500,1,-0.8660254037844386,0.5000000000000001,0,0,0,1
0,45.0,48,1,1,-1,-1,1,-1,0,1,6720000,315682500,0,1.0,6.123233995736766e-17,0,0,1,0
1,65.0,1,0,0,0,0,0,0,0,0,3045000,3045000,0,0.49999999999999994,-0.8660254037844387,1,0,0,0
1,28.0,1,0,0,0,0,0,0,0,0,2880000,2880000,0,0.0,1.0,1,0,0,0
0,36.0,37,-1,1,1,-1,-1,-1,1,0,12007500,452865000,0,0.49999999999999994,-0.8660254037844387,0,0,0,1
1,45.0,66,-1,1,1,1,1,1,1,1,16102500,1057792500,0,-0.5000000000000004,0.8660254037844384,0,0,0,1
0,39.0,26,1,1,1,-1,1,-1,1,0,7177500,178575000,0,-1.0,-1.8369701987210297e-16,0,1,0,0
1,28.0,63,1,1,-1,1,1,-1,1,0,10620000,667320000,0,0.49999999999999994,0.8660254037844387,0,0,1,0
1,53.0,10,-1,-1,1,-1,-1,-1,0,0,4425000,38287500,1,1.2246467991473532e-16,-1.0,0,1,0,0
0,68.0,2,1,-1,-1,-1,1,1,0,1,10612500,22035000,1,0.49999999999999994,-0.8660254037844387,0,0,1,0
1,42.0,18,1,-1,-1,-1,-1,1,0,1,8865000,151657500,0,1.0,6.123233995736766e-17,0,0,1,0
0,29.0,64,0,0,0,0,0,0,1,0,3832500,257242500,0,0.49999999999999994,-0.8660254037844387,1,0,0,0
0,21.0,9,-1,-1,-1,-1,-1,1,0,1,12667500,114375000,1,0.0,1.0,0,0,0,1
0,43.0,28,0,0,0,0,0,0,0,0,3037500,80302500,0,-0.5000000000000004,0.8660254037844384,1,0,0,0
0,53.0,1,-1,-1,1,-1,-1,-1,0,0,11332500,11332500,0,1.2246467991473532e-16,-1.0,0,0,0,1
1,46.0,4,-1,-1,-1,-1,-1,1,0,1,12847500,50835000,1,-0.8660254037844386,0.5000000000000001,0,0,0,1
1,40.0,38,-1,1,1,1,1,-1,1,1,10522500,374602500,1,-0.8660254037844386,0.5000000000000001,0,0,1,0
1,33.0,66,-1,1,1,-1,-1,1,1,0,14295000,941010000,0,0.8660254037844387,-0.4999999999999998,0,0,0,1
0,27.0,1,-1,-1,-1,-1,-1,-1,0,1,10537500,10537500,0,-1.0,-1.8369701987210297e-16,0,0,0,1
0,50.0,18,-1,-1,-1,1,-1,-1,0,1,7545000,136312500,0,0.8660254037844386,0.5000000000000001,0,1,0,0
1,51.0,51,-1,-1,1,-1,1,1,0,1,14670000,736995000,1,1.2246467991473532e-16,-1.0,0,0,0,1
1,21.0,0,0,0,0,0,0,0,1,0,2977500,0,0,-0.4999999999999997,-0.8660254037844388,1,0,0,0
1,59.0,1,-1,-1,-1,-1,-1,-1,0,0,6945000,6945000,1,-0.4999999999999997,-0.8660254037844388,0,1,0,0
1,47.0,12,0,0,0,0,0,0,1,0,2902500,31845000,0,-0.5000000000000004,0.8660254037844384,1,0,0,0
0,57.0,41,-1,1,1,-1,1,1,0,1,15945000,666517500,1,-0.8660254037844385,-0.5000000000000004,0,0,0,1
1,24.0,12,0,0,0,0,0,0,0,0,3750000,47430000,0,-0.5000000000000004,0.8660254037844384,1,0,0,0
0,24.0,55,0,0,0,0,0,0,1,0,3045000,161857500,0,0.49999999999999994,0.8660254037844387,1,0,0,0
0,38.0,7,-1,-1,-1,-1,-1,-1,0,1,11302500,84697500,0,0.8660254037844386,0.5000000000000001,0,0,0,1
0,46.0,12,-1,-1,1,1,-1,1,0,1,13410000,164347500,1,-0.8660254037844386,0.5000000000000001,0,0,0,1
0,62.0,68,1,1,1,1,1,1,1,0,13200000,924285000,0,0.8660254037844387,-0.4999999999999998,0,1,0,0
0,48.0,5,-1,-1,-1,-1,1,-1,0,1,12472500,66907500,1,0.8660254037844386,0.5000000000000001,0,0,0,1
0,37.0,49,-1,-1,-1,-1,-1,-1,0,0,6570000,315907500,0,0.49999999999999994,0.8660254037844387,0,1,0,0
1,28.0,40,1,1,1,-1,1,1,1,0,9307500,376732500,0,0.0,1.0,0,1,0,0
0,55.0,16,0,0,0,0,0,0,1,0,3015000,47790000,0,-0.8660254037844385,-0.5000000000000004,1,0,0,0
1,28.0,10,-1,-1,-1,-1,-1,-1,0,1,11122500,121770000,1,0.8660254037844386,0.5000000000000001,0,0,0,1
0,60.0,72,-1,1,1,-1,1,1,1,1,15202500,1098472500,0,-1.0,-1.8369701987210297e-16,0,0,0,1
0,37.0,2,-1,-1,-1,-1,-1,1,0,1,12607500,27907500,0,-0.8660254037844385,-0.5000000000000004,0,0,0,1
1,59.0,23,0,0,0,0,0,0,1,0,3135000,68100000,0,0.49999999999999994,-0.8660254037844387,1,0,0,0
0,48.0,71,-1,1,1,-1,1,1,1,1,15885000,1128292500,0,1.2246467991473532e-16,-1.0,0,0,0,1
0,38.0,11,-1,-1,1,-1,1,1,0,1,14925000,158542500,1,-1.0,-1.8369701987210297e-16,0,0,0,1
1,34.0,1,-1,-1,-1,-1,-1,-1,0,1,6622500,6622500,1,0.49999999999999994,-0.8660254037844387,0,0,1,0
0,36.0,16,-1,1,-1,1,-1,-1,0,1,8085000,125122500,1,0.0,1.0,0,0,1,0
0,45.0,1,-1,-1,-1,-1,-1,1,0,1,12817500,12817500,1,-1.0,-1.8369701987210297e-16,0,0,0,1
1,41.0,12,-1,1,-1,-1,-1,1,0,1,12757500,149970000,0,-0.4999999999999997,-0.8660254037844388,0,0,0,1
0,33.0,54,1,-1,-1,1,-1,1,1,0,6615000,355455000,0,0.49999999999999994,-0.8660254037844387,0,0,1,0
0,38.0,68,-1,1,1,1,-1,-1,1,0,13530000,944647500,0,-0.8660254037844385,-0.5000000000000004,0,0,0,1
0,41.0,4,-1,-1,-1,-1,-1,-1,0,0,7627500,35932500,1,-0.8660254037844385,-0.5000000000000004,0,0,1,0
0,18.0,1,-1,-1,1,-1,-1,1,0,0,8880000,8880000,1,1.0,6.123233995736766e-17,0,0,1,0
1,45.0,27,1,-1,-1,1,-1,-1,0,0,8017500,219217500,0,0.8660254037844386,0.5000000000000001,0,0,1,0
1,28.0,21,0,0,0,0,0,0,0,1,2992500,62460000,0,1.2246467991473532e-16,-1.0,1,0,0,0
1,26.0,13,-1,-1,1,-1,1,-1,0,1,12480000,159090000,1,-0.8660254037844385,-0.5000000000000004,0,0,0,1
0,20.0,64,-1,1,1,1,-1,1,0,0,11197500,730402500,0,0.0,1.0,0,0,1,0
0,18.0,1,1,1,-1,-1,-1,-1,0,1,8235000,8235000,1,0.8660254037844386,0.5000000000000001,0,0,1,0
1,24.0,57,-1,1,1,1,1,1,1,1,8625000,489892500,0,-1.0,-1.8369701987210297e-16,0,0,1,0
0,31.0,21,1,-1,1,-1,1,1,0,1,15585000,338130000,1,-0.8660254037844386,0.5000000000000001,0,0,0,1
1,63.0,19,0,0,0,0,0,0,1,0,2947500,53722500,0,-0.8660254037844386,0.5000000000000001,1,0,0,0
1,34.0,31,-1,-1,1,-1,1,1,1,1,14070000,440970000,0,-0.8660254037844386,0.5000000000000001,0,0,0,1
1,42.0,52,1,1,1,1,1,1,1,1,13387500,697860000,0,-0.5000000000000004,0.8660254037844384,0,0,1,0
0,45.0,46,-1,1,1,-1,-1,1,1,1,14122500,661267500,0,0.8660254037844386,0.5000000000000001,0,0,0,1
0,42.0,11,1,-1,-1,-1,-1,-1,0,1,8340000,87120000,0,-1.0,-1.8369701987210297e-16,0,0,1,0
0,39.0,53,1,1,1,-1,-1,1,0,1,7305000,374280000,0,-0.8660254037844385,-0.5000000000000004,0,0,1,0
0,26.0,11,0,0,0,0,0,0,0,1,2887500,27045000,1,0.8660254037844387,-0.4999999999999998,1,0,0,0
1,57.0,57,-1,1,-1,1,1,1,0,1,15735000,887092500,0,-0.8660254037844386,0.5000000000000001,0,0,0,1
0,62.0,2,-1,-1,-1,-1,-1,-1,0,1,11317500,23760000,1,-0.8660254037844385,-0.5000000000000004,0,0,0,1
0,20.0,2,1,1,-1,-1,-1,-1,0,0,8227500,15630000,1,1.2246467991473532e-16,-1.0,0,0,1,0
0,28.0,71,0,0,0,0,0,0,1,0,2985000,208402500,0,-0.8660254037844385,-0.5000000000000004,1,0,0,0
0,37.0,1,0,0,0,0,0,0,0,1,2910000,2910000,0,-0.8660254037844386,0.5000000000000001,1,0,0,0
1,28.0,68,0,0,0,0,0,0,1,0,3757500,244380000,0,0.8660254037844386,0.5000000000000001,1,0,0,0
1,46.0,72,1,1,1,1,1,1,1,0,12667500,904965000,0,-0.5000000000000004,0.8660254037844384,0,0,1,0
0,31.0,2,0,0,0,0,0,0,0,0,2895000,6660000,0,-0.5000000000000004,0.8660254037844384,1,0,0,0
1,66.0,1,-1,-1,-1,-1,1,1,0,1,14265000,14265000,1,-0.4999999999999997,-0.8660254037844388,0,0,0,1
0,54.0,41,1,-1,1,1,1,1,1,1,11977500,498112500,0,1.2246467991473532e-16,-1.0,0,0,1,0
1,43.0,72,0,0,0,0,0,0,1,0,3832500,280155000,0,-0.8660254037844386,0.5000000000000001,1,0,0,0
1,52.0,6,-1,-1,-1,-1,-1,-1,0,1,11325000,65700000,1,-0.5000000000000004,0.8660254037844384,0,0,0,1
0,53.0,4,-1,-1,1,-1,-1,-1,0,1,11062500,48817500,1,-1.0,-1.8369701987210297e-16,0,0,0,1
1,33.0,12,-1,-1,-1,-1,1,1,0,1,14407500,172215000,1,0.0,1.0,0,0,0,1
0,30.0,58,1,-1,-1,1,-1,1,1,1,10260000,595837500,0,0.8660254037844387,-0.4999999999999998,0,0,1,0
0,41.0,7,0,0,0,0,0,0,0,0,3097500,23385000,0,-0.5000000000000004,0.8660254037844384,1,0,0,0
0,50.0,65,1,-1,1,-1,-1,-1,0,1,8272500,550972500,0,1.0,6.123233995736766e-17,0,0,1,0
1,42.0,1,-1,-1,-1,-1,-1,-1,0,1,10590000,10590000,0,1.0,6.123233995736766e-17,0,0,0,1
1,21.0,56,0,0,0,0,0,0,1,0,2992500,169012500,0,-1.0,-1.8369701987210297e-16,1,0,0,0
1,30.0,4,0,0,0,0,0,0,0,0,2850000,11017500,0,0.8660254037844387,-0.4999999999999998,1,0,0,0
0,39.0,58,-1,-1,-1,-1,-1,-1,1,1,6615000,361957500,0,0.49999999999999994,-0.8660254037844387,0,0,1,0
1,39.0,62,-1,-1,1,1,1,1,1,1,16140000,1036905000,0,0.49999999999999994,0.8660254037844387,0,0,0,1
1,64.0,26,1,1,-1,-1,-1,-1,1,0,9232500,237292500,0,-1.0,-1.8369701987210297e-16,0,0,1,0
1,23.0,62,1,1,1,-1,-1,-1,0,0,13605000,837967500,0,0.8660254037844386,0.5000000000000001,0,0,0,1
0,46.0,58,1,1,-1,-1,1,1,1,0,14887500,876997500,0,-0.4999999999999997,-0.8660254037844388,0,0,0,1
0,58.0,68,1,1,1,1,1,1,1,1,13755000,963705000,0,0.49999999999999994,-0.8660254037844387,0,0,1,0
0,67.0,61,1,1,1,-1,-1,1,1,1,15105000,902797500,0,0.49999999999999994,-0.8660254037844387,0,0,0,1
0,35.0,42,-1,-1,1,1,1,1,1,1,11767500,506010000,0,0.49999999999999994,0.8660254037844387,0,0,1,0
1,46.0,18,-1,-1,-1,-1,1,-1,0,0,12645000,230685000,0,-1.0,-1.8369701987210297e-16,0,0,0,1
0,47.0,56,0,0,0,0,0,0,1,1,2932500,162082500,0,0.49999999999999994,0.8660254037844387,1,0,0,0
0,42.0,4,-1,1,-1,-1,-1,1,0,1,13342500,53280000,1,0.49999999999999994,0.8660254037844387,0,0,0,1
0,39.0,4,0,0,0,0,0,0,0,0,3067500,12427500,0,-1.0,-1.8369701987210297e-16,1,0,0,0
0,45.0,35,1,1,-1,-1,-1,-1,1,0,8340000,302467500,0,0.8660254037844386,0.5000000000000001,0,0,1,0
0,18.0,64,1,-1,-1,1,-1,-1,0,1,13020000,799087500,0,-1.0,-1.8369701987210297e-16,0,0,0,1
0,48.0,31,0,0,0,0,0,0,1,0,3142500,102487500,0,0.49999999999999994,0.8660254037844387,1,0,0,0
0,42.0,67,0,0,0,0,0,0,1,1,3007500,189457500,0,-0.5000000000000004,0.8660254037844384,1,0,0,0
0,37.0,4,-1,1,-1,-1,-1,-1,0,0,7605000,22695000,1,-1.0,-1.8369701987210297e-16,0,0,1,0
0,65.0,70,1,1,1,1,1,1,1,1,17047500,1157197500,0,-0.4999999999999997,-0.8660254037844388,0,0,0,1
1,32.0,3,-1,-1,-1,-1,1,-1,0,0,8010000,28305000,1,-0.4999999999999997,-0.8660254037844388,0,1,0,0
1,35.0,53,-1,1,-1,-1,1,1,0,1,15285000,832410000,1,-1.0,-1.8369701987210297e-16,0,0,0,1
1,64.0,2,1,1,-1,1,-1,-1,1,0,8925000,19575000,0,-0.8660254037844386,0.5000000000000001,0,0,1,0
0,30.0,29,-1,-1,-1,-1,1,1,0,1,13170000,393262500,0,-0.4999999999999997,-0.8660254037844388,0,0,0,1
0,33.0,47,1,-1,1,1,-1,-1,1,0,6285000,281287500,0,-0.4999999999999997,-0.8660254037844388,0,0,1,0
0,38.0,68,-1,-1,-1,-1,1,-1,1,1,12450000,852870000,1,0.0,1.0,0,0,0,1
1,50.0,12,1,-1,-1,-1,1,1,0,1,10477500,125625000,0,-0.5000000000000004,0.8660254037844384,0,0,1,0
0,42.0,8,-1,1,-1,1,-1,-1,0,0,8445000,60225000,0,-0.4999999999999997,-0.8660254037844388,0,0,1,0
1,24.0,54,1,1,1,-1,1,1,0,0,16432500,917842500,0,1.2246467991473532e-16,-1.0,0,0,0,1
1,34.0,69,-1,1,-1,1,1,-1,1,1,13822500,972135000,0,0.8660254037844386,0.5000000000000001,0,0,0,1
0,33.0,26,1,1,-1,-1,1,-1,0,1,10425000,270007500,0,0.49999999999999994,-0.8660254037844387,0,0,1,0
0,39.0,72,1,1,1,1,-1,-1,1,1,14550000,1065630000,0,-1.0,-1.8369701987210297e-16,0,0,0,1
0,45.0,70,1,-1,1,1,1,1,1,1,8752500,632137500,0,0.8660254037844386,0.5000000000000001,0,0,1,0
1,45.0,1,1,-1,-1,-1,-1,-1,0,0,7590000,7590000,1,0.0,1.0,0,0,1,0
1,19.0,10,-1,-1,-1,-1,1,1,0,1,13425000,129465000,1,0.0,1.0,0,0,0,1
0,53.0,28,-1,-1,-1,-1,-1,-1,1,1,10560000,298830000,0,-0.8660254037844386,0.5000000000000001,0,0,0,1
1,43.0,1,-1,-1,-1,-1,-1,-1,0,1,10470000,10470000,1,-1.0,-1.8369701987210297e-16,0,0,0,1
0,57.0,21,-1,-1,-1,-1,1,1,0,1,14145000,292252500,0,-0.8660254037844386,0.5000000000000001,0,0,0,1
1,45.0,51,1,-1,1,-1,1,-1,0,1,14070000,712642500,1,1.0,6.123233995736766e-17,0,0,0,1
0,53.0,53,0,0,0,0,0,0,1,0,2932500,151185000,0,-1.0,-1.8369701987210297e-16,1,0,0,0
1,46.0,53,1,1,1,-1,-1,1,1,0,14392500,755535000,0,0.8660254037844386,0.5000000000000001,0,0,0,1
1,56.0,24,-1,-1,1,-1,1,1,0,1,15157500,358770000,1,0.49999999999999994,0.8660254037844387,0,0,0,1
0,46.0,70,1,1,1,1,1,1,1,1,14220000,1028857500,0,-0.8660254037844386,0.5000000000000001,0,0,1,0
1,39.0,61,1,1,1,-1,1,1,1,1,16162500,978285000,0,-0.8660254037844385,-0.5000000000000004,0,0,0,1
0,67.0,11,1,-1,-1,1,-1,-1,1,1,8190000,92677500,0,0.8660254037844386,0.5000000000000001,0,0,1,0
1,51.0,2,-1,-1,-1,-1,-1,-1,0,1,10695000,23662500,0,1.2246467991473532e-16,-1.0,0,0,0,1
1,47.0,25,0,0,0,0,0,0,1,1,2925000,77445000,0,-0.4999999999999997,-0.8660254037844388,1,0,0,0
0,25.0,41,-1,1,-1,-1,-1,-1,1,1,8445000,354600000,0,0.8660254037844386,0.5000000000000001,0,0,1,0
1,25.0,18,-1,-1,-1,-1,1,1,0,1,14205000,253192500,1,1.2246467991473532e-16,-1.0,0,0,0,1
1,44.0,72,-1,1,1,-1,1,1,1,1,15622500,1153492500,1,-1.0,-1.8369701987210297e-16,0,0,0,1
0,42.0,71,1,1,1,1,1,1,1,1,13582500,935857500,0,0.49999999999999994,0.8660254037844387,0,0,1,0
0,33.0,34,1,1,1,-1,-1,-1,1,1,9120000,306307500,0,0.0,1.0,0,0,1,0
1,42.0,29,-1,-1,1,1,1,1,0,1,14820000,421065000,0,0.49999999999999994,0.8660254037844387,0,0,0,1
1,59.0,40,1,1,1,1,1,-1,1,1,14722500,617520000,0,-0.4999999999999997,-0.8660254037844388,0,0,0,1
1,48.0,36,1,-1,1,-1,-1,-1,1,0,5302500,197692500,0,-0.5000000000000004,0.8660254037844384,0,0,1,0
0,26.0,46,-1,1,-1,1,1,1,1,1,15472500,689197500,0,1.2246467991473532e-16,-1.0,0,0,0,1
0,39.0,58,1,1,1,-1,1,1,1,1,16162500,949912500,0,0.49999999999999994,-0.8660254037844387,0,0,0,1
1,30.0,39,-1,1,-1,-1,-1,-1,1,0,12210000,482062500,0,0.8660254037844386,0.5000000000000001,0,0,0,1
1,35.0,4,-1,-1,-1,1,-1,1,0,0,9217500,34432500,1,-1.0,-1.8369701987210297e-16,0,1,0,0
0,35.0,52,-1,1,1,-1,1,-1,1,1,14355000,746422500,0,1.0,6.123233995736766e-17,0,0,0,1
1,34.0,70,-1,1,1,-1,1,1,1,1,15720000,1096342500,0,0.8660254037844386,0.5000000000000001,0,0,0,1
1,25.0,65,-1,-1,-1,-1,-1,-1,1,1,10642500,683280000,0,0.8660254037844386,0.5000000000000001,0,0,0,1
1,38.0,1,-1,-1,-1,-1,-1,-1,0,1,6742500,6742500,0,0.49999999999999994,0.8660254037844387,0,0,1,0
0,33.0,70,-1,-1,1,-1,1,1,1,1,14647500,1047375000,0,0.8660254037844386,0.5000000000000001,0,0,0,1
0,18.0,29,-1,1,1,-1,-1,-1,0,1,5347500,153772500,0,0.49999999999999994,0.8660254037844387,0,1,0,0
1,65.0,1,-1,-1,-1,-1,1,1,0,1,13582500,13582500,1,0.49999999999999994,-0.8660254037844387,0,0,0,1
0,53.0,67,1,-1,1,1,1,1,1,1,12787500,857130000,0,-0.8660254037844385,-0.5000000000000004,0,1,0,0
0,35.0,1,0,0,0,0,0,0,0,1,2925000,2925000,0,0.49999999999999994,0.8660254037844387,1,0,0,0
0,40.0,26,-1,-1,-1,-1,1,1,0,1,13320000,341152500,1,-0.4999999999999997,-0.8660254037844388,0,0,0,1
0,26.0,30,0,0,0,0,0,0,1,1,3765000,118432500,0,0.0,1.0,1,0,0,0
0,60.0,48,-1,-1,1,1,1,1,0,1,15007500,725100000,0,-0.8660254037844385,-0.5000000000000004,0,0,0,1
0,63.0,55,1,1,-1,-1,-1,-1,0,0,8355000,469770000,0,-1.0,-1.8369701987210297e-16,0,1,0,0
1,42.0,7,-1,-1,-1,-1,-1,1,0,1,12780000,90382500,1,-0.5000000000000004,0.8660254037844384,0,0,0,1
1,52.0,37,1,-1,-1,-1,1,-1,0,1,13672500,505387500,0,-0.4999999999999997,-0.8660254037844388,0,0,0,1
0,42.0,31,-1,1,-1,-1,-1,1,0,1,12577500,401122500,0,0.49999999999999994,-0.8660254037844387,0,0,0,1
1,24.0,4,-1,-1,-1,-1,-1,-1,0,1,6885000,29962500,0,0.49999999999999994,-0.8660254037844387,0,1,0,0
1,35.0,72,0,0,0,0,0,0,1,1,3765000,268620000,0,-0.5000000000000004,0.8660254037844384,1,0,0,0
1,42.0,5,-1,-1,-1,-1,1,1,0,1,13710000,67462500,1,1.2246467991473532e-16,-1.0,0,0,0,1
1,35.0,1,0,0,0,0,0,0,0,0,2955000,2955000,0,-0.8660254037844385,-0.5000000000000004,1,0,0,0
0,37.0,15,-1,-1,-1,-1,1,1,0,1,13725000,210045000,0,-0.8660254037844386,0.5000000000000001,0,0,0,1
1,39.0,8,1,-1,-1,-1,-1,-1,0,1,7695000,61740000,0,1.2246467991473532e-16,-1.0,0,1,0,0
0,39.0,35,0,0,0,0,0,0,1,0,3165000,111150000,0,-0.4999999999999997,-0.8660254037844388,1,0,0,0
0,41.0,56,-1,1,1,-1,1,1,0,0,15712500,876202500,0,0.49999999999999994,0.8660254037844387,0,0,0,1
1,27.0,42,-1,-1,1,1,1,1,0,1,15922500,676905000,1,0.0,1.0,0,0,0,1
1,31.0,65,1,1,-1,-1,-1,-1,0,1,12862500,853267500,0,0.8660254037844386,0.5000000000000001,0,0,0,1
0,25.0,2,0,0,0,0,0,0,1,0,3045000,4785000,0,0.8660254037844386,0.5000000000000001,1,0,0,0
1,52.0,65,1,-1,-1,-1,1,1,1,1,15112500,1001197500,0,-0.4999999999999997,-0.8660254037844388,0,0,0,1
0,18.0,18,-1,-1,-1,-1,-1,-1,0,1,11122500,201862500,0,0.8660254037844386,0.5000000000000001,0,0,0,1
0,54.0,23,1,-1,1,-1,1,1,1,1,11782500,276457500,0,1.2246467991473532e-16,-1.0,0,0,1,0
0,57.0,4,-1,-1,-1,-1,-1,-1,0,1,6795000,29542500,1,-0.4999999999999997,-0.8660254037844388,0,0,1,0
1,36.0,70,0,0,0,0,0,0,1,0,2977500,215070000,0,-0.5000000000000004,0.8660254037844384,1,0,0,0
0,18.0,4,-1,-1,-1,-1,-1,-1,0,0,7605000,32182500,0,-1.0,-1.8369701987210297e-16,0,0,1,0
1,36.0,19,-1,-1,-1,-1,-1,-1,0,1,6750000,129877500,0,0.49999999999999994,-0.8660254037844387,0,0,1,0
0,39.0,18,-1,1,1,-1,-1,-1,0,0,11670000,203790000,0,0.8660254037844386,0.5000000000000001,0,0,0,1
0,28.0,38,1,-1,-1,-1,-1,1,0,1,12517500,472072500,0,-1.0,-1.8369701987210297e-16,0,0,0,1
1,34.0,2,-1,-1,-1,-1,-1,-1,0,1,10987500,19657500,1,0.8660254037844386,0.5000000000000001,0,0,0,1
1,58.0,47,1,1,-1,-1,1,-1,1,0,14220000,680377500,0,-0.8660254037844386,0.5000000000000001,0,0,0,1
0,48.0,52,0,0,0,0,0,0,1,0,3015000,161812500,0,0.8660254037844386,0.5000000000000001,1,0,0,0
1,29.0,9,-1,-1,-1,-1,-1,1,0,0,8985000,81360000,0,0.49999999999999994,0.8660254037844387,0,0,1,0
0,21.0,26,1,1,1,1,1,1,1,1,13515000,346882500,0,-0.4999999999999997,-0.8660254037844388,0,1,0,0
1,36.0,8,-1,-1,1,-1,-1,-1,0,1,7657500,62257500,1,-0.4999999999999997,-0.8660254037844388,0,0,1,0
1,37.0,44,-1,1,1,1,1,-1,1,1,10642500,487567500,0,-0.5000000000000004,0.8660254037844384,0,0,1,0
0,46.0,3,-1,1,-1,-1,-1,-1,0,0,4380000,14775000,0,1.2246467991473532e-16,-1.0,0,0,1,0
1,34.0,2,-1,-1,-1,-1,-1,-1,0,1,6990000,13185000,0,0.0,1.0,0,0,1,0
0,46.0,9,-1,-1,-1,-1,1,-1,0,1,12802500,113197500,1,-0.8660254037844385,-0.5000000000000004,0,0,0,1
1,63.0,1,-1,-1,-1,-1,-1,-1,0,1,11302500,11302500,1,1.0,6.123233995736766e-17,0,0,0,1
1,50.0,25,1,-1,-1,-1,-1,-1,0,0,11145000,292837500,0,-0.4999999999999997,-0.8660254037844388,0,0,0,1
0,39.0,2,-1,-1,-1,-1,-1,-1,0,1,10395000,23070000,0,0.8660254037844387,-0.4999999999999998,0,0,0,1
1,38.0,43,1,-1,-1,-1,-1,-1,0,1,11280000,479790000,1,0.49999999999999994,-0.8660254037844387,0,0,0,1
0,36.0,1,0,0,0,0,0,0,0,0,3135000,3135000,1,-1.0,-1.8369701987210297e-16,1,0,0,0
0,54.0,58,-1,1,1,-1,-1,1,1,1,14145000,841522500,0,0.0,1.0,0,0,0,1
0,32.0,59,1,-1,1,1,1,-1,1,1,11467500,677925000,0,-0.8660254037844385,-0.5000000000000004,0,1,0,0
1,41.0,44,1,-1,1,-1,1,1,1,1,8100000,366037500,0,0.49999999999999994,-0.8660254037844387,0,0,1,0
1,41.0,66,-1,1,-1,1,1,1,1,1,15637500,1029090000,0,1.0,6.123233995736766e-17,0,0,0,1
1,34.0,68,0,0,0,0,0,0,1,0,2992500,206655000,0,-0.8660254037844385,-0.5000000000000004,1,0,0,0
1,24.0,9,-1,-1,-1,-1,-1,-1,0,1,3742500,28537500,0,0.49999999999999994,0.8660254037844387,0,1,0,0
1,44.0,19,1,-1,1,-1,-1,-1,0,1,12712500,247792500,0,0.49999999999999994,0.8660254037844387,0,0,0,1
1,39.0,4,0,0,0,0,0,0,0,0,2962500,11745000,0,-0.8660254037844386,0.5000000000000001,1,0,0,0
0,46.0,70,1,1,1,1,1,1,1,1,17047500,1190887500,0,-0.5000000000000004,0.8660254037844384,0,0,0,1
1,34.0,1,-1,-1,-1,-1,-1,-1,0,1,6735000,6735000,0,-0.8660254037844385,-0.5000000000000004,0,0,1,0
0,55.0,8,-1,-1,-1,-1,-1,-1,0,1,11287500,86505000,0,-0.8660254037844385,-0.5000000000000004,0,0,0,1
1,29.0,53,0,0,0,0,0,0,1,0,3690000,191850000,0,1.0,6.123233995736766e-17,1,0,0,0
1,61.0,51,0,0,0,0,0,0,1,0,3750000,189105000,0,-0.5000000000000004,0.8660254037844384,1,0,0,0
1,19.0,11,0,0,0,0,0,0,0,0,3142500,40102500,0,0.8660254037844387,-0.4999999999999998,1,0,0,0
1,45.0,60,1,-1,1,1,1,1,1,1,16590000,988027500,0,1.2246467991473532e-16,-1.0,0,0,0,1
1,46.0,17,1,1,-1,-1,-1,-1,0,1,8325000,140122500,0,-0.8660254037844385,-0.5000000000000004,0,1,0,0
1,30.0,3,-1,-1,-1,-1,-1,-1,0,1,6495000,18547500,1,0.49999999999999994,-0.8660254037844387,0,1,0,0
1,45.0,70,1,1,1,1,1,1,1,1,16425000,1130197500,1,1.0,6.123233995736766e-17,0,0,0,1
1,55.0,1,0,0,0,0,0,0,0,0,2917500,2917500,0,-0.5000000000000004,0.8660254037844384,1,0,0,0
1,18.0,43,-1,-1,-1,-1,1,-1,0,1,12727500,546840000,0,1.2246467991473532e-16,-1.0,0,0,0,1
0,46.0,16,0,0,0,0,0,0,0,0,2940000,47167500,0,0.0,1.0,1,0,0,0
0,18.0,57,1,1,-1,-1,-1,-1,1,0,8017500,457950000,0,-0.8660254037844386,0.5000000000000001,0,1,0,0
1,28.0,37,0,0,0,0,0,0,1,0,2970000,101557500,0,0.8660254037844386,0.5000000000000001,1,0,0,0
0,60.0,72,1,1,1,1,1,1,1,0,16815000,1194892500,0,0.49999999999999994,-0.8660254037844387,0,0,0,1
0,33.0,11,-1,-1,-1,-1,-1,1,0,1,12720000,136027500,1,1.0,6.123233995736766e-17,0,0,0,1
0,26.0,50,-1,1,1,-1,1,-1,0,1,14257500,733305000,1,-0.8660254037844385,-0.5000000000000004,0,0,0,1
1,38.0,5,-1,-1,1,-1,-1,-1,0,0,7552500,35587500,1,0.49999999999999994,-0.8660254037844387,0,0,1,0
1,65.0,1,-1,-1,-1,-1,-1,-1,0,1,11190000,11190000,1,0.49999999999999994,-0.8660254037844387,0,0,0,1
1,18.0,16,0,0,0,0,0,0,0,1,2955000,51360000,1,1.0,6.123233995736766e-17,1,0,0,0
1,27.0,2,-1,-1,1,-1,-1,-1,0,1,11130000,21015000,0,-0.8660254037844386,0.5000000000000001,0,0,0,1
0,58.0,17,-1,-1,1,1,1,-1,0,1,10350000,166200000,0,0.0,1.0,0,0,1,0
0,62.0,16,0,0,0,0,0,0,1,0,2902500,44332500,0,-0.8660254037844385,-0.5000000000000004,1,0,0,0
0,39.0,15,-1,-1,1,-1,-1,1,0,1,8917500,133897500,1,0.49999999999999994,0.8660254037844387,0,1,0,0
0,25.0,10,0,0,0,0,0,0,1,1,2970000,29737500,0,1.2246467991473532e-16,-1.0,1,0,0,0
0,65.0,46,1,1,-1,1,1,1,1,1,15780000,723427500,1,-0.8660254037844385,-0.5000000000000004,0,0,0,1
1,59.0,64,-1,1,1,1,1,1,1,1,16380000,1011172500,0,-0.8660254037844386,0.5000000000000001,0,0,0,1
0,48.0,1,-1,1,-1,-1,-1,-1,0,1,11872500,11872500,0,1.0,6.123233995736766e-17,0,0,0,1
1,30.0,25,-1,1,1,-1,-1,-1,1,0,8047500,203317500,0,-0.5000000000000004,0.8660254037844384,0,0,1,0
1,39.0,71,1,1,1,1,1,-1,1,0,15030000,1081350000,0,-1.0,-1.8369701987210297e-16,0,0,0,1
1,38.0,8,-1,-1,-1,-1,-1,-1,0,1,6772500,65760000,1,0.49999999999999994,0.8660254037844387,0,0,1,0
0,44.0,72,1,1,1,1,1,1,1,1,16297500,1158952500,0,0.49999999999999994,-0.8660254037844387,0,0,0,1
0,57.0,49,1,-1,-1,-1,1,-1,0,0,6097500,310612500,0,-1.0,-1.8369701987210297e-16,0,0,1,0
1,51.0,29,1,1,1,1,-1,1,1,1,8302500,245542500,0,0.0,1.0,0,0,1,0
1,27.0,72,1,1,1,1,-1,1,1,0,15840000,1137225000,0,-0.8660254037844385,-0.5000000000000004,0,0,0,1
1,57.0,31,-1,1,1,-1,1,-1,0,0,14070000,452925000,1,0.49999999999999994,-0.8660254037844387,0,0,0,1
0,44.0,50,-1,-1,-1,-1,1,1,0,1,14355000,709462500,0,0.0,1.0,0,0,0,1
1,48.0,71,1,-1,1,1,1,1,1,0,12480000,918915000,0,1.0,6.123233995736766e-17,0,1,0,0
1,58.0,70,1,1,1,1,1,1,1,0,13507500,950010000,0,-0.4999999999999997,-0.8660254037844388,0,0,1,0
1,27.0,71,1,-1,-1,1,-1,1,1,0,14647500,1003177500,0,0.49999999999999994,-0.8660254037844387,0,0,0,1
1,40.0,61,1,1,1,1,-1,-1,1,1,10207500,623737500,0,-0.8660254037844386,0.5000000000000001,0,0,1,0
1,34.0,32,-1,-1,-1,1,1,1,0,1,14430000,477510000,1,0.0,1.0,0,0,0,1
0,21.0,1,-1,-1,-1,-1,-1,1,0,1,11940000,11940000,1,-0.5000000000000004,0.8660254037844384,0,0,0,1
1,44.0,68,1,1,1,-1,-1,1,1,1,15315000,1072402500,0,0.49999999999999994,-0.8660254037844387,0,0,0,1
1,70.0,62,0,0,0,0,0,0,1,0,3510000,214447500,0,1.0,6.123233995736766e-17,1,0,0,0
0,18.0,7,-1,-1,-1,-1,-1,-1,0,1,10657500,70897500,0,-0.5000000000000004,0.8660254037844384,0,0,0,1
1,40.0,20,-1,-1,-1,-1,1,-1,0,1,12787500,260175000,1,0.49999999999999994,-0.8660254037844387,0,0,0,1
1,48.0,6,0,0,0,0,0,0,1,0,2917500,17025000,0,-0.5000000000000004,0.8660254037844384,1,0,0,0
0,41.0,33,1,1,1,-1,1,1,0,1,8917500,282697500,0,-0.4999999999999997,-0.8660254037844388,0,1,0,0
1,39.0,28,-1,-1,-1,-1,1,1,1,0,13830000,385222500,0,-0.4999999999999997,-0.8660254037844388,0,0,0,1
1,24.0,27,0,0,0,0,0,0,1,0,2977500,70500000,0,-1.0,-1.8369701987210297e-16,1,0,0,0
1,43.0,7,-1,-1,-1,-1,-1,-1,0,0,6585000,41760000,0,1.0,6.123233995736766e-17,0,0,1,0
1,31.0,26,-1,-1,-1,1,-1,-1,0,1,12075000,313320000,1,0.49999999999999994,0.8660254037844387,0,0,0,1
1,18.0,5,-1,1,-1,-1,-1,1,0,1,13470000,75390000,1,-0.8660254037844386,0.5000000000000001,0,0,0,1
1,54.0,30,1,-1,-1,-1,-1,1,0,1,13575000,389377500,0,0.0,1.0,0,0,0,1
1,52.0,63,-1,1,-1,-1,-1,1,1,0,13567500,873825000,0,1.2246467991473532e-16,-1.0,0,0,0,1
1,41.0,1,-1,1,-1,-1,-1,-1,0,1,7612500,7612500,1,0.8660254037844386,0.5000000000000001,0,0,1,0
0,43.0,53,-1,1,1,1,1,1,1,1,12690000,667462500,0,0.8660254037844387,-0.4999999999999998,0,1,0,0
0,53.0,14,-1,1,-1,1,-1,1,0,1,13447500,181252500,1,0.8660254037844387,-0.4999999999999998,0,0,0,1
0,43.0,21,-1,1,-1,1,1,1,0,1,14872500,293460000,0,-1.0,-1.8369701987210297e-16,0,0,0,1
1,51.0,17,0,0,0,0,0,0,1,0,2992500,46590000,0,0.49999999999999994,0.8660254037844387,1,0,0,0
1,36.0,16,0,0,0,0,0,0,1,0,3075000,43582500,0,0.8660254037844387,-0.4999999999999998,1,0,0,0
0,56.0,35,-1,-1,1,-1,-1,1,0,1,9315000,314415000,0,0.49999999999999994,-0.8660254037844387,0,0,1,0
0,44.0,32,-1,-1,-1,-1,-1,1,0,1,11925000,399750000,0,-0.4999999999999997,-0.8660254037844388,0,0,0,1
0,42.0,28,0,0,0,0,0,0,0,1,2932500,81570000,0,-1.0,-1.8369701987210297e-16,1,0,0,0
0,25.0,1,0,0,0,0,0,0,0,1,3052500,3052500,0,-0.5000000000000004,0.8660254037844384,1,0,0,0
1,43.0,59,-1,-1,-1,1,1,1,0,1,7755000,450870000,0,0.49999999999999994,0.8660254037844387,0,0,1,0
0,30.0,72,0,0,0,0,0,0,1,1,3495000,243472500,0,-1.0,-1.8369701987210297e-16,1,0,0,0
1,32.0,36,-1,1,-1,1,-1,1,1,1,9810000,374760000,1,0.0,1.0,0,0,1,0
0,30.0,40,1,1,-1,-1,1,-1,0,0,9765000,387900000,0,0.49999999999999994,0.8660254037844387,0,0,1,0
1,27.0,40,-1,-1,1,-1,-1,-1,0,1,12180000,493845000,0,0.49999999999999994,0.8660254037844387,0,0,0,1
0,65.0,9,-1,-1,1,1,1,1,0,1,10935000,97710000,1,0.8660254037844386,0.5000000000000001,0,0,1,0
1,56.0,63,1,1,1,1,1,-1,1,0,11175000,701182500,0,-0.8660254037844386,0.5000000000000001,0,1,0,0
0,63.0,3,-1,-1,-1,-1,1,-1,0,1,12075000,34852500,0,1.2246467991473532e-16,-1.0,0,0,0,1
1,25.0,40,-1,1,1,1,1,1,1,0,9045000,367275000,0,-0.5000000000000004,0.8660254037844384,0,0,1,0
1,41.0,8,1,-1,-1,-1,-1,-1,0,1,11250000,98715000,0,0.8660254037844387,-0.4999999999999998,0,0,0,1
1,24.0,34,1,-1,-1,1,1,-1,1,0,13522500,469320000,0,1.0,6.123233995736766e-17,0,0,0,1
1,32.0,5,1,-1,1,1,-1,-1,0,0,6000000,33517500,1,0.49999999999999994,-0.8660254037844387,0,0,1,0
1,29.0,9,-1,1,-1,-1,1,1,0,1,14917500,137910000,1,1.0,6.123233995736766e-17,0,0,0,1
1,55.0,9,-1,1,1,-1,-1,1,0,1,10357500,98092500,0,-0.4999999999999997,-0.8660254037844388,0,0,1,0
1,35.0,31,-1,-1,-1,-1,-1,1,0,0,8955000,273825000,0,-0.5000000000000004,0.8660254037844384,0,0,1,0
0,53.0,50,0,0,0,0,0,0,1,1,2977500,141465000,0,0.8660254037844386,0.5000000000000001,1,0,0,0
0,47.0,2,1,1,-1,1,-1,-1,0,1,12937500,27247500,1,-1.0,-1.8369701987210297e-16,0,0,0,1
0,68.0,1,-1,-1,-1,-1,-1,-1,0,1,6847500,6847500,1,0.0,1.0,0,0,1,0
1,22.0,8,-1,-1,-1,-1,-1,-1,0,1,10515000,82702500,1,-0.4999999999999997,-0.8660254037844388,0,0,0,1
0,55.0,9,-1,1,-1,-1,-1,1,0,0,6112500,53910000,0,-0.5000000000000004,0.8660254037844384,0,1,0,0
0,54.0,2,-1,-1,-1,-1,-1,-1,0,1,10530000,17392500,1,-1.0,-1.8369701987210297e-16,0,0,0,1
0,28.0,3,1,1,-1,-1,-1,-1,0,0,8302500,24780000,1,-1.0,-1.8369701987210297e-16,0,1,0,0
1,52.0,25,-1,-1,-1,1,1,1,0,1,14355000,350752500,0,-0.4999999999999997,-0.8660254037844388,0,0,0,1
1,44.0,1,-1,-1,-1,-1,-1,-1,0,0,6945000,6945000,0,-0.8660254037844386,0.5000000000000001,0,0,1,0
0,37.0,45,1,1,1,1,1,-1,0,0,12195000,531165000,0,0.49999999999999994,0.8660254037844387,0,1,0,0
1,30.0,51,-1,1,1,-1,-1,-1,0,1,12630000,621907500,1,0.49999999999999994,0.8660254037844387,0,0,0,1
0,31.0,55,0,0,0,0,0,0,0,0,3000000,163087500,0,-1.0,-1.8369701987210297e-16,1,0,0,0
0,65.0,38,1,1,1,-1,-1,-1,0,1,9922500,378360000,0,0.8660254037844387,-0.4999999999999998,0,1,0,0
1,40.0,2,-1,-1,-1,-1,-1,-1,0,0,6877500,12150000,1,-0.5000000000000004,0.8660254037844384,0,0,1,0
1,49.0,38,0,0,0,0,0,0,0,0,2940000,107595000,0,-0.5000000000000004,0.8660254037844384,1,0,0,0
1,31.0,34,-1,1,-1,-1,-1,-1,0,1,7470000,260130000,0,-0.5000000000000004,0.8660254037844384,0,0,1,0
0,31.0,70,-1,-1,1,-1,1,1,1,1,15262500,1060395000,0,-0.8660254037844385,-0.5000000000000004,0,0,0,1
0,53.0,13,1,-1,-1,1,-1,-1,1,0,8272500,111435000,0,-1.0,-1.8369701987210297e-16,0,1,0,0
1,24.0,39,-1,-1,-1,-1,-1,-1,0,0,11287500,452647500,1,-0.8660254037844386,0.5000000000000001,0,0,0,1
0,35.0,61,-1,1,1,-1,1,1,1,1,15592500,963450000,0,-0.4999999999999997,-0.8660254037844388,0,0,0,1
0,40.0,12,-1,-1,1,-1,1,1,0,1,15022500,174645000,1,0.8660254037844386,0.5000000000000001,0,0,0,1
1,41.0,41,-1,1,-1,1,1,1,1,1,14947500,633052500,0,0.8660254037844386,0.5000000000000001,0,0,0,1
1,38.0,21,-1,-1,-1,-1,-1,-1,0,1,11055000,233805000,0,-0.4999999999999997,-0.8660254037844388,0,0,0,1
1,45.0,55,-1,-1,1,-1,1,1,1,1,7507500,411517500,0,-0.4999999999999997,-0.8660254037844388,0,0,1,0
1,48.0,69,1,-1,1,1,1,1,1,0,9037500,608325000,0,1.0,6.123233995736766e-17,0,1,0,0
1,49.0,26,-1,1,1,-1,1,1,0,0,15862500,406537500,1,-1.0,-1.8369701987210297e-16,0,0,0,1
0,28.0,69,1,1,-1,-1,-1,1,1,0,13095000,908332500,0,0.49999999999999994,0.8660254037844387,0,0,0,1
0,37.0,18,-1,-1,1,-1,1,1,0,1,7252500,121605000,1,0.8660254037844387,-0.4999999999999998,0,1,0,0
1,54.0,47,-1,1,-1,-1,-1,-1,0,0,8137500,380730000,0,1.0,6.123233995736766e-17,0,0,1,0
0,51.0,72,1,1,1,1,1,1,1,0,12795000,919380000,0,0.49999999999999994,0.8660254037844387,0,1,0,0
1,24.0,33,-1,1,1,1,1,-1,0,1,7500000,262627500,0,0.8660254037844387,-0.4999999999999998,0,0,1,0
0,44.0,2,-1,-1,-1,-1,-1,-1,0,1,3660000,5482500,1,0.49999999999999994,-0.8660254037844387,0,0,1,0
0,18.0,72,1,1,1,1,1,1,1,0,13642500,997867500,0,1.2246467991473532e-16,-1.0,0,1,0,0
1,41.0,37,-1,-1,-1,-1,-1,-1,0,1,10837500,386317500,0,-0.8660254037844386,0.5000000000000001,0,0,0,1
0,63.0,62,-1,1,1,-1,-1,1,0,1,14415000,902902500,0,0.0,1.0,0,0,0,1
0,29.0,71,0,0,0,0,0,0,1,0,2977500,206940000,0,-0.8660254037844385,-0.5000000000000004,1,0,0,0
1,30.0,23,-1,1,-1,1,-1,-1,0,1,8295000,192630000,0,-1.0,-1.8369701987210297e-16,0,0,1,0
0,49.0,16,0,0,0,0,0,0,1,0,3015000,44422500,0,0.49999999999999994,-0.8660254037844387,1,0,0,0
1,21.0,9,1,-1,1,1,1,-1,0,1,10425000,97987500,0,0.49999999999999994,-0.8660254037844387,0,0,1,0
1,32.0,17,0,0,0,0,0,0,1,1,3772500,61890000,0,1.2246467991473532e-16,-1.0,1,0,0,0
0,47.0,4,0,0,0,0,0,0,0,0,3142500,12825000,1,1.2246467991473532e-16,-1.0,1,0,0,0
0,32.0,1,1,-1,-1,-1,-1,-1,0,1,7432500,7432500,1,0.49999999999999994,0.8660254037844387,0,0,1,0
0,37.0,24,-1,-1,1,-1,-1,-1,0,1,11947500,289305000,0,0.8660254037844387,-0.4999999999999998,0,0,0,1
0,49.0,1,-1,-1,-1,-1,-1,-1,0,1,10687500,10687500,0,0.49999999999999994,-0.8660254037844387,0,0,0,1
1,45.0,72,1,1,1,1,1,1,1,0,17070000,1176870000,0,-0.8660254037844386,0.5000000000000001,0,0,0,1
0,43.0,72,0,0,0,0,0,0,1,0,3682500,262605000,0,0.0,1.0,1,0,0,0
0,36.0,11,0,0,0,0,0,0,0,0,2955000,32430000,0,0.8660254037844386,0.5000000000000001,1,0,0,0
1,44.0,9,0,0,0,0,0,0,0,0,3037500,26775000,1,0.8660254037844386,0.5000000000000001,1,0,0,0
0,39.0,2,-1,1,-1,-1,-1,-1,0,0,7522500,17265000,1,0.0,1.0,0,0,1,0
0,45.0,60,-1,-1,1,-1,1,1,1,1,15075000,904350000,0,1.2246467991473532e-16,-1.0,0,0,0,1
1,34.0,29,-1,1,1,-1,-1,1,0,1,14385000,411780000,1,0.8660254037844387,-0.4999999999999998,0,0,0,1
0,38.0,49,-1,-1,1,1,1,1,1,1,11167500,558285000,0,0.8660254037844386,0.5000000000000001,0,1,0,0
0,28.0,30,-1,1,1,-1,1,1,0,1,15615000,468165000,0,0.8660254037844386,0.5000000000000001,0,0,0,1
0,40.0,53,0,0,0,0,0,0,1,0,2857500,148567500,0,-0.4999999999999997,-0.8660254037844388,1,0,0,0
1,30.0,39,0,0,0,0,0,0,1,0,3750000,150652500,0,-1.0,-1.8369701987210297e-16,1,0,0,0
0,27.0,9,0,0,0,0,0,0,0,0,2857500,23647500,0,1.2246467991473532e-16,-1.0,1,0,0,0
1,43.0,39,-1,-1,1,1,-1,-1,1,0,12285000,482962500,0,0.8660254037844387,-0.4999999999999998,0,0,0,1
1,43.0,8,-1,-1,-1,-1,-1,-1,0,1,10455000,85927500,0,-0.8660254037844386,0.5000000000000001,0,0,0,1
0,49.0,51,-1,-1,1,-1,-1,1,1,1,13522500,683227500,0,-0.5000000000000004,0.8660254037844384,0,0,0,1
1,35.0,71,0,0,0,0,0,0,1,0,3802500,277132500,0,-0.8660254037844385,-0.5000000000000004,1,0,0,0
1,45.0,71,0,0,0,0,0,0,1,1,3697500,265012500,0,0.8660254037844387,-0.4999999999999998,1,0,0,0
0,47.0,70,0,0,0,0,0,0,1,1,2932500,219307500,0,0.8660254037844387,-0.4999999999999998,1,0,0,0
0,45.0,1,-1,-1,-1,-1,-1,-1,0,0,3787500,3787500,1,-0.4999999999999997,-0.8660254037844388,0,0,1,0
1,30.0,38,1,1,-1,1,1,1,1,1,9000000,328980000,0,0.49999999999999994,-0.8660254037844387,0,1,0,0
0,42.0,28,-1,1,1,-1,-1,1,0,0,13485000,365025000,0,-1.0,-1.8369701987210297e-16,0,0,0,1
0,44.0,32,0,0,0,0,0,0,0,0,2910000,96172500,0,1.2246467991473532e-16,-1.0,1,0,0,0
1,40.0,49,-1,1,-1,-1,-1,-1,1,0,7470000,359760000,0,-1.0,-1.8369701987210297e-16,0,0,1,0
0,18.0,37,0,0,0,0,0,0,1,1,3615000,129277500,0,0.0,1.0,1,0,0,0
0,42.0,10,-1,-1,1,1,-1,-1,0,0,8137500,87450000,0,0.0,1.0,0,0,1,0
1,67.0,67,1,1,1,-1,1,1,1,0,16485000,1099860000,0,-1.0,-1.8369701987210297e-16,0,0,0,1
1,36.0,7,-1,-1,1,1,-1,-1,1,1,5325000,37432500,0,1.0,6.123233995736766e-17,0,1,0,0
0,31.0,51,-1,-1,-1,-1,1,1,1,0,13132500,671385000,0,-0.5000000000000004,0.8660254037844384,0,0,0,1
0,44.0,9,-1,-1,-1,-1,-1,-1,0,0,6772500,62467500,1,-0.8660254037844386,0.5000000000000001,0,0,1,0
0,44.0,9,-1,-1,-1,-1,1,1,0,1,13260000,118290000,0,-0.8660254037844385,-0.5000000000000004,0,0,0,1
1,54.0,4,-1,-1,-1,1,-1,-1,0,1,7620000,30345000,0,-1.0,-1.8369701987210297e-16,0,1,0,0
1,25.0,71,1,1,1,-1,1,-1,1,1,14850000,1049190000,0,-0.4999999999999997,-0.8660254037844388,0,0,0,1
0,49.0,50,-1,-1,-1,-1,1,-1,0,1,12660000,617422500,1,-0.8660254037844385,-0.5000000000000004,0,0,0,1
0,47.0,24,-1,-1,1,-1,1,1,1,1,14482500,339517500,0,-0.5000000000000004,0.8660254037844384,0,0,0,1
1,38.0,22,1,-1,-1,-1,1,-1,1,1,8962500,206152500,0,1.2246467991473532e-16,-1.0,0,0,1,0
1,44.0,44,1,1,1,-1,1,1,0,1,16725000,737272500,0,1.0,6.123233995736766e-17,0,0,0,1
0,52.0,33,0,0,0,0,0,0,0,0,3637500,125775000,0,0.8660254037844387,-0.4999999999999998,1,0,0,0
0,50.0,1,-1,-1,-1,-1,-1,-1,0,1,11265000,11265000,1,-0.5000000000000004,0.8660254037844384,0,0,0,1
0,26.0,54,-1,-1,-1,-1,1,1,1,1,10522500,557347500,1,-0.5000000000000004,0.8660254037844384,0,0,1,0
1,50.0,42,-1,1,-1,-1,1,1,0,1,15262500,641017500,1,-0.4999999999999997,-0.8660254037844388,0,0,0,1
0,39.0,1,-1,-1,-1,-1,-1,-1,0,0,6870000,6870000,1,-0.4999999999999997,-0.8660254037844388,0,0,1,0
0,41.0,1,0,0,0,0,0,0,0,0,3075000,3075000,0,0.49999999999999994,-0.8660254037844387,1,0,0,0
1,41.0,30,1,1,-1,1,1,-1,1,0,10560000,306712500,0,-0.8660254037844386,0.5000000000000001,0,0,1,0
0,38.0,1,-1,-1,-1,1,-1,-1,0,0,4582500,4582500,0,-0.8660254037844385,-0.5000000000000004,0,0,1,0
1,54.0,16,1,1,-1,1,1,1,0,0,12735000,209737500,0,1.2246467991473532e-16,-1.0,0,1,0,0
1,39.0,1,0,0,0,0,0,0,0,1,3015000,3015000,1,-0.8660254037844386,0.5000000000000001,1,0,0,0
1,27.0,9,-1,-1,-1,1,1,-1,0,0,6097500,49342500,1,0.49999999999999994,-0.8660254037844387,0,0,1,0
1,35.0,46,-1,-1,1,-1,1,1,0,1,15150000,702007500,1,0.49999999999999994,0.8660254037844387,0,0,0,1
1,42.0,1,-1,-1,-1,-1,-1,-1,0,1,10365000,10365000,1,0.0,1.0,0,0,0,1
1,55.0,71,1,-1,-1,1,-1,-1,1,0,8175000,566730000,0,0.0,1.0,0,0,1,0
1,47.0,43,-1,-1,-1,-1,-1,-1,0,1,11302500,474210000,0,0.49999999999999994,-0.8660254037844387,0,0,0,1
1,30.0,50,1,-1,-1,1,1,-1,1,1,6667500,328267500,0,1.0,6.123233995736766e-17,0,1,0,0
0,70.0,13,-1,-1,-1,-1,-1,-1,0,1,11250000,149917500,1,-0.5000000000000004,0.8660254037844384,0,0,0,1
1,43.0,19,-1,1,-1,1,1,1,1,0,15000000,283297500,1,1.2246467991473532e-16,-1.0,0,0,0,1
0,55.0,41,-1,-1,1,-1,1,1,0,0,14707500,598590000,0,0.49999999999999994,-0.8660254037844387,0,0,0,1
0,38.0,1,-1,-1,-1,-1,-1,-1,0,1,10672500,10672500,1,-0.5000000000000004,0.8660254037844384,0,0,0,1
0,46.0,24,-1,1,1,-1,1,1,0,1,8122500,186037500,1,-1.0,-1.8369701987210297e-16,0,1,0,0
0,50.0,40,-1,1,-1,-1,1,-1,1,0,9585000,395250000,0,-0.8660254037844386,0.5000000000000001,0,1,0,0
0,55.0,3,-1,1,1,-1,1,-1,0,1,10372500,35250000,0,-0.4999999999999997,-0.8660254037844388,0,1,0,0
0,53.0,37,1,-1,-1,-1,1,-1,1,0,9697500,352177500,0,1.0,6.123233995736766e-17,0,0,1,0
0,50.0,67,1,-1,1,1,1,1,1,1,16312500,1073430000,1,0.0,1.0,0,0,0,1
0,36.0,32,-1,1,-1,-1,1,1,0,1,14827500,463440000,0,-0.5000000000000004,0.8660254037844384,0,0,0,1
0,33.0,6,-1,-1,-1,1,-1,-1,0,1,7372500,40620000,1,-0.5000000000000004,0.8660254037844384,0,1,0,0
0,44.0,32,1,-1,-1,-1,1,-1,0,0,13440000,435270000,0,0.8660254037844386,0.5000000000000001,0,0,0,1
0,51.0,59,-1,1,1,-1,-1,-1,0,1,12487500,742365000,0,1.2246467991473532e-16,-1.0,0,0,0,1
0,37.0,30,-1,1,1,1,-1,1,1,0,10537500,329835000,0,-0.5000000000000004,0.8660254037844384,0,0,1,0
1,53.0,20,0,0,0,0,0,0,0,1,2910000,56175000,1,1.0,6.123233995736766e-17,1,0,0,0
0,57.0,27,0,0,0,0,0,0,1,0,3675000,114292500,0,-1.0,-1.8369701987210297e-16,1,0,0,0
0,29.0,20,1,-1,-1,-1,-1,-1,0,1,11872500,228135000,1,-0.5000000000000004,0.8660254037844384,0,0,0,1
1,30.0,9,0,0,0,0,0,0,1,0,3015000,28537500,0,1.0,6.123233995736766e-17,1,0,0,0
0,38.0,68,1,1,1,-1,1,-1,1,1,10950000,774450000,0,1.0,6.123233995736766e-17,0,0,1,0
0,44.0,69,1,-1,-1,1,-1,-1,1,0,9210000,608977500,0,-0.5000000000000004,0.8660254037844384,0,1,0,0
1,34.0,26,-1,-1,1,1,-1,-1,0,1,12645000,342240000,0,-0.8660254037844386,0.5000000000000001,0,0,0,1
1,56.0,69,0,0,0,0,0,0,1,0,2985000,203505000,0,-1.0,-1.8369701987210297e-16,1,0,0,0
1,45.0,11,0,0,0,0,0,0,1,0,3060000,34717500,0,-0.4999999999999997,-0.8660254037844388,1,0,0,0
1,40.0,1,-1,-1,-1,-1,-1,-1,0,0,7612500,7612500,0,1.0,6.123233995736766e-17,0,0,1,0
1,23.0,10,0,0,0,0,0,0,1,0,3067500,36360000,0,0.49999999999999994,-0.8660254037844387,1,0,0,0
0,24.0,55,1,1,-1,1,-1,1,1,1,11362500,639637500,0,0.49999999999999994,-0.8660254037844387,0,1,0,0
1,43.0,44,1,-1,-1,1,1,-1,1,0,9810000,416182500,0,-0.8660254037844386,0.5000000000000001,0,1,0,0
1,18.0,46,-1,-1,-1,-1,-1,1,0,1,12060000,540780000,1,-0.8660254037844385,-0.5000000000000004,0,0,0,1
1,52.0,69,1,1,1,-1,-1,-1,1,1,8962500,610485000,0,0.8660254037844386,0.5000000000000001,0,0,1,0
1,38.0,11,-1,-1,-1,-1,-1,1,0,1,11775000,131130000,0,1.2246467991473532e-16,-1.0,0,0,0,1
0,75.0,11,-1,1,-1,-1,1,1,0,1,15300000,171802500,1,-0.4999999999999997,-0.8660254037844388,0,0,0,1
1,68.0,29,-1,-1,1,-1,-1,-1,0,0,7342500,198555000,0,-1.0,-1.8369701987210297e-16,0,1,0,0
0,38.0,57,1,-1,-1,-1,1,1,0,1,14947500,824557500,0,0.49999999999999994,-0.8660254037844387,0,0,0,1
1,39.0,28,0,0,0,0,0,0,1,0,2737500,80205000,0,1.2246467991473532e-16,-1.0,1,0,0,0
0,52.0,42,1,-1,1,-1,-1,-1,0,0,8182500,368257500,0,-0.8660254037844386,0.5000000000000001,0,1,0,0
0,60.0,2,0,0,0,0,0,0,0,0,3097500,5805000,1,-0.8660254037844386,0.5000000000000001,1,0,0,0
1,20.0,23,1,1,-1,1,-1,-1,1,0,6097500,142110000,0,0.8660254037844387,-0.4999999999999998,0,1,0,0
0,19.0,18,0,0,0,0,0,0,0,0,3067500,53550000,0,-0.8660254037844385,-0.5000000000000004,1,0,0,0
1,33.0,62,0,0,0,0,0,0,1,0,3720000,221437500,0,-0.8660254037844385,-0.5000000000000004,1,0,0,0
0,47.0,1,-1,-1,-1,-1,-1,-1,0,1,10620000,10620000,1,1.0,6.123233995736766e-17,0,0,0,1
1,46.0,16,-1,-1,-1,1,-1,1,0,1,13357500,217290000,1,0.0,1.0,0,0,0,1
0,53.0,3,-1,-1,-1,-1,1,1,0,1,14490000,43785000,1,-0.4999999999999997,-0.8660254037844388,0,0,0,1
1,26.0,67,1,1,1,1,1,1,1,1,13320000,885472500,0,-0.5000000000000004,0.8660254037844384,0,0,1,0
1,18.0,62,0,0,0,0,0,0,1,1,3007500,180247500,0,0.0,1.0,1,0,0,0
0,50.0,57,-1,1,1,-1,1,1,0,1,15675000,888202500,1,1.0,6.123233995736766e-17,0,0,0,1
1,30.0,2,-1,-1,-1,-1,-1,-1,0,1,10470000,21997500,0,-0.5000000000000004,0.8660254037844384,0,0,0,1
0,18.0,23,1,-1,1,1,1,-1,1,1,11572500,263910000,0,0.8660254037844387,-0.4999999999999998,0,0,1,0
0,42.0,25,1,-1,-1,1,-1,-1,1,0,5257500,126667500,0,-0.4999999999999997,-0.8660254037844388,0,0,1,0
0,50.0,72,-1,1,1,1,1,1,1,1,16215000,1166107500,0,-0.5000000000000004,0.8660254037844384,0,0,0,1
0,39.0,2,-1,-1,-1,-1,1,-1,0,1,12607500,20107500,0,0.49999999999999994,-0.8660254037844387,0,0,0,1
0,35.0,8,0,0,0,0,0,0,1,1,3030000,21142500,0,1.2246467991473532e-16,-1.0,1,0,0,0
0,38.0,5,-1,-1,-1,-1,-1,-1,0,1,7590000,37492500,1,-0.8660254037844385,-0.5000000000000004,0,0,1,0
1,36.0,35,-1,-1,1,-1,1,1,0,0,7380000,255247500,0,0.8660254037844386,0.5000000000000001,0,1,0,0
1,24.0,24,0,0,0,0,0,0,1,0,3690000,88897500,0,-0.8660254037844385,-0.5000000000000004,1,0,0,0
0,31.0,2,-1,-1,-1,-1,-1,-1,0,1,10747500,20362500,0,0.8660254037844386,0.5000000000000001,0,0,0,1
1,46.0,72,1,1,1,1,-1,1,1,1,15735000,1159897500,0,0.8660254037844386,0.5000000000000001,0,0,0,1
0,44.0,41,1,1,1,1,1,-1,0,1,15975000,642360000,0,-0.8660254037844386,0.5000000000000001,0,0,0,1
1,42.0,4,1,-1,-1,-1,-1,-1,0,0,7402500,32947500,1,-1.0,-1.8369701987210297e-16,0,0,1,0
1,28.0,26,-1,1,-1,-1,-1,-1,1,0,11325000,302715000,0,1.0,6.123233995736766e-17,0,0,0,1
1,38.0,7,-1,1,-1,-1,1,1,0,1,14137500,100350000,1,-0.8660254037844385,-0.5000000000000004,0,0,0,1
0,18.0,1,-1,-1,-1,-1,-1,-1,0,1,10342500,10342500,1,0.0,1.0,0,0,0,1
0,42.0,4,-1,1,-1,1,-1,-1,0,1,8775000,33727500,0,0.49999999999999994,0.8660254037844387,0,0,1,0
1,57.0,48,-1,1,1,1,1,1,1,0,11835000,565725000,0,1.0,6.123233995736766e-17,0,0,1,0
1,22.0,2,-1,-1,-1,-1,1,1,0,1,14077500,29512500,1,-1.0,-1.8369701987210297e-16,0,0,0,1
0,33.0,12,1,-1,1,1,1,1,1,1,11880000,141577500,0,-0.8660254037844386,0.5000000000000001,0,0,1,0
1,44.0,60,1,-1,1,1,1,1,0,1,16417500,985927500,0,-0.5000000000000004,0.8660254037844384,0,0,0,1
1,55.0,55,1,-1,1,1,-1,-1,1,1,8880000,476377500,0,-0.5000000000000004,0.8660254037844384,0,0,1,0
1,35.0,1,-1,-1,-1,1,-1,-1,0,0,4372500,4372500,0,0.0,1.0,0,0,1,0
1,32.0,1,0,0,0,0,0,0,0,0,3007500,3007500,0,0.8660254037844386,0.5000000000000001,1,0,0,0
1,18.0,4,-1,-1,-1,-1,-1,-1,0,1,11407500,47835000,1,-0.4999999999999997,-0.8660254037844388,0,0,0,1
1,41.0,1,-1,-1,-1,-1,-1,-1,0,1,3667500,3667500,1,-0.8660254037844386,0.5000000000000001,0,0,1,0
0,65.0,42,-1,-1,1,1,-1,1,1,0,9975000,414412500,0,-0.8660254037844386,0.5000000000000001,0,1,0,0
0,43.0,1,1,-1,-1,-1,-1,-1,0,0,7432500,7432500,0,0.8660254037844387,-0.4999999999999998,0,1,0,0
1,40.0,7,-1,-1,1,-1,1,-1,0,1,13402500,94777500,1,0.0,1.0,0,0,0,1
1,44.0,3,-1,-1,1,-1,-1,-1,0,1,11040000,34875000,0,-1.0,-1.8369701987210297e-16,0,0,0,1
0,40.0,72,1,1,1,-1,1,1,1,1,12397500,887902500,0,1.0,6.123233995736766e-17,0,1,0,0
1,30.0,15,-1,-1,-1,-1,-1,-1,0,1,7350000,112387500,0,0.8660254037844387,-0.4999999999999998,0,0,1,0
1,50.0,4,-1,-1,-1,-1,1,-1,0,1,12052500,46110000,1,-0.8660254037844385,-0.5000000000000004,0,0,0,1
0,43.0,11,0,0,0,0,0,0,1,0,3780000,36772500,0,-0.4999999999999997,-0.8660254037844388,1,0,0,0
0,40.0,5,0,0,0,0,0,0,0,0,3817500,20212500,0,-1.0,-1.8369701987210297e-16,1,0,0,0
0,28.0,1,1,-1,1,-1,-1,-1,0,1,8370000,8370000,1,1.0,6.123233995736766e-17,0,0,1,0
1,56.0,72,1,-1,1,1,1,1,1,1,16635000,1236127500,0,0.8660254037844387,-0.4999999999999998,0,0,0,1
0,48.0,55,-1,1,-1,-1,-1,-1,0,1,11662500,639960000,0,-1.0,-1.8369701987210297e-16,0,0,0,1
0,33.0,40,0,0,0,0,0,0,0,1,3930000,161625000,0,0.49999999999999994,-0.8660254037844387,1,0,0,0
0,52.0,57,0,0,0,0,0,0,1,0,2985000,167340000,0,0.0,1.0,1,0,0,0
1,34.0,1,-1,-1,-1,-1,1,-1,0,1,11857500,11857500,1,1.0,6.123233995736766e-17,0,0,0,1
1,31.0,1,1,-1,-1,-1,1,1,0,1,14250000,14250000,1,0.0,1.0,0,0,0,1
0,31.0,1,-1,-1,-1,-1,-1,-1,0,0,3780000,3780000,1,0.49999999999999994,0.8660254037844387,0,0,1,0
1,19.0,52,-1,1,1,-1,1,1,1,1,12127500,611932500,0,-1.0,-1.8369701987210297e-16,0,0,1,0
1,46.0,41,-1,-1,1,-1,1,1,0,1,14760000,628162500,1,0.8660254037844386,0.5000000000000001,0,0,0,1
1,18.0,43,-1,-1,-1,-1,1,-1,1,1,8452500,358672500,0,1.0,6.123233995736766e-17,0,1,0,0
0,25.0,47,0,0,0,0,0,0,1,0,2895000,133575000,0,-0.4999999999999997,-0.8660254037844388,1,0,0,0
1,18.0,3,-1,-1,-1,-1,-1,-1,0,0,7560000,20587500,0,0.49999999999999994,-0.8660254037844387,0,0,1,0
1,39.0,66,1,1,1,1,1,-1,1,0,11910000,773190000,1,-1.0,-1.8369701987210297e-16,0,0,1,0
1,38.0,55,-1,-1,1,1,-1,-1,1,1,8287500,467985000,0,-1.0,-1.8369701987210297e-16,0,0,1,0
1,36.0,29,0,0,0,0,0,0,1,0,2865000,79425000,0,0.0,1.0,1,0,0,0
0,27.0,12,-1,-1,-1,-1,1,-1,0,1,12607500,144982500,0,-0.8660254037844385,-0.5000000000000004,0,0,0,1
0,26.0,66,-1,1,1,-1,1,1,0,1,15780000,1040527500,0,1.2246467991473532e-16,-1.0,0,0,0,1
1,46.0,35,-1,-1,1,-1,1,1,0,1,15210000,524445000,1,0.8660254037844387,-0.4999999999999998,0,0,0,1
1,33.0,10,-1,-1,1,-1,-1,1,0,1,13470000,137145000,1,-0.5000000000000004,0.8660254037844384,0,0,0,1
1,44.0,27,-1,-1,-1,-1,-1,-1,0,1,11362500,289350000,0,-0.8660254037844385,-0.5000000000000004,0,0,0,1
0,29.0,58,-1,-1,-1,1,1,1,0,1,14295000,872655000,0,0.8660254037844387,-0.4999999999999998,0,0,0,1
1,42.0,54,1,1,1,1,1,1,1,0,16462500,916530000,1,1.0,6.123233995736766e-17,0,0,0,1
1,56.0,9,0,0,0,0,0,0,0,0,2977500,26820000,0,0.0,1.0,1,0,0,0
1,47.0,2,0,0,0,0,0,0,1,0,2895000,4245000,1,1.2246467991473532e-16,-1.0,1,0,0,0
1,35.0,6,-1,-1,-1,-1,-1,-1,0,1,10365000,65250000,0,-0.8660254037844385,-0.5000000000000004,0,0,0,1
0,43.0,26,-1,-1,-1,-1,1,1,0,1,13687500,352770000,1,1.2246467991473532e-16,-1.0,0,0,0,1
0,37.0,9,0,0,0,0,0,0,0,0,3037500,27922500,0,-0.5000000000000004,0.8660254037844384,1,0,0,0
1,40.0,8,-1,1,1,-1,-1,-1,0,1,8212500,66877500,0,1.2246467991473532e-16,-1.0,0,0,1,0
1,36.0,12,-1,-1,-1,-1,1,-1,0,1,12217500,136800000,0,-0.8660254037844386,0.5000000000000001,0,0,0,1
0,38.0,15,-1,-1,-1,-1,-1,-1,0,1,7365000,101932500,1,0.0,1.0,0,1,0,0
1,43.0,43,1,-1,1,-1,1,1,1,1,12030000,537240000,0,-0.4999999999999997,-0.8660254037844388,0,0,1,0
1,28.0,42,-1,-1,-1,1,1,1,0,1,15045000,633442500,0,0.49999999999999994,-0.8660254037844387,0,0,0,1
0,28.0,31,1,-1,1,1,-1,-1,0,0,9787500,299145000,1,1.2246467991473532e-16,-1.0,0,0,1,0
0,23.0,66,1,-1,1,1,-1,-1,1,1,13642500,889507500,0,-0.8660254037844385,-0.5000000000000004,0,0,0,1
0,21.0,18,-1,1,-1,1,-1,-1,0,1,12817500,225877500,1,0.49999999999999994,0.8660254037844387,0,0,0,1
1,25.0,1,0,0,0,0,0,0,0,0,3000000,3000000,0,-0.4999999999999997,-0.8660254037844388,1,0,0,0
1,42.0,61,-1,1,-1,1,1,-1,1,1,14115000,845745000,1,0.8660254037844386,0.5000000000000001,0,0,0,1
1,29.0,10,-1,1,-1,-1,-1,-1,0,0,11977500,119587500,0,-1.0,-1.8369701987210297e-16,0,0,0,1
1,46.0,1,-1,-1,-1,-1,-1,-1,0,1,10747500,10747500,1,0.8660254037844386,0.5000000000000001,0,0,0,1
0,40.0,18,-1,1,-1,-1,-1,-1,0,1,11032500,203917500,0,-1.0,-1.8369701987210297e-16,0,0,0,1
1,18.0,24,-1,1,1,-1,1,1,0,1,15697500,381367500,1,0.49999999999999994,-0.8660254037844387,0,0,0,1
0,48.0,3,0,0,0,0,0,0,0,0,2895000,8205000,0,-0.8660254037844385,-0.5000000000000004,1,0,0,0
1,50.0,50,0,0,0,0,0,0,1,0,3022500,148357500,0,0.49999999999999994,0.8660254037844387,1,0,0,0
1,28.0,1,-1,-1,-1,-1,-1,-1,0,0,6682500,6682500,0,-0.8660254037844386,0.5000000000000001,0,0,1,0
1,45.0,2,1,-1,-1,1,-1,-1,0,1,8167500,13095000,0,0.49999999999999994,0.8660254037844387,0,0,1,0
1,30.0,17,0,0,0,0,0,0,1,1,2947500,52732500,0,0.0,1.0,1,0,0,0
1,41.0,69,-1,1,1,-1,1,1,1,1,15750000,1094662500,0,0.8660254037844387,-0.4999999999999998,0,0,0,1
1,25.0,72,1,1,1,1,1,1,1,1,13305000,945255000,0,-0.4999999999999997,-0.8660254037844388,0,0,1,0
0,18.0,3,-1,-1,-1,-1,-1,-1,0,1,11137500,31545000,1,0.49999999999999994,0.8660254037844387,0,0,0,1
1,35.0,50,1,1,1,-1,-1,1,1,1,11272500,573367500,0,0.49999999999999994,0.8660254037844387,0,0,1,0
0,39.0,53,0,0,0,0,0,0,1,0,3037500,157267500,0,0.0,1.0,1,0,0,0
0,35.0,58,1,1,-1,1,1,1,1,1,16365000,959047500,0,0.49999999999999994,-0.8660254037844387,0,0,0,1
1,26.0,46,1,-1,-1,-1,-1,-1,1,1,4612500,223395000,0,-0.4999999999999997,-0.8660254037844388,0,0,1,0
1,35.0,72,1,1,1,1,1,1,0,1,16935000,1209225000,0,1.0,6.123233995736766e-17,0,0,0,1
0,43.0,1,-1,-1,-1,-1,-1,-1,0,1,11130000,11130000,1,0.49999999999999994,0.8660254037844387,0,0,0,1
0,39.0,6,-1,1,1,-1,1,-1,0,1,14107500,77812500,0,0.8660254037844386,0.5000000000000001,0,0,0,1
1,42.0,72,1,1,1,1,-1,1,1,0,11827500,864472500,0,0.8660254037844386,0.5000000000000001,0,0,1,0
1,32.0,4,-1,-1,-1,-1,-1,1,0,1,8295000,35775000,0,1.0,6.123233995736766e-17,0,0,1,0
0,54.0,52,0,0,0,0,0,0,1,0,2902500,154755000,0,-0.8660254037844386,0.5000000000000001,1,0,0,0
1,26.0,0,0,0,0,0,0,0,1,0,3802500,0,0,0.8660254037844386,0.5000000000000001,1,0,0,0
0,46.0,2,0,0,0,0,0,0,1,0,3067500,5220000,0,0.49999999999999994,-0.8660254037844387,1,0,0,0
0,54.0,65,0,0,0,0,0,0,1,0,2902500,197992500,0,0.8660254037844387,-0.4999999999999998,1,0,0,0
1,46.0,43,-1,1,-1,-1,1,1,0,1,15150000,658260000,1,0.8660254037844387,-0.4999999999999998,0,0,0,1
1,38.0,4,-1,1,-1,-1,1,1,0,1,15030000,63030000,1,-0.4999999999999997,-0.8660254037844388,0,0,0,1
1,34.0,25,1,-1,-1,-1,-1,1,1,1,13357500,326617500,1,-0.8660254037844386,0.5000000000000001,0,0,0,1
0,52.0,51,-1,1,-1,1,1,1,1,1,11797500,592627500,0,0.8660254037844386,0.5000000000000001,0,1,0,0
1,23.0,12,-1,-1,1,-1,1,1,0,0,11212500,124057500,0,1.2246467991473532e-16,-1.0,0,0,1,0
0,28.0,57,1,-1,-1,-1,1,1,1,1,10515000,586995000,1,-0.5000000000000004,0.8660254037844384,0,1,0,0
0,35.0,24,0,0,0,0,0,0,1,0,2985000,80025000,0,-0.5000000000000004,0.8660254037844384,1,0,0,0
0,55.0,64,-1,-1,1,1,-1,-1,1,0,8752500,563467500,0,0.8660254037844387,-0.4999999999999998,0,1,0,0
0,45.0,4,-1,1,1,1,1,1,1,1,15847500,66585000,1,0.49999999999999994,-0.8660254037844387,0,0,0,1
0,28.0,26,-1,-1,1,-1,1,1,0,1,15075000,389992500,0,0.49999999999999994,-0.8660254037844387,0,0,0,1
0,36.0,15,0,0,0,0,0,0,0,0,3007500,42645000,0,0.49999999999999994,-0.8660254037844387,1,0,0,0
1,33.0,64,0,0,0,0,0,0,1,0,3847500,261120000,0,-0.4999999999999997,-0.8660254037844388,1,0,0,0
1,31.0,36,-1,1,-1,-1,1,1,0,1,14475000,515415000,1,-0.8660254037844385,-0.5000000000000004,0,0,0,1
0,52.0,27,-1,-1,-1,-1,1,1,0,0,14250000,369382500,0,-1.0,-1.8369701987210297e-16,0,0,0,1
1,24.0,1,-1,-1,-1,-1,-1,-1,0,0,10627500,10627500,1,-0.5000000000000004,0.8660254037844384,0,0,0,1
0,59.0,35,1,-1,1,1,1,1,1,1,12892500,466515000,1,-1.0,-1.8369701987210297e-16,0,0,1,0
1,50.0,4,-1,-1,1,-1,-1,-1,0,1,11085000,42127500,1,-0.5000000000000004,0.8660254037844384,0,0,0,1
0,53.0,8,-1,-1,-1,-1,-1,-1,0,1,6817500,61762500,0,1.2246467991473532e-16,-1.0,0,1,0,0
1,34.0,10,0,0,0,0,0,0,0,1,3000000,29790000,0,0.49999999999999994,-0.8660254037844387,1,0,0,0
0,38.0,2,-1,1,-1,-1,-1,-1,0,0,7380000,15555000,0,0.49999999999999994,0.8660254037844387,0,0,1,0
0,23.0,58,1,1,1,-1,1,1,1,1,16417500,921682500,1,-0.5000000000000004,0.8660254037844384,0,0,0,1
1,34.0,51,1,1,1,1,1,1,1,1,12487500,613417500,0,1.2246467991473532e-16,-1.0,0,0,1,0
0,46.0,46,0,0,0,0,0,0,1,1,2887500,129630000,0,1.0,6.123233995736766e-17,1,0,0,0
1,56.0,1,0,0,0,0,0,0,0,1,2947500,2947500,0,-0.8660254037844385,-0.5000000000000004,1,0,0,0
1,27.0,46,-1,-1,-1,-1,-1,-1,0,0,10920000,487410000,0,1.0,6.123233995736766e-17,0,0,0,1
0,36.0,50,1,1,-1,1,1,1,0,1,16447500,810870000,0,-0.8660254037844386,0.5000000000000001,0,0,0,1
1,38.0,53,-1,1,-1,1,1,-1,0,0,9750000,504570000,0,0.49999999999999994,0.8660254037844387,0,0,1,0
1,23.0,61,-1,1,1,1,1,1,0,1,17115000,1069822500,0,1.0,6.123233995736766e-17,0,0,0,1
1,47.0,5,0,0,0,0,0,0,0,0,3097500,14032500,0,-0.5000000000000004,0.8660254037844384,1,0,0,0
1,31.0,47,1,1,1,1,1,1,1,1,13042500,620835000,0,0.0,1.0,0,0,1,0
0,38.0,54,-1,1,1,-1,1,-1,1,1,14212500,768262500,0,1.0,6.123233995736766e-17,0,0,0,1
1,35.0,19,-1,-1,-1,-1,-1,-1,0,1,3802500,84915000,0,0.49999999999999994,-0.8660254037844387,0,0,1,0
0,31.0,26,-1,1,1,1,1,1,1,1,15817500,407295000,0,-1.0,-1.8369701987210297e-16,0,0,0,1
1,40.0,70,0,0,0,0,0,0,1,0,3810000,267307500,0,-0.4999999999999997,-0.8660254037844388,1,0,0,0
1,37.0,17,-1,1,1,-1,1,1,0,1,15382500,261375000,0,1.2246467991473532e-16,-1.0,0,0,0,1
0,36.0,30,-1,1,-1,-1,1,1,0,1,15030000,447570000,1,-0.4999999999999997,-0.8660254037844388,0,0,0,1
0,31.0,1,0,0,0,0,0,0,0,0,3600000,3600000,0,0.8660254037844386,0.5000000000000001,1,0,0,0
0,44.0,19,0,0,0,0,0,0,1,0,3840000,72885000,0,1.2246467991473532e-16,-1.0,1,0,0,0
0,60.0,26,-1,1,1,-1,1,1,1,1,11025000,285855000,0,-1.0,-1.8369701987210297e-16,0,0,1,0
0,42.0,21,-1,1,-1,-1,-1,-1,0,1,11107500,234855000,1,-1.0,-1.8369701987210297e-16,0,0,0,1
1,52.0,50,-1,1,-1,-1,1,1,1,1,14737500,728805000,0,-0.5000000000000004,0.8660254037844384,0,0,0,1
0,23.0,68,1,-1,1,-1,1,1,1,1,8160000,558547500,0,1.0,6.123233995736766e-17,0,1,0,0
1,42.0,3,-1,-1,1,-1,1,1,0,1,15232500,44752500,1,1.2246467991473532e-16,-1.0,0,0,0,1
1,27.0,9,-1,-1,1,1,1,1,0,0,15465000,145567500,0,0.8660254037844387,-0.4999999999999998,0,0,0,1
0,22.0,51,1,-1,-1,1,-1,-1,1,0,5130000,267300000,0,0.49999999999999994,-0.8660254037844387,0,1,0,0
0,31.0,9,-1,-1,-1,-1,-1,-1,0,1,6562500,60855000,0,0.49999999999999994,0.8660254037844387,0,1,0,0
1,54.0,41,-1,1,1,1,1,1,1,1,16792500,680235000,1,-0.8660254037844385,-0.5000000000000004,0,0,0,1
1,51.0,22,-1,1,-1,-1,1,1,0,1,15097500,362392500,0,1.0,6.123233995736766e-17,0,0,0,1
0,43.0,21,1,-1,1,-1,1,1,1,1,8392500,173557500,1,0.49999999999999994,-0.8660254037844387,0,0,1,0
1,22.0,71,1,1,1,1,1,1,1,1,17407500,1244625000,0,1.2246467991473532e-16,-1.0,0,0,0,1
1,38.0,1,-1,-1,-1,-1,-1,-1,0,0,6862500,6862500,1,-0.8660254037844386,0.5000000000000001,0,0,1,0
1,44.0,26,-1,-1,1,1,1,1,1,1,12300000,312465000,0,-0.5000000000000004,0.8660254037844384,0,0,1,0
1,42.0,71,1,1,-1,1,-1,-1,1,0,9772500,702262500,0,0.8660254037844386,0.5000000000000001,0,0,1,0
1,18.0,4,-1,-1,-1,-1,-1,-1,0,1,6720000,26430000,0,1.2246467991473532e-16,-1.0,0,0,1,0
0,29.0,12,1,-1,-1,-1,-1,-1,0,1,11970000,150180000,0,0.8660254037844387,-0.4999999999999998,0,0,0,1
0,39.0,18,-1,-1,-1,1,1,-1,0,1,13327500,239212500,0,-0.8660254037844386,0.5000000000000001,0,0,0,1
0,46.0,3,-1,-1,-1,-1,-1,-1,0,1,11242500,31860000,0,0.0,1.0,0,0,0,1
0,18.0,72,1,1,-1,-1,1,1,1,1,16027500,1151610000,0,0.49999999999999994,-0.8660254037844387,0,0,0,1
1,38.0,11,-1,1,-1,-1,-1,-1,0,0,11242500,122325000,1,-0.8660254037844386,0.5000000000000001,0,0,0,1
0,42.0,1,-1,-1,-1,-1,-1,1,0,0,12022500,12022500,1,0.49999999999999994,-0.8660254037844387,0,0,0,1
1,50.0,13,0,0,0,0,0,0,1,0,2895000,38947500,0,0.49999999999999994,0.8660254037844387,1,0,0,0
0,48.0,72,-1,1,1,1,1,1,1,1,16387500,1216470000,1,-0.8660254037844385,-0.5000000000000004,0,0,0,1
1,47.0,42,1,-1,-1,-1,-1,-1,1,0,8415000,358027500,0,1.2246467991473532e-16,-1.0,0,0,1,0
0,30.0,17,0,0,0,0,0,0,0,0,2955000,51052500,0,1.0,6.123233995736766e-17,1,0,0,0
0,18.0,7,-1,1,-1,-1,-1,-1,0,1,7695000,62902500,0,-0.8660254037844386,0.5000000000000001,0,0,1,0
0,35.0,68,1,1,1,1,1,1,1,0,17790000,1198507500,0,0.49999999999999994,0.8660254037844387,0,0,0,1
1,52.0,56,0,0,0,0,0,0,1,0,3622500,210337500,0,0.0,1.0,1,0,0,0
0,57.0,38,0,0,0,0,0,0,1,0,3045000,112402500,0,0.8660254037844387,-0.4999999999999998,1,0,0,0
0,49.0,72,1,1,1,1,1,1,1,1,17325000,1263772500,0,0.49999999999999994,0.8660254037844387,0,0,0,1
0,45.0,48,0,0,0,0,0,0,1,0,3757500,175725000,0,-0.4999999999999997,-0.8660254037844388,1,0,0,0
0,45.0,52,1,1,1,-1,1,1,0,1,16365000,847192500,0,0.49999999999999994,-0.8660254037844387,0,0,0,1
0,33.0,35,0,0,0,0,0,0,1,0,2947500,106320000,0,-0.4999999999999997,-0.8660254037844388,1,0,0,0
1,38.0,67,-1,1,1,1,1,1,1,1,16695000,1135080000,0,1.0,6.123233995736766e-17,0,0,0,1
0,60.0,1,1,-1,-1,-1,-1,-1,0,0,4485000,4485000,0,0.8660254037844387,-0.4999999999999998,0,0,1,0
1,29.0,53,-1,1,-1,1,-1,-1,0,1,12090000,652215000,0,0.0,1.0,0,0,0,1
1,59.0,34,0,0,0,0,0,0,0,0,3120000,95385000,0,0.8660254037844386,0.5000000000000001,1,0,0,0
0,36.0,3,-1,-1,-1,-1,1,-1,0,0,5280000,16342500,1,-0.5000000000000004,0.8660254037844384,0,0,1,0
0,56.0,1,-1,-1,-1,-1,1,-1,0,0,11820000,11820000,1,0.0,1.0,0,0,0,1
1,23.0,19,-1,-1,1,1,1,-1,0,0,13492500,252360000,0,-0.8660254037844385,-0.5000000000000004,0,0,0,1
0,47.0,60,1,1,1,1,1,1,1,1,17407500,1038885000,0,1.0,6.123233995736766e-17,0,0,0,1
1,31.0,11,0,0,0,0,0,0,1,0,2932500,33472500,0,-0.5000000000000004,0.8660254037844384,1,0,0,0
0,23.0,47,-1,1,1,-1,1,1,0,1,15960000,769192500,1,0.49999999999999994,-0.8660254037844387,0,0,0,1
1,43.0,18,1,-1,-1,-1,-1,-1,0,0,7410000,131220000,1,0.49999999999999994,-0.8660254037844387,0,0,1,0
0,52.0,60,1,1,1,1,1,1,1,0,17287500,1013767500,0,-1.0,-1.8369701987210297e-16,0,0,0,1
1,30.0,72,0,0,0,0,0,0,1,0,3720000,281145000,0,0.49999999999999994,0.8660254037844387,1,0,0,0
1,22.0,39,0,0,0,0,0,0,1,0,2985000,118672500,0,0.49999999999999994,0.8660254037844387,1,0,0,0
0,39.0,59,1,-1,1,-1,-1,-1,1,1,12187500,695917500,0,-1.0,-1.8369701987210297e-16,0,0,0,1
1,39.0,2,-1,-1,-1,-1,-1,-1,0,0,10492500,21585000,0,-0.8660254037844386,0.5000000000000001,0,0,0,1
1,47.0,1,-1,-1,-1,-1,-1,-1,0,0,10365000,10365000,1,-1.0,-1.8369701987210297e-16,0,0,0,1
1,51.0,20,-1,-1,-1,-1,1,1,0,1,13530000,266482500,1,-0.5000000000000004,0.8660254037844384,0,0,0,1
0,39.0,6,-1,-1,-1,-1,1,1,0,1,14032500,80460000,1,-1.0,-1.8369701987210297e-16,0,0,0,1
1,62.0,71,-1,-1,1,1,-1,-1,1,1,12960000,925800000,0,0.8660254037844386,0.5000000000000001,0,0,0,1
0,43.0,24,1,1,1,-1,-1,-1,0,0,9945000,233917500,0,0.8660254037844386,0.5000000000000001,0,0,1,0
1,36.0,67,-1,-1,-1,-1,1,1,0,1,14197500,911850000,0,-0.8660254037844386,0.5000000000000001,0,0,0,1
1,21.0,1,-1,-1,-1,-1,-1,1,0,1,12127500,12127500,1,-0.8660254037844386,0.5000000000000001,0,0,0,1
0,37.0,48,-1,-1,-1,-1,-1,1,1,1,12307500,604492500,1,0.8660254037844386,0.5000000000000001,0,0,0,1
0,36.0,37,-1,1,-1,1,-1,1,1,0,10815000,398760000,0,-0.8660254037844385,-0.5000000000000004,0,1,0,0
1,52.0,11,-1,1,1,-1,-1,-1,0,0,5205000,57532500,0,0.8660254037844386,0.5000000000000001,0,0,1,0
1,46.0,3,0,0,0,0,0,0,0,1,3082500,7672500,1,0.8660254037844387,-0.4999999999999998,1,0,0,0
0,26.0,18,-1,-1,1,-1,1,1,0,1,14392500,261825000,0,0.8660254037844386,0.5000000000000001,0,0,0,1
1,42.0,50,-1,-1,-1,-1,-1,-1,1,1,6720000,334627500,0,-0.8660254037844385,-0.5000000000000004,0,1,0,0
0,48.0,67,1,-1,1,1,1,1,1,1,16410000,1092240000,0,0.8660254037844386,0.5000000000000001,0,0,0,1
0,58.0,25,1,1,-1,1,-1,1,0,1,10657500,275655000,0,0.8660254037844387,-0.4999999999999998,0,1,0,0
0,51.0,2,-1,-1,1,-1,-1,-1,0,1,11782500,22432500,1,-0.8660254037844385,-0.5000000000000004,0,0,0,1
1,49.0,9,0,0,0,0,0,0,0,0,2955000,27105000,0,1.2246467991473532e-16,-1.0,1,0,0,0
0,41.0,10,1,1,-1,1,-1,-1,1,0,6037500,61717500,0,0.49999999999999994,-0.8660254037844387,0,1,0,0
0,45.0,70,0,0,0,0,0,0,1,0,2977500,199252500,0,-0.8660254037844386,0.5000000000000001,1,0,0,0
1,55.0,9,1,-1,1,1,-1,1,0,1,10237500,86542500,0,0.0,1.0,0,0,1,0
0,24.0,4,0,0,0,0,0,0,0,1,3022500,10267500,0,-0.4999999999999997,-0.8660254037844388,1,0,0,0
0,36.0,2,1,-1,-1,-1,-1,-1,0,0,7642500,18457500,0,-0.8660254037844386,0.5000000000000001,0,0,1,0
0,31.0,1,-1,-1,-1,-1,-1,1,0,0,11797500,11797500,1,0.49999999999999994,0.8660254037844387,0,0,0,1
1,45.0,19,-1,-1,-1,-1,-1,-1,0,1,3772500,70252500,0,-0.8660254037844385,-0.5000000000000004,0,1,0,0
1,55.0,7,0,0,0,0,0,0,0,1,3037500,26205000,0,-0.4999999999999997,-0.8660254037844388,1,0,0,0
1,33.0,1,-1,-1,-1,-1,-1,-1,0,1,6435000,6435000,1,0.49999999999999994,-0.8660254037844387,0,0,1,0
1,18.0,1,-1,-1,-1,-1,-1,-1,0,0,6600000,6600000,0,1.0,6.123233995736766e-17,0,0,1,0
0,35.0,9,0,0,0,0,0,0,1,0,3037500,25852500,0,1.0,6.123233995736766e-17,1,0,0,0
0,51.0,3,1,-1,-1,1,-1,-1,0,0,5137500,20902500,1,-1.0,-1.8369701987210297e-16,0,0,1,0
0,46.0,9,1,-1,1,1,1,1,0,0,8775000,80977500,1,-0.4999999999999997,-0.8660254037844388,0,0,1,0
0,45.0,5,1,-1,1,-1,-1,-1,0,0,8370000,45060000,0,0.8660254037844386,0.5000000000000001,0,0,1,0
0,37.0,56,-1,-1,-1,-1,1,1,1,0,13335000,745200000,0,0.8660254037844386,0.5000000000000001,0,0,0,1
0,25.0,18,1,-1,-1,-1,-1,-1,0,0,8647500,148905000,0,1.2246467991473532e-16,-1.0,0,1,0,0
1,46.0,49,-1,-1,-1,-1,1,1,0,1,14430000,707737500,1,0.0,1.0,0,0,0,1
1,30.0,70,1,1,1,1,1,-1,1,0,11872500,830475000,0,0.8660254037844386,0.5000000000000001,0,0,1,0
0,66.0,72,-1,1,1,1,1,1,1,1,16207500,1170990000,0,-1.0,-1.8369701987210297e-16,0,0,0,1
0,47.0,6,-1,-1,1,-1,-1,-1,0,0,11160000,65115000,1,-0.5000000000000004,0.8660254037844384,0,0,0,1
1,33.0,17,-1,-1,-1,-1,1,1,0,1,14220000,234585000,0,1.0,6.123233995736766e-17,0,0,0,1
1,33.0,29,-1,-1,-1,-1,1,1,0,1,6885000,199860000,0,1.0,6.123233995736766e-17,0,0,1,0
0,39.0,6,-1,1,1,-1,1,1,0,1,15795000,81780000,1,-0.8660254037844386,0.5000000000000001,0,0,0,1
1,37.0,63,-1,-1,1,-1,1,1,1,0,15390000,944512500,0,-1.0,-1.8369701987210297e-16,0,0,0,1
1,53.0,16,-1,-1,-1,-1,-1,-1,0,1,11077500,192630000,1,-1.0,-1.8369701987210297e-16,0,0,0,1
1,42.0,59,-1,-1,1,-1,-1,1,1,1,9202500,546825000,0,-0.8660254037844386,0.5000000000000001,0,0,1,0
0,31.0,3,-1,-1,1,-1,1,-1,0,0,8632500,24217500,0,0.8660254037844387,-0.4999999999999998,0,0,1,0
0,63.0,8,-1,1,-1,-1,-1,-1,0,1,4387500,34042500,0,1.2246467991473532e-16,-1.0,0,1,0,0
0,41.0,7,-1,-1,-1,-1,-1,1,0,1,12682500,97027500,1,-0.4999999999999997,-0.8660254037844388,0,0,0,1
0,49.0,68,0,0,0,0,0,0,1,0,2940000,216247500,0,0.8660254037844386,0.5000000000000001,1,0,0,0
0,33.0,68,1,-1,1,1,1,1,1,0,16762500,1126695000,0,-0.8660254037844385,-0.5000000000000004,0,0,0,1
0,44.0,52,-1,1,1,-1,1,1,1,1,15975000,843277500,0,-0.8660254037844385,-0.5000000000000004,0,0,0,1
1,44.0,72,1,1,-1,1,1,1,1,1,16155000,1187970000,0,-1.0,-1.8369701987210297e-16,0,0,0,1
0,18.0,32,0,0,0,0,0,0,1,0,2895000,88980000,0,0.49999999999999994,-0.8660254037844387,1,0,0,0
0,64.0,72,0,0,0,0,0,0,1,0,3007500,213547500,0,1.2246467991473532e-16,-1.0,1,0,0,0
1,55.0,1,-1,-1,-1,-1,-1,-1,0,1,10492500,10492500,0,-0.5000000000000004,0.8660254037844384,0,0,0,1
1,35.0,42,1,-1,-1,1,-1,1,1,0,9555000,414502500,0,1.0,6.123233995736766e-17,0,0,1,0
0,27.0,25,0,0,0,0,0,0,1,0,3712500,103815000,1,0.0,1.0,1,0,0,0
1,44.0,45,1,-1,-1,-1,-1,-1,0,1,7635000,344782500,0,1.2246467991473532e-16,-1.0,0,0,1,0
0,41.0,43,1,-1,1,1,1,1,1,1,9060000,396082500,0,0.49999999999999994,0.8660254037844387,0,1,0,0
1,44.0,37,1,-1,1,-1,1,1,1,0,11887500,436770000,0,-0.4999999999999997,-0.8660254037844388,0,0,1,0
0,42.0,20,-1,-1,-1,-1,-1,1,0,1,12870000,259125000,1,0.8660254037844386,0.5000000000000001,0,0,0,1
0,46.0,4,-1,-1,-1,-1,-1,-1,0,1,3667500,12990000,1,-0.4999999999999997,-0.8660254037844388,0,1,0,0
1,57.0,63,1,1,1,1,1,1,1,1,16515000,1005855000,0,0.49999999999999994,0.8660254037844387,0,0,0,1
1,47.0,3,-1,-1,-1,-1,1,1,0,0,13605000,35647500,0,0.49999999999999994,0.8660254037844387,0,0,0,1
1,27.0,66,0,0,0,0,0,0,1,1,3795000,250852500,0,-0.8660254037844385,-0.5000000000000004,1,0,0,0
1,56.0,28,-1,1,1,-1,1,1,0,1,15855000,446925000,1,0.49999999999999994,-0.8660254037844387,0,0,0,1
0,60.0,8,-1,-1,-1,-1,-1,1,0,0,12780000,104362500,0,-0.8660254037844386,0.5000000000000001,0,0,0,1
1,75.0,71,0,0,0,0,0,0,1,0,3652500,248190000,0,1.0,6.123233995736766e-17,1,0,0,0
1,27.0,1,-1,-1,-1,-1,-1,-1,0,1,3637500,3637500,1,-0.4999999999999997,-0.8660254037844388,0,0,1,0
0,43.0,72,0,0,0,0,0,0,1,0,3765000,278677500,0,1.0,6.123233995736766e-17,1,0,0,0
1,18.0,16,1,1,-1,-1,-1,-1,0,1,8182500,123765000,0,0.49999999999999994,0.8660254037844387,0,0,1,0
1,47.0,66,1,1,1,1,-1,-1,1,0,14490000,963637500,0,-0.8660254037844386,0.5000000000000001,0,0,0,1
0,33.0,11,-1,-1,-1,-1,-1,-1,0,1,11475000,125692500,1,-1.0,-1.8369701987210297e-16,0,0,0,1
1,63.0,51,1,1,1,1,1,-1,1,1,12172500,618930000,0,1.0,6.123233995736766e-17,0,0,1,0
0,31.0,8,1,-1,-1,-1,-1,1,0,1,5775000,49620000,0,0.49999999999999994,0.8660254037844387,0,1,0,0
1,20.0,14,-1,-1,-1,-1,1,1,0,1,13935000,200617500,0,1.0,6.123233995736766e-17,0,0,0,1
0,34.0,4,-1,1,-1,1,-1,1,0,1,14025000,54330000,1,0.8660254037844387,-0.4999999999999998,0,0,0,1
0,18.0,70,1,1,1,-1,1,1,1,0,12705000,898657500,0,0.0,1.0,0,0,1,0
0,49.0,70,1,1,-1,1,-1,-1,1,0,9900000,733725000,0,-0.4999999999999997,-0.8660254037844388,0,0,1,0
0,18.0,54,-1,1,-1,-1,1,1,1,1,15225000,805965000,1,-0.8660254037844386,0.5000000000000001,0,0,0,1
1,40.0,28,1,-1,-1,-1,-1,-1,0,1,11235000,310282500,1,-0.8660254037844386,0.5000000000000001,0,0,0,1
1,18.0,24,0,0,0,0,0,0,1,0,3112500,73057500,0,0.0,1.0,1,0,0,0
0,36.0,69,-1,1,-1,-1,-1,1,1,1,9217500,619680000,0,-1.0,-1.8369701987210297e-16,0,0,1,0
1,60.0,42,1,1,-1,-1,-1,-1,0,0,8175000,345172500,0,0.49999999999999994,-0.8660254037844387,0,0,1,0
0,44.0,2,-1,-1,-1,-1,-1,-1,0,1,10440000,19747500,1,0.8660254037844387,-0.4999999999999998,0,0,0,1
0,30.0,39,-1,-1,1,-1,1,1,0,1,14962500,605400000,0,-1.0,-1.8369701987210297e-16,0,0,0,1
1,40.0,45,-1,1,1,1,1,1,1,1,16462500,735097500,0,-1.0,-1.8369701987210297e-16,0,0,0,1
1,40.0,72,1,1,1,1,1,-1,1,1,12127500,859117500,0,0.0,1.0,0,0,1,0
0,46.0,38,0,0,0,0,0,0,1,0,3045000,111457500,0,1.2246467991473532e-16,-1.0,1,0,0,0
1,24.0,72,1,1,1,1,-1,-1,1,1,10170000,720697500,0,1.2246467991473532e-16,-1.0,0,0,1,0
1,47.0,1,0,0,0,0,0,0,0,1,3607500,3607500,1,0.8660254037844387,-0.4999999999999998,1,0,0,0
1,18.0,72,0,0,0,0,0,0,1,1,2970000,212197500,0,0.49999999999999994,-0.8660254037844387,1,0,0,0
1,32.0,55,0,0,0,0,0,0,1,0,3855000,216547500,0,0.49999999999999994,0.8660254037844387,1,0,0,0
0,34.0,51,-1,-1,1,1,1,1,1,1,8422500,434842500,0,1.0,6.123233995736766e-17,0,0,1,0
1,48.0,63,1,1,1,1,1,1,1,1,13005000,796425000,0,-1.0,-1.8369701987210297e-16,0,0,1,0
0,40.0,1,0,0,0,0,0,0,0,0,3060000,3060000,0,-1.0,-1.8369701987210297e-16,1,0,0,0
0,23.0,23,0,0,0,0,0,0,1,1,2947500,67732500,0,0.8660254037844387,-0.4999999999999998,1,0,0,0
0,28.0,1,-1,1,-1,-1,-1,-1,0,0,7582500,7582500,1,-1.0,-1.8369701987210297e-16,0,0,1,0
0,42.0,2,-1,-1,-1,1,-1,-1,0,1,8152500,17557500,0,0.49999999999999994,-0.8660254037844387,0,0,1,0
0,39.0,52,1,1,1,-1,1,1,0,0,16215000,875895000,0,-0.4999999999999997,-0.8660254037844388,0,0,0,1
0,33.0,36,1,-1,-1,-1,-1,-1,1,0,8167500,284025000,0,-0.4999999999999997,-0.8660254037844388,0,0,1,0
0,34.0,1,-1,-1,-1,-1,-1,-1,0,0,6802500,6802500,0,-0.5000000000000004,0.8660254037844384,0,0,1,0
0,48.0,28,1,-1,1,-1,-1,-1,1,0,8850000,248167500,0,-0.4999999999999997,-0.8660254037844388,0,0,1,0
0,34.0,7,1,1,1,-1,1,-1,1,0,10417500,71557500,0,1.0,6.123233995736766e-17,0,0,1,0
1,39.0,14,-1,1,-1,-1,1,1,0,1,15082500,212332500,1,0.0,1.0,0,0,0,1
1,66.0,72,1,1,1,1,1,1,1,1,9742500,681900000,0,-0.4999999999999997,-0.8660254037844388,0,1,0,0
0,23.0,1,0,0,0,0,0,0,0,1,3075000,3075000,1,0.49999999999999994,-0.8660254037844387,1,0,0,0
0,18.0,10,0,0,0,0,0,0,0,0,2827500,24480000,0,-0.5000000000000004,0.8660254037844384,1,0,0,0
1,49.0,42,0,0,0,0,0,0,1,0,2970000,127485000,0,-0.8660254037844385,-0.5000000000000004,1,0,0,0
0,32.0,7,-1,-1,-1,-1,-1,-1,0,0,3757500,28492500,0,1.0,6.123233995736766e-17,0,0,1,0
1,36.0,4,-1,-1,1,-1,-1,-1,0,1,11220000,48285000,1,0.8660254037844386,0.5000000000000001,0,0,0,1
1,31.0,72,1,1,1,1,1,1,1,1,17145000,1208782500,0,-0.8660254037844386,0.5000000000000001,0,0,0,1
0,37.0,20,-1,-1,-1,-1,-1,-1,0,1,3667500,72420000,1,0.8660254037844387,-0.4999999999999998,0,0,1,0
1,59.0,63,1,1,1,1,1,1,1,0,16380000,1057462500,0,1.0,6.123233995736766e-17,0,0,0,1
0,50.0,56,1,1,1,1,-1,-1,1,0,6757500,384015000,0,0.8660254037844387,-0.4999999999999998,0,0,1,0
0,50.0,5,-1,-1,-1,1,-1,-1,0,1,7650000,43020000,0,0.8660254037844387,-0.4999999999999998,0,0,1,0
0,23.0,72,-1,1,1,1,1,1,1,1,16567500,1197375000,0,-0.8660254037844386,0.5000000000000001,0,0,0,1
1,26.0,68,-1,1,1,-1,-1,-1,0,1,12697500,852540000,0,1.0,6.123233995736766e-17,0,0,0,1
1,18.0,67,1,1,-1,1,-1,-1,1,0,9007500,599107500,0,1.2246467991473532e-16,-1.0,0,1,0,0
1,30.0,8,-1,-1,-1,-1,-1,-1,0,0,6697500,55372500,0,-0.8660254037844386,0.5000000000000001,0,1,0,0
1,51.0,52,-1,1,-1,1,-1,1,0,1,13987500,694755000,0,0.8660254037844387,-0.4999999999999998,0,0,0,1
0,46.0,18,0,0,0,0,0,0,0,1,3037500,60292500,0,-0.8660254037844385,-0.5000000000000004,1,0,0,0
0,37.0,59,0,0,0,0,0,0,1,0,3817500,230107500,0,0.49999999999999994,0.8660254037844387,1,0,0,0
0,40.0,60,0,0,0,0,0,0,1,0,3090000,163950000,0,-0.4999999999999997,-0.8660254037844388,1,0,0,0
1,32.0,7,-1,-1,-1,-1,1,1,0,1,14115000,105195000,0,-0.5000000000000004,0.8660254037844384,0,0,0,1
1,42.0,59,1,-1,1,-1,-1,-1,1,0,5220000,297045000,0,1.2246467991473532e-16,-1.0,0,1,0,0
1,49.0,46,1,-1,1,1,1,1,1,1,9112500,434010000,0,-1.0,-1.8369701987210297e-16,0,0,1,0
1,21.0,5,-1,1,-1,-1,-1,-1,0,1,7702500,39345000,0,0.8660254037844387,-0.4999999999999998,0,1,0,0
1,44.0,59,1,-1,1,1,1,1,1,1,9607500,583027500,0,0.8660254037844387,-0.4999999999999998,0,1,0,0
0,51.0,70,-1,1,1,1,1,1,1,1,12720000,887632500,0,1.2246467991473532e-16,-1.0,0,1,0,0
0,35.0,14,-1,-1,-1,-1,-1,-1,0,1,10650000,137100000,1,1.0,6.123233995736766e-17,0,0,0,1
0,48.0,44,-1,-1,-1,-1,-1,-1,0,1,7522500,320865000,0,1.0,6.123233995736766e-17,0,0,1,0
0,74.0,64,1,-1,1,-1,1,-1,1,1,14190000,892305000,0,0.49999999999999994,0.8660254037844387,0,0,0,1
0,39.0,58,1,-1,1,1,1,1,1,0,8962500,543652500,0,0.0,1.0,0,1,0,0
0,45.0,46,-1,-1,-1,1,1,1,1,0,15037500,713077500,0,1.2246467991473532e-16,-1.0,0,0,0,1
1,31.0,58,-1,1,-1,-1,1,1,0,1,14835000,867105000,0,0.8660254037844386,0.5000000000000001,0,0,0,1
0,42.0,72,-1,1,-1,-1,1,1,1,1,14655000,1030455000,0,0.49999999999999994,0.8660254037844387,0,0,0,1
0,46.0,30,-1,-1,1,-1,1,-1,0,1,6045000,175942500,1,-0.4999999999999997,-0.8660254037844388,0,0,1,0
1,42.0,11,1,1,-1,-1,-1,-1,0,0,9037500,99442500,0,0.49999999999999994,-0.8660254037844387,0,1,0,0
0,28.0,34,-1,1,1,-1,1,1,0,1,8437500,264892500,0,-0.8660254037844386,0.5000000000000001,0,0,1,0
1,42.0,54,1,1,-1,-1,-1,1,1,0,6930000,364792500,0,0.8660254037844387,-0.4999999999999998,0,1,0,0
0,58.0,3,-1,1,-1,-1,1,1,0,1,7590000,23302500,1,-0.8660254037844385,-0.5000000000000004,0,1,0,0
0,45.0,72,0,0,0,0,0,0,1,0,3735000,278880000,0,-1.0,-1.8369701987210297e-16,1,0,0,0
0,52.0,40,-1,-1,1,1,-1,-1,0,1,12727500,495457500,1,-0.4999999999999997,-0.8660254037844388,0,0,0,1
0,37.0,2,-1,-1,-1,-1,1,1,0,0,9855000,20152500,1,1.0,6.123233995736766e-17,0,0,1,0
1,49.0,54,-1,-1,1,-1,-1,1,1,0,9502500,511365000,0,1.0,6.123233995736766e-17,0,0,1,0
0,43.0,14,1,-1,-1,-1,-1,-1,0,0,7515000,106425000,0,1.2246467991473532e-16,-1.0,0,0,1,0
0,29.0,1,-1,-1,-1,-1,-1,-1,0,0,10575000,10575000,1,0.8660254037844386,0.5000000000000001,0,0,0,1
0,44.0,10,-1,1,1,-1,-1,1,0,1,14227500,143017500,1,0.49999999999999994,-0.8660254037844387,0,0,0,1
0,28.0,1,1,-1,-1,-1,-1,-1,0,0,7522500,7522500,0,0.49999999999999994,0.8660254037844387,0,0,1,0
1,32.0,1,0,0,0,0,0,0,0,0,2962500,2962500,1,0.8660254037844387,-0.4999999999999998,1,0,0,0
1,42.0,56,1,1,-1,1,-1,-1,1,1,9697500,549832500,0,0.49999999999999994,0.8660254037844387,0,0,1,0
0,44.0,68,1,1,-1,1,1,1,1,1,11940000,827370000,0,0.49999999999999994,0.8660254037844387,0,0,1,0
0,26.0,14,0,0,0,0,0,0,1,1,2925000,40800000,0,-0.8660254037844386,0.5000000000000001,1,0,0,0
1,53.0,68,1,-1,-1,1,1,1,1,1,14932500,1000200000,0,-0.8660254037844386,0.5000000000000001,0,0,0,1
1,47.0,55,-1,-1,-1,-1,-1,-1,0,1,11100000,607860000,0,-0.8660254037844386,0.5000000000000001,0,0,0,1
0,32.0,16,1,-1,-1,-1,1,-1,0,1,5835000,99660000,0,0.8660254037844387,-0.4999999999999998,0,0,1,0
1,22.0,9,-1,-1,-1,-1,-1,1,0,1,11932500,107782500,0,-0.4999999999999997,-0.8660254037844388,0,0,0,1
1,38.0,14,1,1,-1,-1,1,-1,0,1,9817500,140640000,1,0.8660254037844387,-0.4999999999999998,0,0,1,0
1,35.0,58,-1,-1,1,-1,1,1,0,1,14805000,871890000,1,1.2246467991473532e-16,-1.0,0,0,0,1
1,41.0,53,1,1,-1,-1,-1,1,0,1,6945000,382027500,0,0.49999999999999994,-0.8660254037844387,0,1,0,0
1,36.0,70,1,1,1,-1,1,-1,1,1,14902500,1041675000,0,0.0,1.0,0,0,0,1
0,18.0,14,-1,-1,-1,-1,1,1,0,1,14370000,201945000,0,-0.5000000000000004,0.8660254037844384,0,0,0,1
1,35.0,22,1,-1,1,1,1,-1,1,1,10125000,231607500,1,-1.0,-1.8369701987210297e-16,0,1,0,0
0,36.0,10,1,-1,-1,-1,-1,-1,0,1,11722500,114772500,0,1.2246467991473532e-16,-1.0,0,0,0,1
0,48.0,29,0,0,0,0,0,0,1,0,3915000,103882500,0,-0.8660254037844386,0.5000000000000001,1,0,0,0
0,32.0,1,-1,-1,-1,-1,-1,-1,0,1,10440000,10440000,1,-0.8660254037844386,0.5000000000000001,0,0,0,1
1,60.0,49,1,-1,1,1,1,1,1,0,12652500,608902500,1,0.0,1.0,0,0,1,0
0,18.0,68,-1,1,-1,-1,1,1,0,1,15030000,1027747500,1,1.2246467991473532e-16,-1.0,0,0,0,1
0,56.0,1,-1,-1,-1,-1,1,-1,0,0,11707500,11707500,1,-1.0,-1.8369701987210297e-16,0,0,0,1
0,37.0,30,-1,-1,-1,1,-1,1,1,1,6052500,178057500,0,-0.8660254037844385,-0.5000000000000004,0,1,0,0
0,50.0,72,1,1,1,1,1,-1,1,0,11880000,810285000,0,0.8660254037844387,-0.4999999999999998,0,0,1,0
0,41.0,10,0,0,0,0,0,0,0,1,3135000,37050000,0,0.49999999999999994,0.8660254037844387,1,0,0,0
1,54.0,7,-1,-1,-1,-1,-1,-1,0,0,11040000,78000000,1,1.0,6.123233995736766e-17,0,0,0,1
0,35.0,9,-1,-1,-1,-1,-1,-1,0,1,11212500,105990000,1,-0.4999999999999997,-0.8660254037844388,0,0,0,1
0,27.0,1,1,-1,-1,-1,-1,-1,0,0,7485000,7485000,0,-0.4999999999999997,-0.8660254037844388,0,0,1,0
0,57.0,20,-1,1,-1,1,-1,1,0,1,10335000,205552500,0,-0.4999999999999997,-0.8660254037844388,0,0,1,0
0,39.0,1,0,0,0,0,0,0,0,1,3037500,3037500,0,0.8660254037844387,-0.4999999999999998,1,0,0,0
0,43.0,29,-1,-1,-1,-1,-1,-1,0,1,11400000,332287500,0,-1.0,-1.8369701987210297e-16,0,0,0,1
1,55.0,1,-1,-1,-1,1,-1,-1,0,0,11100000,11100000,0,-0.8660254037844386,0.5000000000000001,0,0,0,1
1,28.0,3,1,-1,-1,1,-1,-1,0,1,12345000,32160000,0,-0.8660254037844385,-0.5000000000000004,0,0,0,1
0,47.0,20,1,-1,1,-1,1,-1,0,1,13410000,280672500,0,0.49999999999999994,-0.8660254037844387,0,0,0,1
1,33.0,64,-1,1,-1,1,1,1,0,1,14872500,925680000,0,0.8660254037844386,0.5000000000000001,0,0,0,1
1,38.0,1,0,0,0,0,0,0,0,1,3030000,3030000,1,1.0,6.123233995736766e-17,1,0,0,0
0,41.0,6,1,-1,-1,-1,-1,-1,0,0,4417500,24217500,0,0.49999999999999994,0.8660254037844387,0,0,1,0
1,22.0,50,0,0,0,0,0,0,1,0,2970000,151980000,0,-0.8660254037844385,-0.5000000000000004,1,0,0,0
1,31.0,6,1,-1,-1,-1,-1,1,0,1,8872500,50505000,0,0.8660254037844386,0.5000000000000001,0,0,1,0
1,56.0,7,-1,-1,-1,-1,-1,-1,0,0,6712500,50047500,0,-0.8660254037844386,0.5000000000000001,0,1,0,0
1,51.0,72,-1,-1,1,-1,-1,1,1,1,13620000,976770000,0,-0.8660254037844386,0.5000000000000001,0,0,0,1
1,39.0,8,-1,1,-1,-1,-1,-1,0,1,7432500,59017500,0,-0.8660254037844386,0.5000000000000001,0,0,1,0
0,43.0,67,1,-1,-1,1,1,1,1,0,16005000,1051425000,0,0.49999999999999994,-0.8660254037844387,0,0,0,1
0,36.0,24,-1,-1,-1,-1,1,1,0,1,14032500,339607500,1,-0.8660254037844385,-0.5000000000000004,0,0,0,1
0,56.0,72,1,1,-1,-1,-1,1,1,1,14167500,1038255000,0,0.49999999999999994,0.8660254037844387,0,0,0,1
1,38.0,33,0,0,0,0,0,0,1,1,2917500,90037500,0,-1.0,-1.8369701987210297e-16,1,0,0,0
1,43.0,2,-1,-1,-1,-1,-1,-1,0,1,3757500,8452500,1,-0.8660254037844385,-0.5000000000000004,0,1,0,0
1,54.0,70,1,1,-1,1,-1,1,1,0,10192500,699622500,0,0.49999999999999994,0.8660254037844387,0,0,1,0
0,31.0,22,-1,1,1,-1,1,-1,1,0,9787500,216270000,0,-1.0,-1.8369701987210297e-16,0,0,1,0
0,59.0,59,1,1,1,-1,-1,1,0,1,14917500,843555000,0,-0.8660254037844385,-0.5000000000000004,0,0,0,1
1,22.0,36,0,0,0,0,0,0,1,1,3052500,104377500,0,0.8660254037844387,-0.4999999999999998,1,0,0,0
0,60.0,51,0,0,0,0,0,0,1,0,2992500,154312500,0,-1.0,-1.8369701987210297e-16,1,0,0,0
1,36.0,53,1,-1,1,1,1,-1,1,0,11610000,623392500,0,-0.8660254037844386,0.5000000000000001,0,0,1,0
0,37.0,20,0,0,0,0,0,0,1,0,2955000,59340000,0,-0.8660254037844385,-0.5000000000000004,1,0,0,0
1,18.0,63,1,-1,1,-1,1,1,1,0,14955000,949560000,0,0.8660254037844387,-0.4999999999999998,0,0,0,1
0,35.0,40,-1,1,-1,-1,-1,-1,0,0,11220000,445755000,0,-0.8660254037844386,0.5000000000000001,0,0,0,1
1,28.0,35,0,0,0,0,0,0,1,1,2872500,95700000,0,-1.0,-1.8369701987210297e-16,1,0,0,0
1,33.0,26,-1,-1,-1,-1,-1,1,1,0,11842500,305137500,0,1.0,6.123233995736766e-17,0,0,0,1
1,38.0,27,-1,1,1,-1,-1,1,0,1,14332500,376530000,1,0.49999999999999994,0.8660254037844387,0,0,0,1
1,51.0,53,1,1,-1,1,-1,-1,1,0,9427500,512925000,0,1.2246467991473532e-16,-1.0,0,1,0,0
1,42.0,34,-1,-1,-1,-1,-1,-1,0,0,10732500,364102500,0,-0.5000000000000004,0.8660254037844384,0,0,0,1
0,44.0,19,-1,-1,-1,-1,1,1,0,1,14242500,264037500,0,-0.4999999999999997,-0.8660254037844388,0,0,0,1
1,27.0,43,1,1,1,-1,-1,-1,0,1,12915000,532747500,0,0.8660254037844386,0.5000000000000001,0,0,0,1
1,29.0,6,0,0,0,0,0,0,0,0,2932500,18435000,0,-0.4999999999999997,-0.8660254037844388,1,0,0,0
1,62.0,56,0,0,0,0,0,0,1,1,3720000,213630000,0,0.8660254037844387,-0.4999999999999998,1,0,0,0
1,31.0,57,-1,1,-1,-1,1,-1,0,1,5895000,316717500,1,1.2246467991473532e-16,-1.0,0,0,1,0
1,60.0,34,-1,-1,1,-1,1,-1,0,1,12607500,436492500,0,-0.4999999999999997,-0.8660254037844388,0,0,0,1
0,37.0,10,-1,1,-1,1,-1,-1,0,0,5437500,56100000,0,-0.8660254037844386,0.5000000000000001,0,1,0,0
0,40.0,1,0,0,0,0,0,0,0,1,3037500,3037500,1,-0.4999999999999997,-0.8660254037844388,1,0,0,0
0,53.0,13,-1,-1,-1,-1,-1,-1,0,1,3585000,45120000,1,0.49999999999999994,-0.8660254037844387,0,0,1,0
1,55.0,56,-1,1,-1,-1,1,1,0,0,14790000,837157500,0,-0.5000000000000004,0.8660254037844384,0,0,0,1
0,39.0,55,-1,1,1,-1,1,1,0,1,15547500,851497500,0,-0.4999999999999997,-0.8660254037844388,0,0,0,1
0,35.0,36,1,1,1,1,1,1,1,1,13935000,506887500,0,-0.5000000000000004,0.8660254037844384,0,0,1,0
1,39.0,47,0,0,0,0,0,0,1,0,2985000,141442500,0,-0.5000000000000004,0.8660254037844384,1,0,0,0
0,44.0,12,0,0,0,0,0,0,0,1,3015000,34860000,0,-0.8660254037844385,-0.5000000000000004,1,0,0,0
0,51.0,1,-1,-1,1,-1,1,-1,0,1,12817500,12817500,1,1.0,6.123233995736766e-17,0,0,0,1
1,40.0,24,-1,1,-1,-1,-1,-1,0,1,12075000,313267500,0,0.49999999999999994,0.8660254037844387,0,0,0,1
0,47.0,63,-1,1,-1,-1,1,1,1,0,14985000,920550000,1,0.8660254037844387,-0.4999999999999998,0,0,0,1
0,60.0,35,-1,-1,1,-1,1,-1,0,1,5977500,215190000,0,-0.4999999999999997,-0.8660254037844388,0,1,0,0
0,45.0,67,1,1,-1,1,-1,-1,1,0,9075000,580500000,0,-0.8660254037844385,-0.5000000000000004,0,0,1,0
1,44.0,25,-1,-1,-1,-1,-1,1,0,1,12720000,306517500,1,-0.5000000000000004,0.8660254037844384,0,0,0,1
1,22.0,21,1,-1,1,-1,1,1,0,0,15577500,332250000,0,-0.8660254037844385,-0.5000000000000004,0,0,0,1
0,18.0,13,1,1,-1,1,-1,1,0,0,10170000,126337500,0,0.49999999999999994,-0.8660254037844387,0,0,1,0
1,45.0,35,-1,-1,-1,-1,-1,-1,0,1,11280000,386430000,1,0.8660254037844387,-0.4999999999999998,0,0,0,1
1,39.0,71,0,0,0,0,0,0,1,0,3727500,285150000,0,1.0,6.123233995736766e-17,1,0,0,0
0,34.0,29,0,0,0,0,0,0,0,0,2902500,90240000,0,0.0,1.0,1,0,0,0
1,43.0,71,-1,1,-1,-1,1,1,1,0,7402500,527287500,1,-0.8660254037844386,0.5000000000000001,0,0,1,0
1,39.0,7,-1,-1,-1,-1,1,1,0,1,13350000,90817500,0,1.0,6.123233995736766e-17,0,0,0,1
0,54.0,57,-1,1,1,-1,1,1,0,1,8250000,464107500,0,0.49999999999999994,0.8660254037844387,0,1,0,0
1,41.0,65,1,-1,1,1,-1,1,1,0,11422500,739432500,0,0.8660254037844387,-0.4999999999999998,0,0,1,0
1,31.0,27,0,0,0,0,0,0,1,0,3045000,89257500,0,0.49999999999999994,-0.8660254037844387,1,0,0,0
1,52.0,6,-1,-1,-1,-1,-1,-1,0,1,11235000,70470000,1,0.0,1.0,0,0,0,1
0,37.0,72,1,1,1,1,1,1,1,1,17602500,1265437500,0,0.8660254037844387,-0.4999999999999998,0,0,0,1
1,46.0,1,0,0,0,0,0,0,0,1,2962500,2962500,0,0.8660254037844387,-0.4999999999999998,1,0,0,0
1,34.0,11,-1,-1,-1,-1,-1,-1,0,0,6780000,73800000,0,-0.8660254037844386,0.5000000000000001,0,0,1,0
1,32.0,39,0,0,0,0,0,0,1,0,3780000,148192500,0,-1.0,-1.8369701987210297e-16,1,0,0,0
0,41.0,59,1,1,1,-1,-1,-1,0,1,13462500,824535000,0,1.2246467991473532e-16,-1.0,0,0,0,1
1,40.0,26,1,-1,-1,1,1,1,1,0,11250000,286252500,0,-0.5000000000000004,0.8660254037844384,0,0,1,0
1,46.0,2,-1,-1,1,-1,-1,-1,0,0,7492500,16065000,0,0.8660254037844386,0.5000000000000001,0,0,1,0
0,37.0,72,1,1,1,1,1,1,1,0,9855000,686302500,0,0.8660254037844387,-0.4999999999999998,0,0,1,0
1,18.0,65,1,1,1,-1,-1,-1,1,0,10057500,646432500,0,1.2246467991473532e-16,-1.0,0,0,1,0
1,35.0,72,-1,1,1,1,1,1,1,0,16635000,1188412500,0,1.0,6.123233995736766e-17,0,0,0,1
1,50.0,6,-1,-1,-1,1,-1,1,0,1,13192500,78352500,0,-1.0,-1.8369701987210297e-16,0,0,0,1
1,36.0,32,0,0,0,0,0,0,1,0,2970000,88155000,0,0.49999999999999994,0.8660254037844387,1,0,0,0
0,37.0,50,-1,-1,1,-1,1,1,1,0,11355000,581430000,0,-0.8660254037844385,-0.5000000000000004,0,0,1,0
1,52.0,61,1,-1,1,1,1,1,1,1,9322500,566827500,0,0.8660254037844387,-0.4999999999999998,0,0,1,0
0,31.0,15,-1,1,1,-1,1,1,0,1,15187500,218587500,1,-0.5000000000000004,0.8660254037844384,0,0,0,1
1,21.0,72,1,1,1,1,1,1,1,0,17272500,1252417500,0,1.0,6.123233995736766e-17,0,0,0,1
1,38.0,9,0,0,0,0,0,0,0,1,2842500,27840000,1,-1.0,-1.8369701987210297e-16,1,0,0,0
0,34.0,1,0,0,0,0,0,0,0,0,2925000,2925000,0,0.8660254037844386,0.5000000000000001,1,0,0,0
0,28.0,12,-1,-1,-1,-1,-1,1,0,1,12982500,160035000,0,-0.8660254037844385,-0.5000000000000004,0,0,0,1
0,38.0,37,-1,-1,-1,1,-1,-1,0,0,4290000,146032500,1,-0.8660254037844386,0.5000000000000001,0,1,0,0
1,46.0,61,0,0,0,0,0,0,1,0,3060000,183967500,0,1.2246467991473532e-16,-1.0,1,0,0,0
1,40.0,18,0,0,0,0,0,0,1,0,2970000,51345000,0,0.8660254037844387,-0.4999999999999998,1,0,0,0
1,44.0,21,-1,-1,-1,-1,-1,-1,0,0,6847500,147757500,0,-0.8660254037844386,0.5000000000000001,0,0,1,0
1,62.0,68,1,1,1,1,-1,1,1,1,8460000,592267500,0,0.8660254037844387,-0.4999999999999998,0,0,1,0
1,36.0,12,-1,-1,-1,-1,-1,-1,0,1,10995000,124207500,0,-1.0,-1.8369701987210297e-16,0,0,0,1
0,43.0,2,-1,-1,-1,-1,-1,-1,0,0,3652500,6277500,1,1.0,6.123233995736766e-17,0,0,1,0
0,34.0,62,-1,-1,1,-1,1,1,0,1,15202500,924705000,0,-0.8660254037844385,-0.5000000000000004,0,0,0,1
0,30.0,29,-1,-1,-1,1,1,1,0,0,14797500,429412500,1,1.0,6.123233995736766e-17,0,0,0,1
1,33.0,1,-1,1,-1,1,-1,-1,0,0,5040000,5040000,0,1.0,6.123233995736766e-17,0,0,1,0
1,34.0,5,-1,-1,1,-1,-1,-1,0,1,11985000,51592500,1,0.49999999999999994,-0.8660254037844387,0,0,0,1
0,44.0,1,0,0,0,0,0,0,0,0,3105000,3105000,0,0.49999999999999994,-0.8660254037844387,1,0,0,0
1,68.0,62,-1,-1,1,1,1,1,1,1,15607500,988575000,0,-0.5000000000000004,0.8660254037844384,0,0,0,1
0,31.0,36,0,0,0,0,0,0,1,0,3037500,107692500,0,-0.8660254037844386,0.5000000000000001,1,0,0,0
0,35.0,28,-1,-1,1,1,1,1,0,1,15495000,433597500,1,-0.8660254037844386,0.5000000000000001,0,0,0,1
0,39.0,69,1,1,-1,1,1,-1,1,0,11055000,732877500,0,0.8660254037844387,-0.4999999999999998,0,1,0,0
0,45.0,11,1,-1,-1,1,1,-1,0,1,14430000,183307500,1,-0.8660254037844386,0.5000000000000001,0,0,0,1
0,43.0,63,-1,1,1,1,1,1,0,1,16312500,1030755000,0,0.8660254037844386,0.5000000000000001,0,0,0,1
1,55.0,23,0,0,0,0,0,0,1,0,3022500,60840000,0,-0.5000000000000004,0.8660254037844384,1,0,0,0
1,18.0,10,0,0,0,0,0,0,0,0,2962500,31237500,0,0.49999999999999994,0.8660254037844387,1,0,0,0
0,18.0,71,0,0,0,0,0,0,1,1,3892500,270285000,0,0.49999999999999994,-0.8660254037844387,1,0,0,0
0,34.0,45,1,-1,-1,1,-1,1,0,1,10507500,459367500,0,0.49999999999999994,-0.8660254037844387,0,1,0,0
0,53.0,70,0,0,0,0,0,0,1,0,3607500,264712500,0,1.2246467991473532e-16,-1.0,1,0,0,0
0,21.0,22,-1,-1,-1,-1,-1,1,0,1,12712500,272512500,0,0.49999999999999994,-0.8660254037844387,0,0,0,1
0,18.0,52,0,0,0,0,0,0,1,0,3457500,188265000,0,-0.8660254037844386,0.5000000000000001,1,0,0,0
1,47.0,55,-1,-1,1,1,1,1,1,1,15622500,861457500,1,-0.8660254037844386,0.5000000000000001,0,0,0,1
0,43.0,65,1,-1,1,1,1,1,1,0,8992500,588165000,0,0.8660254037844386,0.5000000000000001,0,0,1,0
0,27.0,72,0,0,0,0,0,0,1,0,2932500,219517500,0,-1.0,-1.8369701987210297e-16,1,0,0,0
1,28.0,10,0,0,0,0,0,0,1,0,2940000,28417500,0,1.2246467991473532e-16,-1.0,1,0,0,0
0,28.0,7,0,0,0,0,0,0,1,0,3007500,14520000,0,0.49999999999999994,-0.8660254037844387,1,0,0,0
1,41.0,5,-1,1,-1,-1,-1,1,0,1,12832500,61275000,0,1.2246467991473532e-16,-1.0,0,0,0,1
0,32.0,24,1,-1,1,-1,1,1,1,0,11790000,276997500,0,0.0,1.0,0,0,1,0
0,46.0,72,1,1,1,1,1,1,1,1,17520000,1268512500,0,-0.8660254037844386,0.5000000000000001,0,0,0,1
1,18.0,21,1,-1,-1,1,1,-1,0,1,6532500,151725000,0,-0.4999999999999997,-0.8660254037844388,0,0,1,0
1,30.0,69,-1,1,1,1,1,1,1,1,9120000,639510000,0,-0.8660254037844385,-0.5000000000000004,0,0,1,0
1,26.0,44,-1,1,-1,1,-1,-1,0,1,8235000,382365000,0,-0.8660254037844385,-0.5000000000000004,0,1,0,0
0,37.0,61,-1,-1,1,-1,1,-1,1,1,9780000,594757500,0,-1.0,-1.8369701987210297e-16,0,1,0,0
1,34.0,24,-1,1,1,-1,1,1,0,1,15442500,374505000,1,0.49999999999999994,0.8660254037844387,0,0,0,1
0,50.0,1,-1,-1,-1,-1,1,1,0,0,13590000,13590000,1,-0.5000000000000004,0.8660254037844384,0,0,0,1
0,18.0,6,-1,-1,-1,1,-1,-1,0,1,7620000,43207500,1,0.0,1.0,0,1,0,0
1,41.0,4,-1,1,-1,-1,-1,1,0,1,13507500,55215000,1,0.8660254037844386,0.5000000000000001,0,0,0,1
1,47.0,72,-1,1,1,1,1,1,1,1,16230000,1176090000,0,0.0,1.0,0,0,0,1
1,62.0,72,1,1,1,1,1,1,1,0,13800000,994912500,0,0.8660254037844386,0.5000000000000001,0,0,1,0
1,34.0,14,-1,-1,-1,-1,-1,-1,0,1,11265000,152002500,0,0.8660254037844386,0.5000000000000001,0,0,0,1
1,44.0,7,0,0,0,0,0,0,0,1,3757500,22942500,0,1.2246467991473532e-16,-1.0,1,0,0,0
0,18.0,48,-1,1,-1,-1,-1,-1,1,0,11272500,565897500,0,0.8660254037844387,-0.4999999999999998,0,0,0,1
1,18.0,55,0,0,0,0,0,0,1,0,2925000,153952500,0,0.8660254037844386,0.5000000000000001,1,0,0,0
1,50.0,1,0,0,0,0,0,0,0,0,2895000,2895000,0,-0.4999999999999997,-0.8660254037844388,1,0,0,0
1,40.0,45,1,1,1,1,1,1,1,0,16830000,754777500,0,0.8660254037844387,-0.4999999999999998,0,0,0,1
1,54.0,3,-1,-1,-1,-1,-1,-1,0,1,10545000,33060000,0,0.8660254037844387,-0.4999999999999998,0,0,0,1
0,24.0,71,0,0,0,0,0,0,1,0,2940000,212475000,0,0.49999999999999994,0.8660254037844387,1,0,0,0
1,46.0,8,0,0,0,0,0,0,0,0,3037500,23752500,0,0.0,1.0,1,0,0,0
0,62.0,3,-1,-1,-1,-1,-1,-1,0,1,11377500,38490000,1,-0.8660254037844385,-0.5000000000000004,0,0,0,1
1,45.0,69,1,1,-1,1,1,1,1,0,12097500,831382500,0,1.2246467991473532e-16,-1.0,0,0,1,0
1,43.0,1,-1,-1,-1,-1,-1,-1,0,1,10275000,10275000,1,-0.8660254037844386,0.5000000000000001,0,0,0,1
0,40.0,72,1,1,1,1,1,1,1,1,17362500,1266555000,0,-0.4999999999999997,-0.8660254037844388,0,0,0,1
1,21.0,11,1,-1,-1,-1,-1,-1,0,1,11025000,118762500,1,0.8660254037844387,-0.4999999999999998,0,0,0,1
1,56.0,71,1,1,1,1,-1,1,1,0,12090000,856230000,0,0.49999999999999994,0.8660254037844387,0,0,1,0
0,33.0,1,-1,-1,-1,-1,-1,-1,0,1,10492500,10492500,1,-0.8660254037844386,0.5000000000000001,0,0,0,1
0,46.0,33,1,-1,1,1,1,1,1,0,8932500,302445000,0,-0.8660254037844386,0.5000000000000001,0,1,0,0
0,21.0,16,0,0,0,0,0,0,1,0,2857500,48997500,0,0.8660254037844387,-0.4999999999999998,1,0,0,0
0,26.0,56,1,1,1,1,-1,-1,1,0,14347500,820762500,0,0.8660254037844386,0.5000000000000001,0,0,0,1
0,57.0,1,0,0,0,0,0,0,0,0,2992500,2992500,0,0.49999999999999994,0.8660254037844387,1,0,0,0
1,36.0,5,-1,-1,1,-1,1,1,0,1,10507500,51960000,1,0.49999999999999994,-0.8660254037844387,0,1,0,0
1,57.0,57,0,0,0,0,0,0,1,0,2910000,159240000,0,0.8660254037844387,-0.4999999999999998,1,0,0,0
1,39.0,56,-1,1,1,-1,-1,-1,1,1,5415000,295725000,0,0.0,1.0,0,1,0,0
1,18.0,8,-1,1,1,-1,1,-1,0,1,14100000,116047500,1,0.49999999999999994,0.8660254037844387,0,0,0,1
0,51.0,22,1,1,1,-1,-1,-1,0,0,9172500,213307500,1,0.8660254037844386,0.5000000000000001,0,1,0,0
0,33.0,1,0,0,0,0,0,0,0,0,2962500,2962500,0,0.8660254037844386,0.5000000000000001,1,0,0,0
0,48.0,40,1,-1,-1,1,1,-1,0,1,9615000,369052500,0,0.8660254037844387,-0.4999999999999998,0,1,0,0
1,40.0,46,0,0,0,0,0,0,1,0,2962500,128475000,0,0.8660254037844386,0.5000000000000001,1,0,0,0
1,21.0,63,0,0,0,0,0,0,1,0,2955000,191377500,0,-0.8660254037844385,-0.5000000000000004,1,0,0,0
1,42.0,68,1,1,1,-1,1,1,1,1,16530000,1120125000,0,1.2246467991473532e-16,-1.0,0,0,0,1
1,66.0,69,1,1,-1,1,1,1,1,1,15952500,1089262500,0,-0.8660254037844386,0.5000000000000001,0,0,0,1
0,46.0,56,-1,1,1,1,-1,-1,0,0,13582500,767490000,0,0.49999999999999994,0.8660254037844387,0,0,0,1
0,39.0,10,-1,1,1,-1,-1,1,1,1,9885000,99007500,0,-0.8660254037844385,-0.5000000000000004,0,1,0,0
1,53.0,63,1,1,1,1,1,-1,1,0,15675000,988620000,0,0.49999999999999994,-0.8660254037844387,0,0,0,1
0,43.0,24,1,1,1,1,-1,1,1,1,7875000,181222500,0,0.8660254037844386,0.5000000000000001,0,1,0,0
0,43.0,19,-1,-1,1,-1,-1,-1,0,1,8415000,155085000,0,0.49999999999999994,0.8660254037844387,0,0,1,0
1,27.0,22,-1,-1,1,-1,1,-1,0,1,13312500,282772500,0,1.2246467991473532e-16,-1.0,0,0,0,1
1,43.0,29,1,1,-1,-1,-1,-1,0,1,12667500,370065000,1,0.8660254037844387,-0.4999999999999998,0,0,0,1
1,52.0,13,-1,-1,1,-1,1,1,1,1,11295000,148417500,1,0.0,1.0,0,1,0,0
0,30.0,70,0,0,0,0,0,0,1,1,3900000,301042500,0,-0.5000000000000004,0.8660254037844384,1,0,0,0
0,57.0,49,-1,1,1,-1,1,1,0,0,14910000,753750000,0,0.49999999999999994,-0.8660254037844387,0,0,0,1
0,39.0,43,1,-1,1,1,1,1,1,1,16432500,724537500,1,0.8660254037844387,-0.4999999999999998,0,0,0,1
0,29.0,3,0,0,0,0,0,0,0,1,2940000,8962500,1,0.49999999999999994,0.8660254037844387,1,0,0,0
1,52.0,42,-1,-1,1,1,1,1,1,0,10972500,463237500,0,-0.8660254037844385,-0.5000000000000004,0,0,1,0
1,37.0,57,-1,1,-1,1,-1,-1,1,1,8197500,470205000,0,1.0,6.123233995736766e-17,0,1,0,0
1,49.0,2,1,-1,1,-1,1,-1,0,0,9960000,14182500,1,0.49999999999999994,-0.8660254037844387,0,0,1,0
0,36.0,72,1,1,1,1,1,1,1,1,17332500,1246860000,0,-0.8660254037844385,-0.5000000000000004,0,0,0,1
0,39.0,46,-1,1,1,-1,1,1,0,1,15667500,729577500,0,-1.0,-1.8369701987210297e-16,0,0,0,1
1,46.0,66,-1,-1,-1,1,1,1,0,1,15007500,1030785000,1,1.2246467991473532e-16,-1.0,0,0,0,1
1,43.0,62,1,1,-1,1,-1,1,1,0,15300000,979387500,1,-0.8660254037844386,0.5000000000000001,0,0,0,1
0,18.0,72,1,1,1,1,1,1,1,1,13672500,995685000,0,-0.8660254037844385,-0.5000000000000004,0,0,1,0
1,27.0,35,-1,1,-1,1,1,-1,1,1,13455000,474840000,0,-0.8660254037844386,0.5000000000000001,0,0,0,1
1,51.0,17,1,1,1,-1,-1,-1,0,0,13530000,218122500,1,-0.8660254037844385,-0.5000000000000004,0,0,0,1
0,38.0,72,1,1,1,1,1,1,1,1,13860000,1017915000,0,-0.5000000000000004,0.8660254037844384,0,0,1,0
0,34.0,28,0,0,0,0,0,0,1,0,2985000,81450000,0,0.0,1.0,1,0,0,0
1,24.0,56,0,0,0,0,0,0,1,1,3772500,199072500,1,0.49999999999999994,0.8660254037844387,1,0,0,0
0,27.0,31,-1,-1,-1,1,-1,-1,0,1,11977500,360622500,1,-0.5000000000000004,0.8660254037844384,0,0,0,1
1,18.0,45,0,0,0,0,0,0,1,0,2827500,130095000,0,0.0,1.0,1,0,0,0
0,39.0,1,0,0,0,0,0,0,0,1,3862500,3862500,0,1.0,6.123233995736766e-17,1,0,0,0
0,33.0,2,-1,1,-1,-1,-1,-1,0,1,7440000,17205000,1,1.0,6.123233995736766e-17,0,1,0,0
0,28.0,6,0,0,0,0,0,0,0,1,3142500,16425000,0,0.49999999999999994,0.8660254037844387,1,0,0,0
0,39.0,48,-1,1,1,-1,1,1,1,1,14557500,703942500,0,-0.8660254037844386,0.5000000000000001,0,0,0,1
1,44.0,25,0,0,0,0,0,0,0,1,3810000,82027500,0,-0.8660254037844386,0.5000000000000001,1,0,0,0
1,65.0,64,0,0,0,0,0,0,1,1,2955000,191107500,0,0.0,1.0,1,0,0,0
1,22.0,50,1,1,-1,-1,-1,-1,0,1,5250000,267360000,0,0.8660254037844387,-0.4999999999999998,0,1,0,0
0,54.0,52,-1,-1,1,-1,1,1,1,0,15187500,795165000,0,0.49999999999999994,-0.8660254037844387,0,0,0,1
1,52.0,4,-1,-1,-1,-1,-1,-1,0,1,10530000,42052500,0,-0.5000000000000004,0.8660254037844384,0,0,0,1
0,31.0,32,-1,-1,-1,-1,1,1,0,0,13642500,434692500,0,0.8660254037844387,-0.4999999999999998,0,0,0,1
1,42.0,45,1,1,-1,1,1,-1,1,0,11077500,505650000,0,0.49999999999999994,-0.8660254037844387,0,0,1,0
1,35.0,9,1,-1,-1,-1,-1,1,0,1,13207500,120195000,0,1.0,6.123233995736766e-17,0,0,0,1
0,42.0,66,-1,-1,1,1,1,1,1,1,15892500,1046287500,1,-0.8660254037844386,0.5000000000000001,0,0,0,1
1,58.0,3,-1,-1,1,-1,-1,1,0,0,13777500,38557500,1,-0.8660254037844385,-0.5000000000000004,0,0,0,1
0,47.0,54,0,0,0,0,0,0,1,0,3015000,161917500,0,0.8660254037844386,0.5000000000000001,1,0,0,0
0,46.0,1,-1,-1,-1,1,1,-1,0,0,6015000,6015000,1,0.8660254037844386,0.5000000000000001,0,0,1,0
0,35.0,64,1,1,-1,1,1,1,1,0,16545000,1049595000,0,-0.4999999999999997,-0.8660254037844388,0,0,0,1
0,22.0,31,-1,-1,-1,-1,-1,-1,0,1,11085000,332572500,1,1.0,6.123233995736766e-17,0,0,0,1
0,37.0,14,-1,-1,-1,-1,1,1,0,1,13470000,169365000,1,0.49999999999999994,-0.8660254037844387,0,0,0,1
0,54.0,12,1,-1,-1,-1,1,-1,1,1,12772500,146857500,0,-0.8660254037844385,-0.5000000000000004,0,0,0,1
1,22.0,67,1,1,-1,1,-1,-1,1,1,9142500,617910000,0,-0.8660254037844386,0.5000000000000001,0,1,0,0
0,27.0,35,1,-1,1,1,1,-1,0,0,10837500,385282500,1,-1.0,-1.8369701987210297e-16,0,1,0,0
0,42.0,45,1,-1,-1,1,-1,1,1,0,11032500,502365000,0,0.8660254037844386,0.5000000000000001,0,0,1,0
1,28.0,10,-1,-1,-1,-1,-1,-1,0,0,6900000,73815000,0,-0.8660254037844386,0.5000000000000001,0,0,1,0
0,30.0,29,1,1,-1,-1,-1,-1,0,1,8782500,257842500,0,-0.8660254037844386,0.5000000000000001,0,0,1,0
0,35.0,24,0,0,0,0,0,0,1,0,3690000,90787500,0,0.8660254037844386,0.5000000000000001,1,0,0,0
1,24.0,66,0,0,0,0,0,0,1,1,2962500,201675000,0,0.49999999999999994,0.8660254037844387,1,0,0,0
1,28.0,51,1,-1,-1,-1,1,-1,1,0,12952500,640072500,0,-0.8660254037844385,-0.5000000000000004,0,0,0,1
0,48.0,45,0,0,0,0,0,0,1,0,3825000,168157500,0,1.2246467991473532e-16,-1.0,1,0,0,0
0,24.0,49,0,0,0,0,0,0,1,0,2850000,137805000,0,0.0,1.0,1,0,0,0
0,21.0,29,0,0,0,0,0,0,1,1,2932500,78270000,0,-0.8660254037844385,-0.5000000000000004,1,0,0,0
1,32.0,40,1,1,-1,1,1,1,0,1,16515000,670365000,0,-0.8660254037844386,0.5000000000000001,0,0,0,1
0,49.0,37,-1,-1,-1,-1,1,1,0,1,14482500,537045000,1,0.49999999999999994,0.8660254037844387,0,0,0,1
1,38.0,25,-1,-1,-1,-1,-1,-1,0,0,10462500,259402500,0,0.49999999999999994,0.8660254037844387,0,0,0,1
0,34.0,22,-1,-1,1,-1,1,1,0,1,7590000,160995000,0,-1.0,-1.8369701987210297e-16,0,0,1,0
1,41.0,72,1,1,1,1,1,1,1,1,9840000,684975000,0,-0.4999999999999997,-0.8660254037844388,0,1,0,0
0,19.0,7,-1,1,-1,-1,-1,1,0,1,6015000,43995000,1,1.2246467991473532e-16,-1.0,0,0,1,0
1,46.0,33,-1,1,1,1,1,1,1,0,12315000,390465000,0,-0.8660254037844385,-0.5000000000000004,0,0,1,0
0,45.0,23,-1,1,-1,1,-1,-1,0,1,11865000,267562500,0,-1.0,-1.8369701987210297e-16,0,0,0,1
1,35.0,24,-1,1,-1,-1,1,1,0,1,15187500,366022500,1,0.8660254037844386,0.5000000000000001,0,0,0,1
0,52.0,1,-1,-1,-1,-1,1,-1,0,0,11932500,11932500,1,-1.0,-1.8369701987210297e-16,0,0,0,1
1,26.0,69,1,1,1,1,1,1,1,0,13597500,948315000,0,0.49999999999999994,0.8660254037844387,0,0,1,0
0,54.0,3,0,0,0,0,0,0,1,1,3082500,8610000,0,-1.0,-1.8369701987210297e-16,1,0,0,0
1,42.0,56,-1,1,-1,1,1,1,1,1,11362500,642697500,0,0.49999999999999994,0.8660254037844387,0,0,1,0
1,36.0,65,1,-1,1,1,1,1,1,1,16500000,1070797500,0,-0.4999999999999997,-0.8660254037844388,0,0,0,1
1,40.0,71,0,0,0,0,0,0,1,0,3127500,230962500,0,1.0,6.123233995736766e-17,1,0,0,0
0,39.0,14,-1,-1,1,-1,-1,-1,0,1,12052500,158715000,0,1.0,6.123233995736766e-17,0,0,0,1
0,55.0,2,-1,-1,-1,-1,-1,-1,0,1,10522500,18570000,0,-0.4999999999999997,-0.8660254037844388,0,0,0,1
0,27.0,32,-1,-1,-1,-1,1,-1,1,0,12607500,417277500,1,-0.5000000000000004,0.8660254037844384,0,0,0,1
1,31.0,40,1,-1,1,-1,-1,1,0,0,10117500,409650000,0,-1.0,-1.8369701987210297e-16,0,0,1,0
1,52.0,1,0,0,0,0,0,0,0,0,3112500,3112500,0,0.0,1.0,1,0,0,0
1,33.0,1,-1,-1,-1,-1,1,1,0,1,13365000,13365000,1,-0.8660254037844386,0.5000000000000001,0,0,0,1
0,51.0,7,-1,-1,-1,-1,-1,-1,0,1,10485000,74595000,0,-1.0,-1.8369701987210297e-16,0,0,0,1
0,60.0,15,-1,-1,-1,-1,-1,-1,0,1,7665000,106672500,0,-0.5000000000000004,0.8660254037844384,0,1,0,0
0,35.0,17,1,-1,1,-1,1,-1,0,0,14160000,241080000,1,1.2246467991473532e-16,-1.0,0,0,0,1
1,48.0,19,-1,1,1,-1,-1,-1,0,1,11737500,223642500,1,0.49999999999999994,0.8660254037844387,0,0,0,1
1,26.0,71,0,0,0,0,0,0,1,0,3832500,284715000,0,-0.4999999999999997,-0.8660254037844388,1,0,0,0
0,49.0,54,1,-1,-1,1,-1,-1,1,0,9000000,491092500,0,1.0,6.123233995736766e-17,0,0,1,0
1,42.0,31,1,1,-1,1,-1,-1,0,1,13582500,439462500,0,-0.8660254037844385,-0.5000000000000004,0,0,0,1
0,46.0,11,1,-1,-1,-1,-1,-1,0,0,11460000,125805000,0,0.49999999999999994,-0.8660254037844387,0,0,0,1
0,32.0,18,-1,-1,1,-1,-1,1,0,1,12742500,216547500,0,0.8660254037844386,0.5000000000000001,0,0,0,1
0,20.0,72,1,1,-1,1,1,1,1,1,16515000,1162005000,0,-0.8660254037844386,0.5000000000000001,0,0,0,1
0,46.0,71,-1,1,-1,-1,1,1,0,1,14947500,1042672500,0,-0.4999999999999997,-0.8660254037844388,0,0,0,1
1,18.0,5,-1,-1,1,1,1,-1,0,0,6810000,32212500,0,-0.4999999999999997,-0.8660254037844388,0,0,1,0
1,36.0,38,-1,-1,1,1,-1,1,1,0,10350000,400417500,0,1.0,6.123233995736766e-17,0,0,1,0
1,51.0,5,-1,-1,-1,1,-1,-1,0,1,7297500,35280000,0,1.0,6.123233995736766e-17,0,0,1,0
1,42.0,2,-1,-1,-1,-1,-1,-1,0,1,6622500,13897500,1,1.0,6.123233995736766e-17,0,0,1,0
0,63.0,52,1,-1,1,-1,-1,-1,1,0,8977500,465487500,0,1.0,6.123233995736766e-17,0,0,1,0
0,52.0,8,-1,-1,-1,-1,-1,-1,0,1,11362500,90937500,1,1.2246467991473532e-16,-1.0,0,0,0,1
0,32.0,68,-1,1,1,-1,1,1,1,1,12097500,799530000,0,-0.8660254037844386,0.5000000000000001,0,1,0,0
1,40.0,69,0,0,0,0,0,0,1,1,3082500,210465000,0,1.0,6.123233995736766e-17,1,0,0,0
0,39.0,42,1,1,-1,1,-1,-1,0,1,9960000,409170000,0,-0.8660254037844385,-0.5000000000000004,0,0,1,0
0,21.0,50,-1,1,-1,1,1,1,1,1,15030000,755767500,0,0.49999999999999994,0.8660254037844387,0,0,0,1
0,29.0,1,0,0,0,0,0,0,0,1,2865000,2865000,1,-0.4999999999999997,-0.8660254037844388,1,0,0,0
1,33.0,1,1,-1,-1,-1,-1,-1,0,1,12045000,12045000,1,-0.8660254037844386,0.5000000000000001,0,0,0,1
1,18.0,33,-1,-1,-1,-1,-1,-1,0,1,6682500,219390000,0,0.8660254037844387,-0.4999999999999998,0,0,1,0
0,41.0,7,0,0,0,0,0,0,0,0,3052500,22590000,0,-1.0,-1.8369701987210297e-16,1,0,0,0
1,37.0,64,1,1,1,-1,-1,-1,0,1,13770000,894075000,0,-0.8660254037844386,0.5000000000000001,0,0,0,1
0,20.0,1,-1,-1,1,-1,-1,-1,0,1,11235000,11235000,1,0.8660254037844386,0.5000000000000001,0,0,0,1
1,45.0,59,0,0,0,0,0,0,1,1,3030000,178845000,0,-0.5000000000000004,0.8660254037844384,1,0,0,0
0,49.0,6,-1,-1,-1,-1,-1,-1,0,0,7552500,47182500,0,-0.5000000000000004,0.8660254037844384,0,1,0,0
0,43.0,3,0,0,0,0,0,0,0,0,2820000,8400000,0,-0.5000000000000004,0.8660254037844384,1,0,0,0
0,36.0,15,0,0,0,0,0,0,0,0,3067500,49620000,0,-0.4999999999999997,-0.8660254037844388,1,0,0,0
1,47.0,13,-1,-1,-1,-1,1,1,1,1,9712500,131602500,0,1.2246467991473532e-16,-1.0,0,1,0,0
0,48.0,23,-1,1,-1,-1,1,1,0,1,14805000,337365000,0,-0.8660254037844385,-0.5000000000000004,0,0,0,1
1,44.0,31,1,-1,-1,-1,1,-1,0,0,13417500,421147500,0,0.49999999999999994,-0.8660254037844387,0,0,0,1
1,30.0,29,1,1,-1,1,-1,-1,1,1,8812500,254430000,0,-0.5000000000000004,0.8660254037844384,0,0,1,0
0,43.0,49,0,0,0,0,0,0,1,0,3105000,154807500,0,0.49999999999999994,-0.8660254037844387,1,0,0,0
0,54.0,56,-1,-1,-1,-1,1,-1,0,1,12840000,735420000,0,0.8660254037844386,0.5000000000000001,0,0,0,1
0,33.0,63,1,1,1,1,-1,1,1,1,12045000,749302500,0,-0.8660254037844385,-0.5000000000000004,0,0,1,0
1,65.0,63,-1,-1,1,1,1,1,1,0,11970000,755107500,0,-0.5000000000000004,0.8660254037844384,0,0,1,0
1,34.0,24,1,-1,-1,-1,-1,-1,0,1,11977500,278662500,0,0.49999999999999994,0.8660254037844387,0,0,0,1
1,40.0,36,-1,-1,1,1,-1,-1,1,0,8115000,298927500,0,1.2246467991473532e-16,-1.0,0,0,1,0
0,32.0,9,-1,-1,-1,-1,1,-1,0,1,12127500,112747500,1,0.49999999999999994,0.8660254037844387,0,0,0,1
1,43.0,3,-1,-1,-1,-1,-1,-1,0,0,3712500,10042500,1,0.8660254037844386,0.5000000000000001,0,0,1,0
0,19.0,21,1,-1,1,1,1,1,1,0,12135000,257242500,0,-0.4999999999999997,-0.8660254037844388,0,0,1,0
1,33.0,13,0,0,0,0,0,0,1,0,3675000,51540000,0,0.8660254037844387,-0.4999999999999998,1,0,0,0
1,27.0,1,0,0,0,0,0,0,0,1,3022500,3022500,0,0.49999999999999994,-0.8660254037844387,1,0,0,0
0,42.0,25,0,0,0,0,0,0,1,0,3007500,78015000,0,1.2246467991473532e-16,-1.0,1,0,0,0
1,52.0,71,0,0,0,0,0,0,1,1,2940000,208117500,0,0.49999999999999994,0.8660254037844387,1,0,0,0
1,48.0,66,1,1,1,1,1,1,1,1,17145000,1107555000,0,0.8660254037844387,-0.4999999999999998,0,0,0,1
0,18.0,45,1,1,-1,-1,1,1,1,1,15045000,672592500,0,0.8660254037844386,0.5000000000000001,0,0,0,1
0,65.0,22,-1,-1,-1,-1,1,-1,0,1,12000000,255967500,0,-0.8660254037844386,0.5000000000000001,0,0,0,1
0,44.0,67,0,0,0,0,0,0,1,1,3127500,199110000,0,0.49999999999999994,-0.8660254037844387,1,0,0,0
0,31.0,68,-1,-1,1,-1,1,-1,1,1,13492500,896145000,0,1.0,6.123233995736766e-17,0,0,0,1
0,42.0,0,0,0,0,0,0,0,1,0,3000000,0,0,-0.8660254037844385,-0.5000000000000004,1,0,0,0
0,42.0,49,-1,-1,1,-1,-1,1,0,1,13627500,677377500,1,1.0,6.123233995736766e-17,0,0,0,1
0,32.0,4,-1,-1,-1,-1,-1,-1,0,0,7312500,26977500,0,-0.4999999999999997,-0.8660254037844388,0,0,1,0
1,42.0,63,1,1,1,1,-1,1,1,0,12000000,756030000,0,0.49999999999999994,-0.8660254037844387,0,0,1,0
0,33.0,2,-1,1,1,-1,-1,-1,0,0,11955000,24750000,1,-0.5000000000000004,0.8660254037844384,0,0,0,1
1,35.0,21,0,0,0,0,0,0,1,1,3052500,63405000,0,-0.8660254037844385,-0.5000000000000004,1,0,0,0
1,32.0,55,1,1,-1,1,-1,-1,1,0,8632500,456960000,1,-0.4999999999999997,-0.8660254037844388,0,1,0,0
1,23.0,1,0,0,0,0,0,0,0,1,3037500,3037500,0,1.2246467991473532e-16,-1.0,1,0,0,0
0,42.0,17,0,0,0,0,0,0,1,0,2910000,53707500,0,-0.8660254037844386,0.5000000000000001,1,0,0,0
1,47.0,30,1,-1,-1,-1,1,1,0,1,15060000,440437500,0,0.49999999999999994,-0.8660254037844387,0,0,0,1
1,46.0,22,1,1,-1,1,-1,-1,0,1,8692500,190770000,0,0.8660254037844386,0.5000000000000001,0,0,1,0
0,50.0,9,-1,-1,-1,1,1,-1,0,1,8925000,79507500,0,-0.5000000000000004,0.8660254037844384,0,1,0,0
1,44.0,1,0,0,0,0,0,0,0,0,2880000,2880000,0,0.8660254037844386,0.5000000000000001,1,0,0,0
0,34.0,21,-1,-1,-1,-1,-1,1,0,1,12975000,271305000,1,-0.5000000000000004,0.8660254037844384,0,0,0,1
1,50.0,19,-1,-1,1,1,-1,-1,0,0,8932500,171690000,0,0.49999999999999994,0.8660254037844387,0,0,1,0
0,24.0,69,-1,1,1,-1,1,1,0,1,15592500,1117035000,1,-0.8660254037844385,-0.5000000000000004,0,0,0,1
1,29.0,1,-1,-1,-1,-1,-1,-1,0,1,3765000,3765000,1,0.8660254037844386,0.5000000000000001,0,0,1,0
0,28.0,72,1,1,1,1,1,-1,1,1,15592500,1133535000,0,0.8660254037844386,0.5000000000000001,0,0,0,1
1,53.0,70,1,-1,1,-1,1,-1,1,0,10342500,728805000,0,-0.5000000000000004,0.8660254037844384,0,0,1,0
0,51.0,66,1,1,1,1,-1,1,0,1,15465000,989250000,0,-0.4999999999999997,-0.8660254037844388,0,0,0,1
0,46.0,7,-1,-1,-1,-1,-1,-1,0,1,3705000,22357500,0,0.0,1.0,0,0,1,0
0,53.0,46,1,1,-1,1,1,1,0,1,16530000,745815000,0,1.2246467991473532e-16,-1.0,0,0,0,1
1,29.0,39,1,1,-1,1,1,-1,0,1,7342500,282127500,1,-0.4999999999999997,-0.8660254037844388,0,1,0,0
0,44.0,32,-1,1,1,-1,-1,-1,0,0,9367500,306832500,0,-0.4999999999999997,-0.8660254037844388,0,1,0,0
1,38.0,24,-1,1,1,-1,-1,1,0,1,13432500,328072500,0,0.49999999999999994,-0.8660254037844387,0,0,0,1
1,50.0,6,-1,1,-1,-1,-1,1,0,1,12532500,71632500,1,-1.0,-1.8369701987210297e-16,0,0,0,1
0,39.0,37,1,1,1,1,1,-1,0,1,11835000,446542500,0,-0.8660254037844386,0.5000000000000001,0,1,0,0
1,35.0,8,0,0,0,0,0,0,0,0,3052500,26805000,0,0.8660254037844387,-0.4999999999999998,1,0,0,0
0,46.0,72,1,-1,1,-1,1,-1,1,1,10717500,753877500,0,-0.4999999999999997,-0.8660254037844388,0,0,1,0
1,51.0,71,1,1,1,1,-1,-1,1,0,6952500,503010000,0,1.0,6.123233995736766e-17,0,0,1,0
0,32.0,16,-1,1,-1,-1,1,1,0,1,14197500,219172500,0,0.49999999999999994,0.8660254037844387,0,0,0,1
0,39.0,57,1,-1,1,1,-1,1,0,1,7485000,417360000,0,0.8660254037844386,0.5000000000000001,0,0,1,0
1,27.0,66,0,0,0,0,0,0,1,0,3817500,254872500,0,0.8660254037844386,0.5000000000000001,1,0,0,0
0,18.0,17,-1,1,1,-1,1,-1,0,1,13372500,224535000,1,-0.5000000000000004,0.8660254037844384,0,0,0,1
0,42.0,21,0,0,0,0,0,0,0,0,3112500,67830000,0,0.0,1.0,1,0,0,0
1,47.0,66,1,1,1,-1,-1,-1,1,1,9915000,664267500,0,-0.4999999999999997,-0.8660254037844388,0,0,1,0
0,43.0,17,-1,1,-1,-1,1,1,0,1,11310000,198382500,0,-0.4999999999999997,-0.8660254037844388,0,0,1,0
1,18.0,1,-1,-1,-1,-1,-1,-1,0,1,10567500,10567500,1,0.49999999999999994,-0.8660254037844387,0,0,0,1
1,36.0,58,1,1,1,-1,-1,-1,1,0,9045000,534570000,1,0.8660254037844387,-0.4999999999999998,0,1,0,0
0,18.0,8,0,0,0,0,0,0,0,0,3157500,20962500,0,0.49999999999999994,-0.8660254037844387,1,0,0,0
1,56.0,27,1,-1,1,1,1,-1,1,0,10402500,289095000,0,0.49999999999999994,-0.8660254037844387,0,0,1,0
1,27.0,34,-1,1,-1,-1,-1,1,0,0,13327500,450037500,0,1.0,6.123233995736766e-17,0,0,0,1
1,55.0,30,-1,1,-1,-1,1,1,1,1,14550000,453195000,0,-0.8660254037844385,-0.5000000000000004,0,0,0,1
1,51.0,33,-1,1,1,-1,1,-1,0,1,9960000,336810000,0,1.0,6.123233995736766e-17,0,0,1,0
1,29.0,1,-1,-1,-1,-1,-1,-1,0,0,3712500,3712500,1,-0.4999999999999997,-0.8660254037844388,0,0,1,0
1,26.0,14,1,1,-1,-1,-1,1,0,0,10380000,141697500,0,1.0,6.123233995736766e-17,0,0,1,0
0,44.0,16,-1,-1,-1,1,-1,-1,1,1,11925000,189630000,0,0.8660254037844387,-0.4999999999999998,0,0,0,1
0,30.0,49,-1,-1,1,1,1,1,1,0,15097500,737662500,0,0.49999999999999994,-0.8660254037844387,0,0,0,1
1,41.0,19,-1,-1,1,1,1,1,0,0,15495000,301905000,1,-0.4999999999999997,-0.8660254037844388,0,0,0,1
0,34.0,70,1,1,1,1,1,-1,1,0,11955000,861495000,0,-1.0,-1.8369701987210297e-16,0,0,1,0
0,19.0,32,1,1,-1,1,-1,-1,0,0,9210000,279697500,0,0.8660254037844387,-0.4999999999999998,0,0,1,0
0,18.0,18,-1,-1,-1,-1,-1,-1,0,1,10470000,183247500,0,-0.8660254037844385,-0.5000000000000004,0,0,0,1
1,43.0,37,1,1,-1,1,-1,-1,1,1,6082500,208627500,0,-0.8660254037844386,0.5000000000000001,0,0,1,0
0,33.0,4,-1,-1,-1,-1,-1,-1,0,1,11347500,45352500,0,1.0,6.123233995736766e-17,0,0,0,1
0,33.0,16,1,1,1,-1,-1,-1,0,0,13605000,206235000,0,0.8660254037844386,0.5000000000000001,0,0,0,1
1,48.0,17,-1,1,-1,-1,-1,-1,0,1,12075000,200535000,0,0.8660254037844386,0.5000000000000001,0,0,0,1
0,54.0,19,1,1,1,-1,-1,-1,0,1,9090000,194670000,0,0.0,1.0,0,0,1,0
1,37.0,60,-1,-1,1,-1,1,1,1,0,15172500,910110000,0,0.8660254037844387,-0.4999999999999998,0,0,0,1
1,36.0,51,0,0,0,0,0,0,1,1,3742500,183337500,0,0.49999999999999994,0.8660254037844387,1,0,0,0
1,46.0,28,0,0,0,0,0,0,1,1,3045000,73192500,0,0.49999999999999994,-0.8660254037844387,1,0,0,0
1,24.0,43,-1,1,-1,-1,-1,1,1,1,9000000,382282500,0,-0.8660254037844385,-0.5000000000000004,0,0,1,0
1,43.0,42,0,0,0,0,0,0,1,0,3037500,125325000,0,-0.4999999999999997,-0.8660254037844388,1,0,0,0
1,47.0,3,-1,-1,-1,-1,1,-1,0,1,11775000,36307500,1,1.0,6.123233995736766e-17,0,0,0,1
0,48.0,1,-1,-1,-1,-1,-1,-1,0,0,6712500,6712500,0,0.0,1.0,0,0,1,0
0,18.0,3,0,0,0,0,0,0,0,0,2977500,9562500,1,-0.4999999999999997,-0.8660254037844388,1,0,0,0
0,31.0,63,1,1,1,-1,1,-1,1,0,14700000,932767500,0,0.8660254037844387,-0.4999999999999998,0,0,0,1
1,29.0,3,-1,-1,-1,-1,1,-1,0,1,11985000,39135000,1,-0.8660254037844385,-0.5000000000000004,0,0,0,1
1,41.0,68,1,1,-1,1,1,1,0,1,16155000,1098135000,0,-0.8660254037844385,-0.5000000000000004,0,0,0,1
0,46.0,30,-1,1,-1,-1,1,1,0,1,14955000,445102500,1,1.2246467991473532e-16,-1.0,0,0,0,1
0,58.0,60,-1,1,1,-1,1,1,1,0,15705000,950070000,0,-0.4999999999999997,-0.8660254037844388,0,0,0,1
1,34.0,15,-1,1,-1,1,-1,-1,0,1,8790000,140955000,1,1.2246467991473532e-16,-1.0,0,0,1,0
1,34.0,45,-1,-1,-1,-1,1,1,0,1,14085000,630037500,0,-0.5000000000000004,0.8660254037844384,0,0,0,1
0,54.0,70,1,1,1,1,1,1,1,0,12967500,892530000,0,0.0,1.0,0,0,1,0
1,44.0,10,-1,-1,1,-1,1,1,0,1,14775000,155662500,1,-0.8660254037844385,-0.5000000000000004,0,0,0,1
1,55.0,4,0,0,0,0,0,0,0,0,2910000,14010000,0,0.49999999999999994,0.8660254037844387,1,0,0,0
0,43.0,1,-1,-1,1,-1,-1,-1,0,1,7567500,7567500,1,-0.8660254037844386,0.5000000000000001,0,0,1,0
0,26.0,68,0,0,0,0,0,0,1,1,3742500,242235000,0,0.49999999999999994,0.8660254037844387,1,0,0,0
1,24.0,22,1,-1,-1,-1,-1,-1,0,0,11250000,236092500,0,0.0,1.0,0,0,0,1
1,21.0,38,-1,1,1,-1,1,-1,0,1,14197500,543645000,1,0.49999999999999994,-0.8660254037844387,0,0,0,1
0,48.0,1,-1,1,-1,-1,1,1,0,1,15037500,15037500,1,-0.8660254037844386,0.5000000000000001,0,0,0,1
1,54.0,18,-1,-1,1,1,-1,-1,0,0,11730000,220312500,0,-0.5000000000000004,0.8660254037844384,0,0,0,1
1,62.0,29,-1,-1,-1,1,1,1,0,1,14130000,391140000,0,-0.8660254037844386,0.5000000000000001,0,0,0,1
0,50.0,16,-1,-1,1,-1,-1,1,0,1,13267500,213315000,1,-0.8660254037844385,-0.5000000000000004,0,0,0,1
1,54.0,1,-1,-1,-1,-1,-1,-1,0,1,10477500,10477500,1,-0.8660254037844385,-0.5000000000000004,0,0,0,1
1,33.0,12,1,-1,1,-1,-1,-1,0,0,12255000,128790000,1,0.8660254037844387,-0.4999999999999998,0,0,0,1
1,26.0,31,-1,-1,1,-1,1,1,1,1,7507500,228510000,0,0.49999999999999994,-0.8660254037844387,0,0,1,0
1,50.0,4,-1,-1,-1,-1,-1,1,0,1,11985000,48645000,1,0.8660254037844386,0.5000000000000001,0,0,0,1
0,45.0,48,-1,-1,1,1,-1,1,1,1,10432500,515340000,0,-0.8660254037844386,0.5000000000000001,0,0,1,0
0,41.0,15,0,0,0,0,0,0,0,1,3810000,59940000,1,-0.8660254037844386,0.5000000000000001,1,0,0,0
1,45.0,50,1,1,1,1,-1,-1,1,1,13515000,682417500,0,0.8660254037844386,0.5000000000000001,0,0,0,1
1,44.0,7,-1,-1,-1,-1,-1,-1,0,1,6697500,48375000,0,1.2246467991473532e-16,-1.0,0,0,1,0
1,55.0,41,1,-1,1,-1,-1,-1,0,1,12562500,491032500,1,0.8660254037844387,-0.4999999999999998,0,0,0,1
1,56.0,68,1,-1,1,-1,-1,-1,1,0,12052500,806272500,0,-0.8660254037844386,0.5000000000000001,0,0,0,1
0,47.0,26,-1,-1,1,-1,1,1,0,1,14715000,376605000,0,1.0,6.123233995736766e-17,0,0,0,1
1,50.0,57,-1,-1,1,1,1,1,1,0,8002500,463507500,0,-0.4999999999999997,-0.8660254037844388,0,1,0,0
0,46.0,3,0,0,0,0,0,0,0,0,2932500,9157500,0,0.49999999999999994,0.8660254037844387,1,0,0,0
0,34.0,1,0,0,0,0,0,0,0,0,3135000,3135000,1,-0.5000000000000004,0.8660254037844384,1,0,0,0
1,49.0,19,1,-1,-1,-1,-1,-1,1,1,7342500,143340000,0,-0.5000000000000004,0.8660254037844384,0,0,1,0
0,23.0,3,-1,-1,-1,-1,1,-1,0,1,8130000,21060000,0,-0.8660254037844386,0.5000000000000001,0,1,0,0
0,53.0,59,0,0,0,0,0,0,1,0,3667500,223965000,0,0.8660254037844386,0.5000000000000001,1,0,0,0
0,26.0,1,-1,-1,-1,-1,-1,-1,0,1,10410000,10410000,1,-0.4999999999999997,-0.8660254037844388,0,0,0,1
1,43.0,42,1,-1,-1,-1,1,-1,0,1,6022500,243907500,0,1.2246467991473532e-16,-1.0,0,1,0,0
0,30.0,7,-1,-1,-1,-1,-1,-1,0,1,11235000,81172500,1,-0.8660254037844385,-0.5000000000000004,0,0,0,1
1,47.0,67,0,0,0,0,0,0,1,0,3840000,267735000,0,-0.8660254037844386,0.5000000000000001,1,0,0,0
1,40.0,1,-1,-1,-1,-1,-1,-1,0,1,10552500,10552500,0,1.2246467991473532e-16,-1.0,0,0,0,1
1,21.0,66,1,1,1,1,1,1,1,0,13755000,911385000,0,0.49999999999999994,-0.8660254037844387,0,1,0,0
0,45.0,61,-1,-1,1,-1,-1,1,0,0,13380000,825090000,0,0.49999999999999994,0.8660254037844387,0,0,0,1
1,33.0,4,0,0,0,0,0,0,1,0,3615000,10965000,0,-0.4999999999999997,-0.8660254037844388,1,0,0,0
0,51.0,42,1,-1,-1,-1,-1,-1,0,1,11122500,484410000,1,-1.0,-1.8369701987210297e-16,0,0,0,1
0,40.0,64,-1,1,-1,-1,-1,-1,1,1,8077500,509977500,0,0.8660254037844386,0.5000000000000001,0,0,1,0
0,45.0,54,1,1,1,1,1,1,1,1,17340000,964657500,0,-0.8660254037844386,0.5000000000000001,0,0,0,1
1,29.0,1,0,0,0,0,0,0,0,1,2962500,2962500,0,0.8660254037844387,-0.4999999999999998,1,0,0,0
1,33.0,54,0,0,0,0,0,0,1,1,3607500,184635000,0,-0.8660254037844385,-0.5000000000000004,1,0,0,0
0,34.0,18,0,0,0,0,0,0,1,0,3795000,68197500,0,-1.0,-1.8369701987210297e-16,1,0,0,0
1,50.0,3,-1,1,-1,-1,-1,1,0,0,12645000,35257500,0,-0.5000000000000004,0.8660254037844384,0,0,0,1
0,60.0,1,-1,-1,-1,-1,-1,-1,0,1,10515000,10515000,1,-1.0,-1.8369701987210297e-16,0,0,0,1
0,30.0,72,1,1,1,1,1,1,1,0,13462500,989385000,0,0.8660254037844386,0.5000000000000001,0,1,0,0
1,53.0,60,-1,1,1,-1,1,1,1,1,14692500,880050000,0,0.49999999999999994,-0.8660254037844387,0,0,0,1
0,18.0,11,0,0,0,0,0,0,1,1,3000000,29452500,0,0.49999999999999994,-0.8660254037844387,1,0,0,0
0,26.0,12,1,-1,-1,-1,-1,-1,0,1,11745000,136387500,1,-0.8660254037844385,-0.5000000000000004,0,0,0,1
1,28.0,61,-1,1,1,1,1,1,1,0,15585000,967372500,0,-1.0,-1.8369701987210297e-16,0,0,0,1
0,24.0,39,0,0,0,0,0,0,1,0,3105000,114367500,0,-0.4999999999999997,-0.8660254037844388,1,0,0,0
1,21.0,55,-1,-1,-1,-1,1,1,0,1,14520000,792592500,1,0.49999999999999994,0.8660254037844387,0,0,0,1
0,45.0,17,1,1,-1,-1,1,-1,0,1,14160000,242625000,1,1.0,6.123233995736766e-17,0,0,0,1
1,37.0,37,0,0,0,0,0,0,1,0,3022500,117862500,0,-1.0,-1.8369701987210297e-16,1,0,0,0
0,45.0,72,0,0,0,0,0,0,1,1,3900000,266400000,0,0.49999999999999994,0.8660254037844387,1,0,0,0
1,48.0,72,-1,1,1,1,1,-1,1,0,11602500,809437500,0,1.2246467991473532e-16,-1.0,0,0,1,0
0,43.0,8,1,-1,-1,1,-1,1,0,0,9907500,86175000,0,0.49999999999999994,-0.8660254037844387,0,0,1,0
0,48.0,22,0,0,0,0,0,0,0,0,2985000,60045000,0,-0.8660254037844386,0.5000000000000001,1,0,0,0
0,39.0,1,-1,1,-1,-1,1,-1,0,0,12645000,12645000,1,0.8660254037844387,-0.4999999999999998,0,0,0,1
0,26.0,38,-1,1,-1,1,-1,1,0,0,10222500,398445000,0,-0.5000000000000004,0.8660254037844384,0,0,1,0
1,53.0,17,-1,1,1,1,1,1,1,0,12127500,216892500,0,-0.4999999999999997,-0.8660254037844388,0,1,0,0
0,33.0,70,-1,1,1,1,1,-1,1,1,11325000,781897500,0,-1.0,-1.8369701987210297e-16,0,1,0,0
0,29.0,72,1,1,1,1,1,1,1,0,13867500,966037500,1,0.49999999999999994,0.8660254037844387,0,0,1,0
0,38.0,28,-1,-1,-1,-1,-1,1,0,1,12090000,336742500,0,0.49999999999999994,-0.8660254037844387,0,0,0,1
0,29.0,15,-1,1,-1,-1,1,-1,0,1,12480000,169500000,0,0.49999999999999994,0.8660254037844387,0,0,0,1
1,35.0,72,1,1,1,1,1,1,1,1,13132500,969472500,0,0.49999999999999994,-0.8660254037844387,0,0,1,0
0,44.0,11,-1,-1,1,-1,1,1,0,1,14932500,169680000,1,-0.8660254037844386,0.5000000000000001,0,0,0,1
1,44.0,8,-1,-1,1,-1,-1,-1,0,1,12187500,87892500,1,0.49999999999999994,-0.8660254037844387,0,0,0,1
0,29.0,57,-1,1,1,1,1,1,1,1,16410000,937905000,0,-1.0,-1.8369701987210297e-16,0,0,0,1
1,34.0,1,0,0,0,0,0,0,0,0,2992500,2992500,1,-0.8660254037844386,0.5000000000000001,1,0,0,0
0,53.0,46,1,1,-1,-1,1,-1,0,0,6832500,309322500,0,-1.0,-1.8369701987210297e-16,0,0,1,0
1,46.0,30,0,0,0,0,0,0,1,0,3105000,88065000,0,0.0,1.0,1,0,0,0
1,65.0,10,1,-1,-1,-1,-1,-1,0,0,11295000,108067500,0,-1.0,-1.8369701987210297e-16,0,0,0,1
1,54.0,23,1,1,1,-1,1,-1,0,1,14887500,327960000,1,0.8660254037844387,-0.4999999999999998,0,0,0,1
1,54.0,32,1,1,1,-1,-1,1,0,1,14010000,446895000,0,-0.8660254037844386,0.5000000000000001,0,0,0,1
1,23.0,13,1,-1,-1,-1,-1,-1,0,1,11062500,143497500,0,1.2246467991473532e-16,-1.0,0,0,0,1
0,49.0,39,-1,-1,1,1,-1,-1,1,1,12067500,480232500,1,0.49999999999999994,-0.8660254037844387,0,0,0,1
0,39.0,44,-1,1,1,-1,1,-1,0,1,13222500,595980000,0,-0.8660254037844386,0.5000000000000001,0,0,0,1
1,33.0,9,-1,-1,-1,1,-1,-1,0,0,7380000,67185000,0,1.0,6.123233995736766e-17,0,1,0,0
0,42.0,67,0,0,0,0,0,0,1,0,2947500,200280000,0,-0.8660254037844386,0.5000000000000001,1,0,0,0
1,51.0,9,-1,-1,1,-1,-1,-1,0,1,11902500,99187500,1,1.0,6.123233995736766e-17,0,0,0,1
0,46.0,15,-1,1,-1,-1,-1,-1,0,1,11962500,166777500,1,-0.8660254037844386,0.5000000000000001,0,0,0,1
0,29.0,71,-1,1,1,-1,1,1,1,1,15772500,1133250000,0,-0.8660254037844386,0.5000000000000001,0,0,0,1
1,49.0,1,-1,-1,-1,1,-1,-1,0,0,7350000,7350000,0,0.49999999999999994,-0.8660254037844387,0,0,1,0
0,32.0,30,-1,-1,1,-1,1,1,0,1,15007500,456922500,1,1.0,6.123233995736766e-17,0,0,0,1
1,43.0,1,-1,-1,-1,-1,-1,-1,0,1,10402500,10402500,1,0.8660254037844387,-0.4999999999999998,0,0,0,1
1,36.0,17,-1,1,-1,-1,1,1,0,1,7470000,125452500,0,1.2246467991473532e-16,-1.0,0,1,0,0
0,37.0,3,-1,-1,-1,1,-1,1,0,0,12870000,40830000,1,1.2246467991473532e-16,-1.0,0,0,0,1
1,49.0,67,1,-1,1,-1,1,1,1,1,11955000,794010000,1,1.2246467991473532e-16,-1.0,0,1,0,0
1,28.0,1,0,0,0,0,0,0,0,0,3142500,3142500,0,0.49999999999999994,-0.8660254037844387,1,0,0,0
0,63.0,1,-1,-1,-1,-1,-1,-1,0,0,7582500,7582500,1,-0.5000000000000004,0.8660254037844384,0,0,1,0
0,18.0,32,-1,-1,1,-1,-1,-1,0,0,11895000,385500000,0,1.0,6.123233995736766e-17,0,0,0,1
1,33.0,41,0,0,0,0,0,0,1,0,2925000,119730000,0,1.0,6.123233995736766e-17,1,0,0,0
1,44.0,1,-1,-1,-1,-1,1,-1,0,1,12082500,12082500,1,1.0,6.123233995736766e-17,0,0,0,1
0,47.0,1,-1,-1,-1,-1,-1,-1,0,0,6622500,6622500,0,0.8660254037844387,-0.4999999999999998,0,0,1,0
0,39.0,12,-1,1,1,-1,-1,-1,0,1,12675000,137535000,1,0.0,1.0,0,0,0,1
1,39.0,62,1,1,-1,-1,1,1,0,1,15825000,973080000,0,1.2246467991473532e-16,-1.0,0,0,0,1
0,45.0,22,-1,1,-1,-1,-1,1,0,1,12645000,278347500,1,0.8660254037844386,0.5000000000000001,0,0,0,1
0,37.0,17,-1,1,1,1,-1,-1,0,1,13905000,233527500,0,-0.8660254037844385,-0.5000000000000004,0,0,0,1
0,57.0,72,0,0,0,0,0,0,1,1,3937500,298207500,0,0.49999999999999994,-0.8660254037844387,1,0,0,0
1,50.0,56,-1,1,-1,1,1,-1,0,1,14542500,814830000,0,0.8660254037844387,-0.4999999999999998,0,0,0,1
0,50.0,9,0,0,0,0,0,0,0,1,3067500,22132500,0,0.8660254037844387,-0.4999999999999998,1,0,0,0
1,28.0,72,1,1,1,1,1,1,1,1,17370000,1263735000,0,0.49999999999999994,-0.8660254037844387,0,0,0,1
1,39.0,20,1,1,1,1,1,1,0,1,16230000,330555000,0,-0.8660254037844386,0.5000000000000001,0,0,0,1
1,36.0,19,0,0,0,0,0,0,1,0,3030000,58110000,0,-0.8660254037844386,0.5000000000000001,1,0,0,0
1,28.0,2,-1,-1,-1,-1,-1,-1,0,1,10162500,17497500,1,-0.8660254037844386,0.5000000000000001,0,0,0,1
1,44.0,53,-1,-1,1,1,1,1,1,0,8235000,456862500,0,0.0,1.0,0,0,1,0
0,34.0,27,-1,-1,-1,-1,-1,1,0,1,12787500,343087500,1,-1.0,-1.8369701987210297e-16,0,0,0,1
1,48.0,6,0,0,0,0,0,0,0,0,3022500,19575000,0,0.49999999999999994,0.8660254037844387,1,0,0,0
1,27.0,9,-1,-1,1,-1,1,-1,1,1,13552500,115185000,0,-0.8660254037844385,-0.5000000000000004,0,0,0,1
0,61.0,8,-1,1,-1,-1,-1,-1,0,0,8362500,67020000,0,1.2246467991473532e-16,-1.0,0,0,1,0
0,29.0,71,1,1,1,1,1,1,1,0,17190000,1215037500,0,0.8660254037844386,0.5000000000000001,0,0,0,1
0,43.0,10,-1,1,-1,-1,-1,-1,0,1,12007500,124605000,1,0.49999999999999994,0.8660254037844387,0,0,0,1
1,50.0,1,0,0,0,0,0,0,0,0,3000000,3000000,1,-0.5000000000000004,0.8660254037844384,1,0,0,0
0,33.0,71,1,1,1,1,1,1,1,0,10020000,703372500,0,0.8660254037844387,-0.4999999999999998,0,0,1,0
1,50.0,68,-1,1,-1,1,1,1,1,1,15045000,1013152500,0,0.8660254037844386,0.5000000000000001,0,0,0,1
1,25.0,34,-1,1,-1,1,1,1,0,1,15802500,531097500,0,0.8660254037844387,-0.4999999999999998,0,0,0,1
1,57.0,26,-1,1,1,1,-1,-1,1,1,12780000,327690000,0,-0.8660254037844385,-0.5000000000000004,0,0,0,1
0,40.0,22,1,-1,-1,-1,-1,-1,0,1,7320000,158190000,1,0.0,1.0,0,0,1,0
1,33.0,7,0,0,0,0,0,0,0,1,2842500,19582500,0,-0.8660254037844385,-0.5000000000000004,1,0,0,0
0,36.0,20,-1,-1,-1,-1,-1,-1,0,1,10470000,231052500,0,-0.8660254037844386,0.5000000000000001,0,0,0,1
0,50.0,60,-1,1,1,-1,1,1,0,1,15922500,961687500,0,0.49999999999999994,-0.8660254037844387,0,0,0,1
1,33.0,72,0,0,0,0,0,0,1,0,3082500,214882500,0,0.0,1.0,1,0,0,0
0,31.0,72,-1,1,1,-1,1,1,1,1,15862500,1144477500,0,0.0,1.0,0,0,0,1
1,37.0,4,0,0,0,0,0,0,0,0,3787500,15285000,0,0.8660254037844387,-0.4999999999999998,1,0,0,0
1,26.0,16,0,0,0,0,0,0,0,0,2962500,47010000,0,0.49999999999999994,-0.8660254037844387,1,0,0,0
0,62.0,62,1,-1,1,-1,1,1,1,1,15727500,946935000,0,-1.0,-1.8369701987210297e-16,0,0,0,1
0,33.0,10,-1,-1,-1,1,-1,1,0,1,9142500,94432500,0,0.49999999999999994,-0.8660254037844387,0,0,1,0
1,50.0,31,-1,1,-1,-1,-1,-1,0,1,12172500,396082500,0,1.0,6.123233995736766e-17,0,0,0,1
0,43.0,71,0,0,0,0,0,0,1,0,2865000,205867500,0,-0.8660254037844385,-0.5000000000000004,1,0,0,0
1,28.0,58,0,0,0,0,0,0,1,0,3120000,181837500,0,-0.8660254037844386,0.5000000000000001,1,0,0,0
1,40.0,70,1,1,1,1,1,1,1,1,13522500,935557500,0,0.8660254037844386,0.5000000000000001,0,0,1,0
0,49.0,71,1,1,1,1,1,1,1,0,13515000,946635000,0,0.8660254037844386,0.5000000000000001,0,0,1,0
1,38.0,69,1,-1,1,1,-1,1,1,0,11115000,754650000,0,0.8660254037844387,-0.4999999999999998,0,0,1,0
0,54.0,1,-1,-1,-1,-1,-1,1,0,1,12757500,12757500,1,0.49999999999999994,-0.8660254037844387,0,0,0,1
0,52.0,72,1,1,1,1,1,1,1,1,17812500,1300867500,0,-0.5000000000000004,0.8660254037844384,0,0,0,1
0,51.0,26,-1,-1,-1,1,-1,1,0,0,12885000,329467500,0,-0.8660254037844386,0.5000000000000001,0,0,0,1
0,34.0,33,-1,-1,1,1,-1,1,0,1,14250000,451222500,0,0.0,1.0,0,0,0,1
0,27.0,10,0,0,0,0,0,0,1,0,3022500,33120000,0,-0.8660254037844386,0.5000000000000001,1,0,0,0
0,33.0,57,1,-1,1,1,-1,1,1,0,15195000,866940000,0,-0.5000000000000004,0.8660254037844384,0,0,0,1
0,42.0,10,0,0,0,0,0,0,0,1,3180000,33397500,0,0.49999999999999994,0.8660254037844387,1,0,0,0
0,47.0,39,0,0,0,0,0,0,1,1,3630000,137190000,0,0.0,1.0,1,0,0,0
0,18.0,11,0,0,0,0,0,0,0,0,3045000,36945000,0,0.49999999999999994,-0.8660254037844387,1,0,0,0
0,40.0,21,-1,1,1,1,1,1,0,1,15420000,316522500,1,-0.8660254037844385,-0.5000000000000004,0,0,0,1
0,42.0,68,-1,1,1,1,1,1,1,0,12795000,834000000,0,0.49999999999999994,-0.8660254037844387,0,1,0,0
1,37.0,18,-1,-1,1,-1,1,-1,1,1,13440000,244950000,0,1.2246467991473532e-16,-1.0,0,0,0,1
0,55.0,6,-1,-1,1,1,1,1,0,1,14992500,82147500,1,-0.4999999999999997,-0.8660254037844388,0,0,0,1
1,45.0,18,1,-1,-1,-1,-1,-1,0,0,8437500,145477500,0,0.49999999999999994,0.8660254037844387,0,1,0,0
0,56.0,52,-1,-1,1,-1,-1,-1,1,1,7642500,391597500,0,1.2246467991473532e-16,-1.0,0,0,1,0
1,37.0,56,1,1,1,1,1,1,1,0,17377500,985185000,0,0.8660254037844387,-0.4999999999999998,0,0,0,1
1,51.0,45,-1,-1,1,1,1,1,0,1,15547500,712177500,0,-0.4999999999999997,-0.8660254037844388,0,0,0,1
0,60.0,67,0,0,0,0,0,0,1,1,3915000,263932500,0,-0.8660254037844386,0.5000000000000001,1,0,0,0
1,56.0,3,1,-1,-1,1,-1,-1,0,0,5265000,15165000,0,0.8660254037844386,0.5000000000000001,0,1,0,0
1,27.0,65,-1,1,1,-1,1,1,0,1,14865000,974422500,0,1.2246467991473532e-16,-1.0,0,0,0,1
1,37.0,63,-1,1,-1,1,-1,1,1,0,10087500,635122500,0,-0.8660254037844385,-0.5000000000000004,0,0,1,0
0,36.0,11,0,0,0,0,0,0,1,0,3750000,45105000,0,-0.8660254037844385,-0.5000000000000004,1,0,0,0
1,46.0,1,-1,-1,-1,1,-1,1,0,1,8932500,8932500,0,-0.8660254037844385,-0.5000000000000004,0,1,0,0
1,48.0,55,-1,-1,1,-1,1,1,1,1,11670000,648502500,0,-1.0,-1.8369701987210297e-16,0,0,1,0
1,30.0,25,-1,-1,-1,1,-1,-1,1,1,8265000,219915000,0,0.49999999999999994,-0.8660254037844387,0,0,1,0
1,41.0,72,1,1,1,1,1,1,1,1,17670000,1302720000,1,0.49999999999999994,-0.8660254037844387,0,0,0,1
0,18.0,72,0,0,0,0,0,0,1,1,3622500,266467500,0,-0.8660254037844386,0.5000000000000001,1,0,0,0
0,57.0,65,-1,1,-1,1,1,-1,1,0,6787500,440092500,0,0.49999999999999994,0.8660254037844387,0,1,0,0
0,34.0,54,-1,1,-1,-1,-1,-1,0,1,11925000,655537500,1,1.0,6.123233995736766e-17,0,0,0,1
1,41.0,7,0,0,0,0,0,0,0,0,3037500,21652500,0,0.0,1.0,1,0,0,0
0,36.0,72,1,1,-1,1,-1,-1,1,0,9712500,720712500,0,1.0,6.123233995736766e-17,0,1,0,0
1,54.0,21,-1,-1,-1,-1,1,-1,0,0,8190000,168780000,0,0.8660254037844387,-0.4999999999999998,0,0,1,0
0,18.0,2,0,0,0,0,0,0,0,1,3105000,5977500,0,-0.5000000000000004,0.8660254037844384,1,0,0,0
1,40.0,4,-1,-1,1,-1,1,1,0,1,14212500,63360000,0,0.8660254037844387,-0.4999999999999998,0,0,0,1
1,39.0,3,-1,-1,-1,1,-1,-1,0,1,11947500,37762500,1,1.2246467991473532e-16,-1.0,0,0,0,1
1,35.0,72,1,1,1,1,1,1,1,0,17370000,1249822500,0,0.8660254037844387,-0.4999999999999998,0,0,0,1
0,61.0,6,1,-1,-1,-1,-1,-1,0,1,7417500,47190000,0,-0.8660254037844385,-0.5000000000000004,0,0,1,0
1,29.0,52,-1,-1,1,-1,-1,1,0,1,12570000,649710000,0,-0.4999999999999997,-0.8660254037844388,0,0,0,1
1,49.0,69,-1,1,1,-1,-1,1,0,1,14302500,957300000,0,-0.5000000000000004,0.8660254037844384,0,0,0,1
1,44.0,8,-1,-1,1,-1,1,1,0,1,14205000,111045000,1,1.0,6.123233995736766e-17,0,0,0,1
0,55.0,8,-1,-1,1,-1,-1,-1,0,1,11107500,90022500,0,-0.8660254037844385,-0.5000000000000004,0,0,0,1
0,32.0,63,-1,-1,1,-1,-1,1,0,1,13440000,830820000,0,0.49999999999999994,0.8660254037844387,0,0,0,1
1,31.0,60,1,1,1,1,1,1,1,1,17490000,1057425000,0,0.8660254037844387,-0.4999999999999998,0,0,0,1
0,53.0,12,1,-1,-1,1,-1,-1,0,0,8130000,103575000,0,-0.8660254037844385,-0.5000000000000004,0,0,1,0
0,45.0,13,0,0,0,0,0,0,0,1,2895000,41895000,0,0.49999999999999994,-0.8660254037844387,1,0,0,0
1,21.0,22,1,1,1,-1,-1,-1,0,0,9757500,214132500,0,-0.5000000000000004,0.8660254037844384,0,0,1,0
1,34.0,5,-1,-1,1,-1,1,-1,0,1,13875000,67905000,1,0.0,1.0,0,0,0,1
0,45.0,1,0,0,0,0,0,0,0,0,2917500,2917500,1,-0.8660254037844386,0.5000000000000001,1,0,0,0
0,50.0,72,0,0,0,0,0,0,1,1,3607500,256372500,0,0.49999999999999994,0.8660254037844387,1,0,0,0
0,32.0,2,0,0,0,0,0,0,0,0,2812500,7972500,0,0.49999999999999994,0.8660254037844387,1,0,0,0
0,18.0,40,0,0,0,0,0,0,1,0,3022500,116602500,0,0.49999999999999994,-0.8660254037844387,1,0,0,0
1,46.0,44,0,0,0,0,0,0,1,0,3000000,129127500,0,-1.0,-1.8369701987210297e-16,1,0,0,0
1,25.0,71,1,1,-1,1,1,-1,1,1,10650000,751815000,0,0.8660254037844387,-0.4999999999999998,0,1,0,0
0,18.0,2,-1,-1,-1,-1,-1,-1,0,1,11332500,24945000,1,0.0,1.0,0,0,0,1
1,18.0,26,-1,-1,-1,-1,1,1,0,1,14040000,360615000,0,0.49999999999999994,-0.8660254037844387,0,0,0,1
1,50.0,1,-1,-1,-1,-1,-1,-1,0,1,10500000,10500000,1,0.8660254037844387,-0.4999999999999998,0,0,0,1
0,42.0,1,-1,-1,-1,-1,-1,-1,0,0,3660000,3660000,0,-0.5000000000000004,0.8660254037844384,0,0,1,0
1,37.0,65,1,-1,-1,1,1,1,1,1,11220000,723022500,1,0.49999999999999994,0.8660254037844387,0,1,0,0
1,57.0,3,-1,-1,-1,1,1,-1,0,1,9787500,31485000,0,0.8660254037844387,-0.4999999999999998,0,0,1,0
1,48.0,13,-1,-1,-1,1,-1,-1,0,1,7582500,91612500,0,0.49999999999999994,0.8660254037844387,0,1,0,0
0,59.0,33,-1,1,1,-1,1,1,0,1,15660000,511440000,1,0.0,1.0,0,0,0,1
0,23.0,1,-1,-1,-1,-1,-1,-1,0,1,10605000,10605000,0,-0.5000000000000004,0.8660254037844384,0,0,0,1
1,40.0,4,-1,-1,-1,-1,-1,-1,0,0,6787500,23302500,0,1.2246467991473532e-16,-1.0,0,0,1,0
1,21.0,2,-1,-1,-1,-1,-1,-1,0,1,10545000,21600000,0,-1.0,-1.8369701987210297e-16,0,0,0,1
1,37.0,72,1,1,-1,1,1,1,1,1,16342500,1181250000,0,0.8660254037844386,0.5000000000000001,0,0,0,1
0,37.0,37,0,0,0,0,0,0,0,0,3967500,136740000,0,0.49999999999999994,-0.8660254037844387,1,0,0,0
0,48.0,15,1,-1,-1,-1,1,-1,0,0,12930000,190530000,1,1.2246467991473532e-16,-1.0,0,0,0,1
0,41.0,23,0,0,0,0,0,0,1,1,2947500,71715000,0,1.0,6.123233995736766e-17,1,0,0,0
0,47.0,30,-1,-1,-1,1,1,1,0,0,7680000,234225000,1,0.49999999999999994,-0.8660254037844387,0,0,1,0
0,48.0,42,0,0,0,0,0,0,1,1,2857500,114277500,0,0.8660254037844386,0.5000000000000001,1,0,0,0
0,66.0,32,1,-1,-1,-1,1,1,1,0,11212500,342442500,0,-0.8660254037844385,-0.5000000000000004,0,0,1,0
0,36.0,22,-1,-1,-1,-1,-1,-1,0,1,11370000,242265000,0,-0.8660254037844385,-0.5000000000000004,0,0,0,1
1,29.0,42,-1,-1,-1,-1,-1,-1,0,1,3765000,164572500,0,-0.8660254037844386,0.5000000000000001,0,0,1,0
0,43.0,8,-1,-1,-1,-1,-1,-1,0,0,6667500,55395000,0,-1.0,-1.8369701987210297e-16,0,0,1,0
0,30.0,65,1,-1,1,-1,1,1,1,1,15645000,1008795000,0,-0.5000000000000004,0.8660254037844384,0,0,0,1
0,58.0,2,0,0,0,0,0,0,0,0,2925000,4732500,1,-1.0,-1.8369701987210297e-16,1,0,0,0
0,37.0,70,1,1,1,1,1,1,1,1,13350000,943980000,0,-0.8660254037844386,0.5000000000000001,0,0,1,0
1,33.0,22,0,0,0,0,0,0,0,0,3022500,64875000,0,0.49999999999999994,-0.8660254037844387,1,0,0,0
0,34.0,4,-1,-1,-1,-1,-1,-1,0,1,11235000,48262500,1,-1.0,-1.8369701987210297e-16,0,0,0,1
0,49.0,2,-1,-1,-1,-1,-1,-1,0,0,11235000,22072500,1,0.49999999999999994,0.8660254037844387,0,0,0,1
0,38.0,67,1,1,-1,-1,-1,-1,1,0,5422500,365167500,0,-0.5000000000000004,0.8660254037844384,0,0,1,0
0,32.0,25,0,0,0,0,0,0,0,1,2880000,79815000,0,0.49999999999999994,-0.8660254037844387,1,0,0,0
0,60.0,20,0,0,0,0,0,0,0,0,2887500,56287500,0,1.0,6.123233995736766e-17,1,0,0,0
0,30.0,2,1,-1,-1,-1,-1,1,0,1,9180000,18892500,0,1.0,6.123233995736766e-17,0,0,1,0
1,40.0,51,0,0,0,0,0,0,1,0,3067500,156397500,0,-0.8660254037844385,-0.5000000000000004,1,0,0,0
0,48.0,46,1,1,-1,-1,-1,-1,0,0,5257500,243037500,0,0.8660254037844386,0.5000000000000001,0,0,1,0
0,20.0,25,-1,1,-1,-1,1,1,0,1,15037500,358162500,1,-1.0,-1.8369701987210297e-16,0,0,0,1
1,46.0,13,-1,-1,-1,-1,-1,-1,0,0,6600000,98902500,0,-1.0,-1.8369701987210297e-16,0,0,1,0
0,27.0,25,1,1,-1,-1,1,1,0,1,15420000,399030000,1,0.0,1.0,0,0,0,1
1,50.0,26,-1,-1,1,-1,-1,-1,1,0,7552500,192870000,0,0.8660254037844387,-0.4999999999999998,0,1,0,0
1,28.0,43,-1,-1,-1,1,1,1,1,1,15000000,631732500,1,0.8660254037844387,-0.4999999999999998,0,0,0,1
1,48.0,19,0,0,0,0,0,0,0,1,3000000,56632500,0,-0.4999999999999997,-0.8660254037844388,1,0,0,0
1,53.0,10,-1,1,-1,1,1,1,0,1,14977500,148635000,1,1.0,6.123233995736766e-17,0,0,0,1
0,50.0,2,-1,-1,-1,-1,1,1,0,1,14130000,29070000,1,0.0,1.0,0,0,0,1
0,43.0,72,1,1,-1,1,1,1,1,1,12960000,908842500,0,-0.8660254037844386,0.5000000000000001,0,0,1,0
1,37.0,18,1,1,-1,-1,-1,-1,0,1,8760000,144735000,0,0.49999999999999994,-0.8660254037844387,0,0,1,0
1,33.0,9,-1,-1,-1,-1,-1,1,0,1,12577500,118522500,1,0.8660254037844386,0.5000000000000001,0,0,0,1
0,58.0,27,-1,-1,1,-1,-1,1,0,0,13245000,370162500,1,0.8660254037844386,0.5000000000000001,0,0,0,1
1,32.0,24,-1,-1,-1,-1,1,1,0,1,14115000,348427500,0,-1.0,-1.8369701987210297e-16,0,0,0,1
1,28.0,69,-1,1,1,1,1,1,1,1,15607500,1089300000,1,-0.8660254037844385,-0.5000000000000004,0,0,0,1
0,48.0,46,-1,1,1,1,1,1,1,1,16335000,728145000,0,-0.5000000000000004,0.8660254037844384,0,0,0,1
0,30.0,72,1,1,1,1,-1,1,1,1,16110000,1162312500,0,-0.8660254037844386,0.5000000000000001,0,0,0,1
1,29.0,22,-1,-1,1,-1,1,1,0,1,14205000,287235000,1,-0.4999999999999997,-0.8660254037844388,0,0,0,1
0,23.0,70,1,-1,-1,-1,-1,1,0,1,13627500,970515000,0,0.8660254037844386,0.5000000000000001,0,0,0,1
0,34.0,2,0,0,0,0,0,0,0,0,2985000,8610000,0,-0.5000000000000004,0.8660254037844384,1,0,0,0
1,39.0,31,-1,-1,1,1,-1,1,0,1,9960000,302970000,0,1.2246467991473532e-16,-1.0,0,0,1,0
0,43.0,56,-1,-1,1,-1,1,1,0,1,15097500,853207500,1,0.8660254037844386,0.5000000000000001,0,0,0,1
0,51.0,16,1,-1,1,-1,1,1,0,0,15105000,228405000,0,0.8660254037844387,-0.4999999999999998,0,0,0,1
1,46.0,52,0,0,0,0,0,0,1,0,3840000,200175000,0,-0.5000000000000004,0.8660254037844384,1,0,0,0
1,38.0,13,0,0,0,0,0,0,0,1,2977500,37800000,0,-1.0,-1.8369701987210297e-16,1,0,0,0
0,38.0,35,0,0,0,0,0,0,1,0,3112500,105067500,0,0.49999999999999994,-0.8660254037844387,1,0,0,0
0,46.0,59,-1,-1,1,-1,1,1,1,0,14370000,848317500,0,1.0,6.123233995736766e-17,0,0,0,1
1,55.0,72,-1,-1,1,-1,1,1,0,1,14197500,1012102500,0,-0.8660254037844386,0.5000000000000001,0,0,0,1
0,42.0,66,-1,1,1,-1,1,1,1,1,12082500,789765000,1,1.0,6.123233995736766e-17,0,0,1,0
0,34.0,49,1,1,1,1,-1,1,1,0,15997500,776152500,0,0.49999999999999994,0.8660254037844387,0,0,0,1
0,28.0,2,-1,-1,-1,-1,-1,-1,0,1,6877500,15840000,0,0.8660254037844387,-0.4999999999999998,0,0,1,0
1,23.0,21,-1,1,1,-1,1,1,0,1,15652500,340777500,0,-1.0,-1.8369701987210297e-16,0,0,0,1
1,48.0,54,-1,1,1,-1,1,1,1,1,8317500,445042500,0,1.0,6.123233995736766e-17,0,0,1,0
1,47.0,24,1,-1,-1,-1,-1,-1,0,1,11827500,265837500,1,0.49999999999999994,0.8660254037844387,0,0,0,1
1,47.0,1,1,1,-1,-1,-1,-1,0,0,9172500,9172500,0,-0.4999999999999997,-0.8660254037844388,0,0,1,0
1,38.0,6,1,1,-1,-1,-1,-1,0,1,11842500,74242500,0,-0.8660254037844385,-0.5000000000000004,0,0,0,1
0,57.0,1,-1,-1,-1,-1,-1,-1,0,1,6667500,6667500,1,0.8660254037844387,-0.4999999999999998,0,0,1,0
1,34.0,49,1,1,1,-1,1,1,1,1,16380000,793567500,0,0.49999999999999994,0.8660254037844387,0,0,0,1
0,51.0,56,1,1,1,-1,-1,-1,1,1,9195000,502020000,0,-0.5000000000000004,0.8660254037844384,0,0,1,0
0,40.0,56,1,1,-1,-1,-1,1,0,1,14527500,782947500,0,-1.0,-1.8369701987210297e-16,0,0,0,1
0,33.0,6,-1,1,1,1,-1,-1,1,0,6082500,32625000,0,-0.8660254037844386,0.5000000000000001,0,0,1,0
1,47.0,32,0,0,0,0,0,0,1,0,2970000,91155000,0,0.0,1.0,1,0,0,0
1,45.0,50,1,1,1,-1,1,1,1,1,16237500,814710000,0,1.2246467991473532e-16,-1.0,0,0,0,1
1,44.0,58,-1,-1,1,1,1,1,1,1,15757500,900727500,0,0.8660254037844386,0.5000000000000001,0,0,0,1
0,41.0,65,1,1,1,1,1,1,1,1,13567500,893685000,0,0.8660254037844386,0.5000000000000001,0,1,0,0
0,40.0,64,1,1,1,1,1,1,1,1,12960000,816307500,0,-1.0,-1.8369701987210297e-16,0,1,0,0
0,69.0,66,1,1,1,-1,-1,-1,1,0,10035000,655537500,0,-0.8660254037844386,0.5000000000000001,0,1,0,0
1,54.0,38,1,-1,1,1,1,1,1,1,16605000,664290000,0,-1.0,-1.8369701987210297e-16,0,0,0,1
0,49.0,20,0,0,0,0,0,0,1,1,3000000,62467500,0,1.0,6.123233995736766e-17,1,0,0,0
1,41.0,36,-1,-1,-1,-1,-1,1,0,1,12735000,460080000,1,1.2246467991473532e-16,-1.0,0,0,0,1
1,52.0,64,-1,-1,1,1,1,1,1,0,15315000,1003215000,0,-0.8660254037844386,0.5000000000000001,0,0,0,1
1,46.0,1,0,0,0,0,0,0,0,0,3037500,3037500,1,0.0,1.0,1,0,0,0
0,40.0,60,-1,1,1,1,1,-1,1,1,10522500,633705000,0,1.2246467991473532e-16,-1.0,0,0,1,0
1,36.0,1,-1,1,-1,-1,-1,-1,0,1,11152500,11152500,1,-0.8660254037844386,0.5000000000000001,0,0,0,1
0,39.0,50,1,1,1,1,-1,1,1,1,12007500,606330000,0,1.0,6.123233995736766e-17,0,1,0,0
1,18.0,1,-1,-1,1,1,-1,-1,0,0,9307500,9307500,1,-1.0,-1.8369701987210297e-16,0,0,1,0
0,43.0,72,1,1,1,-1,-1,1,1,1,7380000,537142500,0,0.0,1.0,0,1,0,0
1,34.0,60,0,0,0,0,0,0,1,1,3075000,179820000,0,-1.0,-1.8369701987210297e-16,1,0,0,0
1,59.0,46,1,-1,1,1,-1,-1,1,0,5737500,263302500,0,-0.8660254037844385,-0.5000000000000004,0,1,0,0
0,40.0,69,-1,1,1,-1,1,1,1,1,8242500,565875000,0,-0.8660254037844386,0.5000000000000001,0,0,1,0
1,26.0,31,-1,-1,1,1,1,-1,0,1,14490000,431692500,0,1.2246467991473532e-16,-1.0,0,0,0,1
1,39.0,19,0,0,0,0,0,0,1,0,2985000,53655000,0,0.0,1.0,1,0,0,0
0,27.0,71,0,0,0,0,0,0,1,0,2985000,209595000,0,-0.5000000000000004,0.8660254037844384,1,0,0,0
1,46.0,12,1,1,1,-1,-1,-1,0,1,12690000,143985000,0,-0.8660254037844385,-0.5000000000000004,0,0,0,1
1,43.0,39,1,-1,1,1,1,1,1,0,12000000,477442500,1,-0.5000000000000004,0.8660254037844384,0,0,1,0
1,51.0,44,-1,1,1,1,1,1,1,1,12787500,555622500,0,-0.8660254037844385,-0.5000000000000004,0,1,0,0
0,31.0,56,1,1,1,1,1,-1,1,0,12187500,693060000,0,1.0,6.123233995736766e-17,0,0,1,0
0,40.0,72,1,1,1,1,1,1,1,1,17325000,1246912500,0,0.0,1.0,0,0,0,1
1,24.0,5,-1,1,1,-1,1,1,0,0,15615000,81285000,1,-0.8660254037844386,0.5000000000000001,0,0,0,1
0,48.0,11,1,-1,-1,-1,-1,-1,0,1,11850000,139395000,0,-0.8660254037844385,-0.5000000000000004,0,0,0,1
1,46.0,24,1,-1,-1,-1,-1,1,0,0,5865000,145695000,1,-0.5000000000000004,0.8660254037844384,0,0,1,0
0,46.0,15,-1,1,-1,-1,1,1,0,1,14197500,192757500,0,-1.0,-1.8369701987210297e-16,0,0,0,1
1,40.0,72,0,0,0,0,0,0,1,1,3120000,228180000,0,0.49999999999999994,-0.8660254037844387,1,0,0,0
1,45.0,56,-1,1,1,-1,-1,-1,1,0,8925000,508387500,0,1.0,6.123233995736766e-17,0,0,1,0
1,59.0,64,0,0,0,0,0,0,1,1,3007500,179707500,0,0.49999999999999994,-0.8660254037844387,1,0,0,0
0,37.0,34,-1,-1,1,-1,1,1,0,1,15067500,512197500,0,-0.4999999999999997,-0.8660254037844388,0,0,0,1
1,42.0,2,-1,-1,-1,-1,-1,-1,0,1,11475000,24367500,1,-0.8660254037844386,0.5000000000000001,0,0,0,1
1,27.0,35,0,0,0,0,0,0,1,0,3090000,113100000,0,-0.5000000000000004,0.8660254037844384,1,0,0,0
1,30.0,22,0,0,0,0,0,0,1,0,3045000,70072500,0,-0.4999999999999997,-0.8660254037844388,1,0,0,0
1,41.0,5,-1,-1,-1,1,-1,-1,0,1,7380000,32535000,1,1.2246467991473532e-16,-1.0,0,0,1,0
1,53.0,9,1,1,1,-1,-1,-1,1,0,5932500,55950000,0,0.8660254037844387,-0.4999999999999998,0,1,0,0
1,37.0,11,0,0,0,0,0,0,0,0,3472500,36780000,1,-0.8660254037844386,0.5000000000000001,1,0,0,0
1,37.0,23,0,0,0,0,0,0,1,0,3067500,72165000,0,0.8660254037844386,0.5000000000000001,1,0,0,0
0,35.0,4,-1,-1,-1,-1,-1,1,0,0,12127500,45412500,1,-0.5000000000000004,0.8660254037844384,0,0,0,1
1,34.0,68,0,0,0,0,0,0,1,0,3787500,259230000,0,0.49999999999999994,0.8660254037844387,1,0,0,0
1,44.0,33,-1,-1,-1,-1,1,1,0,0,13687500,444607500,0,0.8660254037844387,-0.4999999999999998,0,0,0,1
1,22.0,31,1,1,1,1,1,-1,0,1,10867500,323437500,0,-1.0,-1.8369701987210297e-16,0,0,1,0
1,55.0,1,-1,1,-1,1,-1,-1,0,0,9015000,9015000,1,-0.8660254037844385,-0.5000000000000004,0,1,0,0
0,32.0,56,0,0,0,0,0,0,1,0,2955000,157785000,0,-0.4999999999999997,-0.8660254037844388,1,0,0,0
1,49.0,1,-1,-1,-1,-1,1,-1,0,1,11842500,11842500,1,0.8660254037844386,0.5000000000000001,0,0,0,1
1,25.0,66,1,1,1,1,1,-1,1,1,11265000,751950000,0,0.0,1.0,0,1,0,0
1,48.0,72,0,0,0,0,0,0,1,0,3750000,260835000,0,0.49999999999999994,0.8660254037844387,1,0,0,0
1,48.0,34,-1,-1,-1,-1,-1,-1,0,0,10372500,341265000,0,0.8660254037844386,0.5000000000000001,0,0,0,1
0,45.0,58,-1,1,1,-1,1,-1,0,1,13732500,826747500,0,-0.8660254037844385,-0.5000000000000004,0,0,0,1
1,28.0,2,-1,-1,-1,-1,-1,-1,0,1,6772500,14775000,1,0.49999999999999994,0.8660254037844387,0,0,1,0
1,43.0,37,-1,-1,-1,-1,1,-1,1,0,5370000,197535000,0,0.8660254037844387,-0.4999999999999998,0,1,0,0
0,26.0,71,1,1,1,1,1,1,1,1,16972500,1198995000,0,-1.0,-1.8369701987210297e-16,0,0,0,1
1,37.0,1,0,0,0,0,0,0,1,0,2977500,2977500,0,1.2246467991473532e-16,-1.0,1,0,0,0
1,52.0,71,0,0,0,0,0,0,1,0,2970000,208267500,0,0.8660254037844386,0.5000000000000001,1,0,0,0
1,50.0,35,0,0,0,0,0,0,1,0,2985000,99900000,0,0.8660254037844387,-0.4999999999999998,1,0,0,0
0,40.0,6,0,0,0,0,0,0,1,0,2955000,14167500,0,1.2246467991473532e-16,-1.0,1,0,0,0
0,28.0,3,-1,-1,-1,-1,1,-1,0,1,11910000,36697500,1,-0.5000000000000004,0.8660254037844384,0,0,0,1
0,48.0,69,-1,1,1,1,-1,-1,1,0,8865000,620205000,0,0.49999999999999994,-0.8660254037844387,0,0,1,0
1,40.0,44,-1,1,1,-1,1,1,1,1,8092500,356310000,1,-1.0,-1.8369701987210297e-16,0,0,1,0
0,18.0,53,-1,-1,-1,1,-1,1,1,1,13672500,729375000,0,-1.0,-1.8369701987210297e-16,0,0,0,1
0,49.0,24,-1,1,1,-1,1,1,0,1,14895000,364702500,1,-0.4999999999999997,-0.8660254037844388,0,0,0,1
0,40.0,5,-1,-1,-1,-1,-1,-1,0,1,10342500,52725000,0,-0.8660254037844386,0.5000000000000001,0,0,0,1
0,54.0,2,-1,1,-1,-1,-1,-1,0,0,7732500,15930000,0,0.0,1.0,0,0,1,0
1,27.0,62,0,0,0,0,0,0,1,1,3660000,211950000,0,0.8660254037844386,0.5000000000000001,1,0,0,0
0,18.0,19,-1,-1,1,-1,1,1,0,1,14520000,261457500,0,1.0,6.123233995736766e-17,0,0,0,1
1,43.0,9,-1,-1,-1,-1,-1,-1,0,0,10507500,98625000,0,1.0,6.123233995736766e-17,0,0,0,1
1,43.0,53,0,0,0,0,0,0,1,0,2925000,157575000,0,-0.4999999999999997,-0.8660254037844388,1,0,0,0
1,20.0,5,-1,-1,-1,-1,-1,1,0,0,11812500,63952500,0,-1.0,-1.8369701987210297e-16,0,0,0,1
0,28.0,71,1,1,-1,-1,1,-1,1,0,10380000,747375000,0,-0.5000000000000004,0.8660254037844384,0,1,0,0
0,73.0,1,0,0,0,0,0,0,0,1,2932500,2932500,0,0.8660254037844386,0.5000000000000001,1,0,0,0
1,36.0,18,-1,1,-1,-1,-1,-1,0,1,12097500,217785000,1,-0.8660254037844385,-0.5000000000000004,0,0,0,1
1,49.0,72,-1,1,1,-1,1,1,1,1,15547500,1145220000,0,0.8660254037844387,-0.4999999999999998,0,0,0,1
0,32.0,4,1,1,-1,-1,-1,-1,0,0,8205000,35257500,0,-0.5000000000000004,0.8660254037844384,0,0,1,0
1,18.0,59,-1,-1,1,-1,-1,-1,1,0,8122500,467422500,0,0.0,1.0,0,0,1,0
0,38.0,1,-1,-1,-1,-1,-1,-1,0,0,10665000,10665000,1,0.8660254037844386,0.5000000000000001,0,0,0,1
0,37.0,31,-1,-1,-1,-1,-1,1,0,1,12727500,395010000,0,-0.8660254037844386,0.5000000000000001,0,0,0,1
1,35.0,3,0,0,0,0,0,0,0,0,3000000,7447500,0,-0.5000000000000004,0.8660254037844384,1,0,0,0
0,39.0,65,-1,1,1,-1,1,1,1,1,15937500,1046970000,1,0.49999999999999994,0.8660254037844387,0,0,0,1
1,43.0,49,-1,-1,1,1,1,1,1,1,14887500,738120000,0,-0.8660254037844385,-0.5000000000000004,0,0,0,1
1,38.0,2,0,0,0,0,0,0,0,0,2902500,6952500,0,-1.0,-1.8369701987210297e-16,1,0,0,0
0,25.0,53,0,0,0,0,0,0,1,0,3120000,153270000,1,1.0,6.123233995736766e-17,1,0,0,0
0,46.0,55,1,-1,-1,-1,1,1,1,1,14212500,791415000,0,-0.4999999999999997,-0.8660254037844388,0,0,0,1
1,18.0,72,1,1,1,1,1,1,1,1,17107500,1243380000,0,0.49999999999999994,-0.8660254037844387,0,0,0,1
0,18.0,36,-1,-1,-1,-1,-1,-1,0,1,11235000,398917500,0,0.49999999999999994,0.8660254037844387,0,0,0,1
0,49.0,10,0,0,0,0,0,0,0,1,2970000,29512500,0,-0.4999999999999997,-0.8660254037844388,1,0,0,0
1,46.0,1,-1,-1,-1,-1,1,1,0,1,14100000,14100000,1,-0.8660254037844386,0.5000000000000001,0,0,0,1
0,39.0,72,1,1,1,1,-1,1,1,0,12127500,873712500,0,1.2246467991473532e-16,-1.0,0,0,1,0
0,23.0,28,-1,1,-1,1,-1,-1,0,0,8197500,227625000,0,0.49999999999999994,-0.8660254037844387,0,0,1,0
1,32.0,38,1,-1,-1,-1,1,-1,0,0,13755000,521857500,0,-0.5000000000000004,0.8660254037844384,0,0,0,1
0,37.0,61,1,1,1,1,1,1,1,1,17790000,1104855000,0,-1.0,-1.8369701987210297e-16,0,0,0,1
1,21.0,52,0,0,0,0,0,0,1,0,3682500,199657500,0,0.49999999999999994,0.8660254037844387,1,0,0,0
1,31.0,67,0,0,0,0,0,0,1,1,2917500,179392500,0,0.49999999999999994,-0.8660254037844387,1,0,0,0
0,48.0,34,1,1,1,1,1,1,1,1,17422500,592035000,0,-0.5000000000000004,0.8660254037844384,0,0,0,1
0,57.0,54,1,-1,1,1,1,1,1,0,12090000,644992500,0,-0.8660254037844386,0.5000000000000001,0,0,1,0
0,35.0,1,0,0,0,0,0,0,0,1,3045000,3045000,0,1.0,6.123233995736766e-17,1,0,0,0
0,49.0,15,-1,1,-1,-1,-1,1,0,0,13477500,213742500,1,0.8660254037844387,-0.4999999999999998,0,0,0,1
0,18.0,4,-1,-1,-1,-1,-1,-1,0,1,6900000,29040000,1,-0.4999999999999997,-0.8660254037844388,0,0,1,0
0,48.0,9,-1,1,-1,1,1,-1,0,0,9937500,93082500,1,1.2246467991473532e-16,-1.0,0,0,1,0
0,30.0,46,-1,1,1,-1,1,1,0,1,14970000,658687500,0,-0.5000000000000004,0.8660254037844384,0,0,0,1
0,44.0,22,-1,-1,-1,1,1,-1,0,1,13500000,299070000,1,-0.8660254037844385,-0.5000000000000004,0,0,0,1
1,37.0,38,-1,-1,-1,-1,-1,-1,1,1,10567500,389640000,1,0.49999999999999994,0.8660254037844387,0,0,0,1
0,56.0,55,1,1,-1,1,1,-1,1,1,11250000,632085000,0,-0.4999999999999997,-0.8660254037844388,0,0,1,0
0,30.0,1,0,0,0,0,0,0,0,0,2985000,2985000,0,-0.8660254037844386,0.5000000000000001,1,0,0,0
1,48.0,64,1,-1,1,-1,-1,-1,1,0,12045000,752655000,0,0.0,1.0,0,0,0,1
1,37.0,53,0,0,0,0,0,0,1,0,2962500,157852500,1,0.8660254037844387,-0.4999999999999998,1,0,0,0
0,38.0,58,1,-1,1,1,1,1,1,1,12645000,737460000,0,-1.0,-1.8369701987210297e-16,0,0,1,0
1,38.0,56,-1,-1,1,1,1,1,1,1,8107500,443970000,0,-0.8660254037844385,-0.5000000000000004,0,0,1,0
1,30.0,72,1,-1,1,1,1,1,1,1,15735000,1133932500,0,1.2246467991473532e-16,-1.0,0,0,0,1
1,40.0,1,1,-1,-1,1,-1,-1,0,1,8092500,8092500,1,-0.4999999999999997,-0.8660254037844388,0,1,0,0
1,39.0,72,-1,1,-1,-1,1,1,1,1,14587500,1069965000,0,1.0,6.123233995736766e-17,0,0,0,1
1,43.0,22,-1,-1,-1,-1,-1,1,0,0,12457500,269895000,0,0.49999999999999994,-0.8660254037844387,0,0,0,1
0,41.0,8,-1,1,1,-1,1,1,0,1,15825000,124432500,1,-0.8660254037844385,-0.5000000000000004,0,0,0,1
0,50.0,16,-1,-1,-1,-1,1,-1,0,1,12150000,196822500,1,0.8660254037844386,0.5000000000000001,0,0,0,1
0,51.0,39,-1,1,1,1,-1,-1,0,0,6165000,239557500,0,0.8660254037844386,0.5000000000000001,0,0,1,0
0,27.0,12,-1,-1,-1,-1,-1,-1,0,1,6750000,78652500,0,0.49999999999999994,0.8660254037844387,0,0,1,0
1,50.0,54,1,1,-1,-1,1,1,1,1,11182500,628717500,0,0.49999999999999994,0.8660254037844387,0,1,0,0
0,26.0,18,1,1,-1,1,-1,-1,1,1,6030000,106792500,0,0.0,1.0,0,0,1,0
1,47.0,32,1,1,-1,1,-1,1,1,0,10575000,330262500,0,0.8660254037844387,-0.4999999999999998,0,0,1,0
0,47.0,41,0,0,0,0,0,0,1,1,2962500,121042500,0,0.0,1.0,1,0,0,0
1,18.0,67,0,0,0,0,0,0,1,0,3697500,243067500,0,-0.8660254037844385,-0.5000000000000004,1,0,0,0
1,41.0,65,1,-1,1,-1,1,1,0,1,15637500,1021942500,0,-0.5000000000000004,0.8660254037844384,0,0,0,1
0,34.0,25,1,1,1,1,1,-1,0,1,11752500,275685000,0,-0.8660254037844386,0.5000000000000001,0,0,1,0
0,31.0,1,-1,-1,-1,-1,-1,-1,0,1,10470000,10470000,1,1.0,6.123233995736766e-17,0,0,0,1
0,56.0,67,-1,1,1,1,1,1,1,1,16455000,1101667500,0,-0.4999999999999997,-0.8660254037844388,0,0,0,1
1,32.0,7,-1,-1,-1,-1,-1,-1,0,0,11062500,81772500,1,0.49999999999999994,-0.8660254037844387,0,0,0,1
0,30.0,43,1,1,-1,-1,-1,-1,0,1,5017500,225037500,0,1.0,6.123233995736766e-17,0,0,1,0
0,41.0,24,1,-1,-1,-1,1,1,0,1,14190000,342472500,0,-0.5000000000000004,0.8660254037844384,0,0,0,1
1,48.0,9,1,-1,-1,-1,-1,-1,0,0,8182500,74107500,1,-0.5000000000000004,0.8660254037844384,0,0,1,0
1,38.0,69,0,0,0,0,0,0,1,0,3030000,206475000,0,-0.5000000000000004,0.8660254037844384,1,0,0,0
0,54.0,37,0,0,0,0,0,0,1,0,3045000,113310000,0,0.8660254037844387,-0.4999999999999998,1,0,0,0
1,46.0,20,1,-1,1,1,-1,-1,1,1,5910000,123810000,0,-1.0,-1.8369701987210297e-16,0,0,1,0
1,18.0,7,-1,-1,-1,-1,-1,-1,0,0,10372500,73297500,0,0.8660254037844387,-0.4999999999999998,0,0,0,1
0,34.0,37,-1,-1,-1,-1,-1,-1,0,1,11437500,426232500,1,-0.5000000000000004,0.8660254037844384,0,0,0,1
0,33.0,5,-1,-1,-1,-1,1,1,0,1,14085000,73027500,1,0.8660254037844387,-0.4999999999999998,0,0,0,1
1,46.0,41,-1,-1,1,-1,1,1,1,1,7702500,311265000,0,-0.8660254037844385,-0.5000000000000004,0,0,1,0
0,18.0,54,1,1,-1,-1,1,1,1,1,15007500,794947500,0,0.49999999999999994,0.8660254037844387,0,0,0,1
0,71.0,3,-1,-1,-1,-1,-1,-1,0,1,10560000,30705000,1,0.8660254037844386,0.5000000000000001,0,0,0,1
1,46.0,69,0,0,0,0,0,0,1,0,3045000,203445000,0,-0.8660254037844386,0.5000000000000001,1,0,0,0
0,42.0,53,-1,1,1,1,-1,1,1,1,14167500,756412500,0,-0.5000000000000004,0.8660254037844384,0,0,0,1
1,54.0,18,-1,1,1,-1,1,-1,1,0,6960000,121860000,0,1.2246467991473532e-16,-1.0,0,0,1,0
1,68.0,64,1,1,-1,1,1,1,1,1,15607500,990832500,0,1.2246467991473532e-16,-1.0,0,0,0,1
0,50.0,31,-1,1,-1,-1,-1,1,0,1,13672500,449317500,1,1.2246467991473532e-16,-1.0,0,0,0,1
0,51.0,20,-1,-1,-1,-1,-1,-1,0,0,3735000,75892500,0,-0.8660254037844386,0.5000000000000001,0,0,1,0
1,42.0,57,1,1,-1,1,-1,-1,1,0,8940000,526410000,0,1.2246467991473532e-16,-1.0,0,1,0,0
1,38.0,63,1,1,1,-1,1,1,1,0,16275000,1048785000,0,0.49999999999999994,0.8660254037844387,0,0,0,1
1,34.0,13,1,1,-1,1,-1,-1,1,0,6082500,88552500,0,0.49999999999999994,-0.8660254037844387,0,0,1,0
0,30.0,48,-1,1,-1,-1,-1,1,1,1,8842500,418455000,0,0.8660254037844386,0.5000000000000001,0,1,0,0
0,32.0,2,-1,-1,-1,-1,-1,-1,0,1,10642500,20692500,1,-1.0,-1.8369701987210297e-16,0,0,0,1
1,24.0,57,0,0,0,0,0,0,1,0,3112500,168472500,0,0.49999999999999994,-0.8660254037844387,1,0,0,0
1,39.0,71,-1,1,1,1,1,1,1,1,16972500,1192987500,0,1.2246467991473532e-16,-1.0,0,0,0,1
0,20.0,7,-1,-1,-1,-1,-1,-1,0,0,7320000,52470000,0,-0.5000000000000004,0.8660254037844384,0,1,0,0
0,42.0,16,-1,-1,-1,-1,-1,1,0,1,9457500,160057500,0,-0.8660254037844385,-0.5000000000000004,0,0,1,0
1,40.0,34,-1,-1,1,-1,1,1,0,0,15127500,529095000,0,-0.5000000000000004,0.8660254037844384,0,0,0,1
0,42.0,37,-1,-1,1,-1,1,1,0,1,14925000,564300000,1,-1.0,-1.8369701987210297e-16,0,0,0,1
1,34.0,16,-1,1,-1,-1,-1,-1,0,1,12082500,187335000,0,-0.5000000000000004,0.8660254037844384,0,0,0,1
1,75.0,48,1,1,1,-1,-1,-1,1,1,9660000,455302500,0,0.49999999999999994,-0.8660254037844387,0,0,1,0
1,56.0,58,-1,1,-1,1,1,1,1,1,11280000,645120000,0,0.49999999999999994,-0.8660254037844387,0,0,1,0
0,25.0,72,1,-1,1,1,1,1,1,1,12735000,909795000,0,0.49999999999999994,0.8660254037844387,0,0,1,0
0,43.0,7,0,0,0,0,0,0,0,0,2895000,21742500,0,0.49999999999999994,0.8660254037844387,1,0,0,0
0,33.0,38,1,1,1,-1,-1,-1,0,1,12585000,485040000,1,0.0,1.0,0,0,0,1
0,28.0,48,1,1,1,1,1,1,0,0,17617500,815835000,1,-0.5000000000000004,0.8660254037844384,0,0,0,1
1,24.0,10,1,1,1,-1,1,1,0,1,15660000,162217500,1,-1.0,-1.8369701987210297e-16,0,0,0,1
0,45.0,30,1,1,1,1,1,-1,1,0,11197500,346290000,0,1.0,6.123233995736766e-17,0,0,1,0
1,32.0,31,-1,-1,-1,-1,1,-1,0,1,8857500,282420000,0,0.49999999999999994,0.8660254037844387,0,0,1,0
0,52.0,46,-1,-1,1,1,-1,1,1,1,10365000,488302500,0,-1.0,-1.8369701987210297e-16,0,0,1,0
1,52.0,50,0,0,0,0,0,0,1,0,3082500,160147500,0,-0.8660254037844385,-0.5000000000000004,1,0,0,0
1,56.0,28,-1,-1,-1,1,-1,-1,0,0,11482500,309810000,0,-1.0,-1.8369701987210297e-16,0,0,0,1
0,30.0,66,1,1,1,1,1,1,1,1,9375000,620460000,0,0.8660254037844387,-0.4999999999999998,0,0,1,0
1,46.0,8,-1,-1,1,-1,-1,-1,0,1,4410000,33285000,1,-0.8660254037844385,-0.5000000000000004,0,0,1,0
0,48.0,41,-1,-1,1,-1,1,1,0,1,14235000,577200000,0,0.49999999999999994,0.8660254037844387,0,0,0,1
1,34.0,72,-1,1,1,1,1,1,1,1,16747500,1203427500,0,-0.8660254037844385,-0.5000000000000004,0,0,0,1
0,31.0,7,0,0,0,0,0,0,1,0,2985000,25972500,0,-0.4999999999999997,-0.8660254037844388,1,0,0,0
0,59.0,38,0,0,0,0,0,0,0,0,3067500,117187500,0,0.0,1.0,1,0,0,0
1,43.0,44,1,1,1,-1,1,1,1,1,15907500,676620000,0,0.49999999999999994,0.8660254037844387,0,0,0,1
1,48.0,47,1,1,1,1,1,1,1,1,17017500,797670000,0,-0.8660254037844385,-0.5000000000000004,0,0,0,1
1,30.0,53,-1,1,-1,1,1,-1,0,1,13882500,716917500,0,0.0,1.0,0,0,0,1
1,25.0,4,-1,-1,1,-1,1,-1,0,0,9840000,37515000,0,-0.8660254037844386,0.5000000000000001,0,1,0,0
1,33.0,20,-1,-1,-1,-1,1,-1,0,1,12652500,261780000,0,0.8660254037844386,0.5000000000000001,0,0,0,1
1,39.0,2,-1,-1,-1,-1,-1,-1,0,0,6697500,11235000,1,0.49999999999999994,0.8660254037844387,0,0,1,0
1,27.0,57,-1,1,1,-1,1,-1,1,1,10665000,621015000,0,0.49999999999999994,0.8660254037844387,0,1,0,0
0,40.0,44,1,1,-1,1,-1,-1,0,1,12772500,550575000,0,-0.5000000000000004,0.8660254037844384,0,0,0,1
1,20.0,24,-1,-1,1,-1,-1,-1,0,1,7455000,175170000,0,1.0,6.123233995736766e-17,0,0,1,0
1,27.0,15,1,-1,-1,-1,-1,-1,0,1,4530000,70447500,0,-1.0,-1.8369701987210297e-16,0,0,1,0
0,48.0,3,-1,-1,-1,-1,-1,-1,0,0,3787500,8835000,1,0.8660254037844387,-0.4999999999999998,0,0,1,0
0,47.0,4,-1,1,1,-1,-1,-1,0,0,12607500,50032500,1,1.0,6.123233995736766e-17,0,0,0,1
1,35.0,37,-1,-1,-1,-1,1,-1,0,1,12855000,475672500,1,-1.0,-1.8369701987210297e-16,0,0,0,1
0,28.0,1,-1,1,-1,-1,-1,-1,0,1,11205000,11205000,1,-0.4999999999999997,-0.8660254037844388,0,0,0,1
0,28.0,24,1,-1,-1,1,-1,-1,0,0,8452500,207180000,0,1.0,6.123233995736766e-17,0,0,1,0
0,36.0,5,-1,1,-1,-1,1,-1,0,1,13620000,68325000,1,0.49999999999999994,-0.8660254037844387,0,0,0,1
0,48.0,33,-1,1,1,-1,1,1,0,0,16132500,546825000,0,0.8660254037844387,-0.4999999999999998,0,0,0,1
0,51.0,58,0,0,0,0,0,0,1,1,2977500,173827500,0,0.49999999999999994,0.8660254037844387,1,0,0,0
0,34.0,72,1,1,-1,-1,1,-1,1,1,14385000,1043122500,0,1.2246467991473532e-16,-1.0,0,0,0,1
0,26.0,71,0,0,0,0,0,0,1,0,3577500,250815000,0,0.49999999999999994,-0.8660254037844387,1,0,0,0
0,43.0,28,-1,1,1,-1,1,1,0,1,15922500,472875000,1,1.0,6.123233995736766e-17,0,0,0,1
1,30.0,51,1,1,1,1,1,1,1,1,12577500,646065000,0,0.0,1.0,0,0,1,0
0,34.0,30,1,1,1,1,1,1,1,0,12802500,379560000,1,0.49999999999999994,-0.8660254037844387,0,0,1,0
1,56.0,72,1,1,-1,1,-1,-1,1,1,12720000,921247500,0,-0.5000000000000004,0.8660254037844384,0,0,0,1
1,50.0,36,1,-1,-1,-1,1,-1,0,1,13627500,478005000,1,1.2246467991473532e-16,-1.0,0,0,0,1
1,42.0,14,1,1,1,1,-1,1,1,0,11415000,158220000,0,0.8660254037844386,0.5000000000000001,0,1,0,0
0,25.0,72,1,1,-1,1,1,-1,1,0,11182500,814597500,0,-1.0,-1.8369701987210297e-16,0,1,0,0
0,43.0,22,-1,1,-1,-1,1,-1,0,0,5880000,127485000,0,0.0,1.0,0,0,1,0
0,53.0,2,-1,1,-1,-1,-1,-1,0,0,11932500,22762500,0,-0.5000000000000004,0.8660254037844384,0,0,0,1
0,35.0,15,0,0,0,0,0,0,0,0,2940000,44910000,0,0.0,1.0,1,0,0,0
1,56.0,51,0,0,0,0,0,0,1,0,2932500,163012500,0,0.8660254037844386,0.5000000000000001,1,0,0,0
1,56.0,70,1,-1,1,1,-1,-1,1,1,5872500,403912500,0,0.49999999999999994,0.8660254037844387,0,0,1,0
0,60.0,71,0,0,0,0,0,0,1,0,3015000,208440000,0,-1.0,-1.8369701987210297e-16,1,0,0,0
0,44.0,39,-1,-1,-1,1,1,1,0,1,14992500,565110000,0,0.0,1.0,0,0,0,1
0,47.0,61,1,1,-1,-1,-1,-1,0,0,8970000,546225000,0,-0.4999999999999997,-0.8660254037844388,0,0,1,0
0,57.0,52,1,-1,-1,-1,-1,-1,0,1,7462500,380332500,0,0.8660254037844387,-0.4999999999999998,0,0,1,0
0,45.0,1,-1,-1,-1,-1,1,-1,0,1,5362500,5362500,1,1.2246467991473532e-16,-1.0,0,0,1,0
1,34.0,64,1,-1,1,1,1,1,1,1,16275000,1032127500,0,-0.8660254037844386,0.5000000000000001,0,0,0,1
1,35.0,62,-1,1,1,1,-1,-1,1,1,9022500,562980000,0,-0.8660254037844386,0.5000000000000001,0,0,1,0
1,43.0,30,0,0,0,0,0,0,1,0,2857500,95632500,0,-0.4999999999999997,-0.8660254037844388,1,0,0,0
0,25.0,4,-1,-1,-1,-1,-1,-1,0,0,6900000,27240000,1,1.2246467991473532e-16,-1.0,0,0,1,0
1,38.0,63,1,1,1,1,1,1,1,1,12600000,799432500,0,1.0,6.123233995736766e-17,0,0,1,0
0,53.0,1,-1,-1,-1,-1,-1,-1,0,1,6682500,6682500,0,1.2246467991473532e-16,-1.0,0,1,0,0
1,18.0,15,-1,-1,1,1,1,1,0,1,15517500,230970000,0,-0.8660254037844385,-0.5000000000000004,0,0,0,1
1,58.0,27,1,1,-1,-1,-1,-1,1,1,12097500,331462500,0,-0.8660254037844385,-0.5000000000000004,0,0,0,1
0,53.0,4,1,1,1,-1,1,1,0,1,8580000,33562500,0,0.0,1.0,0,0,1,0
0,34.0,72,1,1,1,-1,1,1,1,1,16612500,1162755000,0,-1.0,-1.8369701987210297e-16,0,0,0,1
1,47.0,45,0,0,0,0,0,0,1,0,3705000,176152500,0,0.8660254037844386,0.5000000000000001,1,0,0,0
0,40.0,45,1,1,-1,1,1,-1,0,1,14557500,657757500,0,1.2246467991473532e-16,-1.0,0,0,0,1
0,55.0,36,1,1,1,1,1,-1,1,1,11452500,390952500,0,-1.0,-1.8369701987210297e-16,0,0,1,0
1,52.0,17,1,-1,1,-1,1,-1,0,1,13410000,230917500,1,-0.4999999999999997,-0.8660254037844388,0,0,0,1
1,23.0,1,0,0,0,0,0,0,0,0,2835000,2835000,0,-0.4999999999999997,-0.8660254037844388,1,0,0,0
1,47.0,16,-1,-1,-1,-1,-1,-1,0,1,11167500,189202500,0,-1.0,-1.8369701987210297e-16,0,0,0,1
1,38.0,3,0,0,0,0,0,0,0,1,2970000,8722500,1,-0.4999999999999997,-0.8660254037844388,1,0,0,0
1,41.0,4,-1,-1,-1,-1,-1,-1,0,1,7635000,33840000,1,0.8660254037844387,-0.4999999999999998,0,0,1,0
0,31.0,71,1,1,1,1,1,1,1,1,12660000,895395000,0,1.2246467991473532e-16,-1.0,0,0,1,0
1,61.0,10,0,0,0,0,0,0,0,1,3660000,38085000,0,1.2246467991473532e-16,-1.0,1,0,0,0
1,52.0,20,0,0,0,0,0,0,1,0,3007500,60000000,0,-0.5000000000000004,0.8660254037844384,1,0,0,0
1,31.0,4,-1,-1,-1,-1,1,-1,0,1,12150000,51127500,1,0.8660254037844386,0.5000000000000001,0,0,0,1
1,24.0,26,-1,-1,1,-1,1,1,0,1,14752500,377295000,1,0.8660254037844386,0.5000000000000001,0,0,0,1
0,35.0,4,-1,-1,-1,-1,1,-1,0,0,8325000,34102500,0,-0.4999999999999997,-0.8660254037844388,0,1,0,0
1,45.0,5,-1,1,-1,-1,1,1,0,1,7650000,45892500,1,-0.8660254037844386,0.5000000000000001,0,1,0,0
0,43.0,4,-1,1,-1,-1,1,-1,0,1,13747500,54810000,1,-1.0,-1.8369701987210297e-16,0,0,0,1
1,55.0,29,-1,-1,-1,-1,-1,1,0,1,12645000,353662500,0,-0.4999999999999997,-0.8660254037844388,0,0,0,1
1,49.0,2,1,1,-1,-1,1,1,0,0,15030000,29775000,0,-0.8660254037844386,0.5000000000000001,0,0,0,1
0,52.0,29,0,0,0,0,0,0,1,0,2910000,83137500,0,0.49999999999999994,-0.8660254037844387,1,0,0,0
1,44.0,1,-1,-1,-1,-1,1,1,0,1,13627500,13627500,1,0.49999999999999994,-0.8660254037844387,0,0,0,1
1,23.0,1,-1,-1,-1,-1,-1,-1,0,0,10410000,10410000,1,-0.8660254037844385,-0.5000000000000004,0,0,0,1
0,38.0,8,-1,-1,1,-1,1,1,0,1,14167500,111442500,1,0.8660254037844386,0.5000000000000001,0,0,0,1
1,53.0,13,0,0,0,0,0,0,0,1,3060000,37747500,0,1.0,6.123233995736766e-17,1,0,0,0
0,39.0,59,1,1,-1,-1,1,-1,0,1,14212500,839647500,0,-0.5000000000000004,0.8660254037844384,0,0,0,1
0,46.0,1,0,0,0,0,0,0,0,1,3022500,3022500,1,-0.8660254037844385,-0.5000000000000004,1,0,0,0
1,36.0,50,-1,-1,-1,-1,1,1,0,1,14355000,722505000,1,0.0,1.0,0,0,0,1
1,28.0,18,-1,-1,-1,-1,-1,-1,0,1,6652500,115207500,0,0.49999999999999994,0.8660254037844387,0,1,0,0
0,39.0,17,1,1,-1,-1,1,1,0,0,11182500,182370000,0,0.0,1.0,0,0,1,0
1,44.0,47,-1,1,1,-1,1,1,1,0,11040000,528397500,0,0.0,1.0,0,0,1,0
0,32.0,26,-1,-1,-1,-1,-1,-1,0,1,11242500,275242500,1,0.8660254037844387,-0.4999999999999998,0,0,0,1
0,37.0,6,-1,-1,1,-1,1,1,0,1,7192500,45765000,1,0.0,1.0,0,1,0,0
1,29.0,19,-1,-1,-1,-1,-1,-1,0,0,7515000,136567500,0,0.49999999999999994,0.8660254037844387,0,0,1,0
0,53.0,3,-1,-1,-1,1,1,-1,0,1,9540000,23347500,1,0.49999999999999994,-0.8660254037844387,0,0,1,0
0,36.0,68,-1,1,1,-1,1,1,1,1,7950000,548437500,0,1.0,6.123233995736766e-17,0,1,0,0
0,57.0,2,0,0,0,0,0,0,0,0,2977500,7800000,0,-0.4999999999999997,-0.8660254037844388,1,0,0,0
1,58.0,7,-1,-1,-1,-1,-1,-1,1,1,3652500,22627500,0,-0.8660254037844386,0.5000000000000001,0,0,1,0
0,39.0,18,0,0,0,0,0,0,0,1,2932500,58387500,0,0.8660254037844387,-0.4999999999999998,1,0,0,0
0,28.0,71,0,0,0,0,0,0,1,0,3757500,281055000,0,-0.8660254037844385,-0.5000000000000004,1,0,0,0
1,18.0,13,1,1,-1,-1,-1,1,0,0,14070000,189150000,0,1.2246467991473532e-16,-1.0,0,0,0,1
1,22.0,3,-1,1,-1,1,-1,-1,0,1,5527500,16305000,1,-0.8660254037844386,0.5000000000000001,0,0,1,0
1,24.0,72,-1,1,1,-1,1,1,1,1,15562500,1101930000,0,0.8660254037844386,0.5000000000000001,0,0,0,1
1,57.0,66,-1,1,1,-1,1,1,1,1,8512500,556260000,0,-0.8660254037844385,-0.5000000000000004,0,0,1,0
1,41.0,24,0,0,0,0,0,0,1,1,3120000,70447500,0,0.8660254037844387,-0.4999999999999998,1,0,0,0
0,45.0,1,-1,-1,-1,-1,-1,-1,0,1,6615000,6615000,1,0.49999999999999994,0.8660254037844387,0,0,1,0
0,18.0,56,0,0,0,0,0,0,1,1,3667500,207877500,0,1.2246467991473532e-16,-1.0,1,0,0,0
0,26.0,22,0,0,0,0,0,0,1,0,3840000,82320000,0,-0.5000000000000004,0.8660254037844384,1,0,0,0
1,51.0,14,-1,-1,1,-1,1,1,0,1,7612500,106912500,1,-0.4999999999999997,-0.8660254037844388,0,0,1,0
0,43.0,61,-1,1,1,-1,1,1,1,1,15660000,960750000,1,-0.8660254037844386,0.5000000000000001,0,0,0,1
0,38.0,40,-1,1,-1,-1,1,-1,0,1,5895000,245610000,1,0.8660254037844387,-0.4999999999999998,0,0,1,0
0,47.0,42,1,1,1,-1,-1,-1,0,0,8947500,380482500,0,0.0,1.0,0,0,1,0
0,60.0,72,1,-1,1,1,1,1,1,1,12495000,906405000,0,-1.0,-1.8369701987210297e-16,0,0,1,0
0,37.0,12,-1,-1,-1,1,-1,-1,0,1,11932500,143737500,0,-0.4999999999999997,-0.8660254037844388,0,0,0,1
1,41.0,71,0,0,0,0,0,0,1,0,3667500,259597500,0,0.8660254037844386,0.5000000000000001,1,0,0,0
0,42.0,26,0,0,0,0,0,0,1,0,2880000,68940000,0,1.0,6.123233995736766e-17,1,0,0,0
0,69.0,7,1,-1,-1,-1,-1,-1,0,0,4470000,30292500,0,0.8660254037844386,0.5000000000000001,0,0,1,0
0,18.0,6,-1,-1,-1,-1,-1,-1,0,0,6825000,42780000,0,-0.5000000000000004,0.8660254037844384,0,0,1,0
0,48.0,58,1,1,1,-1,1,1,1,1,15967500,921877500,1,0.8660254037844386,0.5000000000000001,0,0,0,1
1,39.0,51,-1,1,-1,-1,-1,-1,0,1,4507500,229417500,0,0.8660254037844387,-0.4999999999999998,0,0,1,0
1,47.0,72,1,1,1,1,1,1,1,1,9847500,699675000,0,0.49999999999999994,0.8660254037844387,0,1,0,0
0,32.0,18,1,-1,-1,-1,1,1,0,1,14407500,261105000,1,-0.4999999999999997,-0.8660254037844388,0,0,0,1
0,39.0,7,-1,-1,-1,-1,-1,-1,0,1,11265000,82942500,1,-0.8660254037844385,-0.5000000000000004,0,0,0,1
0,49.0,47,1,1,-1,1,-1,1,1,0,11107500,524445000,0,-0.5000000000000004,0.8660254037844384,0,0,1,0
1,75.0,2,-1,-1,-1,-1,-1,-1,0,1,6705000,14055000,1,-1.0,-1.8369701987210297e-16,0,0,1,0
1,50.0,62,-1,1,1,1,1,1,1,1,16612500,1058002500,0,0.49999999999999994,0.8660254037844387,0,0,0,1
0,30.0,16,0,0,0,0,0,0,1,0,2955000,45232500,0,0.8660254037844387,-0.4999999999999998,1,0,0,0
1,35.0,6,-1,-1,-1,1,-1,-1,0,1,7425000,46905000,0,0.49999999999999994,0.8660254037844387,0,0,1,0
1,35.0,19,-1,-1,1,1,-1,-1,0,1,8250000,156975000,1,0.49999999999999994,0.8660254037844387,0,0,1,0
0,18.0,69,1,-1,1,-1,-1,1,1,1,6592500,444015000,0,0.49999999999999994,-0.8660254037844387,0,0,1,0
1,36.0,11,-1,-1,-1,-1,-1,-1,0,1,11152500,125130000,1,0.0,1.0,0,0,0,1
0,49.0,64,-1,1,1,1,1,1,0,1,16672500,1043010000,0,-0.8660254037844386,0.5000000000000001,0,0,0,1
0,25.0,39,1,-1,1,1,1,1,1,1,15705000,620227500,1,1.0,6.123233995736766e-17,0,0,0,1
0,53.0,15,1,-1,-1,-1,-1,-1,0,1,8355000,134970000,1,0.0,1.0,0,0,1,0
1,46.0,25,0,0,0,0,0,0,0,0,3090000,81225000,0,-0.4999999999999997,-0.8660254037844388,1,0,0,0
0,31.0,6,0,0,0,0,0,0,1,0,2947500,17527500,0,-0.8660254037844386,0.5000000000000001,1,0,0,0
1,38.0,66,1,1,1,1,1,1,1,0,17370000,1191322500,0,0.49999999999999994,-0.8660254037844387,0,0,0,1
0,59.0,61,-1,1,1,1,1,1,1,0,13297500,798187500,0,-0.8660254037844386,0.5000000000000001,0,0,1,0
0,49.0,43,1,1,-1,-1,1,-1,0,1,14175000,623520000,0,0.8660254037844387,-0.4999999999999998,0,0,0,1
0,40.0,12,0,0,0,0,0,0,0,0,3015000,33540000,0,-0.8660254037844385,-0.5000000000000004,1,0,0,0
1,37.0,23,-1,-1,-1,-1,-1,1,0,1,5197500,115267500,0,0.49999999999999994,-0.8660254037844387,0,0,1,0
1,41.0,71,-1,1,1,-1,1,1,0,1,7845000,564757500,0,0.49999999999999994,0.8660254037844387,0,0,1,0
0,34.0,34,-1,-1,-1,1,1,-1,0,0,9750000,323625000,0,0.49999999999999994,0.8660254037844387,0,0,1,0
0,18.0,5,0,0,0,0,0,0,0,0,2977500,16207500,1,0.8660254037844386,0.5000000000000001,1,0,0,0
0,65.0,41,-1,1,-1,1,-1,-1,1,0,5317500,208747500,0,-0.8660254037844385,-0.5000000000000004,0,1,0,0
0,42.0,72,0,0,0,0,0,0,1,0,2955000,206970000,0,0.8660254037844387,-0.4999999999999998,1,0,0,0
1,45.0,14,-1,-1,-1,-1,1,1,0,1,14340000,190995000,0,-0.8660254037844385,-0.5000000000000004,0,0,0,1
0,39.0,41,0,0,0,0,0,0,1,1,2977500,121567500,0,0.8660254037844387,-0.4999999999999998,1,0,0,0
0,31.0,23,1,-1,-1,-1,-1,-1,1,0,12277500,271627500,0,1.2246467991473532e-16,-1.0,0,0,0,1
1,38.0,71,1,1,1,1,1,1,1,0,16395000,1167427500,0,0.8660254037844387,-0.4999999999999998,0,0,0,1
0,21.0,1,-1,-1,-1,-1,-1,-1,0,1,10545000,10545000,1,-0.8660254037844386,0.5000000000000001,0,0,0,1
1,67.0,72,0,0,0,0,0,0,1,0,3810000,269565000,0,1.2246467991473532e-16,-1.0,1,0,0,0
1,25.0,6,-1,-1,-1,-1,-1,-1,0,1,10470000,56677500,0,-0.4999999999999997,-0.8660254037844388,0,0,0,1
1,28.0,23,0,0,0,0,0,0,1,1,3000000,66795000,0,0.49999999999999994,0.8660254037844387,1,0,0,0
1,35.0,10,-1,-1,-1,-1,-1,1,0,0,12832500,127762500,1,1.2246467991473532e-16,-1.0,0,0,0,1
0,55.0,72,1,1,1,1,1,1,1,1,16485000,1143630000,0,-1.0,-1.8369701987210297e-16,0,0,0,1
0,40.0,7,1,-1,-1,-1,-1,-1,0,1,7545000,53265000,0,-0.8660254037844386,0.5000000000000001,0,0,1,0
1,25.0,6,-1,-1,1,-1,1,1,0,0,14175000,86317500,1,-0.8660254037844385,-0.5000000000000004,0,0,0,1
1,55.0,9,-1,1,-1,1,1,1,0,1,15225000,136027500,0,-0.4999999999999997,-0.8660254037844388,0,0,0,1
0,49.0,12,-1,1,-1,-1,-1,1,0,1,13372500,158632500,0,0.8660254037844386,0.5000000000000001,0,0,0,1
0,46.0,1,0,0,0,0,0,0,0,1,2910000,2910000,0,-0.5000000000000004,0.8660254037844384,1,0,0,0
0,49.0,48,-1,1,-1,-1,-1,-1,1,0,4485000,208312500,0,-1.0,-1.8369701987210297e-16,0,0,1,0
1,69.0,20,-1,-1,-1,-1,1,-1,0,0,11820000,246195000,0,-0.4999999999999997,-0.8660254037844388,0,0,0,1
0,66.0,16,-1,-1,-1,-1,-1,1,0,1,12802500,206272500,1,-0.8660254037844386,0.5000000000000001,0,0,0,1
0,32.0,2,-1,-1,-1,-1,1,-1,0,1,11947500,22905000,1,0.0,1.0,0,0,0,1
0,59.0,10,0,0,0,0,0,0,1,1,2895000,27780000,0,0.0,1.0,1,0,0,0
0,45.0,2,-1,-1,-1,-1,-1,1,0,1,11940000,29257500,1,0.0,1.0,0,0,0,1
1,46.0,20,-1,1,-1,1,1,-1,0,0,14520000,274005000,0,-0.8660254037844385,-0.5000000000000004,0,0,0,1
1,20.0,20,0,0,0,0,0,0,1,0,3097500,62625000,0,-0.8660254037844386,0.5000000000000001,1,0,0,0
1,38.0,19,0,0,0,0,0,0,1,0,2970000,51675000,0,1.0,6.123233995736766e-17,1,0,0,0
1,30.0,19,1,-1,-1,-1,1,-1,0,1,13590000,249000000,1,-1.0,-1.8369701987210297e-16,0,0,0,1
1,50.0,22,1,1,-1,1,1,1,0,1,15690000,327082500,0,1.0,6.123233995736766e-17,0,0,0,1
0,53.0,35,-1,-1,-1,1,-1,-1,0,0,12007500,425385000,0,0.0,1.0,0,0,0,1
0,18.0,1,-1,-1,-1,-1,-1,-1,0,0,6772500,6772500,0,-1.0,-1.8369701987210297e-16,0,1,0,0
1,40.0,39,-1,-1,-1,-1,-1,-1,0,1,10972500,409627500,0,1.2246467991473532e-16,-1.0,0,0,0,1
0,53.0,54,-1,-1,1,1,1,1,1,1,14865000,815565000,0,0.8660254037844387,-0.4999999999999998,0,0,0,1
0,38.0,1,0,0,0,0,0,0,0,1,3030000,3030000,1,0.49999999999999994,-0.8660254037844387,1,0,0,0
1,49.0,66,1,-1,1,-1,1,1,1,1,15907500,1047202500,1,1.2246467991473532e-16,-1.0,0,0,0,1
1,44.0,56,1,-1,-1,1,1,1,0,1,15802500,869167500,0,0.8660254037844386,0.5000000000000001,0,0,0,1
1,44.0,18,-1,-1,-1,-1,-1,-1,0,1,6847500,112080000,0,0.49999999999999994,-0.8660254037844387,0,0,1,0
0,37.0,16,-1,1,-1,-1,-1,-1,0,1,11992500,190192500,0,-0.5000000000000004,0.8660254037844384,0,0,0,1
0,25.0,68,1,-1,1,-1,-1,-1,1,1,8167500,551242500,0,-0.5000000000000004,0.8660254037844384,0,0,1,0
0,27.0,53,0,0,0,0,0,0,1,0,3765000,191340000,0,-0.5000000000000004,0.8660254037844384,1,0,0,0
0,49.0,72,1,-1,1,1,1,1,1,0,12705000,884085000,0,0.49999999999999994,0.8660254037844387,0,0,1,0
1,40.0,9,-1,-1,-1,-1,-1,-1,0,1,11377500,108697500,0,0.0,1.0,0,0,0,1
0,38.0,30,1,-1,-1,-1,-1,-1,0,1,7320000,230512500,0,-0.8660254037844386,0.5000000000000001,0,0,1,0
0,35.0,36,-1,1,-1,-1,1,1,0,1,14872500,542340000,1,1.0,6.123233995736766e-17,0,0,0,1
0,36.0,18,-1,-1,1,1,-1,-1,0,1,5280000,91095000,0,-0.5000000000000004,0.8660254037844384,0,0,1,0
0,53.0,55,1,-1,1,1,1,-1,1,0,11437500,623182500,0,0.8660254037844387,-0.4999999999999998,0,1,0,0
0,36.0,39,1,-1,1,-1,1,1,0,0,8385000,327652500,1,0.8660254037844387,-0.4999999999999998,0,1,0,0
1,24.0,21,-1,1,-1,-1,-1,-1,0,1,12352500,277927500,1,-0.4999999999999997,-0.8660254037844388,0,0,0,1
1,49.0,2,-1,1,1,1,-1,-1,0,1,6060000,11572500,1,-0.4999999999999997,-0.8660254037844388,0,1,0,0
1,38.0,33,0,0,0,0,0,0,1,1,3735000,127170000,0,0.8660254037844387,-0.4999999999999998,1,0,0,0
1,40.0,44,-1,1,1,-1,1,1,1,0,8145000,358567500,0,0.8660254037844386,0.5000000000000001,0,1,0,0
0,59.0,30,1,-1,-1,1,-1,1,0,0,9945000,288525000,0,-0.5000000000000004,0.8660254037844384,0,0,1,0
0,40.0,71,0,0,0,0,0,0,1,1,3135000,223980000,0,1.2246467991473532e-16,-1.0,1,0,0,0
0,43.0,4,-1,-1,-1,-1,-1,-1,0,0,11302500,50715000,1,0.49999999999999994,0.8660254037844387,0,0,0,1
1,26.0,35,-1,-1,1,-1,1,-1,1,1,12772500,454590000,1,0.49999999999999994,0.8660254037844387,0,0,0,1
1,37.0,1,-1,-1,1,-1,-1,-1,0,0,11302500,11302500,0,0.8660254037844387,-0.4999999999999998,0,0,0,1
1,47.0,23,-1,1,1,-1,1,1,0,1,15667500,327727500,0,-0.4999999999999997,-0.8660254037844388,0,0,0,1
0,21.0,22,-1,-1,1,-1,1,1,1,1,7417500,154710000,0,-0.4999999999999997,-0.8660254037844388,0,0,1,0
0,42.0,49,0,0,0,0,0,0,1,0,2917500,138195000,0,0.0,1.0,1,0,0,0
0,41.0,42,-1,-1,1,-1,1,1,0,1,13822500,581310000,0,-0.8660254037844385,-0.5000000000000004,0,0,0,1
0,40.0,33,-1,-1,1,-1,1,1,1,1,14070000,468675000,1,0.0,1.0,0,0,0,1
0,52.0,7,0,0,0,0,0,0,1,0,2977500,21622500,0,0.49999999999999994,-0.8660254037844387,1,0,0,0
0,44.0,67,1,-1,1,1,-1,1,1,1,15037500,1003350000,0,-0.8660254037844385,-0.5000000000000004,0,0,0,1
1,58.0,15,-1,1,-1,1,-1,1,0,0,14355000,217665000,0,1.2246467991473532e-16,-1.0,0,0,0,1
1,28.0,67,-1,1,1,-1,-1,1,1,1,13972500,955230000,0,0.49999999999999994,0.8660254037844387,0,0,0,1
1,42.0,53,1,1,-1,1,1,-1,1,1,10455000,559440000,0,-0.4999999999999997,-0.8660254037844388,0,0,1,0
1,41.0,21,0,0,0,0,0,0,1,0,2970000,52515000,0,-0.5000000000000004,0.8660254037844384,1,0,0,0
0,27.0,40,1,1,-1,1,-1,1,0,1,10702500,427080000,0,1.2246467991473532e-16,-1.0,0,0,1,0
0,51.0,22,0,0,0,0,0,0,1,0,3112500,67852500,0,0.49999999999999994,-0.8660254037844387,1,0,0,0
1,68.0,39,-1,-1,-1,1,-1,1,0,1,6090000,224175000,0,0.8660254037844386,0.5000000000000001,0,0,1,0
1,40.0,45,0,0,0,0,0,0,1,1,3060000,139567500,1,0.49999999999999994,0.8660254037844387,1,0,0,0
0,46.0,2,0,0,0,0,0,0,0,0,3052500,6277500,0,-0.5000000000000004,0.8660254037844384,1,0,0,0
0,41.0,57,0,0,0,0,0,0,1,0,2962500,190807500,0,0.8660254037844386,0.5000000000000001,1,0,0,0
1,31.0,8,-1,-1,-1,-1,1,-1,0,1,8160000,71265000,0,0.0,1.0,0,1,0,0
1,18.0,7,1,1,-1,-1,-1,1,0,1,14205000,100965000,1,0.49999999999999994,-0.8660254037844387,0,0,0,1
1,32.0,6,-1,1,-1,-1,-1,-1,0,1,4575000,31305000,1,-0.8660254037844385,-0.5000000000000004,0,0,1,0
0,23.0,7,0,0,0,0,0,0,0,0,3067500,22612500,0,-1.0,-1.8369701987210297e-16,1,0,0,0
1,60.0,49,-1,-1,-1,1,1,-1,1,1,9922500,479850000,0,-1.0,-1.8369701987210297e-16,0,1,0,0
0,39.0,65,1,1,-1,1,-1,-1,1,1,13477500,876697500,0,0.0,1.0,0,0,0,1
0,36.0,55,-1,-1,-1,-1,-1,-1,1,0,6757500,369390000,0,-0.5000000000000004,0.8660254037844384,0,0,1,0
1,51.0,71,1,1,1,1,1,1,1,0,13027500,939570000,0,0.49999999999999994,0.8660254037844387,0,1,0,0
1,27.0,35,1,1,1,1,-1,-1,0,1,14512500,510510000,0,-0.8660254037844386,0.5000000000000001,0,0,0,1
1,31.0,3,-1,-1,-1,-1,-1,-1,0,1,11550000,35662500,1,0.8660254037844387,-0.4999999999999998,0,0,0,1
0,41.0,11,0,0,0,0,0,0,0,0,3015000,33202500,1,-0.4999999999999997,-0.8660254037844388,1,0,0,0
0,52.0,1,-1,-1,1,-1,-1,-1,0,0,11295000,11295000,1,0.8660254037844387,-0.4999999999999998,0,0,0,1
1,46.0,17,1,1,1,1,1,-1,0,1,15997500,250815000,0,0.49999999999999994,-0.8660254037844387,0,0,0,1
0,43.0,72,1,-1,1,1,1,1,1,1,16522500,1182180000,0,0.8660254037844387,-0.4999999999999998,0,0,0,1
0,41.0,28,1,-1,-1,-1,-1,1,1,1,12427500,348120000,0,-0.8660254037844386,0.5000000000000001,0,0,0,1
0,45.0,18,0,0,0,0,0,0,1,0,3015000,55575000,0,0.49999999999999994,0.8660254037844387,1,0,0,0
0,42.0,40,-1,1,-1,1,1,1,1,1,14880000,609330000,1,0.49999999999999994,0.8660254037844387,0,0,0,1
0,28.0,52,-1,-1,1,-1,-1,1,0,1,8917500,456555000,0,1.2246467991473532e-16,-1.0,0,1,0,0
0,41.0,47,-1,1,-1,-1,1,-1,0,1,8790000,408510000,0,-0.4999999999999997,-0.8660254037844388,0,0,1,0
0,27.0,23,-1,-1,1,-1,-1,-1,0,0,7455000,162187500,0,-0.8660254037844385,-0.5000000000000004,0,0,1,0
1,41.0,66,1,1,1,1,-1,-1,1,0,9877500,614557500,0,0.49999999999999994,-0.8660254037844387,0,1,0,0
0,34.0,8,-1,-1,-1,-1,-1,-1,0,1,11025000,94830000,0,-1.0,-1.8369701987210297e-16,0,0,0,1
1,70.0,47,1,-1,-1,-1,-1,1,0,0,12825000,606345000,1,-0.5000000000000004,0.8660254037844384,0,0,0,1
0,40.0,7,0,0,0,0,0,0,0,0,3007500,24727500,1,0.8660254037844386,0.5000000000000001,1,0,0,0
0,23.0,71,1,1,1,1,1,1,1,0,17047500,1225020000,0,0.49999999999999994,0.8660254037844387,0,0,0,1
0,38.0,50,1,1,-1,-1,-1,-1,0,1,12510000,617055000,0,0.8660254037844386,0.5000000000000001,0,0,0,1
1,46.0,46,1,1,1,1,-1,-1,1,0,9847500,457072500,0,0.49999999999999994,-0.8660254037844387,0,0,1,0
1,60.0,1,-1,-1,-1,-1,-1,-1,0,0,10560000,10560000,1,-1.0,-1.8369701987210297e-16,0,0,0,1
0,33.0,66,1,-1,1,1,1,1,1,1,9202500,629010000,0,0.0,1.0,0,0,1,0
0,21.0,42,-1,-1,1,1,-1,-1,0,1,12885000,559462500,0,-1.0,-1.8369701987210297e-16,0,0,0,1
0,50.0,5,-1,-1,-1,1,-1,-1,0,1,11347500,59917500,0,-0.8660254037844385,-0.5000000000000004,0,0,0,1
1,23.0,7,1,-1,-1,-1,-1,-1,1,1,7462500,49695000,1,0.49999999999999994,-0.8660254037844387,0,0,1,0
1,35.0,29,-1,1,1,-1,-1,1,1,0,10635000,294690000,0,0.49999999999999994,-0.8660254037844387,0,1,0,0
0,37.0,27,-1,1,-1,-1,-1,-1,0,0,7477500,200422500,0,-0.5000000000000004,0.8660254037844384,0,0,1,0
0,39.0,15,-1,1,-1,-1,-1,-1,0,1,11295000,172117500,1,0.49999999999999994,0.8660254037844387,0,0,0,1
0,48.0,25,0,0,0,0,0,0,1,0,3015000,72907500,0,-0.5000000000000004,0.8660254037844384,1,0,0,0
0,32.0,11,-1,-1,-1,-1,1,1,0,1,14100000,161835000,1,-0.8660254037844386,0.5000000000000001,0,0,0,1
1,37.0,57,1,1,1,1,1,-1,0,1,15457500,888862500,0,-0.8660254037844385,-0.5000000000000004,0,0,0,1
1,40.0,67,1,1,1,1,1,1,1,1,17752500,1170622500,1,-0.8660254037844385,-0.5000000000000004,0,0,0,1
0,42.0,47,-1,-1,1,-1,1,1,0,0,14955000,712080000,0,-1.0,-1.8369701987210297e-16,0,0,0,1
0,41.0,13,-1,-1,-1,-1,1,-1,0,1,12285000,154335000,0,-0.5000000000000004,0.8660254037844384,0,0,0,1
1,45.0,8,1,-1,-1,-1,-1,-1,0,1,4567500,33967500,1,1.0,6.123233995736766e-17,0,1,0,0
0,50.0,44,-1,-1,-1,-1,1,1,0,1,14415000,654615000,1,0.0,1.0,0,0,0,1
1,45.0,71,1,-1,-1,-1,1,-1,1,1,9930000,703882500,0,-1.0,-1.8369701987210297e-16,0,1,0,0
1,45.0,24,-1,1,1,-1,1,1,0,1,15637500,365085000,1,0.8660254037844387,-0.4999999999999998,0,0,0,1
1,21.0,15,-1,1,-1,-1,-1,-1,0,1,12030000,182587500,1,-0.4999999999999997,-0.8660254037844388,0,0,0,1
0,41.0,1,0,0,0,0,0,0,0,0,2962500,2962500,0,-0.4999999999999997,-0.8660254037844388,1,0,0,0
1,46.0,2,-1,-1,-1,-1,-1,-1,0,1,10890000,23145000,0,0.8660254037844386,0.5000000000000001,0,0,0,1
1,49.0,55,1,1,1,1,1,1,0,1,17475000,957382500,0,0.8660254037844387,-0.4999999999999998,0,0,0,1
1,32.0,71,-1,1,-1,1,1,1,1,1,16020000,1143480000,0,0.49999999999999994,0.8660254037844387,0,0,0,1
1,32.0,50,0,0,0,0,0,0,1,0,3742500,189217500,0,0.8660254037844387,-0.4999999999999998,1,0,0,0
1,33.0,1,-1,-1,-1,-1,1,1,0,1,13387500,13387500,0,0.49999999999999994,-0.8660254037844387,0,0,0,1
1,46.0,5,0,0,0,0,0,0,0,1,2887500,12907500,0,-1.0,-1.8369701987210297e-16,1,0,0,0
0,52.0,66,1,1,1,1,1,-1,1,1,15682500,1016857500,0,1.0,6.123233995736766e-17,0,0,0,1
0,35.0,49,1,1,1,1,1,1,1,1,13080000,651750000,0,-0.8660254037844385,-0.5000000000000004,0,1,0,0
0,51.0,3,-1,1,-1,-1,-1,-1,0,1,4612500,12427500,0,-0.8660254037844385,-0.5000000000000004,0,1,0,0
1,41.0,66,0,0,0,0,0,0,1,1,3855000,257182500,0,-0.8660254037844386,0.5000000000000001,1,0,0,0
1,39.0,11,-1,-1,-1,-1,-1,1,0,0,12930000,133980000,0,0.0,1.0,0,0,0,1
1,37.0,28,-1,-1,-1,1,-1,-1,0,1,4515000,121627500,0,-0.5000000000000004,0.8660254037844384,0,1,0,0
1,49.0,65,1,1,1,-1,1,-1,1,1,14902500,952132500,0,-0.8660254037844385,-0.5000000000000004,0,0,0,1
0,44.0,62,0,0,0,0,0,0,1,1,2880000,168547500,0,0.8660254037844387,-0.4999999999999998,1,0,0,0
0,67.0,2,0,0,0,0,0,0,0,0,3015000,6472500,0,-0.8660254037844386,0.5000000000000001,1,0,0,0
0,30.0,2,0,0,0,0,0,0,0,0,3052500,5265000,0,0.8660254037844386,0.5000000000000001,1,0,0,0
0,46.0,55,0,0,0,0,0,0,1,1,3847500,208200000,0,1.0,6.123233995736766e-17,1,0,0,0
1,34.0,41,-1,1,-1,-1,1,1,0,1,14182500,577717500,0,0.0,1.0,0,0,0,1
0,30.0,17,1,-1,1,-1,1,1,0,1,15630000,261525000,1,0.49999999999999994,-0.8660254037844387,0,0,0,1
0,40.0,30,-1,-1,-1,1,1,1,1,1,14160000,395715000,0,0.0,1.0,0,0,0,1
1,42.0,17,1,1,-1,-1,-1,-1,1,0,8415000,142042500,0,0.8660254037844387,-0.4999999999999998,0,0,1,0
0,75.0,16,1,1,-1,1,-1,1,1,0,10237500,167227500,0,0.8660254037844387,-0.4999999999999998,0,0,1,0
1,38.0,72,0,0,0,0,0,0,1,0,3712500,266640000,0,-0.4999999999999997,-0.8660254037844388,1,0,0,0
1,26.0,9,-1,-1,-1,-1,-1,-1,0,1,11437500,102727500,0,0.49999999999999994,-0.8660254037844387,0,0,0,1
0,43.0,1,-1,1,-1,-1,-1,-1,0,0,11152500,11152500,0,1.2246467991473532e-16,-1.0,0,0,0,1
1,18.0,23,-1,1,-1,1,-1,-1,0,0,8122500,196867500,0,-0.5000000000000004,0.8660254037844384,0,0,1,0
1,39.0,8,0,0,0,0,0,0,0,0,2917500,23880000,0,-1.0,-1.8369701987210297e-16,1,0,0,0
1,40.0,19,1,1,-1,-1,-1,-1,0,1,5242500,91530000,0,-0.4999999999999997,-0.8660254037844388,0,0,1,0
0,50.0,7,1,-1,-1,-1,-1,-1,0,1,8047500,60652500,0,0.8660254037844387,-0.4999999999999998,0,0,1,0
1,52.0,1,-1,-1,-1,-1,-1,-1,0,1,10447500,10447500,1,-1.0,-1.8369701987210297e-16,0,0,0,1
1,34.0,61,1,-1,1,-1,1,1,1,0,15600000,954517500,0,0.8660254037844387,-0.4999999999999998,0,0,0,1
0,38.0,57,1,1,-1,1,1,-1,1,1,10552500,618697500,0,0.49999999999999994,-0.8660254037844387,0,1,0,0
1,31.0,9,-1,-1,-1,-1,-1,1,0,1,12120000,106965000,1,-0.8660254037844386,0.5000000000000001,0,0,0,1
1,26.0,15,1,-1,1,-1,-1,1,1,0,9727500,142612500,0,-0.4999999999999997,-0.8660254037844388,0,0,1,0
0,44.0,1,0,0,0,0,0,0,0,0,2947500,2947500,0,0.0,1.0,1,0,0,0
0,25.0,12,-1,-1,-1,-1,-1,-1,0,0,6885000,75892500,0,-0.4999999999999997,-0.8660254037844388,0,1,0,0
1,35.0,54,0,0,0,0,0,0,1,0,3000000,172447500,0,0.0,1.0,1,0,0,0
1,28.0,4,-1,-1,-1,-1,-1,-1,0,0,6720000,25447500,0,-0.8660254037844385,-0.5000000000000004,0,1,0,0
0,47.0,7,-1,-1,-1,-1,1,-1,0,1,12045000,79005000,1,0.8660254037844387,-0.4999999999999998,0,0,0,1
0,62.0,20,0,0,0,0,0,0,1,0,3052500,58972500,0,0.49999999999999994,-0.8660254037844387,1,0,0,0
0,24.0,26,1,-1,-1,1,-1,1,0,0,6870000,172050000,0,0.8660254037844386,0.5000000000000001,0,1,0,0
1,18.0,36,-1,-1,-1,-1,-1,1,0,1,12615000,453240000,1,-0.8660254037844386,0.5000000000000001,0,0,0,1
0,39.0,53,-1,1,1,1,1,1,1,1,16342500,857730000,0,0.49999999999999994,0.8660254037844387,0,0,0,1
1,40.0,3,-1,-1,-1,1,1,1,0,1,10402500,28702500,1,0.49999999999999994,0.8660254037844387,0,1,0,0
0,43.0,68,1,1,1,1,1,1,1,0,9652500,680940000,0,0.0,1.0,0,0,1,0
1,35.0,72,1,1,1,1,1,1,1,1,13620000,959640000,0,0.8660254037844386,0.5000000000000001,0,1,0,0
1,38.0,12,0,0,0,0,0,0,1,0,3742500,42060000,0,-1.0,-1.8369701987210297e-16,1,0,0,0
0,44.0,34,-1,1,-1,-1,-1,-1,0,1,11940000,407745000,1,0.8660254037844387,-0.4999999999999998,0,0,0,1
0,52.0,68,1,1,-1,-1,-1,-1,1,1,12705000,856657500,0,1.2246467991473532e-16,-1.0,0,0,0,1
0,18.0,50,1,-1,1,1,1,-1,1,1,10620000,521722500,0,0.49999999999999994,0.8660254037844387,0,0,1,0
0,36.0,1,-1,-1,-1,-1,1,-1,0,1,5467500,5467500,1,0.8660254037844387,-0.4999999999999998,0,0,1,0
0,43.0,41,-1,1,1,-1,1,1,0,1,15660000,620092500,0,0.49999999999999994,-0.8660254037844387,0,0,0,1
1,29.0,30,-1,-1,-1,1,1,1,0,1,15225000,437647500,0,-0.8660254037844385,-0.5000000000000004,0,0,0,1
1,61.0,1,-1,1,-1,-1,-1,-1,0,0,8145000,8145000,0,0.49999999999999994,0.8660254037844387,0,1,0,0
1,32.0,29,-1,-1,1,-1,1,1,0,1,15592500,444720000,0,1.0,6.123233995736766e-17,0,0,0,1
0,40.0,23,1,1,1,1,1,1,1,1,13665000,329745000,0,1.0,6.123233995736766e-17,0,0,1,0
1,47.0,60,0,0,0,0,0,0,1,0,2992500,178485000,0,0.49999999999999994,0.8660254037844387,1,0,0,0
0,33.0,72,0,0,0,0,0,0,1,0,3967500,287175000,0,-0.5000000000000004,0.8660254037844384,1,0,0,0
1,18.0,22,-1,1,1,-1,1,-1,0,1,13410000,300225000,1,0.49999999999999994,0.8660254037844387,0,0,0,1
1,35.0,72,1,1,1,1,1,-1,1,1,11265000,800452500,0,-1.0,-1.8369701987210297e-16,0,0,1,0
0,52.0,66,-1,1,1,-1,1,1,1,0,16215000,1085790000,0,-0.8660254037844385,-0.5000000000000004,0,0,0,1
0,36.0,72,-1,1,1,1,1,1,1,1,16522500,1199820000,0,0.0,1.0,0,0,0,1
0,30.0,47,1,-1,-1,-1,-1,-1,0,0,12052500,573877500,1,-0.4999999999999997,-0.8660254037844388,0,0,0,1
0,51.0,51,-1,1,1,1,1,1,1,1,16725000,855487500,0,0.49999999999999994,0.8660254037844387,0,0,0,1
0,36.0,70,-1,1,1,-1,1,1,1,1,15975000,1109550000,0,1.0,6.123233995736766e-17,0,0,0,1
1,34.0,9,0,0,0,0,0,0,1,1,2985000,24690000,0,0.49999999999999994,-0.8660254037844387,1,0,0,0
1,42.0,59,1,1,-1,1,1,1,1,1,16665000,983280000,0,-0.8660254037844385,-0.5000000000000004,0,0,0,1
1,49.0,3,-1,-1,-1,1,1,1,0,0,10605000,33847500,0,0.49999999999999994,-0.8660254037844387,0,1,0,0
1,69.0,38,-1,-1,-1,-1,-1,-1,0,1,3727500,143362500,0,1.2246467991473532e-16,-1.0,0,0,1,0
0,50.0,37,1,1,1,-1,-1,-1,0,0,13680000,507345000,0,1.0,6.123233995736766e-17,0,0,0,1
1,54.0,37,1,1,1,1,-1,-1,1,0,9840000,347070000,0,0.8660254037844387,-0.4999999999999998,0,1,0,0
0,34.0,24,-1,-1,1,-1,-1,1,0,1,6097500,139995000,1,1.2246467991473532e-16,-1.0,0,0,1,0
0,28.0,14,1,1,-1,1,-1,-1,0,0,8917500,117127500,0,0.49999999999999994,0.8660254037844387,0,0,1,0
1,41.0,72,1,1,-1,1,1,1,1,1,16492500,1177860000,0,0.8660254037844386,0.5000000000000001,0,0,0,1
1,41.0,53,-1,1,1,1,1,1,1,1,9067500,477637500,1,1.0,6.123233995736766e-17,0,1,0,0
0,27.0,8,-1,-1,-1,-1,-1,1,0,1,12735000,114742500,1,-0.4999999999999997,-0.8660254037844388,0,0,0,1
1,38.0,72,1,1,1,-1,-1,-1,1,0,5775000,414450000,0,0.8660254037844387,-0.4999999999999998,0,0,1,0
0,45.0,17,-1,-1,-1,-1,1,1,0,1,13882500,242205000,0,1.2246467991473532e-16,-1.0,0,0,0,1
0,44.0,2,-1,1,-1,-1,-1,-1,0,1,11032500,21810000,1,0.49999999999999994,0.8660254037844387,0,0,0,1
0,46.0,8,0,0,0,0,0,0,0,0,3022500,23437500,1,-1.0,-1.8369701987210297e-16,1,0,0,0
0,43.0,48,-1,1,1,-1,-1,-1,1,0,5205000,240675000,1,0.49999999999999994,0.8660254037844387,0,0,1,0
0,34.0,10,0,0,0,0,0,0,0,1,3675000,40522500,0,0.8660254037844386,0.5000000000000001,1,0,0,0
1,34.0,0,0,0,0,0,0,0,1,1,2955000,0,0,0.49999999999999994,-0.8660254037844387,1,0,0,0
1,26.0,1,0,0,0,0,0,0,0,0,3090000,3090000,0,1.0,6.123233995736766e-17,1,0,0,0
0,61.0,29,1,-1,1,1,-1,-1,1,0,8700000,260175000,0,0.49999999999999994,0.8660254037844387,0,1,0,0
0,40.0,65,-1,1,1,-1,1,1,1,1,16117500,1057125000,0,0.8660254037844386,0.5000000000000001,0,0,0,1
0,37.0,8,1,1,1,-1,-1,-1,0,1,9825000,85972500,0,0.0,1.0,0,1,0,0
1,29.0,61,0,0,0,0,0,0,1,0,3817500,230790000,0,0.8660254037844387,-0.4999999999999998,1,0,0,0
0,75.0,45,-1,-1,1,-1,1,1,1,1,15022500,668970000,0,0.49999999999999994,-0.8660254037844387,0,0,0,1
1,27.0,72,-1,1,1,-1,1,1,1,1,15667500,1118850000,0,-0.8660254037844385,-0.5000000000000004,0,0,0,1
1,35.0,12,0,0,0,0,0,0,0,1,3172500,45907500,0,0.8660254037844387,-0.4999999999999998,1,0,0,0
1,45.0,7,-1,-1,-1,-1,1,1,0,0,14430000,95955000,0,-1.0,-1.8369701987210297e-16,0,0,0,1
1,47.0,9,-1,-1,-1,-1,-1,-1,0,1,6660000,52222500,0,-1.0,-1.8369701987210297e-16,0,0,1,0
0,51.0,43,-1,-1,1,1,1,1,1,1,16132500,680085000,1,-0.4999999999999997,-0.8660254037844388,0,0,0,1
1,62.0,58,-1,-1,1,1,-1,1,1,0,14152500,834547500,0,1.2246467991473532e-16,-1.0,0,0,0,1
1,46.0,16,-1,-1,1,-1,1,1,0,1,14812500,238132500,1,-0.8660254037844386,0.5000000000000001,0,0,0,1
1,27.0,2,0,0,0,0,0,0,0,0,3045000,6037500,0,0.49999999999999994,0.8660254037844387,1,0,0,0
0,37.0,8,-1,1,1,-1,1,1,0,0,15172500,126435000,1,1.2246467991473532e-16,-1.0,0,0,0,1
0,44.0,40,1,-1,1,-1,1,1,1,0,15862500,634282500,0,1.0,6.123233995736766e-17,0,0,0,1
1,65.0,9,1,-1,-1,-1,-1,-1,0,1,12172500,117667500,0,-0.5000000000000004,0.8660254037844384,0,0,0,1
1,23.0,41,-1,1,-1,1,1,-1,1,1,13432500,559462500,0,-1.0,-1.8369701987210297e-16,0,0,0,1
0,54.0,26,-1,1,1,-1,-1,-1,0,1,8212500,211035000,0,0.49999999999999994,0.8660254037844387,0,1,0,0
0,42.0,33,-1,1,-1,1,-1,-1,1,1,8062500,278595000,0,0.8660254037844387,-0.4999999999999998,0,0,1,0
1,50.0,68,-1,1,1,1,1,1,1,0,15862500,1098375000,0,-0.5000000000000004,0.8660254037844384,0,0,0,1
0,39.0,65,-1,1,1,1,1,1,1,1,15877500,1008825000,0,-0.8660254037844386,0.5000000000000001,0,0,0,1
1,30.0,55,-1,1,-1,1,-1,1,1,1,9630000,544095000,0,0.49999999999999994,-0.8660254037844387,0,0,1,0
1,49.0,20,-1,-1,1,-1,1,-1,0,1,13305000,264217500,1,-1.0,-1.8369701987210297e-16,0,0,0,1
1,48.0,19,-1,-1,-1,1,-1,1,1,1,13155000,258892500,0,0.49999999999999994,0.8660254037844387,0,0,0,1
0,52.0,45,-1,-1,1,-1,-1,1,0,1,13395000,628822500,0,0.49999999999999994,0.8660254037844387,0,0,0,1
0,40.0,70,0,0,0,0,0,0,1,1,3022500,211680000,0,0.49999999999999994,0.8660254037844387,1,0,0,0
0,33.0,2,-1,-1,-1,-1,1,-1,0,1,11962500,24675000,1,0.49999999999999994,-0.8660254037844387,0,0,0,1
0,21.0,27,-1,-1,-1,-1,1,1,0,1,14182500,408690000,1,0.49999999999999994,-0.8660254037844387,0,0,0,1
0,50.0,12,0,0,0,0,0,0,1,1,3007500,39682500,0,-0.8660254037844385,-0.5000000000000004,1,0,0,0
1,45.0,72,1,1,1,1,1,1,1,0,10080000,700755000,0,0.8660254037844386,0.5000000000000001,0,0,1,0
1,28.0,12,-1,-1,-1,-1,1,1,0,0,14182500,176032500,0,-0.5000000000000004,0.8660254037844384,0,0,0,1
0,34.0,5,-1,-1,-1,-1,-1,-1,0,1,10357500,47775000,1,1.0,6.123233995736766e-17,0,0,0,1
1,34.0,71,1,1,1,-1,1,1,0,1,16125000,1157032500,0,0.8660254037844386,0.5000000000000001,0,0,0,1
1,22.0,35,-1,-1,1,1,1,1,1,1,10950000,370687500,0,1.0,6.123233995736766e-17,0,0,1,0
1,30.0,70,1,1,1,1,1,1,1,0,17212500,1176345000,0,0.8660254037844387,-0.4999999999999998,0,0,0,1
0,26.0,31,-1,-1,-1,-1,-1,-1,0,1,11407500,334170000,0,0.8660254037844386,0.5000000000000001,0,0,0,1
1,35.0,52,-1,-1,1,1,-1,1,1,1,14437500,748537500,1,-0.5000000000000004,0.8660254037844384,0,0,0,1
1,31.0,37,-1,-1,1,-1,1,1,0,1,15165000,561607500,1,-1.0,-1.8369701987210297e-16,0,0,0,1
1,20.0,69,-1,1,-1,1,1,1,1,1,15705000,1083052500,1,0.49999999999999994,0.8660254037844387,0,0,0,1
1,64.0,30,-1,-1,-1,-1,-1,-1,0,0,11685000,352717500,0,0.0,1.0,0,0,0,1
0,55.0,33,1,-1,-1,-1,-1,1,0,1,13597500,448440000,0,0.49999999999999994,-0.8660254037844387,0,0,0,1
1,31.0,54,-1,1,1,1,1,1,1,1,16567500,911662500,0,-1.0,-1.8369701987210297e-16,0,0,0,1
0,43.0,59,1,-1,-1,1,-1,1,1,0,10305000,610642500,0,-0.4999999999999997,-0.8660254037844388,0,0,1,0
1,45.0,55,1,1,-1,-1,1,-1,0,1,6727500,371857500,0,0.49999999999999994,0.8660254037844387,0,0,1,0
1,54.0,69,-1,-1,1,-1,-1,-1,1,1,4470000,320145000,0,0.49999999999999994,0.8660254037844387,0,1,0,0
0,30.0,66,-1,1,-1,-1,1,-1,1,1,13335000,900015000,0,1.2246467991473532e-16,-1.0,0,0,0,1
1,53.0,37,1,-1,1,1,-1,-1,1,1,8812500,330465000,0,-0.8660254037844385,-0.5000000000000004,0,0,1,0
1,33.0,9,0,0,0,0,0,0,1,0,2977500,27472500,0,0.8660254037844387,-0.4999999999999998,1,0,0,0
1,24.0,69,1,-1,1,1,1,1,1,0,13035000,929115000,0,0.8660254037844387,-0.4999999999999998,0,1,0,0
1,49.0,10,-1,1,-1,-1,1,-1,0,1,8947500,95842500,0,0.49999999999999994,-0.8660254037844387,0,0,1,0
1,55.0,40,1,1,-1,-1,-1,-1,0,1,8287500,320880000,1,-0.8660254037844386,0.5000000000000001,0,0,1,0
1,71.0,13,-1,-1,-1,-1,1,1,0,0,9960000,124762500,0,0.49999999999999994,-0.8660254037844387,0,0,1,0
0,26.0,6,-1,1,-1,-1,1,-1,0,1,13515000,78195000,1,1.2246467991473532e-16,-1.0,0,0,0,1
0,48.0,69,0,0,0,0,0,0,1,0,3022500,200625000,0,-0.8660254037844385,-0.5000000000000004,1,0,0,0
0,35.0,66,-1,1,1,1,1,1,1,1,16215000,1077292500,0,0.8660254037844386,0.5000000000000001,0,0,0,1
1,49.0,11,-1,-1,1,-1,-1,-1,0,0,8062500,91200000,1,0.8660254037844386,0.5000000000000001,0,0,1,0
1,22.0,46,1,-1,1,1,-1,-1,1,0,8535000,384015000,0,1.2246467991473532e-16,-1.0,0,0,1,0
0,25.0,6,-1,-1,-1,-1,1,1,0,0,13395000,86640000,1,-0.8660254037844386,0.5000000000000001,0,0,0,1
0,31.0,56,1,-1,1,1,1,1,0,1,16440000,892950000,0,0.0,1.0,0,0,0,1
1,41.0,70,0,0,0,0,0,0,1,0,3772500,268522500,0,0.8660254037844387,-0.4999999999999998,1,0,0,0
0,32.0,33,-1,-1,1,1,1,1,1,1,11872500,379710000,0,0.8660254037844386,0.5000000000000001,0,0,1,0
0,48.0,72,1,1,-1,1,-1,-1,1,0,10012500,714045000,0,1.2246467991473532e-16,-1.0,0,0,1,0
0,52.0,3,-1,-1,-1,-1,1,1,0,1,14280000,43927500,1,-0.8660254037844386,0.5000000000000001,0,0,0,1
0,47.0,19,-1,-1,-1,1,-1,-1,0,0,7320000,143047500,0,0.8660254037844387,-0.4999999999999998,0,0,1,0
0,59.0,5,-1,-1,-1,-1,1,1,0,0,6855000,29700000,1,-1.0,-1.8369701987210297e-16,0,1,0,0
0,45.0,71,-1,1,1,1,1,1,1,1,12105000,855757500,0,-0.8660254037844386,0.5000000000000001,0,1,0,0
1,25.0,8,1,-1,-1,-1,-1,-1,0,1,11175000,91485000,1,-1.0,-1.8369701987210297e-16,0,0,0,1
1,56.0,1,0,0,0,0,0,0,0,0,3082500,3082500,0,-1.0,-1.8369701987210297e-16,1,0,0,0
0,33.0,1,-1,-1,-1,-1,1,-1,0,1,11947500,11947500,1,1.2246467991473532e-16,-1.0,0,0,0,1
0,51.0,61,1,1,1,1,1,1,1,1,17265000,1049047500,0,0.0,1.0,0,0,0,1
0,59.0,71,1,1,-1,1,1,1,1,0,8955000,618397500,0,0.49999999999999994,-0.8660254037844387,0,0,1,0
0,45.0,68,-1,1,1,-1,-1,-1,1,0,12967500,864442500,0,0.49999999999999994,-0.8660254037844387,0,0,0,1
1,22.0,46,-1,-1,1,1,-1,-1,1,0,5055000,230677500,0,-0.8660254037844385,-0.5000000000000004,0,0,1,0
1,29.0,33,1,-1,-1,-1,-1,-1,1,0,12015000,390495000,0,1.2246467991473532e-16,-1.0,0,0,0,1
0,56.0,53,1,1,1,1,-1,1,1,1,15607500,834960000,0,-0.5000000000000004,0.8660254037844384,0,0,0,1
0,38.0,50,1,1,1,-1,1,1,0,0,16312500,814785000,0,1.0,6.123233995736766e-17,0,0,0,1
0,41.0,57,1,-1,1,1,-1,-1,1,1,6165000,338737500,0,0.8660254037844387,-0.4999999999999998,0,1,0,0
0,49.0,54,0,0,0,0,0,0,1,1,3052500,163852500,0,1.2246467991473532e-16,-1.0,1,0,0,0
0,48.0,60,-1,1,1,-1,1,1,0,1,15885000,960187500,0,1.2246467991473532e-16,-1.0,0,0,0,1
0,43.0,28,-1,-1,-1,1,1,1,0,1,15195000,421830000,1,1.2246467991473532e-16,-1.0,0,0,0,1
0,37.0,1,-1,-1,-1,-1,1,-1,0,1,12007500,12007500,1,-0.4999999999999997,-0.8660254037844388,0,0,0,1
1,36.0,29,-1,-1,1,-1,-1,1,0,1,13380000,404752500,1,0.8660254037844386,0.5000000000000001,0,0,0,1
0,50.0,10,-1,1,-1,1,-1,1,0,1,9825000,92535000,0,0.8660254037844386,0.5000000000000001,0,1,0,0
1,47.0,43,1,1,1,-1,-1,-1,0,1,6067500,286927500,0,-0.8660254037844385,-0.5000000000000004,0,0,1,0
1,37.0,13,-1,-1,-1,-1,-1,-1,0,0,10567500,127365000,0,0.8660254037844387,-0.4999999999999998,0,0,0,1
0,53.0,43,1,-1,1,1,1,1,1,1,11820000,519045000,0,0.0,1.0,0,1,0,0
1,38.0,19,-1,-1,-1,-1,-1,1,0,1,12547500,219862500,1,-1.0,-1.8369701987210297e-16,0,0,0,1
1,30.0,1,-1,-1,-1,-1,1,1,0,1,13515000,13515000,0,-1.0,-1.8369701987210297e-16,0,0,0,1
0,31.0,69,1,-1,1,1,1,1,1,1,12367500,833295000,0,-0.5000000000000004,0.8660254037844384,0,0,1,0
0,28.0,61,0,0,0,0,0,0,1,0,3037500,191820000,0,0.0,1.0,1,0,0,0
1,37.0,43,1,1,-1,1,-1,-1,0,0,9937500,436102500,0,1.0,6.123233995736766e-17,0,0,1,0
0,55.0,6,0,0,0,0,0,0,0,0,2925000,21945000,1,0.0,1.0,1,0,0,0
1,30.0,1,-1,-1,-1,1,-1,-1,0,0,7687500,7687500,1,0.0,1.0,0,0,1,0
1,42.0,56,-1,-1,-1,-1,1,1,0,0,13455000,742942500,0,1.2246467991473532e-16,-1.0,0,0,0,1
0,32.0,70,1,1,1,1,1,1,1,0,9682500,675735000,0,-0.8660254037844385,-0.5000000000000004,0,1,0,0
1,37.0,1,-1,-1,-1,-1,-1,-1,0,1,6840000,6840000,1,0.49999999999999994,0.8660254037844387,0,0,1,0
1,22.0,49,-1,1,1,-1,1,-1,1,1,14047500,678022500,0,1.0,6.123233995736766e-17,0,0,0,1
0,37.0,6,-1,-1,-1,1,-1,-1,0,1,7447500,40102500,1,0.0,1.0,0,1,0,0
0,38.0,32,1,1,1,1,-1,1,1,0,11040000,347527500,0,0.49999999999999994,-0.8660254037844387,0,1,0,0
0,46.0,72,1,-1,1,1,1,1,1,1,16462500,1211302500,0,-0.8660254037844386,0.5000000000000001,0,0,0,1
1,43.0,37,1,1,-1,1,-1,-1,1,0,9217500,345352500,0,-0.8660254037844385,-0.5000000000000004,0,0,1,0
0,26.0,69,1,1,-1,1,1,1,1,1,15960000,1087785000,0,0.49999999999999994,0.8660254037844387,0,0,0,1
0,53.0,26,-1,1,1,1,1,1,0,0,12285000,311782500,0,0.49999999999999994,-0.8660254037844387,0,1,0,0
0,43.0,58,-1,1,1,-1,1,1,1,1,15780000,933810000,0,-1.0,-1.8369701987210297e-16,0,0,0,1
1,42.0,24,-1,-1,-1,1,-1,-1,1,0,8190000,186337500,0,0.8660254037844386,0.5000000000000001,0,0,1,0
1,40.0,5,0,0,0,0,0,0,1,0,3082500,14917500,0,1.0,6.123233995736766e-17,1,0,0,0
1,34.0,15,0,0,0,0,0,0,0,1,3000000,43207500,1,0.49999999999999994,-0.8660254037844387,1,0,0,0
0,43.0,30,0,0,0,0,0,0,1,0,2955000,89887500,0,0.0,1.0,1,0,0,0
0,46.0,55,1,1,-1,1,-1,-1,1,1,9907500,519315000,0,0.49999999999999994,0.8660254037844387,0,0,1,0
0,19.0,25,-1,-1,-1,-1,1,-1,0,1,5100000,127950000,1,0.0,1.0,0,0,1,0
1,34.0,10,-1,1,1,1,1,-1,0,1,13875000,140115000,1,0.49999999999999994,-0.8660254037844387,0,0,0,1
1,37.0,44,1,1,1,1,-1,1,1,1,8107500,356280000,0,0.0,1.0,0,0,1,0
0,43.0,47,1,1,-1,1,-1,-1,1,1,8835000,421957500,0,1.2246467991473532e-16,-1.0,0,1,0,0
0,54.0,13,-1,-1,-1,-1,1,1,0,0,13252500,183420000,1,1.2246467991473532e-16,-1.0,0,0,0,1
0,31.0,49,-1,1,1,1,1,1,1,1,16192500,793980000,1,0.49999999999999994,0.8660254037844387,0,0,0,1
0,34.0,64,1,-1,-1,1,1,1,1,1,14535000,947152500,0,-0.5000000000000004,0.8660254037844384,0,0,0,1
1,34.0,1,0,0,0,0,0,0,0,0,2865000,2865000,0,-0.4999999999999997,-0.8660254037844388,1,0,0,0
1,30.0,20,-1,-1,-1,1,-1,-1,0,0,7500000,150457500,0,1.0,6.123233995736766e-17,0,1,0,0
0,36.0,37,1,-1,-1,1,1,-1,1,0,6810000,238965000,0,0.8660254037844386,0.5000000000000001,0,0,1,0
1,49.0,30,-1,-1,-1,-1,1,-1,0,0,12817500,376492500,0,0.8660254037844387,-0.4999999999999998,0,0,0,1
0,27.0,38,1,1,1,-1,1,1,1,0,12615000,478147500,0,-0.5000000000000004,0.8660254037844384,0,0,1,0
0,45.0,1,-1,-1,-1,-1,-1,-1,0,1,11167500,11167500,1,-1.0,-1.8369701987210297e-16,0,0,0,1
0,20.0,37,-1,-1,-1,-1,1,1,0,1,9712500,351780000,1,-0.5000000000000004,0.8660254037844384,0,1,0,0
0,33.0,52,1,1,1,1,1,1,1,0,9937500,499515000,0,0.0,1.0,0,1,0,0
1,36.0,71,1,1,1,1,1,-1,1,1,11535000,828405000,0,0.8660254037844387,-0.4999999999999998,0,0,1,0
1,60.0,26,-1,1,1,-1,1,-1,0,0,13470000,350295000,1,-0.8660254037844385,-0.5000000000000004,0,0,0,1
1,37.0,66,1,1,1,-1,-1,1,1,1,11190000,719760000,0,-0.5000000000000004,0.8660254037844384,0,0,1,0
1,18.0,72,1,1,1,1,1,1,1,1,17542500,1289160000,0,-0.5000000000000004,0.8660254037844384,0,0,0,1
1,18.0,25,1,-1,-1,-1,1,-1,1,1,6097500,145582500,0,-0.4999999999999997,-0.8660254037844388,0,0,1,0
1,40.0,69,1,1,1,1,1,1,1,1,17152500,1149870000,0,1.2246467991473532e-16,-1.0,0,0,0,1
1,47.0,53,1,1,-1,-1,-1,1,1,0,10455000,552907500,0,1.0,6.123233995736766e-17,0,0,1,0
0,45.0,12,-1,-1,1,-1,1,1,1,0,14325000,167272500,1,1.0,6.123233995736766e-17,0,0,0,1
1,42.0,26,-1,-1,1,1,1,1,0,1,14797500,380550000,0,-0.8660254037844385,-0.5000000000000004,0,0,0,1
1,54.0,21,-1,-1,1,-1,-1,1,0,0,9247500,209040000,0,-0.8660254037844386,0.5000000000000001,0,0,1,0
0,34.0,1,-1,-1,-1,-1,1,1,0,1,13402500,13402500,0,1.2246467991473532e-16,-1.0,0,0,0,1
1,51.0,48,1,-1,-1,1,-1,1,0,1,14310000,666795000,0,0.8660254037844387,-0.4999999999999998,0,0,0,1
0,20.0,26,1,-1,1,-1,-1,-1,1,0,5310000,146790000,0,1.0,6.123233995736766e-17,0,0,1,0
1,29.0,60,0,0,0,0,0,0,1,0,2992500,188722500,0,1.2246467991473532e-16,-1.0,1,0,0,0
1,18.0,18,0,0,0,0,0,0,0,0,2887500,49702500,0,-1.0,-1.8369701987210297e-16,1,0,0,0
0,37.0,10,-1,-1,-1,1,-1,-1,0,1,4447500,43710000,1,-0.4999999999999997,-0.8660254037844388,0,1,0,0
1,39.0,5,1,-1,1,-1,-1,-1,0,1,12675000,68062500,1,1.0,6.123233995736766e-17,0,0,0,1
0,41.0,4,0,0,0,0,0,0,1,1,3060000,12712500,0,1.0,6.123233995736766e-17,1,0,0,0
1,41.0,65,0,0,0,0,0,0,1,0,3712500,257265000,0,1.2246467991473532e-16,-1.0,1,0,0,0
1,29.0,70,0,0,0,0,0,0,1,0,3802500,257272500,0,-0.8660254037844386,0.5000000000000001,1,0,0,0
1,38.0,18,-1,-1,1,-1,-1,1,0,1,13605000,239587500,1,0.8660254037844386,0.5000000000000001,0,0,0,1
1,22.0,62,0,0,0,0,0,0,1,0,3000000,187515000,0,-0.5000000000000004,0.8660254037844384,1,0,0,0
0,56.0,66,1,-1,-1,-1,1,-1,1,1,8962500,599520000,0,0.0,1.0,0,1,0,0
0,36.0,65,1,1,-1,1,1,1,1,1,12375000,782265000,0,0.0,1.0,0,0,1,0
0,34.0,3,-1,-1,-1,-1,-1,-1,0,1,10545000,35325000,1,0.49999999999999994,-0.8660254037844387,0,0,0,1
0,59.0,34,0,0,0,0,0,0,0,0,3052500,100980000,0,-0.4999999999999997,-0.8660254037844388,1,0,0,0
1,25.0,16,-1,-1,1,-1,1,-1,0,1,13620000,216330000,0,1.0,6.123233995736766e-17,0,0,0,1
0,26.0,54,1,-1,1,-1,1,1,1,1,15592500,845857500,1,1.0,6.123233995736766e-17,0,0,0,1
0,27.0,50,-1,-1,1,1,1,1,0,1,15742500,783352500,0,-0.8660254037844386,0.5000000000000001,0,0,0,1
1,39.0,71,-1,1,1,1,1,1,1,1,15787500,1093762500,0,0.49999999999999994,0.8660254037844387,0,0,0,1
0,45.0,10,-1,-1,-1,-1,-1,-1,0,1,11212500,119947500,1,-0.4999999999999997,-0.8660254037844388,0,0,0,1
0,49.0,1,-1,-1,-1,1,-1,-1,0,1,7620000,7620000,1,0.49999999999999994,0.8660254037844387,0,0,1,0
1,71.0,18,0,0,0,0,0,0,1,0,3562500,63675000,0,1.0,6.123233995736766e-17,1,0,0,0
1,18.0,4,-1,-1,-1,1,1,-1,0,1,9195000,37410000,0,0.8660254037844386,0.5000000000000001,0,0,1,0
0,47.0,58,1,-1,1,1,1,-1,1,0,11370000,662362500,0,0.8660254037844386,0.5000000000000001,0,1,0,0
0,33.0,56,1,-1,-1,-1,1,1,1,1,14700000,790590000,0,0.49999999999999994,-0.8660254037844387,0,0,0,1
1,33.0,2,-1,-1,-1,-1,1,-1,0,1,12037500,21682500,1,-0.8660254037844386,0.5000000000000001,0,0,0,1
1,33.0,32,-1,-1,1,-1,-1,-1,0,1,11835000,367192500,1,0.8660254037844386,0.5000000000000001,0,0,0,1
1,29.0,56,1,1,-1,1,1,-1,1,1,7800000,432735000,0,1.0,6.123233995736766e-17,0,0,1,0
1,60.0,36,-1,-1,-1,-1,-1,1,0,1,12712500,457522500,1,1.2246467991473532e-16,-1.0,0,0,0,1
0,50.0,4,-1,-1,-1,1,1,-1,0,1,9660000,37950000,0,-0.4999999999999997,-0.8660254037844388,0,1,0,0
1,40.0,53,-1,-1,-1,-1,1,-1,0,0,12817500,677587500,1,0.49999999999999994,0.8660254037844387,0,0,0,1
1,56.0,10,-1,-1,-1,-1,-1,-1,0,1,6870000,65430000,0,-0.8660254037844385,-0.5000000000000004,0,0,1,0
1,22.0,4,-1,-1,-1,1,-1,-1,0,0,4575000,17760000,0,0.49999999999999994,-0.8660254037844387,0,0,1,0
1,24.0,1,0,0,0,0,0,0,0,0,2985000,2985000,1,-0.4999999999999997,-0.8660254037844388,1,0,0,0
0,18.0,51,-1,-1,-1,-1,-1,-1,0,0,10372500,547440000,0,-0.8660254037844386,0.5000000000000001,0,0,0,1
1,32.0,12,-1,-1,1,-1,1,1,0,1,14917500,180022500,1,-0.4999999999999997,-0.8660254037844388,0,0,0,1
0,42.0,6,-1,-1,-1,1,1,1,1,1,7387500,38340000,0,-0.4999999999999997,-0.8660254037844388,0,0,1,0
1,41.0,63,-1,1,1,1,-1,-1,1,0,5902500,359257500,0,-0.5000000000000004,0.8660254037844384,0,0,1,0
0,42.0,1,-1,-1,-1,-1,-1,-1,0,1,10590000,10590000,1,0.8660254037844386,0.5000000000000001,0,0,0,1
0,23.0,48,-1,1,-1,1,1,1,0,1,15765000,762532500,0,-0.8660254037844385,-0.5000000000000004,0,0,0,1
0,50.0,5,-1,-1,-1,-1,1,-1,0,1,12150000,58440000,1,1.0,6.123233995736766e-17,0,0,0,1
0,43.0,35,0,0,0,0,0,0,1,1,3015000,96675000,0,0.0,1.0,1,0,0,0
1,49.0,6,-1,1,-1,-1,1,-1,0,1,12727500,78525000,1,1.0,6.123233995736766e-17,0,0,0,1
1,18.0,2,0,0,0,0,0,0,0,0,2962500,5895000,0,0.8660254037844387,-0.4999999999999998,1,0,0,0
0,44.0,50,0,0,0,0,0,0,1,0,2962500,148357500,0,1.2246467991473532e-16,-1.0,1,0,0,0
0,26.0,33,-1,-1,-1,-1,-1,-1,0,1,10560000,360915000,0,1.0,6.123233995736766e-17,0,0,0,1
1,35.0,31,0,0,0,0,0,0,1,0,3067500,95782500,0,0.49999999999999994,-0.8660254037844387,1,0,0,0
0,46.0,9,0,0,0,0,0,0,1,0,3052500,28665000,0,-0.8660254037844386,0.5000000000000001,1,0,0,0
0,41.0,54,-1,1,1,1,1,1,0,1,12930000,678607500,0,-0.4999999999999997,-0.8660254037844388,0,0,1,0
0,30.0,46,1,1,1,-1,1,-1,1,1,14347500,699630000,0,-1.0,-1.8369701987210297e-16,0,0,0,1
1,40.0,34,1,1,-1,-1,1,1,1,1,15570000,520620000,0,0.49999999999999994,-0.8660254037844387,0,0,0,1
1,22.0,71,1,-1,-1,-1,1,1,1,1,14580000,1036545000,0,1.0,6.123233995736766e-17,0,0,0,1
0,54.0,63,1,1,1,1,-1,-1,1,0,9532500,602130000,0,-0.8660254037844386,0.5000000000000001,0,1,0,0
0,38.0,51,0,0,0,0,0,0,1,0,3742500,193200000,0,1.0,6.123233995736766e-17,1,0,0,0
0,53.0,26,-1,1,-1,-1,1,-1,0,1,13372500,341647500,1,-0.8660254037844386,0.5000000000000001,0,0,0,1
0,34.0,64,1,-1,1,-1,1,1,1,1,14850000,956370000,0,-0.5000000000000004,0.8660254037844384,0,0,0,1
0,34.0,1,-1,-1,-1,-1,-1,-1,0,1,3720000,3720000,1,0.49999999999999994,-0.8660254037844387,0,1,0,0
1,31.0,61,-1,1,-1,1,-1,-1,1,1,12832500,787762500,0,-0.5000000000000004,0.8660254037844384,0,0,0,1
0,51.0,15,-1,-1,1,-1,1,1,0,1,14100000,225817500,0,-1.0,-1.8369701987210297e-16,0,0,0,1
1,31.0,64,-1,1,-1,1,1,1,1,1,15847500,1035465000,1,-0.5000000000000004,0.8660254037844384,0,0,0,1
0,48.0,18,-1,-1,-1,-1,-1,-1,0,1,7545000,136995000,0,-0.8660254037844385,-0.5000000000000004,0,0,1,0
0,35.0,57,-1,1,-1,-1,1,1,1,1,14250000,830370000,0,-0.8660254037844386,0.5000000000000001,0,0,0,1
1,18.0,14,1,1,-1,-1,-1,1,1,1,9210000,122332500,0,0.0,1.0,0,0,1,0
1,33.0,18,-1,1,-1,-1,-1,-1,0,1,12082500,211747500,0,0.8660254037844386,0.5000000000000001,0,0,0,1
0,26.0,72,1,-1,-1,-1,-1,-1,1,0,11775000,840337500,0,-0.8660254037844386,0.5000000000000001,0,0,0,1
1,40.0,70,1,1,1,1,1,1,1,0,17145000,1236645000,0,1.2246467991473532e-16,-1.0,0,0,0,1
0,26.0,38,0,0,0,0,0,0,1,0,3007500,111225000,0,0.49999999999999994,-0.8660254037844387,1,0,0,0
1,51.0,68,1,1,1,1,-1,-1,1,0,9397500,656370000,0,0.8660254037844387,-0.4999999999999998,0,1,0,0
1,39.0,13,-1,-1,-1,-1,-1,1,0,1,12127500,151305000,1,-0.5000000000000004,0.8660254037844384,0,0,0,1
1,38.0,65,1,1,-1,-1,1,-1,1,1,13905000,895260000,0,0.8660254037844386,0.5000000000000001,0,0,0,1
0,48.0,30,-1,-1,1,-1,1,1,0,0,15067500,464535000,0,0.8660254037844386,0.5000000000000001,0,0,0,1
1,52.0,51,-1,-1,-1,1,1,1,1,1,11280000,585187500,0,0.0,1.0,0,0,1,0
0,40.0,31,1,-1,1,-1,-1,-1,0,1,12712500,392010000,0,0.8660254037844387,-0.4999999999999998,0,0,0,1
0,31.0,9,-1,-1,-1,-1,1,1,0,0,13417500,127965000,1,-0.4999999999999997,-0.8660254037844388,0,0,0,1
0,19.0,72,1,1,1,1,-1,1,1,1,11925000,849255000,0,-0.8660254037844386,0.5000000000000001,0,0,1,0
1,32.0,10,-1,-1,-1,-1,1,1,0,1,10822500,119137500,1,-0.8660254037844386,0.5000000000000001,0,0,1,0
0,33.0,37,0,0,0,0,0,0,1,1,2970000,104257500,0,0.8660254037844386,0.5000000000000001,1,0,0,0
0,41.0,2,-1,-1,1,1,1,1,0,0,11460000,24120000,1,-1.0,-1.8369701987210297e-16,0,0,1,0
1,36.0,55,1,1,-1,-1,1,1,1,1,15135000,832807500,0,0.8660254037844386,0.5000000000000001,0,0,0,1
1,48.0,33,1,-1,1,-1,-1,1,0,1,14295000,491272500,0,-0.8660254037844385,-0.5000000000000004,0,0,0,1
0,33.0,46,-1,-1,1,1,-1,1,1,0,13642500,635490000,0,-0.4999999999999997,-0.8660254037844388,0,0,0,1
0,39.0,1,1,-1,-1,1,-1,-1,0,0,8175000,8175000,0,-0.8660254037844386,0.5000000000000001,0,0,1,0
0,54.0,20,-1,-1,-1,-1,-1,1,0,1,9240000,176152500,1,1.2246467991473532e-16,-1.0,0,0,1,0
1,44.0,9,-1,1,1,-1,-1,-1,0,1,11985000,111255000,1,-0.8660254037844385,-0.5000000000000004,0,0,0,1
1,39.0,32,-1,-1,-1,-1,1,1,0,1,14422500,452887500,1,0.0,1.0,0,0,0,1
0,33.0,19,-1,-1,1,-1,-1,-1,0,1,7440000,144435000,0,0.49999999999999994,-0.8660254037844387,0,0,1,0
0,32.0,70,1,-1,1,1,-1,-1,1,0,9795000,713962500,1,-1.0,-1.8369701987210297e-16,0,0,1,0
0,30.0,61,0,0,0,0,0,0,1,1,3750000,224752500,0,0.8660254037844386,0.5000000000000001,1,0,0,0
1,34.0,26,-1,-1,-1,-1,-1,-1,0,0,6817500,184972500,0,-0.8660254037844385,-0.5000000000000004,0,0,1,0
1,49.0,45,-1,1,1,-1,1,1,0,1,16162500,732420000,0,0.49999999999999994,0.8660254037844387,0,0,0,1
1,37.0,62,-1,-1,1,-1,1,-1,1,1,13365000,811747500,0,0.0,1.0,0,0,0,1
1,24.0,1,0,0,0,0,0,0,0,0,2947500,2947500,1,-0.5000000000000004,0.8660254037844384,1,0,0,0
0,61.0,3,-1,-1,-1,-1,-1,-1,0,0,6712500,22207500,0,0.49999999999999994,-0.8660254037844387,0,1,0,0
0,44.0,41,1,1,1,-1,-1,1,1,1,15240000,589582500,0,1.2246467991473532e-16,-1.0,0,0,0,1
1,23.0,67,-1,1,1,1,1,1,1,0,15472500,1034325000,0,0.49999999999999994,0.8660254037844387,0,0,0,1
1,35.0,1,-1,-1,-1,-1,1,-1,0,1,12697500,12697500,1,1.2246467991473532e-16,-1.0,0,0,0,1
0,41.0,71,1,1,-1,-1,1,-1,1,0,14347500,1028542500,0,0.49999999999999994,-0.8660254037844387,0,0,0,1
0,60.0,37,1,1,-1,-1,1,1,1,0,11265000,398820000,0,0.49999999999999994,0.8660254037844387,0,0,1,0
1,27.0,60,1,1,-1,1,-1,-1,1,1,9202500,564930000,0,0.8660254037844387,-0.4999999999999998,0,0,1,0
0,52.0,1,-1,-1,-1,-1,-1,-1,0,1,10432500,10432500,1,1.2246467991473532e-16,-1.0,0,0,0,1
0,57.0,6,0,0,0,0,0,0,0,0,2955000,19432500,0,0.0,1.0,1,0,0,0
0,32.0,13,-1,1,-1,-1,-1,-1,0,1,4657500,52087500,1,0.8660254037844386,0.5000000000000001,0,1,0,0
0,37.0,11,1,-1,-1,-1,-1,-1,0,0,7650000,87255000,0,-0.8660254037844386,0.5000000000000001,0,0,1,0
1,28.0,7,1,-1,-1,-1,-1,-1,0,1,7650000,53107500,1,1.2246467991473532e-16,-1.0,0,0,1,0
0,38.0,10,-1,-1,-1,-1,1,1,0,1,13327500,139417500,0,1.0,6.123233995736766e-17,0,0,0,1
1,40.0,34,0,0,0,0,0,0,1,0,3007500,101850000,0,0.49999999999999994,-0.8660254037844387,1,0,0,0
0,48.0,62,1,-1,-1,1,-1,1,1,1,9765000,577012500,0,0.49999999999999994,-0.8660254037844387,0,1,0,0
1,53.0,64,-1,1,-1,1,-1,1,1,1,10522500,672105000,0,-0.5000000000000004,0.8660254037844384,0,1,0,0
0,31.0,1,-1,-1,-1,-1,-1,-1,0,1,6652500,6652500,1,0.49999999999999994,-0.8660254037844387,0,1,0,0
1,18.0,25,0,0,0,0,0,0,1,1,3112500,74910000,0,-0.8660254037844385,-0.5000000000000004,1,0,0,0
0,40.0,26,-1,1,1,-1,-1,-1,1,1,8407500,232980000,0,1.0,6.123233995736766e-17,0,1,0,0
1,44.0,10,0,0,0,0,0,0,1,1,2992500,32925000,0,0.8660254037844386,0.5000000000000001,1,0,0,0
0,43.0,53,1,1,1,-1,1,-1,1,0,14790000,796777500,0,1.0,6.123233995736766e-17,0,0,0,1
0,36.0,7,-1,-1,-1,-1,1,-1,0,1,11955000,87907500,1,0.8660254037844386,0.5000000000000001,0,0,0,1
1,41.0,33,-1,1,1,-1,-1,-1,0,1,11850000,386520000,0,0.8660254037844386,0.5000000000000001,0,0,0,1
0,58.0,71,-1,1,1,-1,-1,1,1,0,13417500,965287500,0,0.0,1.0,0,0,0,1
0,45.0,29,-1,-1,-1,-1,-1,-1,0,1,11130000,298987500,0,-0.8660254037844386,0.5000000000000001,0,0,0,1
1,36.0,24,1,-1,-1,1,1,1,0,0,12150000,288577500,0,-0.5000000000000004,0.8660254037844384,0,1,0,0
1,34.0,20,-1,-1,1,-1,-1,-1,0,1,7440000,140970000,0,0.49999999999999994,0.8660254037844387,0,1,0,0
0,38.0,1,-1,-1,-1,-1,1,-1,0,1,12690000,12690000,0,-0.4999999999999997,-0.8660254037844388,0,0,0,1
1,60.0,54,-1,1,-1,-1,-1,-1,0,1,8250000,463897500,1,0.8660254037844386,0.5000000000000001,0,0,1,0
0,38.0,5,-1,-1,1,-1,1,-1,0,1,12727500,62332500,1,1.2246467991473532e-16,-1.0,0,0,0,1
0,40.0,72,1,-1,1,1,1,1,1,1,12630000,897982500,0,0.49999999999999994,-0.8660254037844387,0,0,1,0
1,34.0,52,1,1,1,1,1,1,1,1,15945000,823050000,0,0.0,1.0,0,0,0,1
0,53.0,9,-1,-1,-1,-1,-1,-1,0,0,10357500,97725000,0,-0.4999999999999997,-0.8660254037844388,0,0,0,1
0,64.0,1,-1,-1,-1,-1,-1,-1,0,1,6810000,6810000,0,-1.0,-1.8369701987210297e-16,0,0,1,0
1,45.0,1,-1,-1,-1,-1,-1,-1,0,1,11047500,11047500,1,-0.5000000000000004,0.8660254037844384,0,0,0,1
1,41.0,33,-1,-1,1,1,1,1,1,1,11085000,360757500,1,0.8660254037844387,-0.4999999999999998,0,1,0,0
0,40.0,55,-1,-1,1,-1,-1,-1,0,1,11662500,668722500,1,-0.4999999999999997,-0.8660254037844388,0,0,0,1
1,18.0,69,-1,-1,-1,1,1,1,1,1,14902500,1028467500,0,-0.5000000000000004,0.8660254037844384,0,0,0,1
1,49.0,1,1,-1,-1,-1,-1,-1,0,1,7612500,7612500,0,0.49999999999999994,-0.8660254037844387,0,0,1,0
1,42.0,54,1,-1,1,1,1,1,1,0,13065000,710280000,0,0.49999999999999994,0.8660254037844387,0,0,1,0
1,45.0,33,0,0,0,0,0,0,1,1,3022500,102322500,0,-1.0,-1.8369701987210297e-16,1,0,0,0
1,31.0,45,-1,1,1,1,1,-1,1,1,14805000,678870000,0,0.49999999999999994,-0.8660254037844387,0,0,0,1
0,35.0,11,-1,-1,-1,-1,-1,-1,0,0,3780000,48157500,0,-0.8660254037844386,0.5000000000000001,0,0,1,0
1,35.0,6,1,1,-1,-1,-1,-1,0,1,8355000,50347500,0,-0.4999999999999997,-0.8660254037844388,0,1,0,0
1,52.0,21,1,-1,1,-1,1,-1,0,0,9802500,213660000,0,-0.8660254037844386,0.5000000000000001,0,0,1,0
0,35.0,65,0,0,0,0,0,0,1,1,3795000,262282500,0,1.0,6.123233995736766e-17,1,0,0,0
0,65.0,6,-1,-1,-1,-1,-1,1,0,1,12652500,71235000,1,1.0,6.123233995736766e-17,0,0,0,1
0,45.0,8,1,-1,-1,-1,1,-1,0,0,12742500,100260000,1,-0.4999999999999997,-0.8660254037844388,0,0,0,1
1,25.0,11,-1,-1,-1,1,-1,-1,0,1,11077500,138937500,1,-0.5000000000000004,0.8660254037844384,0,0,0,1
1,38.0,43,0,0,0,0,0,0,1,0,3637500,161692500,0,-0.4999999999999997,-0.8660254037844388,1,0,0,0
1,32.0,49,-1,1,-1,-1,1,1,1,1,7770000,381187500,1,1.2246467991473532e-16,-1.0,0,0,1,0
0,18.0,1,-1,-1,-1,-1,-1,-1,0,0,6900000,6900000,1,-0.8660254037844385,-0.5000000000000004,0,1,0,0
1,59.0,15,-1,-1,-1,-1,-1,1,0,1,11910000,173415000,1,0.49999999999999994,-0.8660254037844387,0,0,0,1
1,48.0,60,1,1,1,-1,-1,-1,1,0,9075000,554167500,0,-0.4999999999999997,-0.8660254037844388,0,0,1,0
1,46.0,17,-1,-1,-1,-1,-1,-1,0,0,3765000,57420000,0,0.49999999999999994,0.8660254037844387,0,1,0,0
1,42.0,16,-1,-1,-1,-1,-1,-1,0,1,10770000,175170000,1,0.0,1.0,0,0,0,1
1,23.0,35,0,0,0,0,0,0,1,0,3007500,112012500,0,0.49999999999999994,0.8660254037844387,1,0,0,0
1,34.0,44,-1,1,-1,-1,-1,1,1,0,13260000,586935000,1,0.49999999999999994,0.8660254037844387,0,0,0,1
0,50.0,12,-1,-1,-1,1,-1,-1,1,0,4537500,55327500,0,0.8660254037844386,0.5000000000000001,0,0,1,0
1,27.0,1,0,0,0,0,0,0,0,0,3030000,3030000,0,0.0,1.0,1,0,0,0
0,18.0,28,1,1,-1,1,-1,-1,1,1,8985000,248205000,0,0.8660254037844387,-0.4999999999999998,0,0,1,0
1,37.0,70,0,0,0,0,0,0,1,0,3772500,291127500,0,0.0,1.0,1,0,0,0
0,38.0,5,-1,-1,-1,-1,-1,-1,0,0,6900000,33255000,1,1.2246467991473532e-16,-1.0,0,0,1,0
1,42.0,18,-1,1,1,-1,1,1,0,0,15195000,269197500,0,0.0,1.0,0,0,0,1
1,49.0,70,1,-1,-1,1,1,1,1,1,11542500,793470000,0,1.2246467991473532e-16,-1.0,0,0,1,0
0,48.0,9,-1,1,-1,-1,-1,-1,0,1,8295000,75180000,0,-0.4999999999999997,-0.8660254037844388,0,0,1,0
0,43.0,67,1,1,-1,1,1,-1,1,1,13867500,921127500,0,-0.4999999999999997,-0.8660254037844388,0,0,0,1
0,54.0,1,1,-1,-1,-1,-1,-1,0,1,7267500,7267500,0,1.2246467991473532e-16,-1.0,0,1,0,0
0,22.0,18,0,0,0,0,0,0,1,0,2902500,46387500,0,0.8660254037844387,-0.4999999999999998,1,0,0,0
1,46.0,4,-1,-1,-1,-1,-1,-1,0,0,7762500,30165000,1,0.8660254037844387,-0.4999999999999998,0,0,1,0
1,48.0,71,1,1,1,-1,-1,-1,1,1,13005000,926902500,0,-1.0,-1.8369701987210297e-16,0,0,0,1
1,25.0,30,1,1,-1,-1,1,-1,0,1,14160000,425805000,1,1.2246467991473532e-16,-1.0,0,0,0,1
1,22.0,1,1,-1,1,-1,-1,-1,0,0,8355000,8355000,0,0.8660254037844387,-0.4999999999999998,0,0,1,0
0,31.0,55,1,-1,1,-1,-1,-1,1,1,12637500,688477500,0,0.0,1.0,0,0,0,1
1,32.0,59,-1,-1,1,1,1,-1,0,1,9697500,560317500,0,0.8660254037844386,0.5000000000000001,0,1,0,0
0,49.0,1,-1,-1,-1,-1,-1,-1,0,1,10522500,10522500,1,1.0,6.123233995736766e-17,0,0,0,1
0,33.0,7,-1,-1,-1,-1,-1,-1,0,1,10380000,71632500,0,-0.5000000000000004,0.8660254037844384,0,0,0,1
1,30.0,45,1,-1,-1,1,-1,-1,1,0,8197500,383055000,0,0.8660254037844386,0.5000000000000001,0,0,1,0
0,33.0,54,0,0,0,0,0,0,1,1,3712500,201322500,0,0.8660254037844387,-0.4999999999999998,1,0,0,0
1,53.0,51,0,0,0,0,0,0,1,1,3592500,182452500,0,-0.5000000000000004,0.8660254037844384,1,0,0,0
0,40.0,72,-1,1,1,-1,1,1,1,0,15750000,1136707500,0,-0.8660254037844386,0.5000000000000001,0,0,0,1
1,38.0,44,1,1,-1,1,-1,-1,1,1,8977500,390592500,0,0.0,1.0,0,0,1,0
1,39.0,2,0,0,0,0,0,0,0,0,3007500,6405000,0,1.0,6.123233995736766e-17,1,0,0,0
0,56.0,66,-1,-1,1,-1,1,-1,1,1,13822500,908535000,0,0.8660254037844387,-0.4999999999999998,0,0,0,1
1,31.0,68,1,1,-1,-1,1,-1,1,0,6720000,447547500,0,-1.0,-1.8369701987210297e-16,0,1,0,0
0,56.0,31,0,0,0,0,0,0,1,0,3135000,103402500,0,-0.8660254037844386,0.5000000000000001,1,0,0,0
0,43.0,21,-1,-1,-1,-1,1,1,0,1,14310000,303765000,0,-0.8660254037844385,-0.5000000000000004,0,0,0,1
1,38.0,21,1,-1,-1,-1,-1,-1,0,0,12052500,262080000,0,0.8660254037844387,-0.4999999999999998,0,0,0,1
0,70.0,55,1,-1,1,1,1,1,1,1,12765000,698692500,0,0.8660254037844387,-0.4999999999999998,0,1,0,0
1,27.0,9,-1,-1,-1,-1,1,-1,0,1,5205000,44415000,1,-1.0,-1.8369701987210297e-16,0,0,1,0
1,36.0,71,1,1,1,1,1,1,1,1,17257500,1202490000,0,-0.5000000000000004,0.8660254037844384,0,0,0,1
0,25.0,1,-1,-1,-1,-1,-1,1,0,1,12165000,12165000,1,0.8660254037844387,-0.4999999999999998,0,0,0,1
1,51.0,22,0,0,0,0,0,0,1,0,2992500,65025000,0,-0.8660254037844385,-0.5000000000000004,1,0,0,0
0,60.0,1,0,0,0,0,0,0,0,0,3082500,3082500,1,-0.8660254037844385,-0.5000000000000004,1,0,0,0
0,60.0,61,-1,-1,1,1,1,1,1,1,15990000,964260000,1,-0.4999999999999997,-0.8660254037844388,0,0,0,1
0,55.0,67,-1,1,1,1,1,1,1,0,12922500,882577500,0,-0.5000000000000004,0.8660254037844384,0,0,1,0
0,38.0,14,1,1,-1,-1,-1,-1,0,0,11827500,156570000,0,0.0,1.0,0,0,0,1
1,36.0,59,1,1,1,1,1,-1,0,1,16012500,937935000,1,0.0,1.0,0,0,0,1
1,20.0,21,-1,-1,1,-1,1,-1,0,0,12982500,278587500,0,0.0,1.0,0,0,0,1
1,64.0,4,1,1,-1,1,-1,-1,0,0,6360000,21960000,0,-0.8660254037844386,0.5000000000000001,0,0,1,0
0,46.0,3,-1,-1,-1,-1,1,1,0,1,13417500,36067500,1,1.2246467991473532e-16,-1.0,0,0,0,1
1,34.0,70,0,0,0,0,0,0,1,0,3637500,258622500,0,-0.5000000000000004,0.8660254037844384,1,0,0,0
0,56.0,3,-1,1,-1,1,1,1,0,1,14685000,47295000,1,1.0,6.123233995736766e-17,0,0,0,1
1,28.0,21,0,0,0,0,0,0,1,0,3075000,64432500,0,0.49999999999999994,0.8660254037844387,1,0,0,0
1,45.0,20,0,0,0,0,0,0,0,1,2940000,53422500,0,1.0,6.123233995736766e-17,1,0,0,0
1,38.0,22,0,0,0,0,0,0,1,0,3037500,73237500,0,-0.8660254037844385,-0.5000000000000004,1,0,0,0
1,48.0,1,-1,-1,-1,-1,-1,1,0,1,8355000,8355000,1,0.8660254037844386,0.5000000000000001,0,0,1,0
0,39.0,63,0,0,0,0,0,0,1,1,3090000,194805000,0,0.49999999999999994,0.8660254037844387,1,0,0,0
0,23.0,70,0,0,0,0,0,0,1,0,2970000,206812500,0,-0.5000000000000004,0.8660254037844384,1,0,0,0
1,41.0,13,-1,1,1,-1,-1,-1,0,1,11970000,146017500,1,-1.0,-1.8369701987210297e-16,0,0,0,1
0,53.0,5,-1,-1,-1,-1,1,-1,0,0,12030000,57637500,0,-0.8660254037844386,0.5000000000000001,0,0,0,1
0,40.0,72,1,1,1,1,1,1,1,1,17460000,1281487500,0,-0.8660254037844385,-0.5000000000000004,0,0,0,1
0,49.0,13,-1,1,-1,-1,-1,-1,0,1,4747500,58492500,0,0.49999999999999994,0.8660254037844387,0,0,1,0
1,27.0,61,-1,1,1,1,-1,1,0,0,14122500,859777500,0,0.49999999999999994,-0.8660254037844387,0,0,0,1
1,40.0,1,0,0,0,0,0,0,0,0,3097500,3097500,0,-0.5000000000000004,0.8660254037844384,1,0,0,0
0,33.0,56,-1,-1,-1,1,-1,-1,0,1,11527500,641362500,0,-0.5000000000000004,0.8660254037844384,0,0,0,1
0,49.0,4,0,0,0,0,0,0,0,0,3022500,12675000,0,1.2246467991473532e-16,-1.0,1,0,0,0
1,40.0,35,1,-1,-1,-1,-1,-1,1,0,8287500,288615000,0,0.8660254037844386,0.5000000000000001,0,0,1,0
0,48.0,18,-1,-1,1,-1,1,-1,0,1,5857500,100477500,1,-0.8660254037844386,0.5000000000000001,0,0,1,0
1,53.0,72,-1,1,1,-1,1,1,1,0,12322500,867645000,0,0.49999999999999994,-0.8660254037844387,0,1,0,0
0,48.0,49,1,1,1,1,-1,1,1,0,15450000,774930000,0,1.0,6.123233995736766e-17,0,0,0,1
0,43.0,44,1,1,1,1,-1,-1,0,1,14265000,609082500,0,0.49999999999999994,0.8660254037844387,0,0,0,1
0,28.0,3,-1,-1,-1,1,1,-1,0,1,12585000,40110000,1,-0.4999999999999997,-0.8660254037844388,0,0,0,1
0,40.0,37,-1,1,1,-1,-1,1,0,1,14272500,529927500,0,0.49999999999999994,-0.8660254037844387,0,0,0,1
1,34.0,61,-1,1,1,-1,1,1,1,1,11970000,737220000,0,0.0,1.0,0,1,0,0
1,36.0,70,1,-1,1,1,-1,1,1,1,11220000,797370000,0,0.0,1.0,0,0,1,0
0,36.0,1,-1,-1,-1,-1,-1,-1,0,1,10477500,10477500,1,0.8660254037844386,0.5000000000000001,0,0,0,1
0,28.0,41,0,0,0,0,0,0,0,0,3067500,116340000,0,0.8660254037844386,0.5000000000000001,1,0,0,0
1,18.0,70,1,1,1,1,-1,1,1,0,11752500,816892500,0,-0.8660254037844386,0.5000000000000001,0,0,1,0
0,32.0,1,-1,-1,-1,-1,1,-1,0,1,8032500,8032500,1,-0.8660254037844385,-0.5000000000000004,0,0,1,0
1,42.0,51,0,0,0,0,0,0,1,0,2865000,151170000,0,0.8660254037844387,-0.4999999999999998,1,0,0,0
0,24.0,42,0,0,0,0,0,0,1,0,3000000,125032500,0,1.2246467991473532e-16,-1.0,1,0,0,0
0,40.0,70,1,1,1,1,-1,-1,1,0,14085000,986857500,1,-0.5000000000000004,0.8660254037844384,0,0,0,1
1,63.0,48,0,0,0,0,0,0,1,0,2992500,150675000,0,-0.8660254037844385,-0.5000000000000004,1,0,0,0
1,52.0,68,1,1,1,1,1,1,1,1,16972500,1178400000,1,1.0,6.123233995736766e-17,0,0,0,1
0,60.0,48,0,0,0,0,0,0,1,0,3600000,177457500,0,0.0,1.0,1,0,0,0
0,45.0,26,-1,1,-1,-1,-1,1,0,0,12742500,325462500,1,-0.8660254037844386,0.5000000000000001,0,0,0,1
1,54.0,11,-1,1,-1,-1,-1,-1,0,1,12075000,134535000,1,0.49999999999999994,0.8660254037844387,0,0,0,1
1,31.0,1,0,0,0,0,0,0,0,1,2895000,2895000,1,0.49999999999999994,-0.8660254037844387,1,0,0,0
0,32.0,27,0,0,0,0,0,0,1,0,2872500,75202500,0,0.8660254037844387,-0.4999999999999998,1,0,0,0
0,18.0,46,-1,1,1,-1,1,-1,1,1,13695000,618952500,0,0.8660254037844386,0.5000000000000001,0,0,0,1
1,54.0,1,-1,-1,1,-1,-1,-1,0,1,7447500,7447500,1,0.0,1.0,0,0,1,0
0,58.0,46,-1,-1,1,1,-1,-1,1,0,8152500,369022500,1,-0.5000000000000004,0.8660254037844384,0,0,1,0
1,33.0,25,0,0,0,0,0,0,0,1,2872500,71640000,0,-0.5000000000000004,0.8660254037844384,1,0,0,0
1,37.0,4,-1,-1,-1,-1,1,1,0,1,13267500,55597500,1,0.49999999999999994,-0.8660254037844387,0,0,0,1
1,31.0,13,0,0,0,0,0,0,1,0,2962500,39862500,0,0.8660254037844387,-0.4999999999999998,1,0,0,0
1,45.0,31,1,1,1,1,-1,1,1,1,11325000,363667500,0,-0.5000000000000004,0.8660254037844384,0,0,1,0
0,53.0,23,-1,-1,-1,-1,1,-1,0,1,12562500,277492500,0,-0.8660254037844386,0.5000000000000001,0,0,0,1
0,19.0,2,0,0,0,0,0,0,0,0,2910000,9157500,0,0.8660254037844387,-0.4999999999999998,1,0,0,0
0,45.0,65,0,0,0,0,0,0,1,0,3975000,254782500,0,0.0,1.0,1,0,0,0
1,37.0,22,-1,-1,-1,1,1,-1,0,1,13575000,286590000,1,1.2246467991473532e-16,-1.0,0,0,0,1
0,41.0,55,0,0,0,0,0,0,1,0,2872500,149715000,0,-0.5000000000000004,0.8660254037844384,1,0,0,0
1,46.0,9,-1,1,1,1,1,-1,0,1,14227500,133590000,1,0.0,1.0,0,0,0,1
1,38.0,7,-1,-1,-1,-1,-1,-1,0,1,10492500,79425000,1,-1.0,-1.8369701987210297e-16,0,0,0,1
0,39.0,35,-1,-1,-1,1,1,-1,1,0,6135000,207540000,0,0.49999999999999994,-0.8660254037844387,0,0,1,0
1,37.0,6,1,-1,1,1,1,1,1,1,12037500,74010000,0,-0.5000000000000004,0.8660254037844384,0,0,1,0
0,52.0,1,1,-1,-1,-1,-1,-1,0,1,7290000,7290000,1,1.2246467991473532e-16,-1.0,0,0,1,0
1,45.0,17,-1,-1,-1,-1,-1,-1,0,1,10620000,181050000,0,-0.5000000000000004,0.8660254037844384,0,0,0,1
1,43.0,10,-1,-1,1,-1,1,-1,0,0,9030000,84525000,0,0.49999999999999994,0.8660254037844387,0,1,0,0
1,25.0,15,-1,-1,1,1,-1,-1,1,0,8280000,129682500,0,-0.8660254037844386,0.5000000000000001,0,0,1,0
0,35.0,40,1,1,-1,-1,1,1,0,1,8370000,316402500,1,-0.4999999999999997,-0.8660254037844388,0,1,0,0
0,51.0,13,1,-1,-1,1,-1,-1,1,0,8122500,105157500,0,0.49999999999999994,-0.8660254037844387,0,0,1,0
1,40.0,29,-1,1,-1,-1,-1,-1,0,1,12022500,339787500,1,0.0,1.0,0,0,0,1
0,48.0,3,-1,-1,-1,-1,-1,-1,0,1,11325000,33090000,1,1.0,6.123233995736766e-17,0,0,0,1
0,61.0,58,-1,-1,-1,1,1,1,0,1,15060000,862470000,0,1.0,6.123233995736766e-17,0,0,0,1
0,52.0,45,1,1,-1,1,-1,-1,1,1,9382500,419467500,0,0.8660254037844387,-0.4999999999999998,0,1,0,0
0,41.0,72,1,1,1,1,-1,-1,1,1,10567500,774855000,0,0.8660254037844387,-0.4999999999999998,0,0,1,0
1,34.0,68,1,1,-1,-1,-1,-1,1,1,12825000,854490000,0,-0.8660254037844385,-0.5000000000000004,0,0,0,1
1,18.0,1,0,0,0,0,0,0,0,1,3030000,3030000,1,0.8660254037844387,-0.4999999999999998,1,0,0,0
0,38.0,38,1,1,-1,-1,-1,-1,0,0,8175000,311407500,0,-0.8660254037844386,0.5000000000000001,0,0,1,0
1,36.0,2,0,0,0,0,0,0,0,0,3112500,6630000,0,0.49999999999999994,0.8660254037844387,1,0,0,0
1,45.0,11,0,0,0,0,0,0,0,0,3052500,32287500,0,-0.5000000000000004,0.8660254037844384,1,0,0,0
0,38.0,20,-1,-1,-1,-1,1,1,1,1,13650000,278925000,0,0.49999999999999994,0.8660254037844387,0,0,0,1
1,36.0,72,-1,1,1,-1,1,1,1,1,15720000,1120515000,0,0.0,1.0,0,0,0,1
0,19.0,3,-1,-1,-1,-1,-1,-1,0,1,11212500,34425000,1,1.0,6.123233995736766e-17,0,0,0,1
1,29.0,23,-1,-1,1,1,1,1,0,1,15607500,370515000,1,0.49999999999999994,-0.8660254037844387,0,0,0,1
1,46.0,40,-1,-1,-1,1,-1,-1,0,1,7665000,313935000,0,0.8660254037844386,0.5000000000000001,0,0,1,0
1,61.0,62,-1,1,-1,-1,-1,1,0,1,13470000,844432500,0,-1.0,-1.8369701987210297e-16,0,0,0,1
0,39.0,22,0,0,0,0,0,0,0,1,3082500,70477500,0,1.2246467991473532e-16,-1.0,1,0,0,0
0,44.0,11,1,-1,1,-1,-1,1,0,0,9607500,110092500,0,1.0,6.123233995736766e-17,0,1,0,0
1,51.0,7,-1,-1,-1,-1,-1,-1,0,1,11227500,72787500,0,0.49999999999999994,0.8660254037844387,0,0,0,1
0,30.0,13,1,1,-1,-1,1,-1,0,1,14497500,186675000,1,0.49999999999999994,-0.8660254037844387,0,0,0,1
1,44.0,1,0,0,0,0,0,0,0,0,3007500,3007500,1,0.49999999999999994,0.8660254037844387,1,0,0,0
0,31.0,39,-1,1,1,-1,1,1,0,1,15517500,599167500,1,0.49999999999999994,-0.8660254037844387,0,0,0,1
1,50.0,3,-1,-1,-1,-1,-1,-1,0,0,3750000,11737500,0,0.8660254037844386,0.5000000000000001,0,0,1,0
1,42.0,58,0,0,0,0,0,0,1,0,3045000,169725000,0,0.8660254037844386,0.5000000000000001,1,0,0,0
1,44.0,6,0,0,0,0,0,0,0,0,3952500,27607500,0,-0.8660254037844386,0.5000000000000001,1,0,0,0
0,31.0,1,0,0,0,0,0,0,0,1,2985000,2985000,1,-0.8660254037844385,-0.5000000000000004,1,0,0,0
0,48.0,22,-1,1,1,-1,-1,-1,0,1,8205000,176812500,0,1.0,6.123233995736766e-17,0,0,1,0
1,65.0,14,-1,-1,-1,-1,1,1,0,0,6952500,100155000,1,0.8660254037844386,0.5000000000000001,0,0,1,0
1,28.0,64,-1,-1,1,-1,-1,1,1,0,13537500,844372500,0,-0.5000000000000004,0.8660254037844384,0,0,0,1
1,36.0,1,0,0,0,0,0,0,0,0,2992500,2992500,1,-0.8660254037844385,-0.5000000000000004,1,0,0,0
1,43.0,6,0,0,0,0,0,0,0,0,3097500,16395000,0,0.49999999999999994,-0.8660254037844387,1,0,0,0
1,49.0,1,-1,-1,-1,-1,-1,1,0,0,11940000,11940000,1,0.0,1.0,0,0,0,1
1,33.0,39,0,0,0,0,0,0,1,0,3817500,143767500,0,-0.8660254037844386,0.5000000000000001,1,0,0,0
0,18.0,20,0,0,0,0,0,0,1,0,2925000,60472500,0,-0.5000000000000004,0.8660254037844384,1,0,0,0
1,56.0,1,-1,-1,-1,1,-1,-1,0,1,11385000,11385000,1,-0.8660254037844386,0.5000000000000001,0,0,0,1
1,49.0,1,-1,-1,1,-1,-1,-1,0,0,11430000,11430000,1,1.0,6.123233995736766e-17,0,0,0,1
1,19.0,64,1,-1,-1,-1,1,-1,1,1,9922500,658875000,0,1.2246467991473532e-16,-1.0,0,0,1,0
1,33.0,1,0,0,0,0,0,0,0,0,2887500,2887500,1,0.49999999999999994,0.8660254037844387,1,0,0,0
0,59.0,46,-1,1,-1,-1,1,1,0,1,10365000,475200000,0,-0.4999999999999997,-0.8660254037844388,0,0,1,0
0,57.0,28,-1,1,-1,-1,-1,1,1,1,5865000,164490000,0,1.2246467991473532e-16,-1.0,0,1,0,0
0,51.0,33,0,0,0,0,0,0,0,0,3007500,100417500,0,-0.8660254037844385,-0.5000000000000004,1,0,0,0
1,38.0,39,1,1,1,-1,-1,-1,1,0,8970000,351577500,0,-0.5000000000000004,0.8660254037844384,0,0,1,0
0,41.0,42,-1,-1,1,1,-1,-1,0,1,12645000,538260000,1,-0.8660254037844385,-0.5000000000000004,0,0,0,1
0,38.0,1,-1,1,-1,-1,-1,-1,0,1,7290000,7290000,0,1.2246467991473532e-16,-1.0,0,0,1,0
0,54.0,7,-1,-1,-1,-1,1,-1,0,1,11850000,78442500,1,-1.0,-1.8369701987210297e-16,0,0,0,1
1,29.0,70,1,1,1,-1,1,1,1,0,15802500,1126785000,0,-0.8660254037844385,-0.5000000000000004,0,0,0,1
1,30.0,65,0,0,0,0,0,0,1,1,3765000,258750000,0,-0.5000000000000004,0.8660254037844384,1,0,0,0
1,52.0,1,1,-1,-1,-1,-1,-1,0,0,7462500,7462500,0,-1.0,-1.8369701987210297e-16,0,1,0,0
1,39.0,18,-1,-1,-1,-1,1,1,0,1,14212500,253785000,0,-0.8660254037844386,0.5000000000000001,0,0,0,1
1,57.0,24,-1,-1,-1,-1,1,1,0,1,13950000,337207500,0,0.49999999999999994,-0.8660254037844387,0,0,0,1
1,32.0,63,1,-1,1,1,-1,1,1,1,10785000,671880000,0,-0.8660254037844386,0.5000000000000001,0,1,0,0
0,39.0,44,-1,1,-1,-1,1,1,1,1,11632500,520665000,0,-0.5000000000000004,0.8660254037844384,0,1,0,0
1,29.0,4,0,0,0,0,0,0,0,1,2977500,9450000,0,1.0,6.123233995736766e-17,1,0,0,0
0,40.0,1,-1,-1,-1,-1,-1,-1,0,1,10537500,10537500,1,-1.0,-1.8369701987210297e-16,0,0,0,1
0,22.0,37,-1,-1,-1,-1,1,1,0,1,14287500,497122500,0,0.49999999999999994,-0.8660254037844387,0,0,0,1
0,34.0,10,-1,-1,1,-1,-1,1,0,1,12690000,129832500,1,-0.8660254037844385,-0.5000000000000004,0,0,0,1
1,23.0,34,-1,-1,-1,-1,-1,-1,0,1,3757500,127905000,0,-0.5000000000000004,0.8660254037844384,0,0,1,0
1,48.0,35,1,-1,1,-1,1,1,1,0,7972500,289635000,0,-0.4999999999999997,-0.8660254037844388,0,0,1,0
0,49.0,4,0,0,0,0,0,0,0,0,3022500,13710000,0,0.49999999999999994,0.8660254037844387,1,0,0,0
0,19.0,39,-1,-1,-1,1,1,1,0,1,15187500,592372500,0,-0.8660254037844386,0.5000000000000001,0,0,0,1
1,56.0,43,-1,1,1,-1,1,1,1,1,15082500,645600000,0,1.0,6.123233995736766e-17,0,0,0,1
0,70.0,17,0,0,0,0,0,0,0,0,3615000,61485000,1,-0.8660254037844385,-0.5000000000000004,1,0,0,0
0,41.0,61,0,0,0,0,0,0,1,0,3795000,233235000,0,-0.8660254037844385,-0.5000000000000004,1,0,0,0
0,32.0,49,1,1,1,-1,-1,1,1,0,10770000,520807500,0,-0.5000000000000004,0.8660254037844384,0,1,0,0
1,74.0,4,0,0,0,0,0,0,1,0,2955000,17670000,0,-0.8660254037844385,-0.5000000000000004,1,0,0,0
0,24.0,64,-1,1,1,1,-1,1,1,0,7477500,481552500,0,-0.4999999999999997,-0.8660254037844388,0,0,1,0
1,40.0,3,-1,-1,-1,-1,-1,-1,0,1,10440000,31110000,0,-1.0,-1.8369701987210297e-16,0,0,0,1
1,42.0,1,0,0,0,0,0,0,0,0,2962500,2962500,0,-0.8660254037844385,-0.5000000000000004,1,0,0,0
1,56.0,40,-1,1,1,-1,-1,-1,1,0,12120000,469912500,0,-0.8660254037844386,0.5000000000000001,0,0,0,1
0,44.0,1,1,1,-1,1,-1,-1,0,1,9000000,9000000,1,-0.4999999999999997,-0.8660254037844388,0,0,1,0
1,34.0,8,-1,-1,-1,-1,-1,1,0,1,12982500,97447500,1,0.49999999999999994,-0.8660254037844387,0,0,0,1
0,29.0,1,0,0,0,0,0,0,0,1,3127500,3127500,1,-0.8660254037844386,0.5000000000000001,1,0,0,0
0,36.0,34,-1,-1,1,1,1,-1,1,0,9630000,315945000,0,-0.8660254037844386,0.5000000000000001,0,0,1,0
0,28.0,1,-1,-1,-1,-1,-1,1,0,0,5250000,5250000,0,0.8660254037844387,-0.4999999999999998,0,0,1,0
0,41.0,39,-1,-1,1,-1,1,1,0,1,7612500,301710000,1,0.0,1.0,0,0,1,0
0,33.0,58,1,1,-1,1,1,1,1,1,15825000,930825000,1,0.8660254037844386,0.5000000000000001,0,0,0,1
1,22.0,45,0,0,0,0,0,0,1,0,2880000,135555000,0,1.2246467991473532e-16,-1.0,1,0,0,0
1,55.0,6,1,-1,-1,-1,1,-1,0,1,12772500,75540000,1,1.0,6.123233995736766e-17,0,0,0,1
1,34.0,43,1,1,1,1,-1,-1,1,1,13597500,582345000,0,0.8660254037844387,-0.4999999999999998,0,0,0,1
1,25.0,41,0,0,0,0,0,0,1,1,3000000,131970000,0,1.0,6.123233995736766e-17,1,0,0,0
1,38.0,5,-1,1,-1,-1,-1,-1,0,1,11197500,57547500,0,0.49999999999999994,-0.8660254037844387,0,0,0,1
1,41.0,72,1,-1,1,1,1,1,1,1,9180000,658537500,0,1.2246467991473532e-16,-1.0,0,0,1,0
1,19.0,4,0,0,0,0,0,0,1,0,2992500,10230000,0,-1.0,-1.8369701987210297e-16,1,0,0,0
1,44.0,9,-1,1,-1,1,-1,-1,0,0,8220000,67920000,0,0.8660254037844386,0.5000000000000001,0,0,1,0
1,27.0,72,-1,-1,1,-1,1,1,1,1,11017500,799350000,0,0.8660254037844386,0.5000000000000001,0,0,1,0
0,61.0,33,-1,-1,-1,1,-1,-1,1,1,7717500,263835000,0,-0.8660254037844386,0.5000000000000001,0,0,1,0
0,46.0,72,1,-1,-1,-1,-1,-1,1,0,12067500,860640000,0,0.49999999999999994,0.8660254037844387,0,0,0,1
1,35.0,22,1,-1,-1,1,-1,-1,0,1,8130000,172905000,1,-0.5000000000000004,0.8660254037844384,0,0,1,0
0,31.0,70,-1,1,1,1,1,1,1,1,16425000,1151182500,1,-0.5000000000000004,0.8660254037844384,0,0,0,1
1,39.0,21,-1,1,1,-1,1,1,0,0,15660000,323692500,1,0.49999999999999994,-0.8660254037844387,0,0,0,1
1,47.0,15,-1,-1,1,-1,1,-1,0,0,12795000,182977500,0,0.49999999999999994,-0.8660254037844387,0,0,0,1
1,40.0,29,-1,-1,-1,1,-1,-1,0,1,11895000,362182500,0,0.8660254037844387,-0.4999999999999998,0,0,0,1
0,37.0,15,-1,1,1,1,1,1,0,0,11475000,173340000,0,-0.8660254037844386,0.5000000000000001,0,0,1,0
1,41.0,71,1,1,-1,-1,1,1,0,1,15765000,1132215000,1,1.2246467991473532e-16,-1.0,0,0,0,1
1,33.0,72,0,0,0,0,0,0,1,0,3810000,271402500,0,0.0,1.0,1,0,0,0
0,36.0,19,-1,-1,-1,-1,1,-1,0,1,13027500,234660000,0,-0.8660254037844385,-0.5000000000000004,0,0,0,1
1,18.0,1,0,0,0,0,0,0,0,0,2947500,2947500,0,0.8660254037844387,-0.4999999999999998,1,0,0,0
0,52.0,1,-1,1,-1,-1,-1,-1,0,1,11355000,11355000,1,-0.8660254037844385,-0.5000000000000004,0,0,0,1
0,44.0,2,-1,-1,-1,-1,-1,-1,0,0,6832500,12660000,0,-0.4999999999999997,-0.8660254037844388,0,0,1,0
0,31.0,11,-1,-1,1,-1,-1,-1,0,1,11715000,129727500,0,-1.0,-1.8369701987210297e-16,0,0,0,1
0,63.0,12,0,0,0,0,0,0,1,0,2895000,34312500,0,0.8660254037844386,0.5000000000000001,1,0,0,0
0,41.0,70,-1,1,1,1,1,1,1,1,16575000,1162807500,0,1.2246467991473532e-16,-1.0,0,0,0,1
0,28.0,20,-1,-1,1,-1,1,-1,0,0,13620000,292650000,1,-0.4999999999999997,-0.8660254037844388,0,0,0,1
0,50.0,23,0,0,0,0,0,0,0,1,3045000,70590000,0,0.0,1.0,1,0,0,0
1,45.0,49,1,1,1,1,-1,1,1,0,12202500,609135000,0,1.2246467991473532e-16,-1.0,0,0,1,0
0,45.0,4,-1,1,-1,-1,1,1,0,1,14692500,57675000,1,1.0,6.123233995736766e-17,0,0,0,1
1,35.0,32,1,1,-1,1,1,1,0,1,16222500,514935000,1,-0.8660254037844386,0.5000000000000001,0,0,0,1
1,45.0,2,-1,-1,-1,-1,-1,1,0,1,8295000,16297500,0,0.0,1.0,0,0,1,0
1,37.0,69,1,1,-1,-1,1,1,1,0,8482500,592897500,0,-0.8660254037844386,0.5000000000000001,0,0,1,0
1,47.0,6,-1,-1,-1,-1,1,-1,0,1,12075000,69457500,1,-1.0,-1.8369701987210297e-16,0,0,0,1
0,18.0,24,0,0,0,0,0,0,1,1,2955000,74107500,0,0.0,1.0,1,0,0,0
0,35.0,32,-1,1,1,-1,1,1,1,1,15607500,512527500,0,-0.5000000000000004,0.8660254037844384,0,0,0,1
0,61.0,27,1,1,-1,-1,-1,-1,1,0,7927500,224797500,0,0.49999999999999994,0.8660254037844387,0,1,0,0
0,31.0,27,1,-1,-1,1,1,1,0,1,15645000,430162500,1,1.2246467991473532e-16,-1.0,0,0,0,1
1,33.0,58,-1,-1,-1,1,-1,-1,0,0,12097500,721102500,0,0.49999999999999994,-0.8660254037844387,0,0,0,1
1,35.0,1,-1,-1,-1,-1,-1,-1,0,1,10702500,10702500,1,-0.8660254037844385,-0.5000000000000004,0,0,0,1
0,25.0,18,0,0,0,0,0,0,1,1,3697500,70702500,0,-0.5000000000000004,0.8660254037844384,1,0,0,0
0,18.0,47,0,0,0,0,0,0,1,1,3195000,156270000,0,-0.4999999999999997,-0.8660254037844388,1,0,0,0
0,37.0,70,-1,1,1,1,1,1,1,1,16530000,1153470000,0,0.49999999999999994,-0.8660254037844387,0,0,0,1
0,42.0,13,-1,1,1,1,-1,-1,0,0,13410000,169852500,1,1.2246467991473532e-16,-1.0,0,0,0,1
0,39.0,36,1,-1,-1,-1,-1,-1,0,0,7657500,272250000,0,1.2246467991473532e-16,-1.0,0,0,1,0
1,38.0,67,0,0,0,0,0,0,1,1,2970000,196695000,0,-0.8660254037844386,0.5000000000000001,1,0,0,0
0,41.0,10,0,0,0,0,0,0,0,1,2985000,29917500,0,0.8660254037844387,-0.4999999999999998,1,0,0,0
1,52.0,19,1,-1,-1,-1,-1,1,0,1,13095000,245595000,0,1.0,6.123233995736766e-17,0,0,0,1
0,38.0,71,0,0,0,0,0,0,1,0,2977500,198952500,0,-0.5000000000000004,0.8660254037844384,1,0,0,0
1,33.0,72,1,1,1,1,1,1,1,1,13410000,956482500,0,0.49999999999999994,0.8660254037844387,0,0,1,0
0,37.0,48,0,0,0,0,0,0,1,0,3000000,140385000,0,-0.4999999999999997,-0.8660254037844388,1,0,0,0
1,47.0,1,0,0,0,0,0,0,0,0,3007500,3007500,0,-0.4999999999999997,-0.8660254037844388,1,0,0,0
1,57.0,18,1,-1,1,1,1,1,0,0,12487500,241672500,0,-0.5000000000000004,0.8660254037844384,0,1,0,0
1,32.0,1,0,0,0,0,0,0,0,0,3090000,3090000,1,0.8660254037844387,-0.4999999999999998,1,0,0,0
1,41.0,67,-1,1,-1,1,1,1,1,0,15435000,1048455000,0,1.2246467991473532e-16,-1.0,0,0,0,1
1,44.0,69,1,-1,1,1,-1,-1,1,0,5865000,416925000,0,-0.8660254037844386,0.5000000000000001,0,0,1,0
1,28.0,19,-1,1,-1,-1,1,1,0,1,14992500,289762500,1,-0.4999999999999997,-0.8660254037844388,0,0,0,1
1,40.0,72,1,1,1,1,1,1,1,1,17175000,1249792500,0,-1.0,-1.8369701987210297e-16,0,0,0,1
0,22.0,38,0,0,0,0,0,0,1,0,3030000,110385000,0,0.0,1.0,1,0,0,0
1,19.0,40,-1,-1,-1,-1,-1,1,1,0,8370000,342495000,0,0.49999999999999994,0.8660254037844387,0,1,0,0
0,44.0,61,0,0,0,0,0,0,1,1,3630000,216780000,0,1.0,6.123233995736766e-17,1,0,0,0
0,35.0,10,-1,1,-1,-1,-1,-1,0,1,12150000,122707500,1,1.0,6.123233995736766e-17,0,0,0,1
1,42.0,32,1,-1,-1,1,1,-1,1,1,10920000,349957500,0,0.49999999999999994,0.8660254037844387,0,1,0,0
0,40.0,21,-1,1,-1,-1,1,1,0,1,14977500,298882500,0,0.49999999999999994,-0.8660254037844387,0,0,0,1
0,28.0,59,-1,-1,1,-1,1,1,1,1,14925000,883500000,0,0.0,1.0,0,0,0,1
0,39.0,13,-1,-1,-1,-1,-1,-1,0,1,10522500,137512500,1,0.49999999999999994,0.8660254037844387,0,0,0,1
0,25.0,47,0,0,0,0,0,0,1,0,3037500,154470000,0,0.8660254037844387,-0.4999999999999998,1,0,0,0
1,57.0,69,0,0,0,0,0,0,1,1,3900000,269482500,0,1.2246467991473532e-16,-1.0,1,0,0,0
1,24.0,2,0,0,0,0,0,0,0,1,2985000,5055000,0,0.49999999999999994,0.8660254037844387,1,0,0,0
0,38.0,22,0,0,0,0,0,0,0,0,2857500,68107500,0,0.49999999999999994,-0.8660254037844387,1,0,0,0
1,27.0,15,1,-1,1,-1,1,-1,0,1,14475000,208837500,0,0.49999999999999994,-0.8660254037844387,0,0,0,1
0,47.0,53,0,0,0,0,0,0,1,0,2977500,157440000,0,-0.4999999999999997,-0.8660254037844388,1,0,0,0
0,36.0,28,0,0,0,0,0,0,0,0,3855000,110190000,0,-0.8660254037844386,0.5000000000000001,1,0,0,0
1,34.0,22,0,0,0,0,0,0,1,0,3045000,71265000,0,1.0,6.123233995736766e-17,1,0,0,0
0,50.0,1,-1,-1,-1,-1,-1,-1,0,1,10522500,10522500,1,-0.5000000000000004,0.8660254037844384,0,0,0,1
1,40.0,16,-1,-1,1,1,-1,1,0,1,13732500,231007500,0,-0.8660254037844385,-0.5000000000000004,0,0,0,1
0,46.0,48,1,1,-1,1,-1,-1,1,0,5910000,296797500,0,0.0,1.0,0,0,1,0
1,28.0,30,1,1,1,1,1,-1,0,1,15855000,477270000,0,0.8660254037844386,0.5000000000000001,0,0,0,1
0,23.0,3,-1,-1,-1,-1,-1,-1,0,1,10537500,34455000,0,-0.8660254037844386,0.5000000000000001,0,0,0,1
1,41.0,57,1,-1,-1,1,-1,1,1,0,14062500,843832500,0,-0.5000000000000004,0.8660254037844384,0,0,0,1
0,36.0,68,1,1,-1,-1,-1,1,1,1,14482500,987285000,1,1.0,6.123233995736766e-17,0,0,0,1
0,48.0,23,-1,-1,-1,1,1,-1,1,0,9000000,202072500,0,-0.8660254037844386,0.5000000000000001,0,1,0,0
0,39.0,65,-1,-1,-1,1,1,-1,1,1,8970000,571230000,0,1.2246467991473532e-16,-1.0,0,0,1,0
1,42.0,44,-1,-1,-1,-1,1,1,1,1,13597500,596122500,0,0.49999999999999994,-0.8660254037844387,0,0,0,1
0,21.0,71,1,1,1,-1,1,1,1,1,16350000,1149270000,0,1.2246467991473532e-16,-1.0,0,0,0,1
0,63.0,37,1,-1,1,1,-1,-1,1,0,10215000,371887500,0,0.8660254037844387,-0.4999999999999998,0,0,1,0
0,38.0,12,0,0,0,0,0,0,0,0,3060000,39990000,0,-0.4999999999999997,-0.8660254037844388,1,0,0,0
1,48.0,69,-1,1,1,1,1,1,1,1,12292500,840210000,0,0.0,1.0,0,0,1,0
0,30.0,35,1,1,1,-1,-1,-1,0,0,9082500,297390000,0,-1.0,-1.8369701987210297e-16,0,1,0,0
1,44.0,5,-1,1,-1,1,-1,1,0,1,9840000,50985000,0,-1.0,-1.8369701987210297e-16,0,0,1,0
1,24.0,58,-1,-1,-1,-1,1,-1,1,0,12375000,724207500,0,-0.8660254037844385,-0.5000000000000004,0,0,0,1
1,45.0,72,1,1,1,1,-1,1,1,1,12345000,897082500,0,-0.8660254037844386,0.5000000000000001,0,1,0,0
1,36.0,72,1,1,1,1,-1,-1,1,0,10222500,721305000,0,1.0,6.123233995736766e-17,0,0,1,0
0,40.0,1,0,0,0,0,0,0,0,0,3045000,3045000,0,0.0,1.0,1,0,0,0
0,48.0,39,1,-1,1,1,1,-1,1,1,14332500,553927500,1,1.2246467991473532e-16,-1.0,0,0,0,1
1,25.0,53,0,0,0,0,0,0,1,0,3030000,160222500,0,1.0,6.123233995736766e-17,1,0,0,0
0,32.0,27,-1,-1,1,1,-1,1,0,1,13380000,357540000,0,0.49999999999999994,-0.8660254037844387,0,0,0,1
0,45.0,1,-1,-1,-1,-1,-1,-1,0,1,10447500,10447500,1,0.0,1.0,0,0,0,1
0,65.0,1,-1,-1,-1,-1,1,1,0,1,13395000,13395000,1,-0.4999999999999997,-0.8660254037844388,0,0,0,1
0,38.0,18,1,-1,-1,-1,-1,-1,0,0,11220000,215707500,0,0.8660254037844386,0.5000000000000001,0,0,0,1
1,47.0,46,0,0,0,0,0,0,1,1,3030000,137617500,0,0.49999999999999994,-0.8660254037844387,1,0,0,0
0,39.0,72,1,-1,1,1,1,1,1,1,12660000,914467500,0,0.8660254037844387,-0.4999999999999998,0,0,1,0
0,63.0,36,-1,-1,1,1,-1,1,0,1,13132500,461715000,1,1.0,6.123233995736766e-17,0,0,0,1
0,19.0,4,-1,-1,-1,-1,-1,-1,0,1,3772500,14992500,0,0.8660254037844386,0.5000000000000001,0,1,0,0
0,41.0,25,0,0,0,0,0,0,1,0,2970000,71280000,0,0.8660254037844386,0.5000000000000001,1,0,0,0
0,20.0,40,-1,1,-1,-1,1,1,0,1,7627500,305482500,0,0.8660254037844386,0.5000000000000001,0,0,1,0
1,18.0,63,-1,1,1,-1,1,1,0,1,15360000,966607500,0,0.8660254037844387,-0.4999999999999998,0,0,0,1
0,44.0,15,1,-1,1,1,-1,1,0,1,14445000,214012500,1,1.0,6.123233995736766e-17,0,0,0,1
1,42.0,14,-1,1,-1,-1,-1,-1,0,1,8325000,115132500,0,0.8660254037844386,0.5000000000000001,0,0,1,0
1,37.0,72,-1,1,1,1,1,1,1,1,16462500,1189875000,0,0.8660254037844386,0.5000000000000001,0,0,0,1
1,39.0,39,1,1,-1,-1,1,1,0,1,15960000,606097500,0,0.0,1.0,0,0,0,1
0,75.0,47,1,1,1,-1,1,1,1,1,9000000,415297500,0,-1.0,-1.8369701987210297e-16,0,0,1,0
1,37.0,19,1,1,-1,1,-1,-1,0,1,13320000,250852500,0,-1.0,-1.8369701987210297e-16,0,0,0,1
0,46.0,5,-1,-1,-1,-1,1,-1,0,1,12780000,71220000,1,-0.4999999999999997,-0.8660254037844388,0,0,0,1
0,32.0,13,-1,-1,-1,-1,-1,1,0,1,5265000,66915000,1,0.8660254037844386,0.5000000000000001,0,1,0,0
0,44.0,17,-1,-1,1,-1,-1,-1,0,0,12007500,201847500,0,0.49999999999999994,-0.8660254037844387,0,0,0,1
1,37.0,34,-1,-1,-1,-1,-1,-1,0,1,11332500,363810000,0,0.0,1.0,0,0,0,1
0,35.0,42,-1,1,-1,-1,-1,-1,0,1,7432500,311692500,0,-0.8660254037844386,0.5000000000000001,0,0,1,0
1,62.0,5,-1,1,-1,-1,-1,-1,0,1,12195000,62445000,1,-0.8660254037844386,0.5000000000000001,0,0,0,1
0,54.0,71,0,0,0,0,0,0,1,0,3585000,249525000,0,1.2246467991473532e-16,-1.0,1,0,0,0
1,42.0,19,1,-1,1,-1,1,-1,0,0,9960000,192907500,0,0.8660254037844387,-0.4999999999999998,0,0,1,0
0,18.0,2,0,0,0,0,0,0,0,1,2940000,5377500,1,0.49999999999999994,-0.8660254037844387,1,0,0,0
1,36.0,57,0,0,0,0,0,0,1,0,2820000,164152500,0,0.0,1.0,1,0,0,0
1,72.0,72,-1,1,1,1,1,1,1,1,16260000,1157925000,0,-0.8660254037844385,-0.5000000000000004,0,0,0,1
0,37.0,6,-1,1,-1,-1,-1,1,0,1,12892500,77190000,0,0.8660254037844387,-0.4999999999999998,0,0,0,1
0,53.0,17,-1,-1,-1,-1,-1,1,0,1,12817500,217740000,1,-0.8660254037844386,0.5000000000000001,0,0,0,1
1,57.0,61,-1,1,1,-1,1,1,1,0,12135000,739875000,0,-0.8660254037844386,0.5000000000000001,0,0,1,0
1,43.0,1,-1,-1,-1,-1,-1,-1,0,1,10650000,10650000,1,-0.5000000000000004,0.8660254037844384,0,0,0,1
1,30.0,48,1,1,1,1,1,1,1,0,16770000,816547500,0,1.2246467991473532e-16,-1.0,0,0,0,1
1,18.0,16,0,0,0,0,0,0,0,1,3090000,49537500,0,1.0,6.123233995736766e-17,1,0,0,0
1,48.0,9,-1,-1,-1,-1,-1,1,0,1,12757500,111975000,1,0.0,1.0,0,0,0,1
0,30.0,3,-1,-1,-1,-1,-1,-1,0,0,6690000,18405000,0,-0.8660254037844385,-0.5000000000000004,0,0,1,0
1,42.0,1,-1,-1,-1,-1,-1,-1,0,1,6660000,6660000,1,-1.0,-1.8369701987210297e-16,0,1,0,0
1,25.0,65,-1,1,1,-1,1,1,1,0,15765000,994777500,0,0.49999999999999994,0.8660254037844387,0,0,0,1
0,37.0,70,1,1,1,1,1,1,1,1,17272500,1237500000,0,-0.8660254037844386,0.5000000000000001,0,0,0,1
1,40.0,60,1,-1,-1,-1,1,-1,1,1,8970000,534172500,0,-0.4999999999999997,-0.8660254037844388,0,0,1,0
0,43.0,69,0,0,0,0,0,0,1,1,3945000,264532500,0,-0.5000000000000004,0.8660254037844384,1,0,0,0
0,27.0,35,-1,-1,-1,-1,-1,-1,0,0,10582500,362850000,0,-0.4999999999999997,-0.8660254037844388,0,0,0,1
0,54.0,22,0,0,0,0,0,0,0,1,3007500,70530000,0,0.49999999999999994,-0.8660254037844387,1,0,0,0
1,33.0,66,-1,1,1,-1,1,1,1,0,11977500,785242500,0,-0.8660254037844386,0.5000000000000001,0,0,1,0
1,20.0,1,-1,-1,-1,-1,-1,-1,0,1,10545000,10545000,1,0.49999999999999994,0.8660254037844387,0,0,0,1
0,39.0,1,-1,-1,-1,-1,1,-1,0,1,11902500,11902500,1,-0.8660254037844385,-0.5000000000000004,0,0,0,1
1,40.0,34,-1,-1,1,-1,-1,1,0,1,13507500,464550000,0,0.8660254037844386,0.5000000000000001,0,0,0,1
0,42.0,72,0,0,0,0,0,0,1,0,3667500,256365000,0,0.8660254037844387,-0.4999999999999998,1,0,0,0
1,56.0,31,1,-1,1,1,1,1,1,0,8992500,277320000,0,-0.8660254037844386,0.5000000000000001,0,0,1,0
1,37.0,30,0,0,0,0,0,0,1,0,3802500,108495000,0,-0.8660254037844386,0.5000000000000001,1,0,0,0
0,39.0,9,-1,-1,-1,-1,1,1,0,1,13620000,121462500,1,-0.5000000000000004,0.8660254037844384,0,0,0,1
1,27.0,20,-1,-1,-1,-1,-1,-1,0,1,10567500,220642500,1,0.8660254037844386,0.5000000000000001,0,0,0,1
1,50.0,19,-1,1,1,-1,-1,-1,0,1,5145000,86572500,0,-0.8660254037844385,-0.5000000000000004,0,0,1,0
0,42.0,65,1,-1,1,-1,1,1,0,1,15757500,1037242500,0,0.0,1.0,0,0,0,1
0,35.0,30,0,0,0,0,0,0,1,0,2895000,90435000,0,-0.8660254037844386,0.5000000000000001,1,0,0,0
1,18.0,6,0,0,0,0,0,0,1,0,2872500,18660000,0,0.8660254037844387,-0.4999999999999998,1,0,0,0
0,57.0,2,-1,1,-1,-1,1,1,0,0,7710000,14520000,0,0.49999999999999994,-0.8660254037844387,0,0,1,0
1,25.0,53,1,-1,-1,1,-1,1,0,0,10777500,574185000,0,0.0,1.0,0,1,0,0
1,33.0,7,-1,-1,-1,-1,-1,-1,0,1,11310000,79957500,0,-0.8660254037844385,-0.5000000000000004,0,0,0,1
0,44.0,61,1,-1,-1,-1,-1,-1,1,1,7455000,444210000,0,0.8660254037844387,-0.4999999999999998,0,0,1,0
1,26.0,70,-1,-1,-1,-1,1,1,1,1,6787500,489667500,1,0.8660254037844386,0.5000000000000001,0,0,1,0
0,22.0,13,1,-1,1,-1,1,1,0,1,11812500,149302500,0,-0.4999999999999997,-0.8660254037844388,0,0,1,0
1,18.0,35,-1,-1,1,-1,-1,-1,1,1,12240000,422287500,0,-1.0,-1.8369701987210297e-16,0,0,0,1
0,49.0,2,-1,-1,-1,-1,-1,-1,0,1,10560000,23220000,0,0.8660254037844386,0.5000000000000001,0,0,0,1
0,33.0,3,-1,-1,-1,-1,-1,-1,0,1,11370000,36945000,1,0.8660254037844387,-0.4999999999999998,0,0,0,1
0,75.0,3,-1,-1,-1,-1,-1,-1,0,0,11415000,38640000,0,0.8660254037844386,0.5000000000000001,0,0,0,1
0,28.0,62,-1,-1,-1,-1,1,1,1,1,14100000,863580000,0,0.0,1.0,0,0,0,1
1,29.0,72,1,1,1,1,-1,1,1,0,15592500,1127655000,0,1.2246467991473532e-16,-1.0,0,0,0,1
1,33.0,63,0,0,0,0,0,0,1,1,2992500,185220000,0,0.0,1.0,1,0,0,0
1,43.0,20,-1,-1,-1,-1,-1,-1,0,0,10695000,208380000,1,1.2246467991473532e-16,-1.0,0,0,0,1
0,34.0,35,1,1,1,1,1,1,1,1,16620000,575445000,0,-0.5000000000000004,0.8660254037844384,0,0,0,1
1,47.0,21,-1,-1,-1,-1,-1,-1,0,1,10365000,221212500,1,1.0,6.123233995736766e-17,0,0,0,1
1,28.0,62,1,1,-1,-1,-1,1,1,0,14415000,900217500,0,-1.0,-1.8369701987210297e-16,0,0,0,1
0,23.0,15,-1,-1,-1,-1,-1,-1,0,1,7320000,108015000,0,-0.8660254037844385,-0.5000000000000004,0,0,1,0
0,18.0,55,1,-1,-1,-1,-1,-1,0,1,7582500,424912500,0,0.8660254037844386,0.5000000000000001,0,0,1,0
0,18.0,11,-1,-1,-1,-1,-1,-1,0,1,6697500,70837500,0,1.0,6.123233995736766e-17,0,1,0,0
0,34.0,17,-1,-1,1,-1,1,-1,0,0,13237500,219097500,1,1.2246467991473532e-16,-1.0,0,0,0,1
0,36.0,61,0,0,0,0,0,0,1,0,2917500,200452500,0,0.8660254037844386,0.5000000000000001,1,0,0,0
0,32.0,71,1,1,1,1,1,1,1,0,13395000,958297500,0,0.49999999999999994,0.8660254037844387,0,1,0,0
0,55.0,2,-1,-1,-1,-1,-1,-1,0,0,10500000,22957500,1,-0.8660254037844386,0.5000000000000001,0,0,0,1
1,55.0,35,0,0,0,0,0,0,1,0,2887500,101685000,0,0.49999999999999994,0.8660254037844387,1,0,0,0
0,36.0,17,-1,-1,-1,-1,-1,-1,0,0,10575000,174840000,0,-0.4999999999999997,-0.8660254037844388,0,0,0,1
0,18.0,21,-1,-1,-1,-1,1,1,0,1,14602500,317925000,1,1.0,6.123233995736766e-17,0,0,0,1
0,33.0,47,0,0,0,0,0,0,1,0,2947500,138232500,0,0.49999999999999994,-0.8660254037844387,1,0,0,0
0,33.0,3,0,0,0,0,0,0,0,0,3127500,10800000,0,-0.4999999999999997,-0.8660254037844388,1,0,0,0
1,32.0,3,0,0,0,0,0,0,0,1,2947500,10252500,0,0.8660254037844386,0.5000000000000001,1,0,0,0
1,32.0,44,0,0,0,0,0,0,1,1,2902500,127087500,0,-0.5000000000000004,0.8660254037844384,1,0,0,0
0,32.0,1,-1,-1,-1,-1,-1,-1,0,1,6600000,6600000,0,0.49999999999999994,0.8660254037844387,0,0,1,0
0,35.0,44,-1,1,1,-1,-1,1,1,0,14160000,644302500,0,1.0,6.123233995736766e-17,0,0,0,1
1,32.0,5,0,0,0,0,0,0,0,1,3885000,20250000,1,0.49999999999999994,-0.8660254037844387,1,0,0,0
1,42.0,24,1,-1,-1,-1,-1,-1,0,1,8347500,210082500,1,0.49999999999999994,-0.8660254037844387,0,1,0,0
0,44.0,1,-1,-1,-1,-1,-1,-1,0,1,10447500,10447500,1,1.2246467991473532e-16,-1.0,0,0,0,1
0,29.0,18,1,-1,-1,-1,-1,-1,0,1,11310000,207060000,0,-0.8660254037844385,-0.5000000000000004,0,0,0,1
0,55.0,10,-1,-1,1,-1,1,1,0,1,15090000,159030000,1,0.8660254037844387,-0.4999999999999998,0,0,0,1
0,28.0,65,1,1,1,-1,-1,1,1,0,10650000,657930000,0,1.0,6.123233995736766e-17,0,0,1,0
0,21.0,1,-1,1,-1,-1,-1,1,0,1,12900000,12900000,1,0.49999999999999994,0.8660254037844387,0,0,0,1
0,45.0,53,1,-1,1,-1,1,1,1,1,16042500,867825000,1,-0.4999999999999997,-0.8660254037844388,0,0,0,1
1,30.0,3,0,0,0,0,0,0,1,0,3180000,7807500,0,1.2246467991473532e-16,-1.0,1,0,0,0
1,44.0,33,1,1,-1,1,-1,-1,1,1,9157500,302760000,0,0.49999999999999994,0.8660254037844387,0,0,1,0
1,18.0,3,-1,1,-1,-1,-1,-1,0,1,4440000,11917500,1,1.2246467991473532e-16,-1.0,0,1,0,0
0,57.0,34,1,-1,1,1,1,1,1,1,11992500,409095000,0,-0.8660254037844386,0.5000000000000001,0,0,1,0
0,48.0,14,0,0,0,0,0,0,1,1,2955000,39547500,0,-0.5000000000000004,0.8660254037844384,1,0,0,0
0,22.0,13,0,0,0,0,0,0,0,1,3045000,41310000,0,0.0,1.0,1,0,0,0
1,22.0,46,-1,1,1,1,1,1,1,1,8985000,422497500,1,-0.4999999999999997,-0.8660254037844388,0,0,1,0
1,60.0,23,0,0,0,0,0,0,1,0,3652500,80775000,0,0.49999999999999994,0.8660254037844387,1,0,0,0
0,31.0,47,0,0,0,0,0,0,1,0,2962500,142335000,0,0.0,1.0,1,0,0,0
1,30.0,17,1,-1,-1,-1,-1,-1,0,1,7545000,127020000,0,-0.4999999999999997,-0.8660254037844388,0,0,1,0
0,18.0,49,-1,-1,-1,-1,1,1,0,1,14340000,717525000,1,-1.0,-1.8369701987210297e-16,0,0,0,1
1,36.0,59,-1,1,-1,-1,1,1,0,1,7537500,449617500,0,-0.5000000000000004,0.8660254037844384,0,0,1,0
0,37.0,69,1,-1,1,1,1,1,1,1,12802500,884610000,0,0.0,1.0,0,0,1,0
1,49.0,11,-1,-1,1,-1,1,-1,1,1,6240000,70590000,1,0.49999999999999994,0.8660254037844387,0,1,0,0
1,23.0,10,1,-1,-1,-1,-1,-1,0,1,7747500,78675000,0,-1.0,-1.8369701987210297e-16,0,0,1,0
1,22.0,12,0,0,0,0,0,0,1,1,3600000,40447500,0,1.2246467991473532e-16,-1.0,1,0,0,0
1,45.0,45,-1,1,-1,-1,1,1,0,1,15127500,711000000,1,-0.8660254037844386,0.5000000000000001,0,0,0,1
0,52.0,39,-1,-1,1,-1,1,-1,0,1,8977500,351225000,0,0.8660254037844386,0.5000000000000001,0,0,1,0
1,21.0,71,0,0,0,0,0,0,1,0,3817500,268447500,0,-0.8660254037844386,0.5000000000000001,1,0,0,0
1,53.0,71,0,0,0,0,0,0,1,0,3585000,243960000,0,0.49999999999999994,0.8660254037844387,1,0,0,0
0,40.0,33,0,0,0,0,0,0,1,0,3622500,120045000,0,1.2246467991473532e-16,-1.0,1,0,0,0
1,53.0,67,-1,-1,-1,-1,-1,-1,0,1,11355000,759127500,0,0.8660254037844386,0.5000000000000001,0,0,0,1
1,39.0,37,1,1,1,-1,-1,-1,0,0,6030000,217320000,1,0.49999999999999994,0.8660254037844387,0,0,1,0
1,18.0,49,-1,-1,-1,-1,1,-1,0,0,12675000,638227500,1,0.8660254037844386,0.5000000000000001,0,0,0,1
0,38.0,9,-1,1,-1,-1,-1,-1,0,0,7627500,69990000,0,0.0,1.0,0,1,0,0
1,53.0,52,1,-1,1,1,-1,-1,1,1,13740000,694170000,0,-0.8660254037844385,-0.5000000000000004,0,0,0,1
0,29.0,70,-1,1,-1,-1,1,1,1,0,14835000,1025790000,0,0.8660254037844387,-0.4999999999999998,0,0,0,1
1,35.0,1,-1,1,-1,-1,-1,1,0,1,12750000,12750000,0,-0.4999999999999997,-0.8660254037844388,0,0,0,1
0,38.0,14,-1,1,-1,-1,-1,-1,0,1,11842500,165277500,1,0.8660254037844386,0.5000000000000001,0,0,0,1
1,18.0,1,-1,-1,-1,-1,-1,-1,0,1,6645000,6645000,0,-0.8660254037844386,0.5000000000000001,0,0,1,0
1,60.0,1,0,0,0,0,0,0,0,0,3030000,3030000,1,1.2246467991473532e-16,-1.0,1,0,0,0
0,29.0,52,-1,1,-1,-1,-1,-1,1,1,12030000,644640000,0,-0.5000000000000004,0.8660254037844384,0,0,0,1
1,46.0,6,-1,-1,1,-1,1,-1,0,0,9135000,62115000,0,1.0,6.123233995736766e-17,0,0,1,0
1,39.0,7,1,1,-1,-1,-1,-1,0,0,5130000,38490000,0,-1.0,-1.8369701987210297e-16,0,0,1,0
0,55.0,47,-1,1,1,-1,-1,-1,0,1,12780000,595402500,1,0.8660254037844387,-0.4999999999999998,0,0,0,1
0,45.0,26,1,-1,1,1,-1,-1,1,1,13072500,341115000,0,-0.8660254037844385,-0.5000000000000004,0,0,0,1
1,37.0,25,1,-1,-1,1,-1,-1,0,0,8145000,194520000,0,-0.5000000000000004,0.8660254037844384,0,0,1,0
1,29.0,69,0,0,0,0,0,0,1,1,2865000,190327500,0,-0.4999999999999997,-0.8660254037844388,1,0,0,0
0,50.0,72,1,1,1,1,1,1,1,1,16912500,1228890000,0,-0.5000000000000004,0.8660254037844384,0,0,0,1
1,18.0,4,0,0,0,0,0,0,0,1,2992500,8887500,0,0.49999999999999994,0.8660254037844387,1,0,0,0
1,48.0,59,0,0,0,0,0,0,1,0,2925000,172177500,0,0.8660254037844386,0.5000000000000001,1,0,0,0
1,27.0,67,1,-1,1,-1,-1,1,1,0,9832500,654232500,0,-0.8660254037844386,0.5000000000000001,0,1,0,0
0,55.0,26,-1,-1,-1,-1,-1,1,0,1,11820000,300915000,0,-0.8660254037844386,0.5000000000000001,0,0,0,1
0,42.0,27,-1,1,1,1,1,1,1,0,11730000,311842500,0,-0.4999999999999997,-0.8660254037844388,0,0,1,0
1,48.0,72,1,-1,1,-1,1,1,1,0,15787500,1141462500,0,-0.8660254037844385,-0.5000000000000004,0,0,0,1
0,41.0,6,-1,-1,1,1,-1,1,0,1,13387500,73057500,0,0.8660254037844387,-0.4999999999999998,0,0,0,1
1,19.0,62,0,0,0,0,0,0,1,0,3097500,182767500,0,0.8660254037844387,-0.4999999999999998,1,0,0,0
1,30.0,20,-1,1,-1,1,1,-1,1,1,10305000,212430000,0,1.2246467991473532e-16,-1.0,0,0,1,0
1,48.0,6,1,-1,1,1,1,1,0,0,11797500,72495000,0,-1.0,-1.8369701987210297e-16,0,0,1,0
1,42.0,51,0,0,0,0,0,0,1,0,3712500,185190000,0,1.0,6.123233995736766e-17,1,0,0,0
0,54.0,61,0,0,0,0,0,0,1,0,2962500,196740000,0,0.8660254037844387,-0.4999999999999998,1,0,0,0
1,45.0,62,1,1,1,-1,-1,-1,0,1,13365000,842745000,0,0.49999999999999994,0.8660254037844387,0,0,0,1
0,28.0,72,1,-1,-1,1,-1,-1,1,1,12705000,927772500,0,0.8660254037844387,-0.4999999999999998,0,0,0,1
1,30.0,13,-1,1,1,-1,1,1,0,1,14700000,185677500,1,0.0,1.0,0,0,0,1
1,41.0,5,-1,-1,1,-1,1,1,0,1,14167500,74715000,1,0.49999999999999994,0.8660254037844387,0,0,0,1
1,18.0,3,-1,1,1,-1,1,1,0,1,15750000,44167500,1,0.49999999999999994,0.8660254037844387,0,0,0,1
0,60.0,26,-1,1,1,-1,-1,1,0,1,14077500,357232500,1,1.2246467991473532e-16,-1.0,0,0,0,1
1,45.0,13,-1,1,-1,-1,1,-1,0,1,8985000,118252500,0,1.2246467991473532e-16,-1.0,0,0,1,0
0,55.0,38,0,0,0,0,0,0,1,1,2992500,113460000,0,0.49999999999999994,-0.8660254037844387,1,0,0,0
0,21.0,8,-1,-1,-1,-1,-1,1,0,1,12600000,92010000,1,0.8660254037844386,0.5000000000000001,0,0,0,1
1,55.0,34,-1,1,1,1,1,1,0,1,16335000,543780000,0,0.49999999999999994,-0.8660254037844387,0,0,0,1
1,67.0,18,1,-1,1,-1,-1,-1,0,0,5040000,82552500,0,0.49999999999999994,0.8660254037844387,0,0,1,0
1,24.0,56,-1,1,1,1,-1,-1,1,1,12877500,719070000,0,0.0,1.0,0,0,0,1
0,49.0,36,-1,1,-1,1,-1,-1,0,1,5227500,190080000,0,-0.5000000000000004,0.8660254037844384,0,1,0,0
0,40.0,9,-1,-1,1,-1,1,1,0,1,7312500,66330000,1,0.8660254037844387,-0.4999999999999998,0,0,1,0
1,21.0,1,-1,-1,1,-1,1,-1,0,1,12727500,12727500,1,1.0,6.123233995736766e-17,0,0,0,1
1,46.0,12,1,-1,-1,1,-1,-1,0,0,8497500,98227500,1,0.8660254037844386,0.5000000000000001,0,0,1,0
0,50.0,57,-1,1,1,1,1,-1,0,1,14295000,835117500,0,-0.8660254037844386,0.5000000000000001,0,0,0,1
0,33.0,42,1,1,1,1,-1,1,1,0,11085000,474082500,1,-0.8660254037844386,0.5000000000000001,0,1,0,0
0,54.0,33,0,0,0,0,0,0,1,1,3675000,111045000,1,0.0,1.0,1,0,0,0
1,20.0,70,1,1,-1,1,-1,-1,1,0,12690000,855930000,0,-0.8660254037844385,-0.5000000000000004,0,0,0,1
0,22.0,68,-1,1,-1,1,-1,1,0,0,6742500,462802500,0,-0.8660254037844385,-0.5000000000000004,0,0,1,0
1,42.0,1,-1,-1,-1,-1,-1,-1,0,1,3705000,3705000,0,1.0,6.123233995736766e-17,0,0,1,0
0,40.0,37,-1,-1,-1,1,1,1,0,0,15045000,531210000,0,0.8660254037844387,-0.4999999999999998,0,0,0,1
0,31.0,4,0,0,0,0,0,0,0,1,3817500,12630000,0,1.2246467991473532e-16,-1.0,1,0,0,0
1,50.0,1,1,-1,-1,-1,-1,-1,0,1,7605000,7605000,0,-0.4999999999999997,-0.8660254037844388,0,0,1,0
1,46.0,20,1,1,1,1,1,-1,0,1,8250000,174832500,0,-0.5000000000000004,0.8660254037844384,0,1,0,0
1,50.0,72,1,1,-1,1,1,-1,1,0,10260000,728302500,0,1.2246467991473532e-16,-1.0,0,1,0,0
0,39.0,31,-1,-1,1,-1,-1,1,0,1,13485000,421035000,1,0.49999999999999994,0.8660254037844387,0,0,0,1
1,47.0,18,-1,-1,-1,-1,-1,1,0,0,11782500,213397500,1,0.49999999999999994,0.8660254037844387,0,0,0,1
1,35.0,11,-1,-1,-1,-1,1,-1,0,1,8257500,91222500,0,0.0,1.0,0,0,1,0
0,65.0,33,0,0,0,0,0,0,1,0,2970000,96202500,0,-0.4999999999999997,-0.8660254037844388,1,0,0,0
0,30.0,62,-1,-1,-1,-1,1,-1,1,0,12667500,743872500,0,-0.8660254037844386,0.5000000000000001,0,0,0,1
0,65.0,1,-1,-1,1,1,-1,-1,0,0,5385000,5385000,0,0.49999999999999994,-0.8660254037844387,0,0,1,0
1,40.0,16,1,1,-1,-1,-1,-1,0,0,12112500,198195000,0,0.49999999999999994,-0.8660254037844387,0,0,0,1
1,23.0,22,-1,-1,1,1,1,1,1,1,11797500,249562500,0,0.8660254037844387,-0.4999999999999998,0,1,0,0
0,56.0,49,1,-1,1,1,-1,-1,0,0,9262500,453622500,0,-1.0,-1.8369701987210297e-16,0,1,0,0
1,42.0,36,1,-1,1,-1,-1,1,1,1,9555000,328275000,0,0.8660254037844386,0.5000000000000001,0,0,1,0
1,50.0,42,-1,1,1,1,-1,1,0,1,14917500,620707500,1,-0.8660254037844385,-0.5000000000000004,0,0,0,1
1,55.0,4,-1,-1,-1,-1,-1,-1,0,1,3780000,15375000,1,-0.8660254037844386,0.5000000000000001,0,0,1,0
0,44.0,12,-1,-1,-1,1,1,1,1,0,11107500,130897500,1,0.8660254037844387,-0.4999999999999998,0,0,1,0
0,33.0,31,1,-1,1,1,-1,-1,0,0,13140000,408637500,0,1.0,6.123233995736766e-17,0,0,0,1
1,52.0,5,1,-1,-1,-1,-1,1,0,1,13372500,61987500,0,-1.0,-1.8369701987210297e-16,0,0,0,1
1,40.0,66,0,0,0,0,0,0,1,0,3000000,206130000,0,-0.4999999999999997,-0.8660254037844388,1,0,0,0
0,48.0,15,-1,-1,-1,1,-1,-1,0,0,8250000,113565000,1,0.8660254037844387,-0.4999999999999998,0,0,1,0
1,18.0,64,-1,1,1,-1,1,1,1,1,15660000,1003897500,0,0.8660254037844387,-0.4999999999999998,0,0,0,1
1,45.0,10,0,0,0,0,0,0,0,1,3007500,32775000,0,0.8660254037844387,-0.4999999999999998,1,0,0,0
1,32.0,7,-1,1,-1,1,1,-1,0,1,13462500,91320000,1,0.49999999999999994,0.8660254037844387,0,0,0,1
1,60.0,29,-1,1,-1,1,-1,-1,0,0,5145000,150712500,0,-0.8660254037844385,-0.5000000000000004,0,0,1,0
1,47.0,57,0,0,0,0,0,0,1,0,3097500,168840000,0,0.0,1.0,1,0,0,0
0,43.0,46,1,1,-1,-1,-1,-1,0,0,12637500,577140000,0,-1.0,-1.8369701987210297e-16,0,0,0,1
1,46.0,53,0,0,0,0,0,0,1,0,2947500,146700000,0,0.0,1.0,1,0,0,0
0,28.0,17,1,1,-1,1,1,1,1,0,11977500,208102500,0,0.8660254037844386,0.5000000000000001,0,0,1,0
0,59.0,38,0,0,0,0,0,0,1,1,3030000,111907500,0,0.0,1.0,1,0,0,0
1,64.0,15,0,0,0,0,0,0,1,0,2970000,45690000,0,-0.5000000000000004,0.8660254037844384,1,0,0,0
0,45.0,22,-1,1,-1,-1,1,1,0,1,7552500,164827500,0,-0.4999999999999997,-0.8660254037844388,0,0,1,0
1,59.0,14,-1,-1,-1,-1,-1,1,0,1,12772500,170880000,1,1.2246467991473532e-16,-1.0,0,0,0,1
0,33.0,57,-1,1,1,1,1,-1,1,0,11190000,655342500,0,0.8660254037844386,0.5000000000000001,0,1,0,0
1,30.0,11,-1,-1,-1,-1,-1,1,0,1,11872500,124155000,0,-0.8660254037844386,0.5000000000000001,0,0,0,1
0,40.0,1,0,0,0,0,0,0,1,0,3052500,3052500,0,0.49999999999999994,-0.8660254037844387,1,0,0,0
1,45.0,12,0,0,0,0,0,0,1,0,3157500,39307500,0,-0.5000000000000004,0.8660254037844384,1,0,0,0
1,35.0,3,-1,-1,-1,-1,1,1,0,1,14190000,41932500,1,0.0,1.0,0,0,0,1
1,46.0,36,-1,1,-1,-1,1,1,0,1,14205000,526875000,0,0.8660254037844386,0.5000000000000001,0,0,0,1
1,44.0,16,1,-1,-1,-1,1,1,0,1,14137500,222487500,1,0.0,1.0,0,0,0,1
1,28.0,65,1,1,1,-1,-1,1,1,0,10867500,698077500,1,-0.4999999999999997,-0.8660254037844388,0,0,1,0
1,46.0,2,-1,1,-1,-1,-1,-1,0,0,11242500,22762500,0,0.49999999999999994,0.8660254037844387,0,0,0,1
0,50.0,42,1,-1,1,-1,1,1,0,1,15780000,660112500,1,1.0,6.123233995736766e-17,0,0,0,1
1,42.0,72,1,1,1,1,1,1,1,0,16792500,1204965000,0,-0.8660254037844386,0.5000000000000001,0,0,0,1
1,54.0,62,0,0,0,0,0,0,1,0,2977500,188047500,0,0.8660254037844387,-0.4999999999999998,1,0,0,0
0,25.0,6,-1,1,-1,-1,1,-1,0,1,13462500,82897500,0,0.8660254037844387,-0.4999999999999998,0,0,0,1
1,46.0,48,0,0,0,0,0,0,1,1,3007500,155400000,0,-0.8660254037844386,0.5000000000000001,1,0,0,0
1,26.0,35,1,-1,1,1,1,1,1,1,16342500,603825000,0,-0.4999999999999997,-0.8660254037844388,0,0,0,1
1,27.0,52,0,0,0,0,0,0,1,0,2947500,139260000,0,0.49999999999999994,-0.8660254037844387,1,0,0,0
0,32.0,1,-1,-1,-1,-1,-1,-1,0,1,3735000,3735000,0,0.49999999999999994,0.8660254037844387,0,0,1,0
1,29.0,6,-1,-1,-1,-1,1,-1,0,1,12427500,69037500,1,1.0,6.123233995736766e-17,0,0,0,1
0,33.0,71,1,1,1,1,1,1,1,0,13980000,975922500,0,0.8660254037844387,-0.4999999999999998,0,0,1,0
0,37.0,67,1,1,1,-1,-1,-1,1,0,12720000,839745000,0,0.8660254037844387,-0.4999999999999998,0,0,0,1
1,50.0,60,1,1,-1,-1,-1,1,1,1,10762500,656182500,0,-0.4999999999999997,-0.8660254037844388,0,0,1,0
1,36.0,23,-1,-1,-1,1,-1,-1,0,1,4552500,101812500,0,-0.8660254037844386,0.5000000000000001,0,0,1,0
1,21.0,39,-1,-1,1,1,1,1,1,0,8227500,328755000,0,-0.5000000000000004,0.8660254037844384,0,0,1,0
1,54.0,15,0,0,0,0,0,0,1,1,2925000,35962500,0,1.0,6.123233995736766e-17,1,0,0,0
1,30.0,53,-1,1,1,-1,1,1,0,1,15577500,822825000,1,0.8660254037844386,0.5000000000000001,0,0,0,1
1,39.0,24,0,0,0,0,0,0,1,0,3630000,91357500,0,0.49999999999999994,-0.8660254037844387,1,0,0,0
0,45.0,37,0,0,0,0,0,0,0,0,2902500,102562500,0,1.0,6.123233995736766e-17,1,0,0,0
0,42.0,5,-1,1,-1,-1,-1,1,0,1,12540000,60630000,1,-1.0,-1.8369701987210297e-16,0,0,0,1
0,53.0,50,-1,-1,-1,1,1,1,1,1,15097500,778462500,0,-0.8660254037844386,0.5000000000000001,0,0,0,1
0,46.0,54,-1,-1,1,-1,1,1,1,1,14115000,759135000,0,-0.4999999999999997,-0.8660254037844388,0,0,0,1
0,30.0,3,1,-1,-1,-1,-1,-1,0,1,11182500,35047500,0,0.49999999999999994,-0.8660254037844387,0,0,0,1
1,66.0,68,-1,1,1,1,1,1,1,0,16267500,1076482500,1,1.2246467991473532e-16,-1.0,0,0,0,1
1,42.0,5,-1,-1,1,1,-1,-1,0,0,8422500,43717500,0,-0.5000000000000004,0.8660254037844384,0,0,1,0
1,38.0,33,0,0,0,0,0,0,1,0,3052500,103462500,0,-0.8660254037844385,-0.5000000000000004,1,0,0,0
0,52.0,41,-1,1,1,-1,1,1,1,1,12082500,489585000,0,-0.5000000000000004,0.8660254037844384,0,1,0,0
0,43.0,34,1,-1,1,1,1,1,1,0,9187500,298980000,0,0.49999999999999994,-0.8660254037844387,0,0,1,0
0,45.0,13,0,0,0,0,0,0,0,1,3067500,38175000,0,-0.8660254037844385,-0.5000000000000004,1,0,0,0
0,70.0,20,0,0,0,0,0,0,0,1,2835000,52147500,0,1.0,6.123233995736766e-17,1,0,0,0
0,37.0,51,0,0,0,0,0,0,1,0,2940000,145185000,0,0.49999999999999994,0.8660254037844387,1,0,0,0
0,36.0,3,-1,1,-1,-1,-1,1,0,1,13725000,36442500,1,1.0,6.123233995736766e-17,0,0,0,1
0,41.0,41,-1,-1,-1,-1,-1,-1,0,0,6780000,276285000,0,0.8660254037844387,-0.4999999999999998,0,0,1,0
0,53.0,13,0,0,0,0,0,0,0,0,2917500,34815000,0,-0.8660254037844385,-0.5000000000000004,1,0,0,0
1,22.0,35,0,0,0,0,0,0,1,0,3817500,121387500,0,1.0,6.123233995736766e-17,1,0,0,0
1,18.0,12,1,-1,-1,1,-1,-1,0,0,12127500,129967500,1,-1.0,-1.8369701987210297e-16,0,0,0,1
1,33.0,4,1,1,-1,1,-1,1,0,1,14235000,54082500,0,0.0,1.0,0,0,0,1
0,20.0,43,-1,-1,1,-1,1,1,0,1,7357500,311430000,1,0.8660254037844387,-0.4999999999999998,0,0,1,0
0,35.0,12,-1,-1,-1,1,-1,-1,0,1,4395000,53385000,0,-0.4999999999999997,-0.8660254037844388,0,0,1,0
1,46.0,68,-1,1,1,-1,1,1,0,1,15795000,1094947500,1,-0.8660254037844386,0.5000000000000001,0,0,0,1
1,29.0,25,-1,1,-1,-1,1,-1,0,1,13342500,343680000,1,-0.5000000000000004,0.8660254037844384,0,0,0,1
0,23.0,7,0,0,0,0,0,0,1,0,3037500,19372500,0,0.49999999999999994,0.8660254037844387,1,0,0,0
1,41.0,66,-1,1,1,1,1,1,1,1,16627500,1123762500,1,-1.0,-1.8369701987210297e-16,0,0,0,1
0,50.0,53,1,1,1,1,1,1,1,0,16575000,875325000,0,0.0,1.0,0,0,0,1
1,20.0,63,1,1,1,-1,1,1,0,1,16410000,1054717500,0,-1.0,-1.8369701987210297e-16,0,0,0,1
0,50.0,70,1,1,1,1,1,1,1,1,17130000,1158585000,1,-0.8660254037844385,-0.5000000000000004,0,0,0,1
1,50.0,27,-1,-1,-1,-1,-1,1,0,0,5475000,154800000,1,0.8660254037844387,-0.4999999999999998,0,0,1,0
0,51.0,1,-1,-1,-1,-1,-1,-1,0,0,10612500,10612500,1,0.8660254037844387,-0.4999999999999998,0,0,0,1
0,55.0,5,0,0,0,0,0,0,0,0,2992500,16440000,0,0.49999999999999994,0.8660254037844387,1,0,0,0
0,66.0,37,0,0,0,0,0,0,1,0,2940000,109170000,0,0.49999999999999994,-0.8660254037844387,1,0,0,0
1,36.0,3,-1,-1,1,-1,1,-1,0,1,6022500,19612500,1,0.0,1.0,0,0,1,0
0,41.0,12,-1,-1,-1,-1,-1,-1,0,1,11490000,133950000,0,0.8660254037844387,-0.4999999999999998,0,0,0,1
0,35.0,38,0,0,0,0,0,0,1,0,2940000,114465000,0,-0.8660254037844385,-0.5000000000000004,1,0,0,0
0,40.0,9,-1,-1,1,-1,-1,1,0,1,12795000,117210000,0,0.8660254037844386,0.5000000000000001,0,0,0,1
1,58.0,13,1,-1,-1,-1,-1,1,0,1,9877500,135337500,0,-1.0,-1.8369701987210297e-16,0,1,0,0
1,24.0,29,-1,-1,-1,-1,1,1,0,1,14167500,398047500,1,-0.8660254037844385,-0.5000000000000004,0,0,0,1
0,30.0,47,0,0,0,0,0,0,1,0,3007500,152505000,0,-0.5000000000000004,0.8660254037844384,1,0,0,0
1,57.0,61,1,-1,1,1,1,-1,0,0,14910000,891547500,0,1.2246467991473532e-16,-1.0,0,0,0,1
1,52.0,16,0,0,0,0,0,0,0,0,3000000,41355000,0,0.49999999999999994,-0.8660254037844387,1,0,0,0
0,36.0,41,1,1,-1,1,1,1,1,0,11767500,468967500,0,0.0,1.0,0,0,1,0
0,50.0,43,0,0,0,0,0,0,1,1,3765000,160522500,0,0.0,1.0,1,0,0,0
0,44.0,36,-1,1,1,-1,1,-1,0,1,14602500,518685000,1,1.2246467991473532e-16,-1.0,0,0,0,1
0,58.0,6,-1,-1,-1,-1,-1,1,0,1,8250000,51060000,0,-1.0,-1.8369701987210297e-16,0,0,1,0
0,41.0,58,1,1,1,1,-1,-1,1,1,10665000,644880000,0,-0.5000000000000004,0.8660254037844384,0,0,1,0
1,52.0,19,-1,-1,-1,1,1,-1,0,1,9232500,163980000,0,0.0,1.0,0,0,1,0
1,72.0,11,-1,-1,-1,-1,-1,-1,0,1,6885000,78285000,0,0.49999999999999994,0.8660254037844387,0,0,1,0
0,47.0,39,1,1,-1,1,-1,-1,1,1,6045000,244560000,0,0.8660254037844387,-0.4999999999999998,0,1,0,0
0,41.0,8,-1,1,-1,-1,1,-1,0,1,13065000,107040000,0,-0.5000000000000004,0.8660254037844384,0,0,0,1
0,49.0,26,-1,-1,-1,-1,-1,-1,0,1,7425000,189847500,0,0.49999999999999994,-0.8660254037844387,0,0,1,0
0,36.0,53,-1,1,-1,-1,-1,-1,0,1,11070000,600577500,0,-0.8660254037844385,-0.5000000000000004,0,0,0,1
0,69.0,70,0,0,0,0,0,0,1,1,2880000,210210000,0,-1.0,-1.8369701987210297e-16,1,0,0,0
1,42.0,1,-1,-1,-1,-1,1,1,0,1,6795000,6795000,1,1.2246467991473532e-16,-1.0,0,0,1,0
1,37.0,59,0,0,0,0,0,0,1,0,3750000,226575000,0,-1.0,-1.8369701987210297e-16,1,0,0,0
1,30.0,2,-1,-1,1,-1,1,1,0,0,14242500,26715000,1,0.0,1.0,0,0,0,1
1,53.0,7,1,-1,1,-1,-1,-1,1,0,5295000,39720000,0,0.8660254037844386,0.5000000000000001,0,0,1,0
0,50.0,12,-1,-1,-1,-1,-1,-1,0,1,6682500,72090000,1,0.49999999999999994,-0.8660254037844387,0,0,1,0
1,34.0,59,-1,1,1,1,1,1,1,0,11512500,681285000,0,-0.5000000000000004,0.8660254037844384,0,0,1,0
1,47.0,61,-1,-1,1,1,1,1,1,1,12150000,746422500,0,0.49999999999999994,0.8660254037844387,0,0,1,0
1,22.0,72,1,-1,1,-1,1,1,1,1,15832500,1131337500,0,-0.5000000000000004,0.8660254037844384,0,0,0,1
0,42.0,13,0,0,0,0,0,0,0,0,2820000,37687500,0,-0.4999999999999997,-0.8660254037844388,1,0,0,0
0,45.0,64,0,0,0,0,0,0,1,0,3735000,239325000,0,0.8660254037844387,-0.4999999999999998,1,0,0,0
1,60.0,1,-1,-1,-1,-1,-1,-1,0,1,3517500,3517500,1,0.8660254037844386,0.5000000000000001,0,0,1,0
0,31.0,10,-1,1,-1,1,-1,1,1,0,9735000,102832500,0,0.0,1.0,0,0,1,0
0,25.0,65,1,1,1,-1,-1,-1,1,0,9202500,581115000,0,0.0,1.0,0,1,0,0
0,29.0,62,1,1,1,1,1,1,1,0,17092500,1033710000,0,-0.8660254037844385,-0.5000000000000004,0,0,0,1
0,24.0,55,1,1,1,1,1,1,1,1,13522500,737542500,0,1.0,6.123233995736766e-17,0,0,1,0
0,56.0,25,-1,1,-1,-1,-1,-1,0,0,8115000,205950000,0,-0.8660254037844385,-0.5000000000000004,0,0,1,0
1,59.0,1,1,-1,-1,-1,-1,-1,0,0,4455000,4455000,1,1.2246467991473532e-16,-1.0,0,1,0,0
1,44.0,1,1,-1,-1,-1,-1,-1,0,1,7470000,7470000,0,-0.4999999999999997,-0.8660254037844388,0,0,1,0
0,55.0,59,-1,1,-1,-1,1,1,0,0,15165000,905985000,1,0.0,1.0,0,0,0,1
1,42.0,64,0,0,0,0,0,0,1,1,3660000,232297500,0,-0.8660254037844386,0.5000000000000001,1,0,0,0
1,39.0,36,-1,-1,-1,-1,1,1,0,1,14250000,516037500,0,0.49999999999999994,-0.8660254037844387,0,0,0,1
0,36.0,3,-1,-1,-1,-1,-1,-1,0,1,7597500,22695000,1,-0.8660254037844385,-0.5000000000000004,0,1,0,0
1,36.0,61,1,-1,1,-1,-1,1,1,1,10485000,634005000,0,1.2246467991473532e-16,-1.0,0,0,1,0
1,21.0,26,-1,1,-1,-1,1,-1,1,1,5992500,153562500,0,0.8660254037844386,0.5000000000000001,0,0,1,0
0,43.0,1,-1,-1,-1,-1,-1,1,0,1,8310000,8310000,1,-0.4999999999999997,-0.8660254037844388,0,0,1,0
0,40.0,1,-1,1,-1,-1,1,-1,0,1,13590000,13590000,1,1.0,6.123233995736766e-17,0,0,0,1
1,49.0,68,1,1,1,-1,1,1,1,1,15487500,1061160000,0,-0.8660254037844385,-0.5000000000000004,0,0,0,1
1,41.0,2,-1,-1,-1,-1,1,-1,0,1,13027500,23452500,1,0.49999999999999994,-0.8660254037844387,0,0,0,1
0,38.0,72,1,1,1,1,-1,-1,1,1,14137500,1027462500,0,-0.8660254037844385,-0.5000000000000004,0,0,0,1
0,30.0,71,-1,-1,1,1,-1,1,1,1,7057500,489540000,0,-0.8660254037844385,-0.5000000000000004,0,0,1,0
1,41.0,57,0,0,0,0,0,0,1,0,3082500,187927500,0,-0.8660254037844385,-0.5000000000000004,1,0,0,0
1,49.0,4,0,0,0,0,0,0,0,1,2947500,10132500,0,1.0,6.123233995736766e-17,1,0,0,0
0,26.0,1,-1,-1,-1,-1,-1,-1,0,1,10530000,10530000,0,0.8660254037844386,0.5000000000000001,0,0,0,1
1,41.0,72,1,1,1,1,-1,1,1,0,12150000,862500000,0,1.2246467991473532e-16,-1.0,0,1,0,0
1,43.0,21,1,-1,-1,-1,1,1,1,1,11385000,232462500,0,1.2246467991473532e-16,-1.0,0,0,1,0
0,31.0,71,0,0,0,0,0,0,1,0,3705000,271582500,0,0.49999999999999994,-0.8660254037844387,1,0,0,0
0,33.0,29,-1,-1,1,-1,1,1,0,1,14857500,442927500,1,0.8660254037844386,0.5000000000000001,0,0,0,1
0,43.0,69,1,-1,1,1,1,1,1,0,16537500,1120132500,0,-0.4999999999999997,-0.8660254037844388,0,0,0,1
0,26.0,64,1,-1,1,1,1,1,1,1,12750000,822660000,0,-0.8660254037844386,0.5000000000000001,0,0,1,0
1,44.0,16,0,0,0,0,0,0,0,0,2962500,44235000,0,-0.8660254037844385,-0.5000000000000004,1,0,0,0
0,29.0,4,0,0,0,0,0,0,1,0,3585000,14625000,0,1.0,6.123233995736766e-17,1,0,0,0
0,53.0,52,1,1,-1,1,1,1,1,1,16687500,887467500,1,-0.8660254037844385,-0.5000000000000004,0,0,0,1
1,68.0,2,1,-1,1,-1,-1,-1,0,1,8265000,17002500,1,1.0,6.123233995736766e-17,0,0,1,0
1,30.0,1,0,0,0,0,0,0,0,0,2992500,2992500,0,0.8660254037844387,-0.4999999999999998,1,0,0,0
1,46.0,18,-1,-1,-1,-1,-1,-1,0,0,3772500,71520000,0,0.8660254037844387,-0.4999999999999998,0,1,0,0
0,31.0,2,-1,1,-1,-1,-1,-1,0,0,8122500,15247500,0,-0.4999999999999997,-0.8660254037844388,0,0,1,0
0,52.0,19,-1,1,-1,-1,-1,1,0,1,8970000,169627500,0,1.0,6.123233995736766e-17,0,1,0,0
0,25.0,40,-1,-1,-1,-1,-1,1,0,0,12577500,529837500,0,-0.4999999999999997,-0.8660254037844388,0,0,0,1
0,46.0,66,-1,1,1,-1,1,1,1,1,15735000,1033717500,0,0.0,1.0,0,0,0,1
1,30.0,21,-1,-1,-1,-1,-1,-1,0,0,11295000,235605000,0,0.8660254037844387,-0.4999999999999998,0,0,0,1
1,38.0,8,-1,1,-1,1,1,-1,0,1,9997500,78142500,0,-0.4999999999999997,-0.8660254037844388,0,0,1,0
0,28.0,72,1,1,1,1,1,1,1,1,16425000,1178235000,0,1.0,6.123233995736766e-17,0,0,0,1
0,50.0,48,-1,1,1,1,1,-1,1,1,11077500,537210000,0,-0.4999999999999997,-0.8660254037844388,0,1,0,0
1,30.0,69,0,0,0,0,0,0,1,1,2895000,217185000,0,-0.5000000000000004,0.8660254037844384,1,0,0,0
1,47.0,72,1,1,1,1,1,1,1,1,17730000,1282072500,0,0.8660254037844387,-0.4999999999999998,0,0,0,1
0,36.0,14,-1,1,-1,-1,-1,-1,1,0,7717500,109177500,0,0.49999999999999994,0.8660254037844387,0,0,1,0
1,39.0,6,-1,1,-1,-1,1,-1,0,0,8917500,53640000,0,0.8660254037844386,0.5000000000000001,0,0,1,0
0,42.0,8,0,0,0,0,0,0,1,0,2925000,23902500,0,-0.4999999999999997,-0.8660254037844388,1,0,0,0
0,31.0,17,0,0,0,0,0,0,1,0,2932500,42127500,0,0.49999999999999994,0.8660254037844387,1,0,0,0
1,43.0,65,1,-1,-1,1,-1,1,1,0,14032500,910387500,0,0.49999999999999994,0.8660254037844387,0,0,0,1
0,58.0,57,1,-1,1,1,-1,-1,1,1,8895000,491152500,0,0.0,1.0,0,0,1,0
1,31.0,13,-1,-1,1,-1,1,1,0,1,15337500,203850000,1,0.8660254037844386,0.5000000000000001,0,0,0,1
1,54.0,19,-1,-1,1,-1,1,1,0,1,14385000,266685000,1,-0.5000000000000004,0.8660254037844384,0,0,0,1
0,58.0,56,1,1,1,-1,1,1,1,0,16470000,916447500,0,0.8660254037844387,-0.4999999999999998,0,0,0,1
0,30.0,14,-1,-1,-1,-1,-1,1,0,1,11715000,168360000,0,-0.8660254037844386,0.5000000000000001,0,0,0,1
1,23.0,52,1,-1,-1,-1,-1,1,0,1,5985000,303135000,0,1.2246467991473532e-16,-1.0,0,0,1,0
0,44.0,58,1,1,1,1,-1,-1,1,1,9735000,569317500,0,0.8660254037844387,-0.4999999999999998,0,0,1,0
0,33.0,47,-1,1,-1,1,1,-1,0,1,14257500,675682500,1,-0.4999999999999997,-0.8660254037844388,0,0,0,1
0,62.0,67,-1,-1,1,1,1,1,0,1,8010000,536872500,0,-0.8660254037844385,-0.5000000000000004,0,1,0,0
1,40.0,2,-1,-1,-1,-1,-1,-1,0,1,3735000,7455000,0,-0.8660254037844386,0.5000000000000001,0,0,1,0
1,30.0,6,-1,-1,-1,-1,-1,-1,0,0,6705000,41475000,0,0.8660254037844386,0.5000000000000001,0,0,1,0
1,26.0,71,1,1,1,1,1,1,1,1,17100000,1226385000,0,-0.8660254037844386,0.5000000000000001,0,0,0,1
0,53.0,46,0,0,0,0,0,0,1,0,3037500,133552500,0,-1.0,-1.8369701987210297e-16,1,0,0,0
0,33.0,5,1,-1,-1,1,-1,-1,0,0,8077500,38970000,1,-0.8660254037844385,-0.5000000000000004,0,0,1,0
1,41.0,67,1,1,-1,-1,-1,-1,0,0,12577500,838320000,0,-0.8660254037844386,0.5000000000000001,0,0,0,1
1,51.0,3,0,0,0,0,0,0,0,0,3030000,7590000,0,1.2246467991473532e-16,-1.0,1,0,0,0
0,34.0,3,0,0,0,0,0,0,0,0,2992500,8700000,0,-1.0,-1.8369701987210297e-16,1,0,0,0
1,39.0,52,1,-1,1,-1,1,1,0,1,15630000,835252500,1,0.49999999999999994,-0.8660254037844387,0,0,0,1
0,40.0,42,-1,-1,-1,-1,-1,-1,0,1,7537500,330547500,1,0.49999999999999994,-0.8660254037844387,0,0,1,0
1,48.0,50,0,0,0,0,0,0,1,1,3052500,140842500,0,0.8660254037844387,-0.4999999999999998,1,0,0,0
1,47.0,23,1,1,-1,-1,-1,1,0,1,13500000,303615000,0,-0.5000000000000004,0.8660254037844384,0,0,0,1
0,37.0,67,1,1,1,1,1,-1,1,0,8130000,543592500,0,1.2246467991473532e-16,-1.0,0,1,0,0
0,41.0,25,-1,1,1,-1,1,1,0,1,14925000,355357500,1,0.8660254037844387,-0.4999999999999998,0,0,0,1
0,36.0,39,1,1,-1,-1,1,1,1,0,14865000,581692500,0,0.8660254037844387,-0.4999999999999998,0,0,0,1
0,22.0,69,1,1,-1,1,-1,-1,1,1,10035000,686685000,0,0.8660254037844387,-0.4999999999999998,0,0,1,0
0,43.0,1,-1,-1,-1,-1,-1,-1,1,0,3877500,3877500,0,0.8660254037844386,0.5000000000000001,0,0,1,0
1,63.0,32,-1,-1,-1,-1,1,1,0,0,13657500,430725000,0,0.8660254037844387,-0.4999999999999998,0,0,0,1
0,29.0,9,-1,-1,-1,-1,-1,-1,0,0,10650000,100882500,1,0.8660254037844386,0.5000000000000001,0,0,0,1
0,31.0,16,-1,1,1,-1,-1,1,0,1,13980000,236055000,1,0.0,1.0,0,0,0,1
1,30.0,60,0,0,0,0,0,0,1,1,3142500,190582500,0,0.8660254037844387,-0.4999999999999998,1,0,0,0
0,49.0,72,-1,1,1,1,1,1,1,1,16380000,1156717500,0,0.8660254037844386,0.5000000000000001,0,0,0,1
1,45.0,5,0,0,0,0,0,0,0,0,2902500,18907500,1,1.0,6.123233995736766e-17,1,0,0,0
0,38.0,26,1,-1,-1,-1,1,-1,0,1,12870000,329047500,0,-0.5000000000000004,0.8660254037844384,0,0,0,1
1,29.0,3,0,0,0,0,0,0,0,0,2977500,9682500,1,0.8660254037844386,0.5000000000000001,1,0,0,0
1,41.0,2,0,0,0,0,0,0,0,1,2947500,4680000,0,-1.0,-1.8369701987210297e-16,1,0,0,0
0,21.0,2,0,0,0,0,0,0,1,0,3075000,5737500,0,-0.5000000000000004,0.8660254037844384,1,0,0,0
0,42.0,36,1,-1,1,1,1,1,1,1,13447500,502215000,0,0.49999999999999994,-0.8660254037844387,0,0,1,0
1,50.0,7,1,-1,-1,-1,-1,-1,0,0,11152500,80040000,0,0.49999999999999994,-0.8660254037844387,0,0,0,1
0,25.0,60,-1,1,-1,-1,1,1,1,1,7417500,436132500,0,1.2246467991473532e-16,-1.0,0,0,1,0
0,22.0,19,-1,1,-1,-1,-1,1,0,1,13365000,243120000,0,-0.5000000000000004,0.8660254037844384,0,0,0,1
1,59.0,45,1,-1,1,1,-1,1,1,0,11272500,522052500,0,-0.4999999999999997,-0.8660254037844388,0,0,1,0
1,33.0,4,-1,-1,-1,-1,-1,-1,0,1,10597500,44077500,0,-0.4999999999999997,-0.8660254037844388,0,0,0,1
0,54.0,31,-1,-1,1,1,1,1,0,1,15630000,486517500,1,-1.0,-1.8369701987210297e-16,0,0,0,1
1,38.0,47,1,-1,1,-1,-1,1,0,0,13507500,620580000,0,-0.8660254037844385,-0.5000000000000004,0,0,0,1
1,38.0,1,-1,-1,-1,-1,-1,1,0,1,11887500,11887500,1,0.8660254037844386,0.5000000000000001,0,0,0,1
0,45.0,1,-1,-1,-1,-1,-1,-1,0,1,6735000,6735000,1,-0.5000000000000004,0.8660254037844384,0,1,0,0
0,29.0,1,0,0,0,0,0,0,0,0,2910000,2910000,0,-0.8660254037844385,-0.5000000000000004,1,0,0,0
0,42.0,59,-1,-1,1,-1,-1,1,0,1,13312500,802297500,0,0.0,1.0,0,0,0,1
1,35.0,10,-1,-1,-1,-1,-1,-1,0,1,10515000,98947500,1,-0.4999999999999997,-0.8660254037844388,0,0,0,1
1,24.0,35,1,-1,-1,-1,-1,1,0,0,13650000,477075000,0,-0.5000000000000004,0.8660254037844384,0,0,0,1
1,44.0,4,-1,-1,1,-1,-1,-1,0,1,4447500,17775000,1,-1.0,-1.8369701987210297e-16,0,0,1,0
1,37.0,32,1,1,-1,-1,-1,1,1,1,13620000,453577500,0,-0.8660254037844386,0.5000000000000001,0,0,0,1
1,38.0,43,-1,1,-1,-1,-1,-1,0,1,11677500,504877500,1,1.0,6.123233995736766e-17,0,0,0,1
1,25.0,4,-1,-1,-1,-1,-1,1,0,0,8145000,29295000,1,1.2246467991473532e-16,-1.0,0,0,1,0
0,59.0,54,0,0,0,0,0,0,1,1,2842500,154665000,0,0.8660254037844387,-0.4999999999999998,1,0,0,0
0,51.0,11,-1,-1,-1,-1,1,1,0,1,14272500,149647500,1,1.2246467991473532e-16,-1.0,0,0,0,1
0,52.0,66,1,-1,-1,-1,1,1,1,1,15360000,970777500,0,0.8660254037844386,0.5000000000000001,0,0,0,1
1,36.0,61,-1,-1,1,-1,1,1,1,1,14985000,936202500,0,0.8660254037844386,0.5000000000000001,0,0,0,1
1,19.0,72,1,1,1,1,1,1,1,0,13305000,975202500,0,0.49999999999999994,0.8660254037844387,0,0,1,0
1,63.0,44,-1,-1,1,1,1,1,1,1,8145000,347565000,0,0.8660254037844386,0.5000000000000001,0,0,1,0
1,39.0,41,-1,-1,1,-1,-1,-1,0,1,8355000,335632500,0,0.49999999999999994,0.8660254037844387,0,1,0,0
1,31.0,50,1,-1,1,-1,1,1,1,1,15592500,784695000,0,0.49999999999999994,0.8660254037844387,0,0,0,1
1,45.0,47,1,-1,1,1,1,1,1,1,16627500,791370000,1,-0.8660254037844385,-0.5000000000000004,0,0,0,1
1,54.0,8,0,0,0,0,0,0,1,0,3022500,24825000,0,-1.0,-1.8369701987210297e-16,1,0,0,0
1,40.0,18,0,0,0,0,0,0,0,0,3007500,53775000,0,1.0,6.123233995736766e-17,1,0,0,0
1,55.0,72,1,1,1,1,1,1,1,1,13792500,992235000,0,-0.8660254037844385,-0.5000000000000004,0,0,1,0
1,53.0,1,-1,-1,-1,-1,-1,1,0,0,12075000,12075000,1,-0.8660254037844385,-0.5000000000000004,0,0,0,1
0,27.0,42,-1,-1,1,-1,-1,-1,0,0,8347500,363262500,0,1.0,6.123233995736766e-17,0,0,1,0
0,32.0,18,-1,1,-1,-1,-1,-1,0,1,11205000,194190000,0,-0.8660254037844385,-0.5000000000000004,0,0,0,1
0,51.0,13,-1,1,1,-1,1,1,1,1,15622500,194865000,0,-1.0,-1.8369701987210297e-16,0,0,0,1
0,18.0,68,-1,1,-1,1,-1,-1,1,1,12547500,860010000,0,-0.5000000000000004,0.8660254037844384,0,0,0,1
1,38.0,4,-1,-1,-1,-1,-1,-1,0,1,10830000,45832500,1,-1.0,-1.8369701987210297e-16,0,0,0,1
1,23.0,69,1,1,1,-1,1,1,1,1,16507500,1114612500,0,-0.8660254037844386,0.5000000000000001,0,0,0,1
1,34.0,17,-1,-1,-1,1,-1,-1,0,0,7725000,135075000,1,1.2246467991473532e-16,-1.0,0,1,0,0
1,36.0,25,0,0,0,0,0,0,1,0,3825000,94590000,0,0.8660254037844386,0.5000000000000001,1,0,0,0
1,36.0,43,-1,-1,-1,-1,1,1,0,1,13432500,578512500,1,0.49999999999999994,0.8660254037844387,0,0,0,1
0,33.0,59,0,0,0,0,0,0,1,0,2925000,183397500,0,-0.4999999999999997,-0.8660254037844388,1,0,0,0
0,27.0,5,1,1,-1,-1,-1,-1,0,0,12105000,56220000,0,1.2246467991473532e-16,-1.0,0,0,0,1
1,68.0,21,1,1,-1,1,1,-1,1,0,11625000,243750000,1,0.0,1.0,0,0,1,0
0,62.0,69,1,1,1,1,1,-1,1,1,15765000,1085220000,0,0.8660254037844386,0.5000000000000001,0,0,0,1
1,26.0,13,-1,-1,-1,-1,-1,-1,0,1,3772500,49777500,0,0.49999999999999994,0.8660254037844387,0,0,1,0
1,59.0,42,-1,1,1,-1,1,-1,0,1,14287500,593902500,1,-1.0,-1.8369701987210297e-16,0,0,0,1
1,35.0,52,-1,1,-1,1,-1,1,0,1,14347500,763260000,0,-0.8660254037844386,0.5000000000000001,0,0,0,1
1,42.0,46,1,-1,-1,-1,-1,1,0,0,12750000,595410000,1,0.8660254037844386,0.5000000000000001,0,0,0,1
1,39.0,61,1,1,1,1,-1,1,1,1,12120000,729127500,0,-0.8660254037844385,-0.5000000000000004,0,0,1,0
1,32.0,29,-1,-1,-1,-1,-1,-1,1,1,3727500,118207500,0,-0.8660254037844386,0.5000000000000001,0,1,0,0
0,52.0,25,-1,1,-1,1,-1,-1,1,1,8212500,189952500,0,1.0,6.123233995736766e-17,0,0,1,0
0,42.0,5,-1,-1,-1,1,1,-1,0,1,12862500,70642500,1,0.8660254037844386,0.5000000000000001,0,0,0,1
1,34.0,15,-1,-1,1,-1,1,1,1,0,7612500,103230000,0,0.8660254037844387,-0.4999999999999998,0,0,1,0
0,24.0,19,0,0,0,0,0,0,1,0,3022500,58155000,0,-0.8660254037844386,0.5000000000000001,1,0,0,0
1,29.0,44,0,0,0,0,0,0,1,0,3007500,126787500,0,-0.8660254037844385,-0.5000000000000004,1,0,0,0
0,20.0,6,-1,1,-1,-1,1,1,0,1,14737500,84090000,1,-0.4999999999999997,-0.8660254037844388,0,0,0,1
1,40.0,58,1,1,1,1,-1,-1,1,0,10740000,634537500,0,-0.8660254037844386,0.5000000000000001,0,0,1,0
1,26.0,62,1,1,-1,-1,-1,-1,1,1,12217500,747457500,0,-0.8660254037844385,-0.5000000000000004,0,0,0,1
0,37.0,70,-1,1,1,1,1,1,1,1,8760000,616972500,0,-1.0,-1.8369701987210297e-16,0,0,1,0
0,56.0,1,-1,-1,-1,-1,-1,-1,0,1,3855000,3855000,1,-0.8660254037844385,-0.5000000000000004,0,1,0,0
1,54.0,10,1,1,1,1,-1,1,1,0,8055000,78150000,0,0.8660254037844386,0.5000000000000001,0,0,1,0
1,40.0,26,0,0,0,0,0,0,1,1,2940000,70777500,0,0.8660254037844386,0.5000000000000001,1,0,0,0
1,39.0,66,-1,1,-1,-1,-1,1,0,0,13410000,896535000,0,1.2246467991473532e-16,-1.0,0,0,0,1
0,63.0,7,-1,-1,-1,-1,-1,-1,0,1,10350000,76035000,1,1.0,6.123233995736766e-17,0,0,0,1
1,46.0,51,-1,1,-1,1,-1,-1,1,0,12630000,644962500,0,0.49999999999999994,0.8660254037844387,0,0,0,1
1,36.0,72,1,1,1,1,1,-1,1,1,15915000,1132290000,0,-0.5000000000000004,0.8660254037844384,0,0,0,1
1,23.0,65,0,0,0,0,0,0,1,0,3862500,248212500,0,-0.5000000000000004,0.8660254037844384,1,0,0,0
1,45.0,2,-1,-1,-1,-1,-1,-1,0,0,6907500,12052500,1,1.0,6.123233995736766e-17,0,0,1,0
1,50.0,70,1,1,-1,1,-1,-1,1,0,9742500,682725000,0,1.2246467991473532e-16,-1.0,0,1,0,0
1,32.0,72,-1,1,1,1,1,1,1,1,12817500,934125000,0,1.0,6.123233995736766e-17,0,0,1,0
0,43.0,1,0,0,0,0,0,0,0,0,3007500,3007500,0,-0.5000000000000004,0.8660254037844384,1,0,0,0
0,36.0,1,-1,1,-1,-1,-1,-1,0,1,11460000,11460000,1,0.8660254037844387,-0.4999999999999998,0,0,0,1
0,38.0,5,-1,-1,1,-1,1,1,0,1,15075000,77100000,1,-1.0,-1.8369701987210297e-16,0,0,0,1
1,18.0,3,0,0,0,0,0,0,0,0,3105000,8625000,0,0.49999999999999994,0.8660254037844387,1,0,0,0
1,37.0,58,0,0,0,0,0,0,1,1,3795000,221152500,0,-0.4999999999999997,-0.8660254037844388,1,0,0,0
1,52.0,22,1,-1,-1,-1,-1,1,0,0,6007500,132030000,1,-0.4999999999999997,-0.8660254037844388,0,1,0,0
1,32.0,33,-1,1,-1,-1,1,1,0,1,15090000,490537500,0,-0.8660254037844385,-0.5000000000000004,0,0,0,1
1,41.0,1,-1,-1,-1,-1,-1,-1,0,0,10492500,10492500,1,-1.0,-1.8369701987210297e-16,0,0,0,1
1,31.0,54,-1,-1,-1,-1,-1,-1,0,0,11100000,587872500,0,0.8660254037844387,-0.4999999999999998,0,0,0,1
1,44.0,72,-1,1,-1,-1,1,1,1,1,14910000,1092855000,0,0.49999999999999994,-0.8660254037844387,0,0,0,1
1,37.0,1,-1,-1,-1,-1,1,1,0,1,13995000,13995000,1,-0.5000000000000004,0.8660254037844384,0,0,0,1
1,29.0,3,-1,-1,1,-1,-1,-1,0,1,7372500,25357500,1,-0.5000000000000004,0.8660254037844384,0,0,1,0
0,56.0,72,1,1,1,1,-1,1,1,0,16117500,1148745000,0,1.0,6.123233995736766e-17,0,0,0,1
0,51.0,72,1,1,1,-1,1,1,1,1,12540000,893895000,0,1.2246467991473532e-16,-1.0,0,1,0,0
1,33.0,54,-1,-1,1,-1,1,1,0,1,14857500,794355000,0,1.2246467991473532e-16,-1.0,0,0,0,1
0,46.0,59,-1,1,-1,1,1,1,1,1,12015000,703980000,0,0.49999999999999994,0.8660254037844387,0,0,1,0
1,46.0,54,1,1,-1,-1,1,-1,1,1,9795000,526935000,0,-0.4999999999999997,-0.8660254037844388,0,1,0,0
1,48.0,60,-1,-1,1,-1,1,-1,1,1,13432500,784680000,0,1.0,6.123233995736766e-17,0,0,0,1
0,20.0,60,-1,1,1,1,1,1,1,0,9120000,540517500,0,0.8660254037844387,-0.4999999999999998,0,0,1,0
1,52.0,3,-1,-1,-1,-1,-1,-1,0,0,11175000,32617500,0,-1.0,-1.8369701987210297e-16,0,0,0,1
0,33.0,69,1,-1,-1,-1,1,1,1,0,14872500,1031302500,0,-0.8660254037844386,0.5000000000000001,0,0,0,1
0,36.0,1,0,0,0,0,0,0,0,0,2887500,2887500,0,-0.4999999999999997,-0.8660254037844388,1,0,0,0
1,72.0,50,1,-1,-1,-1,1,-1,0,1,5917500,303202500,0,-0.5000000000000004,0.8660254037844384,0,0,1,0
0,44.0,56,-1,-1,-1,-1,1,1,0,1,6727500,384742500,0,1.2246467991473532e-16,-1.0,0,0,1,0
0,35.0,60,1,-1,-1,1,1,1,1,1,14580000,841762500,0,-1.0,-1.8369701987210297e-16,0,0,0,1
1,18.0,69,1,-1,1,1,1,1,1,1,16582500,1141515000,0,0.49999999999999994,0.8660254037844387,0,0,0,1
0,57.0,1,-1,-1,-1,-1,-1,1,0,0,5257500,5257500,1,-1.0,-1.8369701987210297e-16,0,0,1,0
0,24.0,1,-1,1,-1,-1,-1,-1,0,1,10950000,10950000,1,0.49999999999999994,-0.8660254037844387,0,0,0,1
0,28.0,3,0,0,0,0,0,0,0,1,2985000,6862500,0,-0.5000000000000004,0.8660254037844384,1,0,0,0
1,36.0,60,-1,1,-1,1,1,1,1,0,11542500,681592500,0,-0.5000000000000004,0.8660254037844384,0,0,1,0
0,57.0,13,-1,-1,1,1,-1,-1,1,0,5310000,67560000,0,0.8660254037844387,-0.4999999999999998,0,0,1,0
1,49.0,62,0,0,0,0,0,0,1,0,3067500,194602500,0,-0.8660254037844385,-0.5000000000000004,1,0,0,0
0,38.0,45,1,1,-1,-1,-1,1,1,0,14512500,666412500,0,-0.5000000000000004,0.8660254037844384,0,0,0,1
0,44.0,25,-1,-1,1,1,1,1,1,0,8130000,213472500,0,0.8660254037844387,-0.4999999999999998,0,0,1,0
1,33.0,44,-1,-1,1,1,1,1,1,0,15015000,656752500,0,-0.8660254037844385,-0.5000000000000004,0,0,0,1
0,42.0,2,-1,-1,-1,-1,-1,-1,0,1,6787500,11130000,0,1.2246467991473532e-16,-1.0,0,1,0,0
1,41.0,33,-1,1,1,-1,-1,-1,0,1,12577500,407445000,1,0.49999999999999994,-0.8660254037844387,0,0,0,1
0,52.0,1,-1,-1,-1,-1,-1,-1,0,1,10515000,10515000,1,1.2246467991473532e-16,-1.0,0,0,0,1
0,52.0,22,0,0,0,0,0,0,1,0,3127500,67597500,0,0.0,1.0,1,0,0,0
0,46.0,35,-1,-1,1,1,-1,-1,0,1,5017500,176377500,0,-0.4999999999999997,-0.8660254037844388,0,0,1,0
0,36.0,29,0,0,0,0,0,0,1,0,3030000,83820000,0,0.49999999999999994,0.8660254037844387,1,0,0,0
1,49.0,27,1,-1,1,-1,-1,-1,1,1,12885000,333015000,0,0.8660254037844387,-0.4999999999999998,0,0,0,1
1,39.0,54,-1,1,1,1,-1,-1,1,1,9150000,492457500,0,0.8660254037844387,-0.4999999999999998,0,0,1,0
0,27.0,2,-1,-1,-1,-1,-1,-1,0,1,10597500,21352500,1,0.49999999999999994,-0.8660254037844387,0,0,0,1
1,35.0,57,-1,-1,-1,-1,1,-1,1,1,13035000,740887500,0,-0.5000000000000004,0.8660254037844384,0,0,0,1
1,41.0,62,1,1,1,1,-1,-1,1,0,10410000,635625000,0,0.49999999999999994,-0.8660254037844387,0,1,0,0
0,51.0,15,0,0,0,0,0,0,1,0,3052500,50392500,0,0.8660254037844387,-0.4999999999999998,1,0,0,0
1,38.0,2,0,0,0,0,0,0,0,0,3052500,4980000,1,1.2246467991473532e-16,-1.0,1,0,0,0
0,25.0,70,-1,-1,1,1,1,1,1,1,15645000,1078275000,0,-0.8660254037844386,0.5000000000000001,0,0,0,1
0,41.0,21,-1,-1,-1,-1,-1,-1,0,1,6742500,138937500,0,0.0,1.0,0,0,1,0
0,41.0,23,-1,-1,-1,1,-1,-1,1,1,7417500,167902500,0,0.8660254037844387,-0.4999999999999998,0,0,1,0
1,42.0,6,0,0,0,0,0,0,1,0,3090000,17490000,0,-0.4999999999999997,-0.8660254037844388,1,0,0,0
1,51.0,4,0,0,0,0,0,0,1,0,2932500,10320000,0,0.0,1.0,1,0,0,0
0,52.0,3,1,-1,1,-1,1,1,0,1,14850000,43110000,1,-1.0,-1.8369701987210297e-16,0,0,0,1
0,33.0,23,-1,-1,-1,-1,1,1,0,1,14025000,351232500,0,-0.8660254037844386,0.5000000000000001,0,0,0,1
1,33.0,26,1,-1,-1,1,1,1,1,0,8182500,204427500,0,-0.4999999999999997,-0.8660254037844388,0,1,0,0
0,28.0,8,0,0,0,0,0,0,0,0,3007500,24540000,0,0.49999999999999994,0.8660254037844387,1,0,0,0
1,48.0,26,-1,-1,-1,-1,-1,1,0,1,12592500,338130000,1,1.2246467991473532e-16,-1.0,0,0,0,1
1,57.0,2,-1,1,-1,-1,-1,-1,0,1,11917500,21772500,0,1.2246467991473532e-16,-1.0,0,0,0,1
1,36.0,67,1,1,1,1,1,1,1,0,17430000,1162845000,1,0.49999999999999994,0.8660254037844387,0,0,0,1
0,37.0,71,-1,-1,-1,-1,1,1,1,1,14055000,987802500,1,-1.0,-1.8369701987210297e-16,0,0,0,1
0,58.0,59,1,1,1,1,-1,1,1,0,11977500,717915000,0,-0.8660254037844386,0.5000000000000001,0,0,1,0
1,46.0,39,-1,-1,1,-1,1,1,1,0,15000000,575332500,0,0.8660254037844387,-0.4999999999999998,0,0,0,1
1,45.0,21,0,0,0,0,0,0,1,0,2940000,59550000,0,-0.8660254037844385,-0.5000000000000004,1,0,0,0
1,26.0,1,0,0,0,0,0,0,0,0,2955000,2955000,1,-0.5000000000000004,0.8660254037844384,1,0,0,0
0,48.0,48,0,0,0,0,0,0,1,0,3030000,154087500,0,-1.0,-1.8369701987210297e-16,1,0,0,0
0,29.0,31,1,1,1,-1,-1,1,1,1,7560000,237015000,0,-0.8660254037844386,0.5000000000000001,0,1,0,0
0,26.0,64,1,1,1,1,1,1,1,0,17002500,1083412500,0,0.49999999999999994,-0.8660254037844387,0,0,0,1
1,36.0,46,-1,1,-1,-1,-1,-1,0,1,12000000,565455000,0,-0.4999999999999997,-0.8660254037844388,0,0,0,1
0,33.0,52,-1,-1,1,1,1,1,1,1,12142500,635092500,0,-0.8660254037844386,0.5000000000000001,0,0,1,0
0,37.0,67,0,0,0,0,0,0,1,1,3735000,252037500,0,0.49999999999999994,0.8660254037844387,1,0,0,0
0,23.0,67,-1,1,-1,-1,-1,-1,0,0,8235000,558825000,0,0.49999999999999994,-0.8660254037844387,0,0,1,0
0,52.0,5,-1,-1,-1,-1,-1,-1,0,0,11332500,62047500,1,0.0,1.0,0,0,0,1
0,54.0,71,-1,1,1,1,1,1,1,0,16387500,1156155000,0,1.2246467991473532e-16,-1.0,0,0,0,1
0,18.0,9,-1,-1,-1,-1,1,-1,0,1,11647500,107122500,1,1.2246467991473532e-16,-1.0,0,0,0,1
0,52.0,26,1,1,-1,-1,-1,1,0,1,14250000,374580000,1,0.49999999999999994,0.8660254037844387,0,0,0,1
1,30.0,71,1,1,1,1,1,1,1,1,17445000,1246432500,0,1.0,6.123233995736766e-17,0,0,0,1
0,50.0,32,0,0,0,0,0,0,0,0,2985000,90232500,0,-1.0,-1.8369701987210297e-16,1,0,0,0
0,39.0,2,-1,-1,-1,-1,-1,-1,0,0,10552500,20887500,0,0.49999999999999994,-0.8660254037844387,0,0,0,1
0,40.0,71,0,0,0,0,0,0,1,0,3840000,283237500,0,-1.0,-1.8369701987210297e-16,1,0,0,0
0,38.0,60,1,-1,1,-1,-1,1,1,1,6667500,416085000,0,-1.0,-1.8369701987210297e-16,0,0,1,0
0,55.0,55,-1,-1,1,-1,1,1,1,1,15022500,811462500,0,-0.8660254037844385,-0.5000000000000004,0,0,0,1
1,25.0,54,1,1,-1,1,1,1,1,1,15810000,846510000,1,1.0,6.123233995736766e-17,0,0,0,1
1,47.0,2,-1,-1,1,-1,1,1,0,1,14377500,29655000,1,0.49999999999999994,-0.8660254037844387,0,0,0,1
0,53.0,6,-1,-1,-1,-1,-1,-1,0,1,11077500,60195000,0,0.0,1.0,0,0,0,1
0,49.0,48,1,1,1,-1,-1,1,1,1,10515000,485760000,0,-1.0,-1.8369701987210297e-16,0,0,1,0
1,68.0,63,0,0,0,0,0,0,1,0,3787500,235957500,0,0.8660254037844386,0.5000000000000001,1,0,0,0
1,34.0,1,-1,1,-1,-1,-1,-1,0,1,11872500,11872500,1,0.8660254037844386,0.5000000000000001,0,0,0,1
1,51.0,12,0,0,0,0,0,0,0,0,3157500,35370000,0,-1.0,-1.8369701987210297e-16,1,0,0,0
1,39.0,54,-1,-1,-1,-1,-1,-1,0,1,3742500,204712500,0,1.2246467991473532e-16,-1.0,0,1,0,0
0,55.0,30,-1,-1,1,1,1,-1,1,1,9675000,297772500,0,-0.5000000000000004,0.8660254037844384,0,1,0,0
0,40.0,30,0,0,0,0,0,0,0,0,2947500,98377500,1,-0.5000000000000004,0.8660254037844384,1,0,0,0
0,35.0,4,-1,-1,-1,-1,1,-1,0,1,11850000,45472500,1,-0.8660254037844385,-0.5000000000000004,0,0,0,1
0,56.0,40,-1,-1,1,1,1,1,1,1,15892500,650280000,0,-0.4999999999999997,-0.8660254037844388,0,0,0,1
0,34.0,9,-1,-1,-1,1,-1,-1,0,1,11377500,97125000,0,0.0,1.0,0,0,0,1
0,23.0,17,1,-1,-1,1,1,-1,0,0,13777500,236167500,1,-0.8660254037844386,0.5000000000000001,0,0,0,1
0,34.0,62,-1,1,1,-1,-1,1,1,1,6540000,412305000,0,0.49999999999999994,-0.8660254037844387,0,0,1,0
1,47.0,28,-1,1,-1,1,1,-1,1,1,13687500,372547500,0,0.0,1.0,0,0,0,1
0,57.0,70,1,1,1,1,1,1,1,0,13462500,955080000,0,0.8660254037844387,-0.4999999999999998,0,0,1,0
0,41.0,46,-1,1,1,1,1,1,1,1,15660000,735630000,0,0.49999999999999994,0.8660254037844387,0,0,0,1
0,56.0,23,-1,-1,1,-1,-1,1,0,0,13522500,306742500,0,0.0,1.0,0,0,0,1
1,24.0,47,1,-1,1,1,-1,-1,1,0,6045000,269220000,0,1.0,6.123233995736766e-17,0,0,1,0
1,35.0,68,1,1,1,-1,1,1,1,1,15787500,1075972500,0,0.0,1.0,0,0,0,1
0,37.0,60,-1,-1,1,1,1,1,1,1,15900000,966210000,1,0.49999999999999994,-0.8660254037844387,0,0,0,1
0,39.0,67,-1,1,-1,1,1,1,1,1,15600000,1055857500,0,0.8660254037844387,-0.4999999999999998,0,0,0,1
0,41.0,14,-1,-1,-1,1,1,1,0,1,10447500,138210000,0,-0.5000000000000004,0.8660254037844384,0,0,1,0
1,48.0,57,-1,-1,-1,-1,-1,-1,0,1,11145000,602752500,0,0.0,1.0,0,0,0,1
0,35.0,55,1,-1,-1,-1,1,1,1,0,15135000,817290000,0,-0.4999999999999997,-0.8660254037844388,0,0,0,1
1,42.0,1,0,0,0,0,0,0,0,1,3037500,3037500,0,0.8660254037844386,0.5000000000000001,1,0,0,0
1,39.0,1,-1,-1,-1,1,-1,-1,0,1,7485000,7485000,1,-0.8660254037844386,0.5000000000000001,0,0,1,0
1,29.0,23,-1,-1,1,1,1,-1,0,1,14535000,312817500,0,-1.0,-1.8369701987210297e-16,0,0,0,1
0,39.0,13,1,-1,-1,-1,1,1,0,1,15052500,203827500,1,0.49999999999999994,-0.8660254037844387,0,0,0,1
1,38.0,47,-1,1,1,-1,1,1,0,1,15615000,770272500,0,0.49999999999999994,-0.8660254037844387,0,0,0,1
1,38.0,38,0,0,0,0,0,0,1,0,3015000,109515000,0,0.0,1.0,1,0,0,0
0,40.0,38,-1,-1,-1,-1,-1,-1,0,1,11242500,430477500,1,1.2246467991473532e-16,-1.0,0,0,0,1
0,41.0,2,-1,1,-1,-1,-1,-1,0,1,8482500,17737500,0,1.0,6.123233995736766e-17,0,0,1,0
1,35.0,1,-1,-1,-1,1,-1,-1,0,1,7387500,7387500,1,-0.8660254037844385,-0.5000000000000004,0,0,1,0
1,55.0,15,-1,-1,-1,-1,-1,-1,0,1,10290000,166290000,0,0.0,1.0,0,0,0,1
0,26.0,26,-1,-1,-1,-1,-1,-1,0,1,10357500,272347500,0,0.49999999999999994,-0.8660254037844387,0,0,0,1
0,31.0,35,0,0,0,0,0,0,1,0,2955000,109560000,0,0.8660254037844387,-0.4999999999999998,1,0,0,0
1,73.0,3,0,0,0,0,0,0,0,1,3007500,11317500,0,0.49999999999999994,-0.8660254037844387,1,0,0,0
1,28.0,50,-1,1,-1,1,1,1,0,0,15555000,760657500,1,-0.8660254037844385,-0.5000000000000004,0,0,0,1
1,24.0,42,1,-1,1,-1,-1,1,0,1,14160000,602190000,0,0.8660254037844386,0.5000000000000001,0,0,0,1
1,49.0,10,1,-1,-1,1,-1,-1,0,1,8242500,85327500,0,-0.8660254037844385,-0.5000000000000004,0,1,0,0
0,18.0,61,1,1,-1,1,-1,1,1,0,14055000,879105000,0,0.8660254037844387,-0.4999999999999998,0,0,0,1
0,37.0,68,1,1,-1,1,1,1,1,0,16537500,1091902500,0,1.0,6.123233995736766e-17,0,0,0,1
1,66.0,10,1,-1,1,-1,1,1,1,1,14835000,159742500,0,-0.8660254037844385,-0.5000000000000004,0,0,0,1
1,21.0,65,1,1,1,-1,-1,-1,1,0,13462500,865440000,1,-0.8660254037844385,-0.5000000000000004,0,0,0,1
0,18.0,72,1,-1,1,1,1,1,1,1,12067500,883027500,0,0.49999999999999994,0.8660254037844387,0,1,0,0
1,22.0,55,-1,1,-1,1,-1,-1,0,0,11910000,635767500,0,0.0,1.0,0,0,0,1
0,51.0,1,0,0,0,0,0,0,0,1,3045000,3045000,1,-0.4999999999999997,-0.8660254037844388,1,0,0,0
0,53.0,7,-1,-1,1,1,-1,1,0,0,9420000,62745000,0,-1.0,-1.8369701987210297e-16,0,1,0,0
0,34.0,2,-1,-1,-1,-1,-1,-1,0,1,11235000,20407500,0,0.0,1.0,0,0,0,1
0,48.0,9,1,-1,-1,-1,-1,-1,0,1,11227500,106230000,0,-1.0,-1.8369701987210297e-16,0,0,0,1
1,57.0,27,0,0,0,0,0,0,1,1,3877500,118282500,0,0.49999999999999994,0.8660254037844387,1,0,0,0
1,61.0,7,-1,-1,1,-1,1,1,0,1,15292500,105127500,1,1.0,6.123233995736766e-17,0,0,0,1
0,37.0,64,-1,1,1,1,-1,1,1,1,10245000,656820000,0,0.0,1.0,0,0,1,0
1,18.0,70,1,-1,1,1,-1,1,1,0,7260000,516420000,0,0.8660254037844386,0.5000000000000001,0,0,1,0
1,30.0,2,-1,-1,-1,-1,1,1,0,1,14100000,27255000,1,-0.5000000000000004,0.8660254037844384,0,0,0,1
1,35.0,67,1,1,-1,1,1,1,1,1,15757500,1075755000,0,0.49999999999999994,-0.8660254037844387,0,0,0,1
0,37.0,45,-1,1,-1,-1,1,-1,0,1,13395000,602527500,1,-0.4999999999999997,-0.8660254037844388,0,0,0,1
0,38.0,24,0,0,0,0,0,0,1,0,3772500,82950000,0,-0.8660254037844385,-0.5000000000000004,1,0,0,0
1,53.0,4,0,0,0,0,0,0,1,0,2925000,14527500,0,-0.5000000000000004,0.8660254037844384,1,0,0,0
1,55.0,44,-1,-1,1,-1,1,1,0,1,13942500,618435000,0,0.0,1.0,0,0,0,1
0,38.0,72,0,0,0,0,0,0,1,1,3105000,222345000,0,0.49999999999999994,-0.8660254037844387,1,0,0,0
0,53.0,1,-1,1,-1,-1,-1,-1,0,1,11145000,11145000,1,0.49999999999999994,0.8660254037844387,0,0,0,1
1,44.0,66,0,0,0,0,0,0,1,0,2902500,186120000,0,-1.0,-1.8369701987210297e-16,1,0,0,0
1,41.0,1,-1,1,-1,1,-1,1,0,1,6697500,6697500,1,1.0,6.123233995736766e-17,0,0,1,0
1,51.0,13,1,-1,-1,-1,-1,1,0,0,12607500,164295000,1,1.0,6.123233995736766e-17,0,0,0,1
1,41.0,10,-1,1,-1,-1,-1,-1,0,1,12105000,118320000,1,1.0,6.123233995736766e-17,0,0,0,1
1,65.0,65,-1,1,1,-1,1,1,0,1,15652500,986782500,0,0.8660254037844387,-0.4999999999999998,0,0,0,1
1,23.0,1,0,0,0,0,0,0,0,0,2932500,2932500,0,-0.8660254037844385,-0.5000000000000004,1,0,0,0
1,34.0,38,1,1,1,1,1,-1,1,0,11107500,420345000,0,-0.4999999999999997,-0.8660254037844388,0,0,1,0
1,38.0,23,1,-1,1,1,-1,-1,1,0,6015000,128662500,0,1.2246467991473532e-16,-1.0,0,0,1,0
0,45.0,10,0,0,0,0,0,0,1,0,3015000,27660000,0,-0.5000000000000004,0.8660254037844384,1,0,0,0
1,55.0,4,-1,1,-1,-1,1,1,0,1,15255000,54682500,1,-0.5000000000000004,0.8660254037844384,0,0,0,1
1,40.0,72,1,-1,1,1,1,1,1,1,12532500,913995000,0,0.49999999999999994,0.8660254037844387,0,0,1,0
0,23.0,35,-1,1,-1,1,-1,-1,0,0,8527500,279165000,0,-0.5000000000000004,0.8660254037844384,0,0,1,0
0,50.0,1,0,0,0,0,0,0,0,0,3060000,3060000,1,-1.0,-1.8369701987210297e-16,1,0,0,0
0,49.0,58,0,0,0,0,0,0,1,0,2932500,161947500,0,-0.8660254037844386,0.5000000000000001,1,0,0,0
1,18.0,70,-1,1,1,1,1,1,1,1,15922500,1121265000,0,-1.0,-1.8369701987210297e-16,0,0,0,1
1,40.0,38,-1,1,1,-1,1,1,1,0,11842500,429382500,0,0.49999999999999994,0.8660254037844387,0,0,1,0
0,21.0,60,-1,1,-1,-1,1,1,0,1,7462500,460417500,0,0.8660254037844387,-0.4999999999999998,0,1,0,0
1,32.0,26,1,1,-1,-1,1,-1,0,1,13860000,352470000,0,-0.5000000000000004,0.8660254037844384,0,0,0,1
0,29.0,8,1,1,-1,1,-1,-1,1,0,8730000,70387500,0,1.2246467991473532e-16,-1.0,0,0,1,0
1,50.0,41,-1,-1,1,1,1,1,1,1,15390000,632002500,1,0.49999999999999994,-0.8660254037844387,0,0,0,1
0,41.0,36,-1,1,-1,-1,1,-1,0,1,13792500,495157500,0,0.0,1.0,0,0,0,1
1,25.0,54,-1,-1,1,1,-1,1,1,0,9787500,529492500,0,-0.8660254037844386,0.5000000000000001,0,0,1,0
1,51.0,71,-1,1,1,-1,1,1,1,1,15900000,1158555000,1,-1.0,-1.8369701987210297e-16,0,0,0,1
0,23.0,55,-1,-1,-1,-1,-1,-1,0,1,10965000,621735000,0,1.2246467991473532e-16,-1.0,0,0,0,1
0,44.0,72,1,1,-1,-1,-1,-1,1,0,8962500,639750000,0,-1.0,-1.8369701987210297e-16,0,0,1,0
0,30.0,3,1,-1,-1,1,-1,-1,0,1,8265000,23197500,1,-0.4999999999999997,-0.8660254037844388,0,0,1,0
0,36.0,54,-1,1,1,-1,-1,-1,1,1,8970000,486967500,0,-0.4999999999999997,-0.8660254037844388,0,0,1,0
1,46.0,72,1,1,1,1,1,1,1,1,17490000,1250617500,0,0.0,1.0,0,0,0,1
1,46.0,52,1,-1,1,1,1,1,1,1,16395000,859710000,0,-0.4999999999999997,-0.8660254037844388,0,0,0,1
0,56.0,60,1,-1,-1,-1,1,1,1,1,15210000,926490000,0,-0.8660254037844386,0.5000000000000001,0,0,0,1
0,39.0,39,-1,-1,1,-1,1,1,0,1,7597500,285810000,0,0.8660254037844386,0.5000000000000001,0,0,1,0
0,44.0,15,-1,-1,-1,-1,1,-1,1,0,8422500,139785000,0,-0.5000000000000004,0.8660254037844384,0,0,1,0
1,35.0,69,-1,-1,1,1,1,1,1,1,15975000,1102320000,1,-1.0,-1.8369701987210297e-16,0,0,0,1
1,42.0,43,0,0,0,0,0,0,1,1,2880000,116437500,0,-1.0,-1.8369701987210297e-16,1,0,0,0
0,45.0,63,1,1,1,1,1,-1,1,0,12450000,786457500,0,-0.8660254037844385,-0.5000000000000004,0,0,1,0
1,39.0,2,-1,-1,-1,-1,-1,-1,0,0,10515000,21247500,0,-0.8660254037844385,-0.5000000000000004,0,0,0,1
0,18.0,72,1,1,1,1,1,1,1,1,16245000,1151947500,0,0.8660254037844387,-0.4999999999999998,0,0,0,1
0,44.0,32,-1,-1,1,-1,-1,1,0,1,13657500,443175000,1,0.49999999999999994,0.8660254037844387,0,0,0,1
1,44.0,40,0,0,0,0,0,0,1,0,3787500,151035000,0,1.2246467991473532e-16,-1.0,1,0,0,0
0,32.0,58,1,1,-1,-1,1,-1,1,1,6802500,381015000,0,-1.0,-1.8369701987210297e-16,0,0,1,0
1,25.0,67,1,-1,-1,1,1,-1,1,0,6585000,464580000,0,1.2246467991473532e-16,-1.0,0,0,1,0
0,58.0,51,1,-1,-1,-1,-1,-1,0,1,11625000,571102500,1,0.0,1.0,0,0,0,1
1,46.0,31,-1,-1,1,1,1,1,1,1,11895000,372600000,0,1.0,6.123233995736766e-17,0,1,0,0
1,37.0,69,1,1,-1,-1,-1,-1,0,1,12735000,867847500,0,0.8660254037844387,-0.4999999999999998,0,0,0,1
1,26.0,32,-1,-1,-1,1,-1,-1,1,1,11887500,392872500,0,0.0,1.0,0,0,0,1
0,30.0,21,1,1,-1,1,1,-1,1,0,10657500,228727500,0,-0.8660254037844385,-0.5000000000000004,0,1,0,0
1,56.0,52,1,-1,1,-1,-1,-1,1,0,8062500,418597500,0,-0.8660254037844386,0.5000000000000001,0,0,1,0
0,42.0,72,0,0,0,0,0,0,1,0,3637500,267675000,0,-0.5000000000000004,0.8660254037844384,1,0,0,0
0,33.0,72,-1,1,1,-1,1,1,1,1,8130000,590617500,1,1.0,6.123233995736766e-17,0,0,1,0
1,46.0,52,1,-1,1,-1,-1,1,1,0,6637500,341415000,0,0.49999999999999994,0.8660254037844387,0,0,1,0
0,30.0,41,-1,-1,-1,1,-1,-1,1,0,7507500,304357500,0,0.0,1.0,0,0,1,0
1,58.0,41,0,0,0,0,0,0,1,0,3022500,120352500,0,-1.0,-1.8369701987210297e-16,1,0,0,0
0,56.0,6,-1,-1,-1,-1,-1,-1,0,1,10387500,62760000,1,1.2246467991473532e-16,-1.0,0,0,0,1
1,34.0,67,1,1,1,1,-1,-1,1,1,10402500,697987500,0,0.0,1.0,0,1,0,0
0,32.0,16,0,0,0,0,0,0,0,0,2902500,41385000,0,0.8660254037844386,0.5000000000000001,1,0,0,0
1,18.0,17,0,0,0,0,0,0,1,0,2872500,51517500,0,1.0,6.123233995736766e-17,1,0,0,0
1,22.0,35,1,1,1,-1,-1,-1,0,0,9150000,319567500,0,1.2246467991473532e-16,-1.0,0,0,1,0
0,24.0,58,0,0,0,0,0,0,1,0,3075000,178710000,0,0.49999999999999994,0.8660254037844387,1,0,0,0
1,42.0,1,-1,-1,1,-1,-1,-1,0,1,7575000,7575000,1,-0.4999999999999997,-0.8660254037844388,0,0,1,0
1,36.0,52,-1,1,1,1,1,-1,1,0,7530000,383100000,0,-0.8660254037844386,0.5000000000000001,0,0,1,0
0,24.0,70,1,-1,1,1,1,1,1,0,11940000,838417500,0,-0.4999999999999997,-0.8660254037844388,0,0,1,0
0,37.0,19,0,0,0,0,0,0,1,1,3735000,70155000,0,0.49999999999999994,-0.8660254037844387,1,0,0,0
1,46.0,1,-1,-1,-1,-1,-1,-1,0,1,11160000,11160000,1,0.49999999999999994,-0.8660254037844387,0,0,0,1
0,46.0,35,1,-1,1,1,1,1,0,1,16035000,563467500,0,0.0,1.0,0,0,0,1
0,18.0,32,-1,-1,1,-1,1,1,0,1,15202500,500235000,0,0.8660254037844386,0.5000000000000001,0,0,0,1
0,38.0,17,1,-1,-1,1,-1,-1,0,1,8302500,138075000,0,-1.0,-1.8369701987210297e-16,0,1,0,0
0,23.0,67,-1,1,-1,-1,-1,-1,1,0,7582500,514762500,0,1.0,6.123233995736766e-17,0,0,1,0
0,51.0,9,0,0,0,0,0,0,0,0,2925000,22552500,0,-0.8660254037844386,0.5000000000000001,1,0,0,0
1,49.0,31,-1,1,-1,1,1,1,1,1,11917500,388155000,1,-1.0,-1.8369701987210297e-16,0,0,1,0
1,29.0,4,1,-1,-1,-1,1,-1,0,0,13597500,55192500,0,-0.8660254037844386,0.5000000000000001,0,0,0,1
1,31.0,58,1,1,-1,1,-1,-1,1,1,13477500,768862500,0,1.0,6.123233995736766e-17,0,0,0,1
1,34.0,60,1,-1,1,1,1,1,1,0,11850000,720165000,0,0.0,1.0,0,0,1,0
1,18.0,58,-1,-1,1,1,1,1,1,1,15697500,932940000,1,-0.8660254037844385,-0.5000000000000004,0,0,0,1
1,44.0,1,0,0,0,0,0,0,0,0,2932500,2932500,0,0.0,1.0,1,0,0,0
0,37.0,27,0,0,0,0,0,0,1,0,2985000,82515000,0,-0.5000000000000004,0.8660254037844384,1,0,0,0
1,52.0,66,1,1,1,1,1,1,1,1,17437500,1179337500,0,0.8660254037844386,0.5000000000000001,0,0,0,1
1,27.0,15,1,-1,-1,-1,1,-1,0,1,13162500,186330000,0,-0.8660254037844386,0.5000000000000001,0,0,0,1
1,33.0,47,-1,-1,1,-1,1,1,0,1,15007500,730657500,1,0.49999999999999994,-0.8660254037844387,0,0,0,1
0,22.0,41,1,-1,-1,-1,-1,-1,0,1,12195000,478597500,0,-1.0,-1.8369701987210297e-16,0,0,0,1
1,28.0,59,-1,-1,-1,-1,1,1,0,1,6645000,400012500,0,0.0,1.0,0,0,1,0
0,26.0,50,-1,-1,-1,-1,-1,-1,1,0,10552500,530040000,0,-0.4999999999999997,-0.8660254037844388,0,0,0,1
1,52.0,17,1,-1,1,-1,1,-1,1,0,6667500,118822500,0,1.2246467991473532e-16,-1.0,0,1,0,0
1,32.0,6,1,-1,-1,-1,-1,-1,0,1,7372500,44347500,0,-0.8660254037844385,-0.5000000000000004,0,1,0,0
1,41.0,51,-1,1,-1,-1,-1,-1,0,1,4417500,218902500,0,1.0,6.123233995736766e-17,0,0,1,0
1,35.0,44,-1,1,-1,1,1,1,0,0,15082500,659722500,1,0.49999999999999994,0.8660254037844387,0,0,0,1
1,25.0,49,-1,1,-1,-1,1,-1,0,1,12795000,644692500,0,0.8660254037844386,0.5000000000000001,0,0,0,1
1,38.0,2,-1,1,-1,-1,1,1,0,0,14347500,25095000,1,0.8660254037844386,0.5000000000000001,0,0,0,1
1,47.0,59,1,-1,-1,1,-1,1,1,1,10365000,614535000,0,0.0,1.0,0,0,1,0
1,26.0,50,1,1,-1,-1,1,-1,0,1,10552500,518190000,0,-0.5000000000000004,0.8660254037844384,0,1,0,0
0,50.0,59,0,0,0,0,0,0,1,0,3090000,192900000,0,0.0,1.0,1,0,0,0
1,30.0,18,-1,-1,-1,-1,-1,-1,0,0,11122500,208050000,0,-1.0,-1.8369701987210297e-16,0,0,0,1
1,34.0,10,-1,-1,-1,-1,-1,-1,0,0,11257500,117945000,0,1.0,6.123233995736766e-17,0,0,0,1
1,46.0,14,-1,-1,-1,-1,-1,-1,1,0,6690000,96187500,0,0.8660254037844386,0.5000000000000001,0,0,1,0
1,32.0,35,0,0,0,0,0,0,1,0,3217500,105817500,0,-0.8660254037844386,0.5000000000000001,1,0,0,0
1,40.0,8,-1,-1,-1,-1,-1,-1,1,1,6517500,51825000,0,-0.8660254037844386,0.5000000000000001,0,0,1,0
1,36.0,18,0,0,0,0,0,0,1,0,3007500,51885000,0,0.8660254037844386,0.5000000000000001,1,0,0,0
0,42.0,60,1,1,-1,-1,1,-1,1,0,14122500,871770000,0,-0.8660254037844386,0.5000000000000001,0,0,0,1
0,18.0,1,-1,-1,1,-1,1,1,0,0,14160000,14160000,1,0.49999999999999994,-0.8660254037844387,0,0,0,1
0,18.0,6,0,0,0,0,0,0,1,0,2932500,18667500,0,-0.8660254037844386,0.5000000000000001,1,0,0,0
0,47.0,19,1,1,-1,1,1,-1,0,1,11385000,206340000,0,-0.8660254037844386,0.5000000000000001,0,1,0,0
1,52.0,53,1,1,-1,1,-1,-1,1,0,9622500,523732500,0,-0.8660254037844385,-0.5000000000000004,0,0,1,0
1,29.0,72,1,1,1,-1,1,1,1,1,16432500,1188105000,0,-1.0,-1.8369701987210297e-16,0,0,0,1
0,37.0,60,-1,1,1,1,1,1,1,1,16620000,996105000,0,0.8660254037844387,-0.4999999999999998,0,0,0,1
0,44.0,1,-1,-1,-1,-1,1,-1,0,1,8250000,8250000,1,1.2246467991473532e-16,-1.0,0,0,1,0
0,48.0,13,-1,-1,1,1,-1,-1,0,0,8017500,107715000,0,-0.8660254037844385,-0.5000000000000004,0,0,1,0
0,18.0,5,-1,-1,-1,-1,-1,-1,0,0,10492500,48060000,0,0.8660254037844387,-0.4999999999999998,0,0,0,1
1,29.0,1,-1,-1,1,-1,1,1,0,1,15217500,15217500,1,-1.0,-1.8369701987210297e-16,0,0,0,1
1,36.0,13,-1,-1,1,-1,1,1,0,0,14550000,200167500,0,-0.4999999999999997,-0.8660254037844388,0,0,0,1
1,48.0,37,1,1,1,1,1,1,1,1,13590000,503797500,0,0.0,1.0,0,1,0,0
1,70.0,64,1,-1,-1,-1,-1,-1,0,1,11032500,714600000,0,-1.0,-1.8369701987210297e-16,0,0,0,1
0,37.0,5,-1,-1,1,1,1,-1,0,0,10192500,52545000,1,0.49999999999999994,0.8660254037844387,0,0,1,0
0,23.0,61,-1,1,-1,1,-1,1,1,1,14152500,855450000,0,-0.5000000000000004,0.8660254037844384,0,0,0,1
0,45.0,1,-1,-1,-1,-1,-1,-1,0,1,10425000,10425000,1,-0.8660254037844385,-0.5000000000000004,0,0,0,1
1,56.0,1,0,0,0,0,0,0,0,1,2827500,2827500,1,0.8660254037844386,0.5000000000000001,1,0,0,0
1,41.0,26,0,0,0,0,0,0,1,0,2910000,78832500,0,-0.5000000000000004,0.8660254037844384,1,0,0,0
0,29.0,1,-1,-1,-1,-1,-1,-1,0,1,10380000,10380000,1,-0.4999999999999997,-0.8660254037844388,0,0,0,1
1,51.0,24,0,0,0,0,0,0,1,0,2962500,72472500,0,1.0,6.123233995736766e-17,1,0,0,0
1,48.0,17,-1,-1,1,1,1,1,1,0,8190000,140220000,0,-0.4999999999999997,-0.8660254037844388,0,1,0,0
0,28.0,26,-1,-1,1,-1,-1,-1,0,1,4470000,117975000,0,0.8660254037844387,-0.4999999999999998,0,0,1,0
1,45.0,1,-1,-1,-1,-1,-1,-1,0,1,10447500,10447500,1,-1.0,-1.8369701987210297e-16,0,0,0,1
1,52.0,40,1,-1,-1,-1,1,1,0,0,15277500,612945000,1,0.8660254037844386,0.5000000000000001,0,0,0,1
1,54.0,52,-1,1,1,-1,1,1,0,1,15457500,804720000,0,1.2246467991473532e-16,-1.0,0,0,0,1
0,39.0,1,-1,1,1,-1,-1,-1,0,1,12345000,12345000,1,0.8660254037844386,0.5000000000000001,0,0,0,1
1,36.0,1,0,0,0,0,0,0,0,0,3045000,3045000,0,-0.8660254037844385,-0.5000000000000004,1,0,0,0
0,55.0,21,1,-1,-1,1,-1,-1,1,0,5265000,115560000,0,1.0,6.123233995736766e-17,0,0,1,0
0,25.0,67,-1,1,1,-1,1,1,1,1,15855000,1022542500,0,-0.4999999999999997,-0.8660254037844388,0,0,0,1
0,45.0,44,1,-1,-1,1,-1,-1,0,0,8437500,362932500,0,0.49999999999999994,0.8660254037844387,0,1,0,0
1,24.0,70,-1,1,1,1,1,1,1,0,9052500,620805000,0,0.8660254037844386,0.5000000000000001,0,0,1,0
1,53.0,3,-1,-1,-1,-1,1,-1,0,0,11887500,40140000,1,1.2246467991473532e-16,-1.0,0,0,0,1
1,37.0,56,1,1,1,-1,-1,-1,1,1,8970000,518617500,0,0.8660254037844386,0.5000000000000001,0,1,0,0
0,55.0,13,-1,-1,-1,-1,-1,1,0,1,12690000,167280000,1,1.0,6.123233995736766e-17,0,0,0,1
0,46.0,58,1,1,-1,-1,-1,1,0,1,14010000,815340000,1,0.49999999999999994,0.8660254037844387,0,0,0,1
0,25.0,42,-1,-1,-1,-1,1,1,0,1,14130000,627945000,1,1.2246467991473532e-16,-1.0,0,0,0,1
1,57.0,1,-1,-1,-1,-1,-1,-1,0,0,3757500,3757500,1,1.0,6.123233995736766e-17,0,1,0,0
0,59.0,46,1,-1,1,1,-1,1,1,0,14947500,694530000,0,-0.5000000000000004,0.8660254037844384,0,0,0,1
0,51.0,63,1,-1,-1,-1,-1,-1,1,1,7597500,483187500,0,1.0,6.123233995736766e-17,0,1,0,0
1,31.0,11,-1,1,1,1,-1,-1,0,1,9135000,103275000,0,-0.8660254037844386,0.5000000000000001,0,1,0,0
1,36.0,15,-1,-1,1,1,-1,-1,0,1,8947500,130065000,0,-0.8660254037844385,-0.5000000000000004,0,0,1,0
1,42.0,72,1,1,1,1,1,1,1,1,9705000,711907500,0,0.49999999999999994,-0.8660254037844387,0,1,0,0
0,32.0,29,-1,-1,-1,-1,-1,-1,0,1,3765000,106927500,1,-1.0,-1.8369701987210297e-16,0,0,1,0
1,60.0,1,-1,-1,1,-1,-1,-1,0,0,7342500,7342500,1,0.8660254037844386,0.5000000000000001,0,0,1,0
0,42.0,6,-1,-1,-1,-1,1,-1,0,0,8227500,53265000,0,0.49999999999999994,-0.8660254037844387,0,1,0,0
1,18.0,1,-1,-1,-1,-1,-1,-1,0,0,6795000,6795000,1,-0.8660254037844386,0.5000000000000001,0,0,1,0
1,44.0,63,-1,1,-1,-1,-1,1,1,1,13702500,864705000,0,1.0,6.123233995736766e-17,0,0,0,1
1,36.0,2,-1,-1,1,-1,-1,1,0,1,12877500,25095000,1,0.49999999999999994,0.8660254037844387,0,0,0,1
0,39.0,18,0,0,0,0,0,0,1,0,3765000,64267500,0,0.49999999999999994,0.8660254037844387,1,0,0,0
0,36.0,43,1,-1,-1,1,-1,-1,0,0,5100000,225802500,0,-0.8660254037844386,0.5000000000000001,0,0,1,0
0,50.0,15,1,1,1,1,-1,-1,1,0,6885000,104017500,0,-0.8660254037844385,-0.5000000000000004,0,1,0,0
1,53.0,10,-1,-1,-1,-1,1,1,0,0,14280000,139560000,1,-0.8660254037844385,-0.5000000000000004,0,0,0,1
1,43.0,55,0,0,0,0,0,0,1,0,3075000,176692500,0,0.8660254037844386,0.5000000000000001,1,0,0,0
1,36.0,49,-1,-1,-1,1,1,1,1,1,15090000,760447500,1,-0.4999999999999997,-0.8660254037844388,0,0,0,1
1,40.0,6,-1,1,1,-1,-1,-1,0,1,8295000,48637500,1,1.2246467991473532e-16,-1.0,0,0,1,0
1,40.0,70,0,0,0,0,0,0,1,0,3052500,218715000,0,-0.8660254037844385,-0.5000000000000004,1,0,0,0
1,30.0,2,-1,-1,-1,-1,-1,-1,0,1,11227500,23460000,1,-0.8660254037844385,-0.5000000000000004,0,0,0,1
1,47.0,63,1,-1,-1,1,-1,-1,1,0,5415000,344835000,0,-0.8660254037844385,-0.5000000000000004,0,1,0,0
0,46.0,25,-1,1,-1,1,-1,1,0,1,9870000,251947500,0,-0.8660254037844386,0.5000000000000001,0,0,1,0
0,58.0,18,0,0,0,0,0,0,1,0,3052500,55440000,0,0.8660254037844387,-0.4999999999999998,1,0,0,0
1,55.0,28,-1,1,-1,1,1,1,0,1,15870000,449700000,0,1.2246467991473532e-16,-1.0,0,0,0,1
0,32.0,53,1,1,-1,1,-1,1,1,1,14512500,780982500,0,-0.8660254037844385,-0.5000000000000004,0,0,0,1
1,50.0,35,-1,1,1,-1,1,1,1,1,15352500,543915000,1,0.49999999999999994,-0.8660254037844387,0,0,0,1
1,29.0,1,-1,-1,-1,-1,-1,-1,0,0,3660000,3660000,0,0.0,1.0,0,0,1,0
1,48.0,70,1,1,1,1,1,1,1,0,17347500,1195327500,1,-0.5000000000000004,0.8660254037844384,0,0,0,1
1,34.0,2,-1,-1,1,1,-1,-1,0,1,11977500,22867500,1,-1.0,-1.8369701987210297e-16,0,0,0,1
0,28.0,26,-1,1,-1,1,1,1,0,1,10957500,293925000,0,0.49999999999999994,-0.8660254037844387,0,1,0,0
0,43.0,34,1,1,-1,-1,-1,1,1,0,9652500,307957500,0,-1.0,-1.8369701987210297e-16,0,0,1,0
0,18.0,19,0,0,0,0,0,0,1,0,3075000,59782500,0,0.8660254037844387,-0.4999999999999998,1,0,0,0
1,19.0,15,-1,-1,-1,-1,-1,-1,0,1,11400000,169627500,1,1.0,6.123233995736766e-17,0,0,0,1
0,38.0,62,1,-1,1,-1,-1,-1,1,0,8212500,513802500,0,-1.0,-1.8369701987210297e-16,0,1,0,0
0,41.0,42,-1,1,1,-1,1,1,0,1,15712500,648517500,1,1.2246467991473532e-16,-1.0,0,0,0,1
0,36.0,9,1,1,-1,-1,1,1,0,1,11197500,105532500,1,0.49999999999999994,-0.8660254037844387,0,0,1,0
1,21.0,24,1,-1,-1,-1,-1,-1,0,1,7672500,191355000,0,-0.5000000000000004,0.8660254037844384,0,1,0,0
1,30.0,68,1,1,1,-1,-1,-1,1,1,6292500,444862500,0,-0.5000000000000004,0.8660254037844384,0,0,1,0
1,45.0,31,-1,-1,1,1,-1,-1,0,0,8152500,247050000,0,0.49999999999999994,-0.8660254037844387,0,0,1,0
0,47.0,1,-1,-1,-1,-1,-1,1,0,1,8437500,8437500,1,1.2246467991473532e-16,-1.0,0,1,0,0
1,40.0,21,-1,-1,1,1,1,1,0,1,15915000,337492500,1,0.8660254037844386,0.5000000000000001,0,0,0,1
0,54.0,63,-1,1,-1,-1,1,1,1,1,14400000,916462500,0,0.8660254037844387,-0.4999999999999998,0,0,0,1
0,45.0,2,-1,-1,-1,-1,-1,1,0,1,11962500,23910000,1,-0.5000000000000004,0.8660254037844384,0,0,0,1
0,31.0,61,-1,1,1,1,1,1,1,1,9217500,562672500,0,-0.4999999999999997,-0.8660254037844388,0,0,1,0
0,37.0,1,-1,-1,-1,-1,-1,-1,0,0,10297500,10297500,1,0.8660254037844386,0.5000000000000001,0,0,0,1
1,23.0,18,0,0,0,0,0,0,1,0,2947500,61687500,0,-0.4999999999999997,-0.8660254037844388,1,0,0,0
0,39.0,6,0,0,0,0,0,0,1,0,2850000,15825000,0,-0.8660254037844385,-0.5000000000000004,1,0,0,0
0,53.0,33,-1,1,-1,-1,1,1,0,1,15000000,498090000,0,0.8660254037844386,0.5000000000000001,0,0,0,1
1,48.0,16,0,0,0,0,0,0,0,0,3037500,49117500,1,0.0,1.0,1,0,0,0
0,57.0,56,-1,-1,1,1,1,1,0,1,14805000,850425000,0,-1.0,-1.8369701987210297e-16,0,0,0,1
1,36.0,23,0,0,0,0,0,0,1,0,2970000,69817500,0,-0.8660254037844385,-0.5000000000000004,1,0,0,0
1,56.0,9,-1,-1,1,-1,-1,-1,0,1,11070000,105645000,0,0.0,1.0,0,0,0,1
0,38.0,14,-1,1,-1,-1,1,1,0,1,15030000,205470000,1,0.8660254037844386,0.5000000000000001,0,0,0,1
1,58.0,15,-1,-1,-1,-1,-1,-1,0,1,11235000,166087500,1,-1.0,-1.8369701987210297e-16,0,0,0,1
1,40.0,5,0,0,0,0,0,0,0,0,3007500,14332500,0,-0.8660254037844386,0.5000000000000001,1,0,0,0
1,48.0,61,1,1,-1,-1,1,1,0,1,15930000,956280000,0,-1.0,-1.8369701987210297e-16,0,0,0,1
1,58.0,70,1,1,1,1,1,1,1,1,17482500,1222845000,0,1.2246467991473532e-16,-1.0,0,0,0,1
1,38.0,15,1,-1,-1,-1,1,1,0,1,14955000,235012500,0,0.49999999999999994,-0.8660254037844387,0,0,0,1
1,43.0,8,0,0,0,0,0,0,1,0,2955000,19537500,0,-0.5000000000000004,0.8660254037844384,1,0,0,0
0,55.0,8,0,0,0,0,0,0,1,0,2925000,24322500,0,-1.0,-1.8369701987210297e-16,1,0,0,0
0,38.0,4,1,-1,-1,-1,-1,-1,0,1,4372500,16507500,0,0.49999999999999994,0.8660254037844387,0,0,1,0
0,24.0,34,1,1,-1,-1,-1,-1,1,0,8250000,282772500,0,-1.0,-1.8369701987210297e-16,0,1,0,0
1,66.0,68,1,1,1,1,1,1,1,1,13620000,945427500,0,-0.4999999999999997,-0.8660254037844388,0,1,0,0
0,34.0,45,-1,1,1,1,-1,1,1,0,7650000,339675000,0,0.0,1.0,0,1,0,0
0,42.0,9,-1,-1,1,-1,1,-1,0,1,13515000,122520000,0,1.2246467991473532e-16,-1.0,0,0,0,1
0,54.0,22,1,-1,-1,1,-1,-1,0,1,8857500,188025000,0,0.0,1.0,0,1,0,0
0,33.0,2,0,0,0,0,0,0,0,0,3045000,6180000,0,1.0,6.123233995736766e-17,1,0,0,0
1,28.0,70,-1,1,1,1,1,-1,1,0,10942500,789832500,0,0.49999999999999994,-0.8660254037844387,0,0,1,0
0,43.0,10,1,-1,1,1,-1,1,1,0,11032500,103995000,0,0.8660254037844387,-0.4999999999999998,0,0,1,0
1,18.0,72,1,-1,1,1,1,1,1,0,12645000,899565000,0,0.49999999999999994,-0.8660254037844387,0,0,1,0
0,37.0,49,-1,1,1,-1,1,1,1,0,11700000,573630000,0,1.0,6.123233995736766e-17,0,0,1,0
0,43.0,54,-1,1,-1,1,1,-1,1,0,10815000,582907500,0,-1.0,-1.8369701987210297e-16,0,1,0,0
0,37.0,71,1,1,1,-1,1,1,1,1,16012500,1092487500,0,-0.8660254037844385,-0.5000000000000004,0,0,0,1
0,21.0,22,0,0,0,0,0,0,1,1,2887500,61882500,0,1.2246467991473532e-16,-1.0,1,0,0,0
0,59.0,50,0,0,0,0,0,0,1,0,3082500,160537500,0,-0.8660254037844386,0.5000000000000001,1,0,0,0
0,41.0,43,0,0,0,0,0,0,1,0,3000000,122692500,0,-0.5000000000000004,0.8660254037844384,1,0,0,0
0,57.0,45,0,0,0,0,0,0,1,1,3697500,175695000,0,0.8660254037844387,-0.4999999999999998,1,0,0,0
1,37.0,64,1,1,-1,-1,1,1,0,1,15525000,982297500,0,-1.0,-1.8369701987210297e-16,0,0,0,1
0,29.0,23,0,0,0,0,0,0,1,0,3577500,93847500,0,0.8660254037844386,0.5000000000000001,1,0,0,0
0,43.0,68,0,0,0,0,0,0,1,0,3870000,286725000,0,0.8660254037844386,0.5000000000000001,1,0,0,0
0,37.0,1,-1,-1,-1,-1,-1,-1,0,1,10627500,10627500,1,1.0,6.123233995736766e-17,0,0,0,1
1,26.0,2,-1,-1,-1,-1,-1,-1,0,1,10470000,20205000,1,0.49999999999999994,0.8660254037844387,0,0,0,1
1,58.0,26,-1,-1,-1,1,1,-1,1,0,8917500,226050000,0,0.49999999999999994,0.8660254037844387,0,0,1,0
1,33.0,55,-1,-1,1,1,1,1,0,1,8182500,446745000,1,-0.5000000000000004,0.8660254037844384,0,1,0,0
1,18.0,14,0,0,0,0,0,0,0,1,3007500,44895000,0,-0.4999999999999997,-0.8660254037844388,1,0,0,0
1,56.0,71,1,-1,1,1,1,1,1,1,12382500,874897500,0,-0.8660254037844385,-0.5000000000000004,0,1,0,0
1,34.0,64,1,1,1,1,1,-1,1,0,12187500,835132500,0,0.0,1.0,0,0,1,0
0,33.0,7,-1,-1,-1,1,1,1,0,1,10612500,67620000,1,0.0,1.0,0,0,1,0
0,19.0,57,1,1,1,1,1,-1,1,1,11145000,624952500,0,1.0,6.123233995736766e-17,0,0,1,0
0,61.0,13,-1,1,1,-1,1,-1,0,0,14115000,182340000,1,0.49999999999999994,-0.8660254037844387,0,0,0,1
0,25.0,3,1,-1,-1,-1,-1,-1,0,0,4455000,13755000,1,-0.5000000000000004,0.8660254037844384,0,0,1,0
1,41.0,72,-1,1,1,1,1,1,1,0,16455000,1184767500,0,0.8660254037844387,-0.4999999999999998,0,0,0,1
0,51.0,40,-1,1,1,-1,1,-1,0,1,14452500,587310000,0,1.0,6.123233995736766e-17,0,0,0,1
1,45.0,14,-1,-1,-1,1,1,-1,0,1,9990000,146925000,0,-1.0,-1.8369701987210297e-16,0,0,1,0
1,39.0,2,-1,-1,-1,-1,-1,-1,0,1,6675000,13507500,0,1.0,6.123233995736766e-17,0,1,0,0
1,20.0,66,-1,1,1,1,1,1,1,0,16635000,1114807500,1,0.0,1.0,0,0,0,1
0,30.0,38,-1,-1,1,1,1,1,0,1,15750000,603960000,1,-0.5000000000000004,0.8660254037844384,0,0,0,1
1,42.0,1,-1,-1,-1,-1,-1,-1,0,1,3795000,3795000,1,0.8660254037844386,0.5000000000000001,0,0,1,0
1,31.0,22,-1,1,-1,1,-1,-1,1,1,8272500,178957500,1,-0.4999999999999997,-0.8660254037844388,0,0,1,0
1,42.0,1,0,0,0,0,0,0,0,1,3015000,3015000,1,0.49999999999999994,-0.8660254037844387,1,0,0,0
1,48.0,5,-1,-1,-1,-1,1,-1,0,1,12015000,59782500,0,0.0,1.0,0,0,0,1
1,52.0,29,1,-1,-1,1,1,-1,1,0,10357500,293767500,0,0.49999999999999994,-0.8660254037844387,0,0,1,0
1,25.0,1,-1,-1,-1,-1,-1,-1,0,1,10485000,10485000,1,-0.4999999999999997,-0.8660254037844388,0,0,0,1
0,66.0,3,0,0,0,0,0,0,0,0,3060000,9472500,0,-0.5000000000000004,0.8660254037844384,1,0,0,0
1,49.0,71,0,0,0,0,0,0,1,0,2955000,195165000,0,-0.8660254037844386,0.5000000000000001,1,0,0,0
1,40.0,9,-1,1,-1,-1,-1,-1,0,1,7515000,72607500,0,-0.4999999999999997,-0.8660254037844388,0,0,1,0
1,53.0,43,-1,1,-1,-1,1,1,0,1,15210000,679200000,1,0.49999999999999994,0.8660254037844387,0,0,0,1
0,68.0,48,1,1,1,-1,1,1,1,1,12517500,583177500,0,-0.4999999999999997,-0.8660254037844388,0,0,1,0
1,23.0,26,1,1,-1,-1,-1,-1,0,1,12997500,331312500,0,1.2246467991473532e-16,-1.0,0,0,0,1
0,37.0,9,0,0,0,0,0,0,0,0,3022500,35722500,0,-0.5000000000000004,0.8660254037844384,1,0,0,0
1,18.0,1,-1,-1,-1,-1,-1,1,0,1,12120000,12120000,1,0.49999999999999994,0.8660254037844387,0,0,0,1
0,42.0,46,0,0,0,0,0,0,1,0,2910000,143722500,0,0.8660254037844387,-0.4999999999999998,1,0,0,0
1,44.0,2,-1,-1,-1,-1,-1,1,0,0,9307500,17745000,1,-0.4999999999999997,-0.8660254037844388,0,0,1,0
1,40.0,1,-1,-1,-1,-1,-1,-1,0,1,11467500,11467500,1,0.0,1.0,0,0,0,1
1,32.0,64,1,-1,1,1,1,1,1,1,9007500,576817500,0,0.49999999999999994,-0.8660254037844387,0,1,0,0
0,18.0,12,-1,1,-1,-1,1,-1,0,1,13695000,164175000,1,0.49999999999999994,0.8660254037844387,0,0,0,1
1,44.0,6,-1,-1,1,-1,1,1,0,1,14362500,86062500,1,1.2246467991473532e-16,-1.0,0,0,0,1
0,57.0,59,0,0,0,0,0,0,1,0,3052500,190050000,0,0.49999999999999994,0.8660254037844387,1,0,0,0
0,33.0,7,-1,1,-1,-1,1,1,1,1,14107500,95017500,0,1.2246467991473532e-16,-1.0,0,0,0,1
0,45.0,72,1,1,1,-1,1,1,1,1,12615000,919447500,0,-0.4999999999999997,-0.8660254037844388,0,0,1,0
1,21.0,16,-1,-1,-1,-1,-1,1,0,1,11812500,182737500,0,0.0,1.0,0,0,0,1
1,45.0,25,-1,-1,1,-1,-1,-1,0,0,8332500,210795000,0,1.0,6.123233995736766e-17,0,0,1,0
0,35.0,34,1,1,-1,1,-1,-1,0,0,9397500,341235000,1,-0.8660254037844386,0.5000000000000001,0,0,1,0
0,31.0,1,-1,-1,-1,-1,-1,-1,0,1,11175000,11175000,1,-0.4999999999999997,-0.8660254037844388,0,0,0,1
0,31.0,10,-1,1,1,-1,1,1,0,1,15315000,160327500,1,0.49999999999999994,-0.8660254037844387,0,0,0,1
1,35.0,24,0,0,0,0,0,0,1,0,3015000,80085000,0,0.8660254037844387,-0.4999999999999998,1,0,0,0
0,45.0,10,1,1,-1,-1,1,-1,1,0,10545000,101422500,0,0.0,1.0,0,1,0,0
1,24.0,69,1,1,-1,-1,-1,-1,1,1,8047500,570660000,0,0.49999999999999994,-0.8660254037844387,0,0,1,0
1,35.0,57,0,0,0,0,0,0,1,0,3112500,167820000,0,0.49999999999999994,-0.8660254037844387,1,0,0,0
1,40.0,50,-1,1,1,1,1,1,1,1,15510000,785460000,0,-0.8660254037844385,-0.5000000000000004,0,0,0,1
1,27.0,28,1,-1,1,1,1,-1,1,0,7620000,208020000,0,-0.8660254037844386,0.5000000000000001,0,0,1,0
0,62.0,16,1,-1,-1,-1,-1,-1,0,1,7522500,114337500,1,1.2246467991473532e-16,-1.0,0,0,1,0
1,30.0,25,1,1,-1,1,1,1,0,1,11850000,285300000,0,0.8660254037844387,-0.4999999999999998,0,0,1,0
0,32.0,3,-1,1,-1,-1,-1,-1,0,1,11190000,35857500,0,1.0,6.123233995736766e-17,0,0,0,1
1,28.0,61,-1,-1,-1,-1,1,1,1,1,14475000,851055000,0,-0.4999999999999997,-0.8660254037844388,0,0,0,1
0,62.0,2,0,0,0,0,0,0,0,0,3015000,5970000,0,-1.0,-1.8369701987210297e-16,1,0,0,0
1,47.0,51,0,0,0,0,0,0,1,0,2910000,149662500,0,0.49999999999999994,-0.8660254037844387,1,0,0,0
0,29.0,71,1,-1,1,-1,1,1,1,0,11632500,836152500,0,0.49999999999999994,-0.8660254037844387,0,1,0,0
0,53.0,20,0,0,0,0,0,0,0,0,3007500,60907500,0,0.0,1.0,1,0,0,0
1,42.0,6,0,0,0,0,0,0,0,0,2977500,20827500,0,0.49999999999999994,-0.8660254037844387,1,0,0,0
0,43.0,6,0,0,0,0,0,0,0,0,3030000,18547500,0,0.49999999999999994,-0.8660254037844387,1,0,0,0
0,36.0,29,1,1,-1,1,-1,-1,0,0,10117500,270165000,0,-0.8660254037844386,0.5000000000000001,0,0,1,0
1,31.0,36,0,0,0,0,0,0,1,1,2782500,103350000,0,0.0,1.0,1,0,0,0
0,44.0,28,-1,-1,1,-1,-1,-1,0,1,4462500,118605000,0,-0.5000000000000004,0.8660254037844384,0,0,1,0
0,33.0,7,-1,-1,-1,-1,1,-1,0,1,12975000,87375000,1,-0.5000000000000004,0.8660254037844384,0,0,0,1
0,62.0,63,0,0,0,0,0,0,1,0,3630000,242730000,0,-1.0,-1.8369701987210297e-16,1,0,0,0
1,25.0,48,0,0,0,0,0,0,1,0,3532500,176002500,0,-0.8660254037844385,-0.5000000000000004,1,0,0,0
0,58.0,49,0,0,0,0,0,0,1,0,3067500,135135000,0,-1.0,-1.8369701987210297e-16,1,0,0,0
1,39.0,27,-1,1,-1,-1,-1,-1,0,1,12217500,318307500,1,-0.4999999999999997,-0.8660254037844388,0,0,0,1
1,44.0,72,1,1,1,1,1,1,1,0,13845000,1007985000,0,-0.8660254037844385,-0.5000000000000004,0,1,0,0
1,50.0,1,-1,-1,-1,-1,-1,-1,0,1,10372500,10372500,1,0.8660254037844386,0.5000000000000001,0,0,0,1
0,32.0,72,-1,1,-1,1,1,1,1,0,8047500,567600000,0,0.49999999999999994,-0.8660254037844387,0,0,1,0
0,50.0,47,1,1,-1,1,-1,-1,1,0,5947500,269797500,0,0.49999999999999994,-0.8660254037844387,0,0,1,0
0,18.0,1,-1,-1,-1,-1,1,-1,0,1,8197500,8197500,0,-1.0,-1.8369701987210297e-16,0,1,0,0
0,31.0,36,-1,1,1,-1,1,1,1,1,15720000,582967500,0,0.8660254037844387,-0.4999999999999998,0,0,0,1
1,29.0,43,-1,1,-1,-1,-1,-1,0,0,4395000,183607500,0,-0.4999999999999997,-0.8660254037844388,0,0,1,0
0,25.0,27,-1,1,1,1,1,1,0,0,12577500,346530000,0,0.8660254037844386,0.5000000000000001,0,0,1,0
0,37.0,9,-1,-1,-1,-1,-1,1,0,1,11932500,108510000,1,-0.5000000000000004,0.8660254037844384,0,0,0,1
0,45.0,38,-1,-1,1,1,1,1,0,1,15547500,598275000,0,0.0,1.0,0,0,0,1
0,48.0,35,1,-1,-1,-1,1,1,0,1,14857500,533190000,0,0.49999999999999994,0.8660254037844387,0,0,0,1
0,43.0,0,-1,1,1,1,1,-1,1,0,11002500,0,0,-0.8660254037844386,0.5000000000000001,0,1,0,0
0,32.0,59,-1,1,-1,1,1,1,1,1,15007500,905227500,0,0.49999999999999994,0.8660254037844387,0,0,0,1
1,44.0,27,0,0,0,0,0,0,1,0,3052500,79740000,0,-0.8660254037844386,0.5000000000000001,1,0,0,0
0,41.0,2,-1,-1,-1,-1,-1,-1,0,0,6592500,12765000,0,0.0,1.0,0,1,0,0
1,51.0,7,0,0,0,0,0,0,0,0,3525000,25950000,0,1.0,6.123233995736766e-17,1,0,0,0
0,49.0,36,-1,1,-1,1,-1,1,1,1,10605000,376792500,0,1.2246467991473532e-16,-1.0,0,1,0,0
0,40.0,41,1,1,-1,-1,1,-1,0,1,14145000,584040000,0,-0.8660254037844386,0.5000000000000001,0,0,0,1
0,29.0,13,-1,1,-1,-1,-1,-1,0,0,4372500,53572500,0,-0.8660254037844386,0.5000000000000001,0,0,1,0
1,32.0,19,0,0,0,0,0,0,1,0,3127500,70125000,0,1.0,6.123233995736766e-17,1,0,0,0
0,33.0,60,1,1,-1,1,-1,-1,1,0,5655000,343305000,0,0.0,1.0,0,1,0,0
0,36.0,48,-1,1,1,1,1,-1,1,1,14325000,694177500,1,-1.0,-1.8369701987210297e-16,0,0,0,1
1,43.0,3,-1,-1,1,-1,1,-1,0,0,13657500,43365000,1,0.49999999999999994,0.8660254037844387,0,0,0,1
1,49.0,69,-1,1,-1,1,1,-1,1,1,13867500,969082500,0,0.49999999999999994,-0.8660254037844387,0,0,0,1
1,39.0,43,-1,-1,1,1,-1,1,1,0,6622500,289695000,0,-0.8660254037844386,0.5000000000000001,0,0,1,0
0,40.0,11,1,-1,-1,1,-1,-1,1,1,5407500,60390000,0,1.0,6.123233995736766e-17,0,1,0,0
0,42.0,45,-1,-1,1,-1,-1,-1,0,1,7537500,333232500,0,0.8660254037844386,0.5000000000000001,0,0,1,0
1,34.0,72,-1,1,1,1,1,1,1,1,16462500,1163835000,0,-0.8660254037844386,0.5000000000000001,0,0,0,1
0,29.0,2,-1,-1,1,-1,-1,-1,0,0,11880000,25927500,1,0.0,1.0,0,0,0,1
0,19.0,12,0,0,0,0,0,0,1,0,3045000,33675000,0,0.49999999999999994,0.8660254037844387,1,0,0,0
0,32.0,67,-1,1,1,1,1,1,1,1,16852500,1108267500,0,0.49999999999999994,0.8660254037844387,0,0,0,1
1,46.0,37,-1,-1,1,1,1,-1,1,0,14145000,519142500,0,0.8660254037844387,-0.4999999999999998,0,0,0,1
0,32.0,39,1,1,-1,1,-1,-1,1,0,6172500,255135000,0,0.8660254037844387,-0.4999999999999998,0,0,1,0
0,37.0,41,1,-1,1,1,-1,1,0,1,11197500,463597500,0,-0.8660254037844385,-0.5000000000000004,0,0,1,0
0,46.0,25,-1,-1,1,-1,1,1,0,1,7237500,194070000,0,-0.8660254037844385,-0.5000000000000004,0,0,1,0
1,46.0,8,1,1,-1,1,-1,1,1,1,11422500,96870000,0,-1.0,-1.8369701987210297e-16,0,0,1,0
0,27.0,71,1,1,1,1,-1,-1,1,0,10665000,783742500,0,-0.8660254037844386,0.5000000000000001,0,0,1,0
1,52.0,5,-1,1,1,-1,-1,1,0,0,14482500,75015000,0,0.8660254037844387,-0.4999999999999998,0,0,0,1
0,54.0,30,1,-1,1,-1,1,1,1,1,11895000,364065000,0,0.8660254037844387,-0.4999999999999998,0,0,1,0
1,26.0,40,-1,1,-1,1,-1,1,1,1,13440000,523222500,0,0.49999999999999994,0.8660254037844387,0,0,0,1
0,30.0,54,0,0,0,0,0,0,1,1,3075000,155355000,0,0.49999999999999994,-0.8660254037844387,1,0,0,0
1,54.0,72,-1,1,1,-1,1,1,1,1,15945000,1134802500,0,0.49999999999999994,-0.8660254037844387,0,0,0,1
1,38.0,28,-1,1,1,-1,1,1,1,0,15052500,419850000,0,0.8660254037844387,-0.4999999999999998,0,0,0,1
1,18.0,18,-1,-1,-1,1,-1,1,0,1,12840000,240225000,0,-0.8660254037844386,0.5000000000000001,0,0,0,1
0,23.0,2,-1,-1,-1,-1,1,1,0,1,6787500,12825000,1,-0.4999999999999997,-0.8660254037844388,0,0,1,0
0,37.0,59,-1,1,1,-1,1,1,1,1,15922500,938430000,0,0.49999999999999994,-0.8660254037844387,0,0,0,1
1,26.0,22,-1,-1,-1,1,-1,-1,0,1,7665000,184935000,0,0.8660254037844387,-0.4999999999999998,0,0,1,0
0,35.0,1,0,0,0,0,0,0,0,0,2985000,2985000,0,-0.8660254037844385,-0.5000000000000004,1,0,0,0
0,40.0,72,0,0,0,0,0,0,1,1,3855000,290610000,0,0.8660254037844387,-0.4999999999999998,1,0,0,0
0,58.0,14,-1,-1,-1,-1,-1,-1,0,1,11145000,164437500,1,-0.8660254037844385,-0.5000000000000004,0,0,0,1
1,37.0,50,-1,-1,-1,1,1,1,1,0,14910000,758962500,0,-0.5000000000000004,0.8660254037844384,0,0,0,1
0,53.0,48,1,-1,1,1,1,-1,1,0,10455000,453547500,0,0.49999999999999994,-0.8660254037844387,0,0,1,0
0,57.0,49,-1,1,-1,-1,1,1,0,1,14752500,733380000,0,0.8660254037844387,-0.4999999999999998,0,0,0,1
1,57.0,28,-1,-1,1,-1,1,-1,0,0,12817500,343485000,0,-0.5000000000000004,0.8660254037844384,0,0,0,1
1,43.0,68,-1,1,1,-1,-1,1,0,1,14385000,975480000,0,0.8660254037844387,-0.4999999999999998,0,0,0,1
1,18.0,13,-1,-1,-1,1,1,1,0,0,15112500,196987500,0,0.8660254037844386,0.5000000000000001,0,0,0,1
0,46.0,11,-1,-1,1,-1,1,-1,0,1,13380000,148545000,0,-1.0,-1.8369701987210297e-16,0,0,0,1
0,53.0,3,-1,-1,-1,-1,-1,-1,0,1,11115000,34200000,1,-0.8660254037844385,-0.5000000000000004,0,0,0,1
1,39.0,57,-1,-1,1,-1,1,1,0,0,15090000,861922500,1,0.0,1.0,0,0,0,1
1,61.0,3,-1,-1,-1,-1,-1,-1,0,0,11250000,31365000,1,-1.0,-1.8369701987210297e-16,0,0,0,1
1,50.0,72,0,0,0,0,0,0,1,0,3862500,279630000,0,-0.8660254037844385,-0.5000000000000004,1,0,0,0
1,47.0,70,-1,1,1,1,1,1,1,1,12615000,896955000,0,0.8660254037844387,-0.4999999999999998,0,0,1,0
0,53.0,49,-1,1,-1,1,1,1,1,0,11895000,585367500,0,0.0,1.0,0,0,1,0
0,44.0,67,1,-1,1,-1,1,1,1,1,16057500,1071375000,0,1.2246467991473532e-16,-1.0,0,0,0,1
1,18.0,46,0,0,0,0,0,0,1,0,3007500,135300000,0,1.0,6.123233995736766e-17,1,0,0,0
0,34.0,64,1,1,-1,1,1,-1,1,1,10530000,672150000,1,-0.8660254037844386,0.5000000000000001,0,1,0,0
0,54.0,37,0,0,0,0,0,0,0,0,2925000,120780000,0,0.8660254037844387,-0.4999999999999998,1,0,0,0
0,30.0,2,-1,-1,-1,-1,-1,-1,0,0,10612500,23227500,1,0.49999999999999994,-0.8660254037844387,0,0,0,1
0,37.0,13,-1,-1,-1,-1,1,1,0,0,6795000,79267500,0,0.49999999999999994,0.8660254037844387,0,0,1,0
0,27.0,72,1,1,1,1,1,1,1,0,17272500,1252455000,0,0.49999999999999994,-0.8660254037844387,0,0,0,1
1,61.0,68,-1,-1,1,1,1,1,1,1,10942500,742987500,0,0.8660254037844386,0.5000000000000001,0,1,0,0
1,60.0,15,0,0,0,0,0,0,1,0,2947500,49897500,0,0.0,1.0,1,0,0,0
0,29.0,24,0,0,0,0,0,0,1,1,2932500,70530000,0,-0.8660254037844386,0.5000000000000001,1,0,0,0
0,42.0,24,-1,-1,-1,1,-1,1,0,1,13432500,338902500,0,-0.8660254037844386,0.5000000000000001,0,0,0,1
1,32.0,27,1,-1,-1,-1,-1,-1,0,0,7552500,211702500,0,-0.4999999999999997,-0.8660254037844388,0,0,1,0
1,47.0,12,-1,-1,-1,1,-1,-1,0,0,7537500,89062500,1,0.49999999999999994,0.8660254037844387,0,1,0,0
0,46.0,71,1,1,1,1,1,1,1,0,13087500,949305000,0,1.0,6.123233995736766e-17,0,1,0,0
1,50.0,67,0,0,0,0,0,0,1,1,3120000,211785000,0,1.2246467991473532e-16,-1.0,1,0,0,0
0,44.0,63,-1,1,1,1,1,1,1,1,16387500,1026210000,0,1.2246467991473532e-16,-1.0,0,0,0,1
1,75.0,1,0,0,0,0,0,0,0,0,3052500,3052500,0,-0.8660254037844385,-0.5000000000000004,1,0,0,0
1,28.0,4,-1,-1,-1,-1,-1,1,0,1,8385000,35775000,0,1.0,6.123233995736766e-17,0,1,0,0
0,19.0,40,1,1,-1,-1,-1,-1,0,1,11880000,485077500,1,-0.4999999999999997,-0.8660254037844388,0,0,0,1
0,35.0,12,-1,-1,1,-1,1,1,0,1,14400000,159315000,1,-1.0,-1.8369701987210297e-16,0,0,0,1
1,21.0,52,1,1,1,-1,1,1,1,0,11880000,602445000,0,1.0,6.123233995736766e-17,0,0,1,0
1,22.0,10,0,0,0,0,0,0,0,1,3600000,33982500,0,-0.5000000000000004,0.8660254037844384,1,0,0,0
1,28.0,68,1,1,1,-1,1,-1,1,0,15202500,1066612500,0,0.8660254037844387,-0.4999999999999998,0,0,0,1
0,29.0,54,-1,-1,-1,1,1,1,0,1,15015000,816135000,1,1.0,6.123233995736766e-17,0,0,0,1
0,29.0,4,-1,1,-1,1,-1,-1,0,0,8475000,35265000,1,-0.5000000000000004,0.8660254037844384,0,0,1,0
0,46.0,52,1,-1,1,-1,-1,-1,1,0,5317500,293842500,0,0.49999999999999994,0.8660254037844387,0,0,1,0
0,34.0,1,-1,-1,1,-1,-1,1,0,1,12750000,12750000,1,0.0,1.0,0,0,0,1
1,38.0,70,1,1,1,1,1,-1,1,0,11910000,829335000,0,-0.4999999999999997,-0.8660254037844388,0,0,1,0
1,51.0,43,1,-1,1,-1,-1,-1,1,1,5280000,219555000,0,-0.5000000000000004,0.8660254037844384,0,1,0,0
1,31.0,52,0,0,0,0,0,0,1,0,2947500,153757500,0,0.0,1.0,1,0,0,0
0,37.0,12,1,-1,1,1,-1,1,1,0,7477500,82815000,0,0.0,1.0,0,0,1,0
0,44.0,56,1,1,-1,-1,-1,1,1,0,10312500,572310000,0,0.8660254037844386,0.5000000000000001,0,0,1,0
1,18.0,0,1,1,-1,1,-1,-1,1,1,9285000,0,0,0.0,1.0,0,0,1,0
1,18.0,42,-1,-1,1,-1,-1,-1,0,0,11985000,497010000,0,1.0,6.123233995736766e-17,0,0,0,1
1,44.0,22,-1,-1,-1,-1,1,1,0,1,13462500,290835000,0,-0.5000000000000004,0.8660254037844384,0,0,0,1
1,46.0,51,1,1,1,-1,1,1,1,0,8895000,452197500,1,1.2246467991473532e-16,-1.0,0,0,1,0
1,65.0,27,0,0,0,0,0,0,0,1,2910000,69037500,0,-1.0,-1.8369701987210297e-16,1,0,0,0
1,42.0,51,1,-1,1,-1,-1,1,1,1,14047500,725872500,0,0.49999999999999994,0.8660254037844387,0,0,0,1
1,50.0,4,1,-1,-1,-1,-1,-1,0,1,7410000,27660000,1,1.0,6.123233995736766e-17,0,0,1,0
1,38.0,1,0,0,0,0,0,0,0,1,2985000,2985000,0,-1.0,-1.8369701987210297e-16,1,0,0,0
1,44.0,35,-1,-1,-1,-1,1,-1,0,0,8250000,301582500,1,0.0,1.0,0,0,1,0
1,60.0,71,-1,1,1,1,-1,1,1,1,10935000,770947500,0,0.8660254037844386,0.5000000000000001,0,1,0,0
0,18.0,1,-1,-1,-1,-1,-1,-1,0,1,10380000,10380000,1,0.8660254037844387,-0.4999999999999998,0,0,0,1
0,45.0,69,0,0,0,0,0,0,1,1,3840000,251010000,0,1.2246467991473532e-16,-1.0,1,0,0,0
1,66.0,14,0,0,0,0,0,0,1,0,2962500,46402500,0,0.49999999999999994,-0.8660254037844387,1,0,0,0
1,43.0,57,1,-1,-1,1,-1,-1,0,0,8355000,475740000,0,-0.4999999999999997,-0.8660254037844388,0,1,0,0
0,60.0,72,1,1,1,1,1,1,1,0,17625000,1300515000,0,0.8660254037844387,-0.4999999999999998,0,0,0,1
1,32.0,48,0,0,0,0,0,0,1,0,2977500,137400000,0,-1.0,-1.8369701987210297e-16,1,0,0,0
0,40.0,4,-1,-1,-1,-1,1,-1,0,1,11835000,44962500,0,-0.5000000000000004,0.8660254037844384,0,0,0,1
1,40.0,31,0,0,0,0,0,0,0,1,3097500,105307500,0,1.2246467991473532e-16,-1.0,1,0,0,0
1,18.0,38,-1,-1,1,1,-1,1,1,1,9345000,353220000,1,-0.5000000000000004,0.8660254037844384,0,0,1,0
1,26.0,37,-1,-1,-1,-1,1,1,0,1,13875000,521010000,1,-0.4999999999999997,-0.8660254037844388,0,0,0,1
0,27.0,1,0,0,0,0,0,0,0,0,2947500,2947500,0,0.0,1.0,1,0,0,0
1,50.0,57,-1,1,1,-1,1,1,1,1,11962500,665730000,0,0.49999999999999994,0.8660254037844387,0,1,0,0
0,50.0,62,1,-1,1,1,1,1,1,1,11992500,722962500,0,-0.4999999999999997,-0.8660254037844388,0,1,0,0
1,44.0,3,-1,-1,-1,1,-1,-1,0,1,4485000,13837500,0,0.8660254037844386,0.5000000000000001,0,0,1,0
0,50.0,72,0,0,0,0,0,0,1,1,2962500,235050000,0,1.2246467991473532e-16,-1.0,1,0,0,0
1,38.0,29,1,1,1,1,-1,-1,0,1,6750000,186367500,0,1.0,6.123233995736766e-17,0,0,1,0
1,54.0,13,-1,-1,-1,-1,-1,-1,0,0,6720000,83880000,0,0.49999999999999994,-0.8660254037844387,0,1,0,0
1,40.0,3,-1,-1,-1,-1,-1,-1,0,0,10447500,33015000,1,-0.8660254037844385,-0.5000000000000004,0,0,0,1
0,41.0,11,-1,1,-1,-1,-1,-1,0,0,7665000,79672500,0,-0.4999999999999997,-0.8660254037844388,0,0,1,0
0,37.0,21,1,1,1,1,1,-1,1,0,7972500,177480000,0,0.49999999999999994,0.8660254037844387,0,0,1,0
0,48.0,19,0,0,0,0,0,0,0,0,3705000,69877500,0,1.2246467991473532e-16,-1.0,1,0,0,0
1,35.0,61,1,-1,1,1,1,1,1,1,16740000,1031407500,1,0.8660254037844386,0.5000000000000001,0,0,0,1
0,52.0,11,1,-1,-1,-1,-1,-1,0,0,7282500,75150000,1,1.0,6.123233995736766e-17,0,1,0,0
1,26.0,35,-1,1,1,1,1,1,0,1,16492500,567360000,0,-0.4999999999999997,-0.8660254037844388,0,0,0,1
1,27.0,25,0,0,0,0,0,0,0,0,3120000,69030000,0,0.0,1.0,1,0,0,0
0,48.0,1,0,0,0,0,0,0,0,1,3030000,3030000,1,0.49999999999999994,-0.8660254037844387,1,0,0,0
0,39.0,67,0,0,0,0,0,0,1,1,3840000,268552500,0,-0.5000000000000004,0.8660254037844384,1,0,0,0
1,35.0,19,-1,-1,1,-1,1,-1,0,1,5947500,110002500,1,0.0,1.0,0,0,1,0
1,51.0,56,0,0,0,0,0,0,1,0,3735000,200100000,1,0.8660254037844387,-0.4999999999999998,1,0,0,0
1,33.0,72,1,1,1,-1,1,1,1,1,16260000,1165087500,0,-0.8660254037844386,0.5000000000000001,0,0,0,1
1,38.0,43,0,0,0,0,0,0,1,0,2932500,131422500,0,0.8660254037844386,0.5000000000000001,1,0,0,0
0,57.0,55,1,1,-1,-1,-1,-1,0,1,12765000,690142500,0,1.2246467991473532e-16,-1.0,0,0,0,1
1,58.0,2,1,-1,-1,-1,-1,-1,0,0,8505000,17032500,1,-0.5000000000000004,0.8660254037844384,0,1,0,0
1,59.0,27,-1,-1,-1,-1,-1,-1,0,1,10357500,268987500,0,0.0,1.0,0,0,0,1
0,37.0,13,-1,-1,-1,-1,-1,-1,0,1,10522500,133005000,0,1.2246467991473532e-16,-1.0,0,0,0,1
0,55.0,70,1,1,1,-1,1,1,1,1,16672500,1160632500,0,-0.8660254037844386,0.5000000000000001,0,0,0,1
0,29.0,14,1,1,-1,1,1,1,1,0,15892500,202335000,1,1.2246467991473532e-16,-1.0,0,0,0,1
0,29.0,19,-1,-1,-1,1,-1,1,1,1,13402500,253027500,0,-0.8660254037844386,0.5000000000000001,0,0,0,1
0,18.0,20,1,-1,-1,-1,1,-1,0,1,13365000,281887500,0,-0.8660254037844385,-0.5000000000000004,0,0,0,1
1,60.0,43,1,-1,1,1,-1,-1,1,1,13687500,602070000,0,0.0,1.0,0,0,0,1
1,30.0,5,1,-1,1,-1,-1,1,0,1,13552500,65175000,0,1.2246467991473532e-16,-1.0,0,0,0,1
0,38.0,70,-1,1,-1,1,1,1,1,1,15832500,1079302500,0,-0.5000000000000004,0.8660254037844384,0,0,0,1
0,29.0,40,0,0,0,0,0,0,1,0,2865000,117015000,0,-0.8660254037844385,-0.5000000000000004,1,0,0,0
1,48.0,6,0,0,0,0,0,0,1,1,3060000,16140000,0,0.49999999999999994,-0.8660254037844387,1,0,0,0
1,35.0,39,1,-1,1,-1,1,1,1,1,15067500,570255000,0,0.0,1.0,0,0,0,1
1,24.0,4,-1,-1,-1,-1,-1,-1,0,0,11242500,46305000,1,0.8660254037844387,-0.4999999999999998,0,0,0,1
1,45.0,15,-1,-1,-1,1,-1,-1,0,1,4455000,65737500,1,0.0,1.0,0,0,1,0
1,23.0,1,-1,-1,1,-1,1,1,0,1,7552500,7552500,1,1.0,6.123233995736766e-17,0,0,1,0
0,30.0,45,1,1,-1,1,-1,-1,0,1,12855000,566715000,0,-0.8660254037844385,-0.5000000000000004,0,0,0,1
0,18.0,64,1,-1,1,1,-1,1,1,0,7177500,472125000,1,1.0,6.123233995736766e-17,0,0,1,0
0,23.0,57,-1,1,1,-1,-1,1,0,0,14100000,815842500,0,1.0,6.123233995736766e-17,0,0,0,1
1,42.0,72,1,1,1,1,-1,-1,1,0,10477500,765352500,0,0.8660254037844387,-0.4999999999999998,0,0,1,0
1,18.0,1,-1,-1,-1,-1,-1,-1,0,1,10545000,10545000,1,-0.8660254037844386,0.5000000000000001,0,0,0,1
1,22.0,72,0,0,0,0,0,0,1,0,3877500,280830000,0,-0.5000000000000004,0.8660254037844384,1,0,0,0
0,40.0,3,1,1,-1,1,-1,1,1,0,10665000,32002500,0,-1.0,-1.8369701987210297e-16,0,1,0,0
1,33.0,55,1,-1,-1,-1,1,1,0,1,14820000,842662500,1,0.8660254037844387,-0.4999999999999998,0,0,0,1
0,64.0,59,-1,-1,1,1,1,-1,0,0,14002500,807975000,0,1.2246467991473532e-16,-1.0,0,0,0,1
0,62.0,18,-1,-1,-1,1,1,1,0,1,14977500,266542500,1,-0.8660254037844385,-0.5000000000000004,0,0,0,1
1,30.0,32,-1,-1,-1,-1,-1,1,0,1,12045000,372457500,1,0.49999999999999994,0.8660254037844387,0,0,0,1
0,47.0,4,1,-1,-1,-1,-1,-1,0,1,7582500,35347500,0,-0.4999999999999997,-0.8660254037844388,0,0,1,0
0,49.0,66,-1,1,-1,-1,-1,-1,0,1,12067500,783652500,1,1.0,6.123233995736766e-17,0,0,0,1
1,33.0,27,-1,-1,1,-1,-1,-1,0,1,12195000,340920000,0,0.49999999999999994,0.8660254037844387,0,0,0,1
1,22.0,4,0,0,0,0,0,0,0,1,3105000,12562500,0,1.0,6.123233995736766e-17,1,0,0,0
1,40.0,60,1,1,-1,1,1,1,0,1,11857500,699510000,0,0.49999999999999994,0.8660254037844387,0,0,1,0
0,38.0,8,0,0,0,0,0,0,1,0,2857500,30255000,0,-0.4999999999999997,-0.8660254037844388,1,0,0,0
1,35.0,8,0,0,0,0,0,0,1,0,2940000,18750000,0,1.2246467991473532e-16,-1.0,1,0,0,0
1,45.0,35,0,0,0,0,0,0,1,1,3030000,102660000,0,0.8660254037844387,-0.4999999999999998,1,0,0,0
1,31.0,7,-1,-1,-1,-1,-1,1,0,1,13020000,93052500,1,1.0,6.123233995736766e-17,0,0,0,1
0,26.0,53,0,0,0,0,0,0,1,0,3135000,171907500,0,-0.5000000000000004,0.8660254037844384,1,0,0,0
0,41.0,18,-1,1,-1,1,1,1,0,1,15540000,270952500,0,0.49999999999999994,-0.8660254037844387,0,0,0,1
0,45.0,15,-1,1,-1,-1,-1,1,1,1,5820000,90450000,0,-1.0,-1.8369701987210297e-16,0,0,1,0
1,26.0,67,-1,1,-1,-1,1,-1,1,1,13260000,869745000,0,0.49999999999999994,0.8660254037844387,0,0,0,1
1,51.0,6,-1,1,-1,-1,-1,1,0,1,12630000,77872500,1,-0.4999999999999997,-0.8660254037844388,0,0,0,1
1,19.0,6,-1,-1,-1,-1,1,-1,0,1,11955000,74640000,0,1.0,6.123233995736766e-17,0,0,0,1
1,33.0,13,-1,-1,-1,1,1,1,0,1,14850000,195255000,1,0.8660254037844387,-0.4999999999999998,0,0,0,1
0,37.0,11,-1,-1,1,-1,1,1,0,1,15112500,169462500,1,0.0,1.0,0,0,0,1
1,32.0,1,0,0,0,0,0,0,0,1,2895000,2895000,0,0.49999999999999994,-0.8660254037844387,1,0,0,0
1,33.0,5,1,-1,-1,1,-1,-1,0,1,8362500,40042500,0,1.2246467991473532e-16,-1.0,0,0,1,0
1,62.0,13,0,0,0,0,0,0,1,1,2992500,38550000,0,-1.0,-1.8369701987210297e-16,1,0,0,0
0,30.0,9,1,1,1,-1,-1,-1,0,0,13762500,129870000,1,0.0,1.0,0,0,0,1
1,69.0,29,-1,1,-1,1,1,-1,0,0,13447500,393547500,0,0.8660254037844387,-0.4999999999999998,0,0,0,1
1,45.0,1,-1,-1,-1,-1,-1,-1,0,1,6877500,6877500,0,-0.8660254037844386,0.5000000000000001,0,1,0,0
0,41.0,1,-1,-1,1,-1,-1,-1,0,1,11932500,11932500,1,-0.8660254037844386,0.5000000000000001,0,0,0,1
0,46.0,18,-1,-1,-1,-1,1,-1,0,0,8392500,162420000,0,0.0,1.0,0,0,1,0
0,70.0,2,-1,-1,1,-1,1,1,0,0,10350000,22170000,0,-1.0,-1.8369701987210297e-16,0,0,1,0
1,28.0,30,-1,1,-1,1,-1,-1,0,1,12532500,385530000,0,0.49999999999999994,0.8660254037844387,0,0,0,1
1,27.0,66,1,1,-1,1,-1,-1,1,0,9855000,656835000,0,1.0,6.123233995736766e-17,0,0,1,0
1,31.0,38,-1,-1,1,1,1,-1,1,1,14235000,542437500,0,0.49999999999999994,0.8660254037844387,0,0,0,1
1,40.0,44,-1,1,1,1,-1,-1,0,1,9285000,438607500,0,0.49999999999999994,0.8660254037844387,0,0,1,0
0,19.0,54,-1,1,1,1,1,1,0,0,16665000,902227500,1,-1.0,-1.8369701987210297e-16,0,0,0,1
1,40.0,2,0,0,0,0,0,0,0,0,3000000,4905000,0,0.8660254037844387,-0.4999999999999998,1,0,0,0
0,60.0,42,1,1,-1,1,-1,1,1,1,10155000,432337500,0,0.8660254037844386,0.5000000000000001,0,1,0,0
0,42.0,58,0,0,0,0,0,0,1,0,3772500,226485000,0,1.0,6.123233995736766e-17,1,0,0,0
1,36.0,58,-1,1,-1,-1,1,1,0,1,13927500,795757500,0,0.49999999999999994,-0.8660254037844387,0,0,0,1
0,33.0,25,-1,-1,1,-1,-1,1,0,1,13365000,355260000,1,1.0,6.123233995736766e-17,0,0,0,1
0,51.0,71,1,1,1,1,1,1,1,0,16695000,1197885000,0,-1.0,-1.8369701987210297e-16,0,0,0,1
0,30.0,37,-1,1,1,-1,1,1,0,1,15285000,531802500,1,0.49999999999999994,0.8660254037844387,0,0,0,1
0,62.0,14,-1,-1,-1,1,1,-1,0,1,13747500,195150000,1,-1.0,-1.8369701987210297e-16,0,0,0,1
0,63.0,4,-1,-1,1,-1,-1,1,0,1,13327500,55867500,1,0.8660254037844387,-0.4999999999999998,0,0,0,1
0,43.0,48,1,-1,-1,1,-1,-1,1,1,9090000,447787500,0,0.8660254037844387,-0.4999999999999998,0,0,1,0
0,40.0,3,-1,-1,-1,-1,-1,-1,0,0,3795000,11662500,1,-0.8660254037844385,-0.5000000000000004,0,1,0,0
0,52.0,8,1,-1,-1,1,-1,1,1,0,9825000,84652500,0,0.8660254037844386,0.5000000000000001,0,0,1,0
1,53.0,1,-1,-1,-1,-1,1,1,0,1,14317500,14317500,1,1.2246467991473532e-16,-1.0,0,0,0,1
1,30.0,67,0,0,0,0,0,0,1,0,2992500,196762500,0,-0.8660254037844385,-0.5000000000000004,1,0,0,0
1,34.0,13,-1,-1,-1,-1,1,1,0,1,13665000,170355000,1,1.2246467991473532e-16,-1.0,0,0,0,1
0,24.0,45,-1,1,-1,1,-1,-1,1,1,8122500,347970000,1,-0.4999999999999997,-0.8660254037844388,0,0,1,0
1,45.0,49,-1,-1,-1,-1,-1,-1,0,1,11190000,558052500,0,0.49999999999999994,-0.8660254037844387,0,0,0,1
0,48.0,52,-1,1,1,-1,1,-1,0,0,14190000,753870000,0,-1.0,-1.8369701987210297e-16,0,0,0,1
0,24.0,63,1,-1,1,-1,-1,-1,1,1,12172500,783675000,0,-0.8660254037844385,-0.5000000000000004,0,0,0,1
0,35.0,68,1,1,1,1,1,1,1,1,13357500,927870000,0,1.2246467991473532e-16,-1.0,0,0,1,0
0,24.0,31,-1,-1,-1,1,-1,-1,0,1,7380000,224782500,0,-0.8660254037844385,-0.5000000000000004,0,0,1,0
0,29.0,64,0,0,0,0,0,0,1,0,2917500,181290000,0,0.8660254037844387,-0.4999999999999998,1,0,0,0
0,47.0,62,1,-1,1,1,1,1,1,1,15645000,992047500,0,0.8660254037844387,-0.4999999999999998,0,0,0,1
0,31.0,1,-1,-1,-1,-1,-1,-1,0,0,10455000,10455000,1,-0.8660254037844385,-0.5000000000000004,0,0,0,1
0,36.0,6,-1,-1,-1,-1,1,1,0,1,13425000,85995000,1,0.49999999999999994,0.8660254037844387,0,0,0,1
0,20.0,21,-1,-1,-1,1,1,-1,0,1,12907500,272835000,0,0.0,1.0,0,0,0,1
0,42.0,72,0,0,0,0,0,0,1,0,3780000,268102500,0,-0.8660254037844386,0.5000000000000001,1,0,0,0
0,39.0,32,1,1,-1,-1,-1,-1,0,1,5272500,157657500,0,-0.8660254037844385,-0.5000000000000004,0,1,0,0
0,31.0,71,1,1,-1,1,1,-1,1,1,14947500,1077187500,0,1.2246467991473532e-16,-1.0,0,0,0,1
0,38.0,34,1,1,1,-1,1,1,0,1,15802500,553290000,0,-0.8660254037844385,-0.5000000000000004,0,0,0,1
1,42.0,3,-1,-1,-1,-1,-1,1,0,1,5272500,14962500,1,-0.4999999999999997,-0.8660254037844388,0,0,1,0
1,30.0,12,-1,-1,-1,-1,-1,-1,0,1,11062500,130710000,1,1.0,6.123233995736766e-17,0,0,0,1
0,22.0,8,-1,-1,1,-1,1,1,0,0,15202500,117075000,1,0.49999999999999994,-0.8660254037844387,0,0,0,1
0,62.0,35,0,0,0,0,0,0,1,0,3645000,123240000,0,0.0,1.0,1,0,0,0
0,32.0,3,-1,-1,-1,-1,1,-1,0,1,12105000,35917500,0,0.49999999999999994,0.8660254037844387,0,0,0,1
1,39.0,3,-1,-1,1,1,1,-1,0,1,13477500,36667500,0,-0.8660254037844386,0.5000000000000001,0,0,0,1
1,52.0,53,-1,-1,1,-1,-1,1,1,1,9165000,503685000,0,-0.5000000000000004,0.8660254037844384,0,0,1,0
0,75.0,4,1,-1,-1,-1,-1,-1,0,1,4357500,19440000,0,1.2246467991473532e-16,-1.0,0,0,1,0
0,25.0,48,1,-1,1,-1,1,1,1,1,14955000,746580000,0,0.8660254037844387,-0.4999999999999998,0,0,0,1
0,45.0,6,1,1,-1,-1,-1,-1,0,0,8385000,54802500,1,0.49999999999999994,0.8660254037844387,0,0,1,0
1,32.0,3,-1,1,1,-1,1,1,0,1,15885000,50197500,1,0.0,1.0,0,0,0,1
1,34.0,54,-1,-1,1,1,-1,1,1,0,6900000,363607500,0,1.0,6.123233995736766e-17,0,0,1,0
0,31.0,1,-1,-1,-1,-1,-1,-1,0,0,6592500,6592500,1,1.2246467991473532e-16,-1.0,0,1,0,0
1,26.0,62,-1,1,1,1,1,1,0,1,12060000,747172500,0,-1.0,-1.8369701987210297e-16,0,0,1,0
1,40.0,22,-1,1,1,-1,1,1,1,1,15007500,313537500,0,0.49999999999999994,-0.8660254037844387,0,0,0,1
1,22.0,1,-1,-1,-1,-1,-1,-1,0,1,6765000,6765000,1,1.2246467991473532e-16,-1.0,0,0,1,0
1,51.0,51,-1,-1,1,-1,1,1,1,1,14100000,735862500,0,0.49999999999999994,-0.8660254037844387,0,0,0,1
0,41.0,30,-1,1,1,-1,1,-1,1,1,10342500,305805000,0,-0.8660254037844385,-0.5000000000000004,0,0,1,0
0,45.0,56,1,1,1,1,-1,-1,1,1,10267500,602100000,0,0.0,1.0,0,0,1,0
1,34.0,35,-1,1,-1,1,1,-1,1,1,10350000,366255000,0,0.49999999999999994,0.8660254037844387,0,0,1,0
0,36.0,64,-1,1,-1,1,1,-1,0,1,6577500,412650000,0,0.8660254037844387,-0.4999999999999998,0,0,1,0
1,43.0,30,-1,-1,-1,-1,1,1,0,1,6675000,196170000,0,1.0,6.123233995736766e-17,0,0,1,0
0,26.0,25,0,0,0,0,0,0,1,1,2805000,57547500,0,0.8660254037844386,0.5000000000000001,1,0,0,0
0,36.0,41,-1,-1,-1,-1,-1,-1,0,0,10537500,430207500,1,-1.0,-1.8369701987210297e-16,0,0,0,1
1,30.0,9,-1,-1,-1,-1,1,-1,0,0,8302500,67462500,1,0.49999999999999994,0.8660254037844387,0,0,1,0
0,29.0,1,1,1,-1,-1,-1,-1,0,1,8032500,8032500,0,0.8660254037844387,-0.4999999999999998,0,1,0,0
1,18.0,70,1,1,1,1,1,1,1,1,17190000,1182375000,0,1.0,6.123233995736766e-17,0,0,0,1
0,56.0,57,0,0,0,0,0,0,1,1,3015000,163155000,0,-0.5000000000000004,0.8660254037844384,1,0,0,0
1,32.0,9,-1,-1,-1,-1,1,-1,0,1,12825000,118755000,0,0.49999999999999994,0.8660254037844387,0,0,0,1
0,54.0,69,-1,1,1,1,1,1,1,1,16312500,1123957500,0,-1.0,-1.8369701987210297e-16,0,0,0,1
1,53.0,43,-1,1,1,-1,1,1,0,1,15450000,662145000,1,-0.8660254037844385,-0.5000000000000004,0,0,0,1
0,25.0,72,-1,-1,1,-1,1,1,1,1,14677500,1026195000,0,-0.8660254037844385,-0.5000000000000004,0,0,0,1
1,27.0,44,0,0,0,0,0,0,1,0,2932500,122992500,0,1.2246467991473532e-16,-1.0,1,0,0,0
0,71.0,72,1,1,-1,-1,-1,-1,1,1,12607500,907837500,0,0.8660254037844387,-0.4999999999999998,0,0,0,1
0,61.0,33,1,-1,1,1,1,1,1,1,15562500,504157500,1,1.0,6.123233995736766e-17,0,0,0,1
1,40.0,54,-1,-1,1,-1,-1,1,0,0,13410000,730425000,0,-0.8660254037844385,-0.5000000000000004,0,0,0,1
1,43.0,27,0,0,0,0,0,0,1,0,2955000,76395000,0,0.8660254037844386,0.5000000000000001,1,0,0,0
1,32.0,54,-1,1,-1,-1,-1,-1,0,1,11977500,646237500,0,-0.4999999999999997,-0.8660254037844388,0,0,0,1
1,45.0,3,-1,1,-1,-1,-1,-1,0,0,11167500,33165000,0,1.0,6.123233995736766e-17,0,0,0,1
0,31.0,53,1,1,1,-1,-1,1,1,0,11115000,575092500,0,-0.5000000000000004,0.8660254037844384,0,0,1,0
1,18.0,1,-1,-1,-1,-1,-1,-1,0,1,10402500,10402500,1,-0.8660254037844385,-0.5000000000000004,0,0,0,1
1,24.0,15,0,0,0,0,0,0,1,0,2820000,44242500,0,0.0,1.0,1,0,0,0
0,40.0,56,-1,1,-1,-1,-1,-1,0,1,11077500,613927500,1,0.49999999999999994,0.8660254037844387,0,0,0,1
1,26.0,5,1,1,-1,1,-1,-1,0,0,9660000,47535000,0,-0.8660254037844386,0.5000000000000001,0,0,1,0
1,39.0,48,-1,1,1,-1,-1,-1,1,1,8370000,397680000,0,1.2246467991473532e-16,-1.0,0,0,1,0
0,27.0,25,0,0,0,0,0,0,0,0,3007500,70755000,0,-0.8660254037844386,0.5000000000000001,1,0,0,0
0,31.0,3,-1,-1,-1,-1,-1,-1,0,1,11272500,32512500,1,-0.8660254037844386,0.5000000000000001,0,0,0,1
1,50.0,58,1,1,-1,-1,1,1,1,0,14872500,858142500,0,0.8660254037844386,0.5000000000000001,0,0,0,1
1,43.0,10,-1,-1,-1,-1,-1,1,0,1,8512500,75487500,0,0.49999999999999994,-0.8660254037844387,0,0,1,0
1,40.0,1,-1,-1,-1,-1,-1,-1,0,1,10440000,10440000,1,-0.4999999999999997,-0.8660254037844388,0,0,0,1
1,51.0,71,-1,1,-1,1,1,1,1,1,15622500,1104795000,0,0.49999999999999994,-0.8660254037844387,0,0,0,1
0,46.0,65,-1,1,1,1,1,1,1,1,16620000,1086885000,0,0.8660254037844387,-0.4999999999999998,0,0,0,1
1,57.0,5,-1,1,-1,-1,-1,-1,0,1,12022500,57750000,1,0.49999999999999994,0.8660254037844387,0,0,0,1
0,34.0,28,-1,-1,1,1,-1,-1,0,1,5362500,144210000,0,-0.8660254037844386,0.5000000000000001,0,0,1,0
0,35.0,67,-1,-1,1,1,-1,1,1,1,10485000,692385000,0,-1.0,-1.8369701987210297e-16,0,1,0,0
1,24.0,35,1,-1,-1,1,-1,1,1,1,13380000,487695000,0,-0.8660254037844385,-0.5000000000000004,0,0,0,1
0,35.0,72,1,1,1,1,-1,1,1,0,8347500,582007500,0,1.2246467991473532e-16,-1.0,0,0,1,0
0,52.0,61,1,1,-1,1,-1,1,1,1,7605000,463312500,0,0.49999999999999994,0.8660254037844387,0,0,1,0
1,56.0,68,0,0,0,0,0,0,1,1,3000000,209400000,0,0.8660254037844387,-0.4999999999999998,1,0,0,0
0,52.0,1,1,-1,-1,-1,-1,-1,0,0,4575000,4575000,1,1.0,6.123233995736766e-17,0,0,1,0
1,18.0,3,0,0,0,0,0,0,0,1,2865000,7957500,0,-0.5000000000000004,0.8660254037844384,1,0,0,0
1,53.0,70,-1,1,-1,-1,1,1,1,0,14745000,1028925000,1,-0.8660254037844385,-0.5000000000000004,0,0,0,1
0,18.0,48,-1,1,1,-1,-1,1,0,0,6832500,316252500,0,-1.0,-1.8369701987210297e-16,0,1,0,0
1,51.0,68,-1,1,-1,-1,1,1,1,1,15157500,1015575000,0,-0.5000000000000004,0.8660254037844384,0,0,0,1
0,36.0,47,1,-1,1,1,1,1,1,1,15555000,709590000,0,-0.8660254037844386,0.5000000000000001,0,0,0,1
1,48.0,32,-1,-1,1,1,-1,-1,1,1,5437500,172657500,0,0.8660254037844386,0.5000000000000001,0,0,1,0
0,24.0,5,1,-1,-1,-1,-1,-1,0,1,7410000,34882500,0,-0.4999999999999997,-0.8660254037844388,0,1,0,0
1,54.0,49,0,0,0,0,0,0,1,1,2985000,153390000,0,1.0,6.123233995736766e-17,1,0,0,0
0,22.0,48,-1,1,1,-1,1,1,0,1,16110000,768195000,1,-1.0,-1.8369701987210297e-16,0,0,0,1
0,32.0,13,-1,-1,-1,-1,-1,1,0,1,12300000,169080000,1,-0.5000000000000004,0.8660254037844384,0,0,0,1
1,28.0,15,0,0,0,0,0,0,0,1,2970000,46410000,0,-0.8660254037844385,-0.5000000000000004,1,0,0,0
0,19.0,12,-1,-1,-1,-1,-1,-1,0,1,6757500,78465000,0,0.49999999999999994,-0.8660254037844387,0,0,1,0
1,41.0,67,1,1,-1,1,-1,-1,1,1,9682500,637515000,0,-0.8660254037844385,-0.5000000000000004,0,0,1,0
1,62.0,9,-1,-1,-1,1,1,-1,0,0,12937500,115575000,0,-0.4999999999999997,-0.8660254037844388,0,0,0,1
0,72.0,13,0,0,0,0,0,0,1,1,2962500,37005000,0,0.0,1.0,1,0,0,0
0,41.0,38,-1,-1,-1,-1,1,1,1,1,13365000,501300000,0,0.8660254037844386,0.5000000000000001,0,0,0,1
0,53.0,42,-1,1,1,-1,1,-1,0,1,14332500,589590000,0,-0.4999999999999997,-0.8660254037844388,0,0,0,1
0,43.0,24,-1,-1,-1,-1,-1,-1,0,1,11310000,262177500,1,1.0,6.123233995736766e-17,0,0,0,1
0,46.0,27,1,-1,1,-1,1,1,0,1,15187500,413167500,1,0.49999999999999994,0.8660254037844387,0,0,0,1
1,36.0,9,-1,1,1,-1,1,1,0,1,15390000,134662500,0,0.0,1.0,0,0,0,1
0,42.0,49,-1,1,-1,1,1,1,1,1,8445000,417090000,0,0.49999999999999994,0.8660254037844387,0,1,0,0
0,46.0,61,1,1,1,1,-1,-1,0,1,14130000,884317500,0,-1.0,-1.8369701987210297e-16,0,0,0,1
1,33.0,50,1,1,-1,-1,1,-1,1,1,6457500,331207500,0,1.2246467991473532e-16,-1.0,0,0,1,0
1,39.0,25,-1,1,-1,-1,1,-1,0,1,13425000,329422500,1,1.0,6.123233995736766e-17,0,0,0,1
0,39.0,22,-1,-1,-1,-1,-1,-1,0,1,11160000,253890000,1,1.0,6.123233995736766e-17,0,0,0,1
1,50.0,1,0,0,0,0,0,0,0,0,3075000,3075000,1,-0.5000000000000004,0.8660254037844384,1,0,0,0
1,27.0,4,-1,-1,-1,-1,-1,-1,0,1,11152500,39802500,1,-0.5000000000000004,0.8660254037844384,0,0,0,1
0,39.0,18,-1,-1,-1,1,1,1,0,0,14962500,275437500,1,0.49999999999999994,-0.8660254037844387,0,0,0,1
0,63.0,56,-1,1,1,1,1,1,1,1,16792500,962835000,1,0.0,1.0,0,0,0,1
0,54.0,53,-1,1,1,1,1,-1,1,1,14100000,730717500,0,0.49999999999999994,-0.8660254037844387,0,0,0,1
0,56.0,51,-1,-1,1,-1,1,1,1,1,14827500,742132500,0,1.0,6.123233995736766e-17,0,0,0,1
0,40.0,24,1,1,1,-1,-1,-1,1,0,9652500,233797500,0,-0.4999999999999997,-0.8660254037844388,0,0,1,0
0,44.0,62,1,1,1,-1,1,-1,1,1,10800000,642630000,0,1.2246467991473532e-16,-1.0,0,1,0,0
1,52.0,24,-1,1,-1,-1,-1,-1,0,1,7455000,182737500,0,-0.5000000000000004,0.8660254037844384,0,0,1,0
0,59.0,70,1,1,1,1,1,-1,1,0,12105000,842692500,0,0.8660254037844387,-0.4999999999999998,0,0,1,0
1,18.0,1,-1,-1,-1,-1,-1,-1,0,0,3630000,3630000,0,1.2246467991473532e-16,-1.0,0,0,1,0
1,24.0,16,-1,1,-1,-1,1,-1,0,1,5850000,101977500,1,-0.4999999999999997,-0.8660254037844388,0,0,1,0
0,56.0,8,-1,1,-1,1,1,-1,0,1,9817500,83167500,0,-0.8660254037844385,-0.5000000000000004,0,0,1,0
0,37.0,72,1,1,1,1,-1,1,1,1,11152500,785610000,0,0.0,1.0,0,1,0,0
0,32.0,23,-1,1,1,1,-1,-1,0,0,12480000,304845000,0,0.49999999999999994,0.8660254037844387,0,0,0,1
1,25.0,31,-1,-1,-1,-1,-1,-1,0,0,3750000,118380000,0,0.0,1.0,0,0,1,0
1,33.0,37,1,-1,1,1,-1,-1,1,1,6030000,228802500,0,0.49999999999999994,-0.8660254037844387,0,0,1,0
0,23.0,30,-1,1,-1,1,1,-1,0,1,14115000,420667500,1,0.0,1.0,0,0,0,1
0,65.0,35,1,1,1,-1,1,1,1,1,16252500,558922500,0,1.2246467991473532e-16,-1.0,0,0,0,1
0,40.0,23,-1,1,-1,1,1,-1,0,1,10425000,247815000,0,-1.0,-1.8369701987210297e-16,0,0,1,0
0,39.0,20,1,-1,-1,-1,1,1,1,0,11400000,238312500,0,0.8660254037844387,-0.4999999999999998,0,0,1,0
1,47.0,36,1,-1,-1,-1,1,1,0,1,14040000,504907500,0,-0.8660254037844386,0.5000000000000001,0,0,0,1
0,52.0,8,-1,-1,-1,-1,1,1,0,0,14347500,116715000,1,0.0,1.0,0,0,0,1
1,51.0,71,-1,1,-1,-1,1,1,1,0,15082500,1067062500,0,0.49999999999999994,0.8660254037844387,0,0,0,1
0,53.0,50,-1,1,-1,-1,1,-1,0,1,13207500,655102500,1,0.8660254037844386,0.5000000000000001,0,0,0,1
0,32.0,43,0,0,0,0,0,0,1,1,3667500,148972500,0,1.0,6.123233995736766e-17,1,0,0,0
1,36.0,57,1,1,1,1,1,1,1,0,13432500,751852500,0,0.49999999999999994,0.8660254037844387,0,1,0,0
0,49.0,41,-1,1,-1,1,-1,1,1,1,9975000,409290000,1,-0.4999999999999997,-0.8660254037844388,0,0,1,0
0,34.0,27,-1,1,-1,-1,-1,-1,0,1,11415000,314010000,0,0.0,1.0,0,0,0,1
0,40.0,13,-1,-1,-1,-1,-1,1,0,1,12075000,151770000,0,-0.8660254037844385,-0.5000000000000004,0,0,0,1
1,45.0,3,1,1,-1,-1,-1,-1,0,1,5317500,16027500,1,-0.5000000000000004,0.8660254037844384,0,0,1,0
0,49.0,67,0,0,0,0,0,0,1,0,3082500,201510000,0,0.8660254037844387,-0.4999999999999998,1,0,0,0
1,19.0,3,-1,1,-1,-1,-1,-1,0,1,7485000,19515000,1,1.2246467991473532e-16,-1.0,0,0,1,0
0,49.0,64,-1,1,-1,1,1,1,1,1,15810000,1019212500,0,1.0,6.123233995736766e-17,0,0,0,1
1,37.0,26,-1,-1,1,1,-1,-1,0,0,5362500,153375000,0,1.0,6.123233995736766e-17,0,1,0,0
1,48.0,38,-1,1,1,-1,-1,1,0,1,14265000,553680000,0,-0.8660254037844386,0.5000000000000001,0,0,0,1
1,49.0,23,0,0,0,0,0,0,1,0,2895000,72930000,0,0.0,1.0,1,0,0,0
1,59.0,40,-1,1,1,-1,1,1,0,1,15675000,605527500,1,1.0,6.123233995736766e-17,0,0,0,1
1,56.0,72,1,1,1,1,1,1,1,1,9465000,702832500,0,0.8660254037844387,-0.4999999999999998,0,0,1,0
0,56.0,3,-1,-1,-1,-1,-1,-1,0,1,11257500,38437500,1,-0.4999999999999997,-0.8660254037844388,0,0,0,1
1,57.0,23,-1,-1,1,-1,-1,-1,0,1,12150000,287565000,1,-0.5000000000000004,0.8660254037844384,0,0,0,1
0,43.0,1,-1,-1,-1,-1,-1,-1,0,1,11167500,11167500,1,-0.4999999999999997,-0.8660254037844388,0,0,0,1
0,40.0,4,1,1,-1,1,-1,-1,0,1,9060000,40822500,1,-0.8660254037844386,0.5000000000000001,0,0,1,0
0,50.0,62,1,1,-1,1,1,1,1,1,12742500,772582500,0,-0.4999999999999997,-0.8660254037844388,0,1,0,0
0,49.0,40,-1,1,1,-1,1,-1,0,1,14010000,563460000,0,-1.0,-1.8369701987210297e-16,0,0,0,1
1,36.0,41,-1,1,-1,-1,1,-1,0,1,13380000,546862500,0,-1.0,-1.8369701987210297e-16,0,0,0,1
1,45.0,34,-1,-1,1,-1,1,-1,0,1,12780000,431167500,0,1.0,6.123233995736766e-17,0,0,0,1
0,40.0,1,-1,1,-1,-1,-1,-1,0,0,7492500,7492500,0,1.0,6.123233995736766e-17,0,1,0,0
0,30.0,51,0,0,0,0,0,0,1,0,3097500,153112500,0,1.2246467991473532e-16,-1.0,1,0,0,0
1,55.0,1,-1,-1,-1,-1,-1,-1,0,1,10597500,10597500,1,-0.8660254037844385,-0.5000000000000004,0,0,0,1
0,41.0,39,0,0,0,0,0,0,1,0,3022500,123900000,0,0.49999999999999994,0.8660254037844387,1,0,0,0
1,65.0,12,0,0,0,0,0,0,0,1,2880000,35850000,0,1.2246467991473532e-16,-1.0,1,0,0,0
1,20.0,12,-1,-1,-1,1,1,-1,1,1,8970000,109170000,1,1.0,6.123233995736766e-17,0,1,0,0
1,33.0,72,-1,1,1,-1,1,1,1,1,15742500,1131645000,0,-0.8660254037844385,-0.5000000000000004,0,0,0,1
0,40.0,63,-1,1,1,-1,1,1,0,1,15525000,971910000,0,0.8660254037844386,0.5000000000000001,0,0,0,1
1,54.0,44,1,-1,1,-1,-1,-1,0,1,12720000,543952500,0,0.49999999999999994,0.8660254037844387,0,0,0,1
0,45.0,18,-1,-1,1,1,-1,1,0,1,14257500,251910000,0,-0.8660254037844385,-0.5000000000000004,0,0,0,1
0,44.0,9,-1,-1,-1,-1,-1,-1,0,1,6630000,60502500,1,-0.8660254037844386,0.5000000000000001,0,0,1,0
1,26.0,13,-1,1,-1,1,1,1,0,0,11002500,139732500,0,0.8660254037844386,0.5000000000000001,0,0,1,0
0,26.0,68,-1,1,-1,1,1,-1,1,0,9615000,648937500,0,-1.0,-1.8369701987210297e-16,0,1,0,0
0,44.0,6,-1,-1,-1,-1,1,1,0,1,6660000,39457500,0,0.49999999999999994,-0.8660254037844387,0,0,1,0
0,24.0,2,0,0,0,0,0,0,0,1,3007500,5887500,0,0.49999999999999994,0.8660254037844387,1,0,0,0
1,34.0,55,1,1,-1,-1,-1,-1,1,0,9000000,497415000,0,0.49999999999999994,-0.8660254037844387,0,0,1,0
1,46.0,1,-1,-1,-1,-1,-1,-1,0,1,11362500,11362500,1,0.0,1.0,0,0,0,1
1,28.0,38,-1,-1,-1,-1,-1,-1,0,1,10425000,393787500,0,-0.8660254037844385,-0.5000000000000004,0,0,0,1
0,59.0,67,1,1,1,-1,1,-1,0,1,15442500,1032937500,1,-0.8660254037844386,0.5000000000000001,0,0,0,1
1,55.0,19,-1,-1,-1,-1,1,-1,0,1,11805000,224265000,0,0.49999999999999994,0.8660254037844387,0,0,0,1
0,21.0,12,-1,1,1,1,1,1,1,0,9097500,111495000,0,0.8660254037844386,0.5000000000000001,0,0,1,0
0,29.0,72,0,0,0,0,0,0,1,1,3172500,212910000,0,0.49999999999999994,0.8660254037844387,1,0,0,0
1,18.0,24,1,-1,1,1,1,1,1,1,12720000,298575000,0,1.2246467991473532e-16,-1.0,0,1,0,0
0,31.0,72,-1,1,1,-1,1,1,1,1,15480000,1104435000,0,0.49999999999999994,-0.8660254037844387,0,0,0,1
0,49.0,11,1,-1,-1,-1,-1,-1,0,1,4440000,51967500,0,0.8660254037844386,0.5000000000000001,0,0,1,0
1,35.0,4,-1,-1,-1,-1,-1,-1,0,1,11160000,45990000,1,-1.0,-1.8369701987210297e-16,0,0,0,1
1,46.0,66,1,-1,1,1,1,1,1,1,15847500,1026675000,0,0.49999999999999994,-0.8660254037844387,0,0,0,1
