gender,age,sim_history_months,international_roaming_package,operator_cloud_space,night_internet_package,volte_calling_service,superapp_social_network,superapp_financial_services,sim_card_type,operator_app_usage,monthly_cost_toman,total_cost_toman,churn,birth_month_sin,birth_month_cos,gen_2G,gen_3G,gen_4G,gen_5G,Churn_Probability
0,46.0,1,-1,1,-1,-1,-1,-1,0,1,4477500,4477500,0,-0.8660254037844385,-0.5000000000000004,0,0,1,0,0.7585299759002547
1,38.0,34,1,-1,1,-1,-1,-1,1,0,8542500,283425000,0,-0.8660254037844385,-0.5000000000000004,0,0,1,0,0.10687178344753774
1,48.0,2,1,1,-1,-1,-1,-1,0,1,8077500,16222500,1,1.0,6.123233995736766e-17,0,0,1,0,0.5949450371921454
1,58.0,45,1,-1,1,1,-1,-1,1,0,6345000,276112500,0,-0.4999999999999997,-0.8660254037844388,0,0,1,0,0.05670751545593908
0,37.0,2,-1,-1,-1,-1,-1,-1,0,1,10605000,22747500,1,-0.4999999999999997,-0.8660254037844388,0,0,0,1,0.856395454306839
0,37.0,8,-1,-1,1,-1,1,1,0,1,14947500,123075000,1,0.0,1.0,0,0,0,1,0.8951299663951537
1,59.0,22,-1,1,-1,-1,1,-1,0,1,13365000,292410000,0,-0.8660254037844386,0.5000000000000001,0,0,0,1,0.7902492006102022
0,49.0,10,1,-1,-1,-1,-1,-1,0,0,4462500,45285000,0,0.8660254037844387,-0.4999999999999998,0,0,1,0,0.5205943773791768
0,34.0,28,-1,-1,1,1,1,1,0,1,15720000,456907500,1,0.8660254037844386,0.5000000000000001,0,0,0,1,0.7725676858862152
1,47.0,62,1,1,-1,-1,-1,-1,1,0,8422500,523192500,0,0.4999999999999999,-0.8660254037844387,0,0,1,0,0.04009545515053884
1,34.0,13,1,-1,-1,-1,-1,-1,0,1,7492500,88117500,0,0.8660254037844386,0.5000000000000001,0,0,1,0,0.5358427875221259
1,34.0,16,0,0,0,0,0,0,1,0,2842500,49020000,0,0.8660254037844386,0.5000000000000001,1,0,0,0,0.11131810833985578
1,43.0,58,-1,-1,1,-1,1,1,1,0,15052500,852165000,0,0.8660254037844386,0.5000000000000001,0,0,0,1,0.36238772677198955
1,18.0,49,-1,1,1,-1,1,1,0,1,15555000,755445000,1,0.4999999999999999,0.8660254037844387,0,0,0,1,0.7363887052289443
1,19.0,25,1,-1,1,1,1,1,0,1,15825000,402907500,0,0.0,1.0,0,0,0,1,0.7119170360001057
0,33.0,69,1,1,1,1,1,1,1,0,16987500,1184272500,0,-0.8660254037844385,-0.5000000000000004,0,0,0,1,0.14563039800402225
0,28.0,52,0,0,0,0,0,0,1,0,3097500,153442500,0,0.8660254037844387,-0.4999999999999998,1,0,0,0,0.024636460995247602
1,44.0,71,1,-1,1,-1,1,1,1,0,16005000,1107337500,0,-0.5000000000000004,0.8660254037844384,0,0,0,1,0.20732007552640927
0,29.0,10,-1,-1,1,1,-1,-1,0,0,8280000,79252500,1,-0.8660254037844386,0.5000000000000001,0,0,1,0,0.4503538766506533
0,23.0,21,-1,1,1,-1,-1,1,0,1,13507500,279435000,0,0.0,1.0,0,0,0,1,0.8039632578446863
1,58.0,1,-1,-1,1,-1,-1,1,0,1,5947500,5947500,1,-0.5000000000000004,0.8660254037844384,0,1,0,0,0.8018450278167689
1,37.0,12,0,0,0,0,0,0,1,0,2970000,30337500,0,-1.0,-1.8369701987210294e-16,1,0,0,0,0.12225172979712277
1,41.0,1,0,0,0,0,0,0,0,0,3022500,3022500,1,1.2246467991473532e-16,-1.0,1,0,0,0,0.379974396038336
0,23.0,58,-1,1,-1,1,-1,-1,1,1,8985000,525765000,0,0.8660254037844386,0.5000000000000001,0,0,1,0,0.0698021265289117
1,33.0,49,1,1,-1,1,-1,-1,0,0,8940000,445545000,0,-0.5000000000000004,0.8660254037844384,0,0,1,0,0.11463338338145462
0,41.0,30,1,1,-1,-1,-1,-1,0,1,8295000,229590000,0,0.8660254037844387,-0.4999999999999998,0,0,1,0,0.33636727462193955
1,26.0,47,-1,1,-1,-1,1,1,0,1,14902500,712372500,1,0.4999999999999999,0.8660254037844387,0,0,0,1,0.7510091527479793
1,45.0,1,-1,1,-1,-1,-1,-1,0,0,4530000,4530000,1,0.4999999999999999,-0.8660254037844387,0,0,1,0,0.6879772210254357
1,33.0,72,1,1,1,1,1,1,1,1,13537500,955417500,0,1.0,6.123233995736766e-17,0,1,0,0,0.05541697084473336
0,36.0,17,-1,-1,-1,-1,1,1,0,1,9705000,163965000,1,0.8660254037844387,-0.4999999999999998,0,0,1,0,0.7455959998115653
0,33.0,71,1,1,1,1,-1,-1,1,1,14452500,1015042500,0,0.8660254037844387,-0.4999999999999998,0,0,0,1,0.09102182948302479
1,62.0,2,-1,-1,1,-1,1,1,0,1,14325000,27247500,0,-0.5000000000000004,0.8660254037844384,0,0,0,1,0.9133296148481386
0,40.0,27,1,1,1,1,-1,-1,1,0,9922500,281167500,0,-0.5000000000000004,0.8660254037844384,0,0,1,0,0.0826103674236718
1,27.0,1,0,0,0,0,0,0,0,0,3030000,3030000,0,1.0,6.123233995736766e-17,1,0,0,0,0.39166148927716693
1,50.0,1,-1,-1,-1,-1,-1,-1,0,0,6787500,6787500,0,-0.4999999999999997,-0.8660254037844388,0,0,1,0,0.6505686506358089
0,25.0,72,1,1,-1,1,1,-1,1,0,14985000,1087755000,0,0.4999999999999999,0.8660254037844387,0,0,0,1,0.09547921333546515
1,43.0,5,-1,-1,-1,-1,-1,-1,0,1,10455000,47535000,1,0.4999999999999999,0.8660254037844387,0,0,0,1,0.8555993456489902
0,18.0,46,-1,-1,1,-1,-1,-1,0,1,11220000,532245000,0,-0.4999999999999997,-0.8660254037844388,0,0,0,1,0.604591759557134
1,24.0,34,-1,1,1,-1,1,1,0,1,15952500,532387500,1,-0.4999999999999997,-0.8660254037844388,0,0,0,1,0.7874671971000003
0,42.0,11,-1,-1,1,-1,1,1,0,1,14677500,165810000,1,-0.5000000000000004,0.8660254037844384,0,0,0,1,0.8888197894012031
1,49.0,10,-1,1,-1,-1,-1,-1,1,0,7432500,71355000,0,0.0,1.0,0,0,1,0,0.30251703015447373
0,42.0,70,1,1,-1,-1,1,-1,1,1,10380000,730852500,0,0.8660254037844386,0.5000000000000001,0,1,0,0,0.05474783461165241
0,39.0,17,0,0,0,0,0,0,1,0,3112500,62737500,0,-1.0,-1.8369701987210294e-16,1,0,0,0,0.09911139187231799
0,36.0,63,1,1,1,1,1,-1,1,1,11977500,729217500,0,-1.0,-1.8369701987210294e-16,0,0,1,0,0.053410082265363784
0,22.0,13,1,1,-1,1,1,-1,0,1,11430000,147217500,0,1.0,6.123233995736766e-17,0,1,0,0,0.3843268557900249
0,31.0,49,-1,-1,-1,-1,-1,1,0,1,12675000,586005000,0,0.8660254037844386,0.5000000000000001,0,0,0,1,0.6652140628779798
1,34.0,2,-1,1,-1,-1,-1,-1,0,0,7387500,14550000,0,0.4999999999999999,-0.8660254037844387,0,0,1,0,0.6144162623842099
0,53.0,2,-1,-1,-1,-1,1,-1,0,1,12097500,21622500,1,-0.5000000000000004,0.8660254037844384,0,0,0,1,0.8891523059483333
1,44.0,52,1,-1,-1,1,1,1,1,1,11962500,632670000,0,-0.8660254037844385,-0.5000000000000004,0,0,1,0,0.12367956393114936
0,19.0,69,1,-1,1,1,-1,-1,1,1,9622500,638115000,0,0.4999999999999999,0.8660254037844387,0,1,0,0,0.028423357391677125
0,44.0,43,-1,1,-1,-1,1,-1,0,1,13537500,575812500,0,0.0,1.0,0,0,0,1,0.6756113724952238
0,35.0,15,1,1,-1,-1,1,1,0,1,14865000,213960000,1,-0.4999999999999997,-0.8660254037844388,0,0,0,1,0.7998526205291036
0,32.0,25,1,-1,-1,1,1,-1,0,1,10425000,262897500,0,1.2246467991473532e-16,-1.0,0,0,1,0,0.37545836022001133
0,47.0,8,-1,1,-1,-1,-1,-1,0,1,12097500,94995000,1,0.8660254037844386,0.5000000000000001,0,0,0,1,0.8034933030607527
0,52.0,60,1,1,1,1,-1,1,1,1,11227500,668452500,0,0.0,1.0,0,1,0,0,0.05209587753327024
1,51.0,18,-1,-1,-1,-1,1,1,0,1,14317500,262882500,1,-0.8660254037844385,-0.5000000000000004,0,0,0,1,0.8694088951909577
0,30.0,63,1,-1,-1,-1,1,1,1,1,14947500,946680000,0,0.8660254037844386,0.5000000000000001,0,0,0,1,0.32763437222635333
1,36.0,66,-1,1,1,1,1,1,1,1,16267500,1061452500,0,0.4999999999999999,-0.8660254037844387,0,0,0,1,0.29375164414745136
0,44.0,34,0,0,0,0,0,0,1,0,3742500,134145000,0,-0.8660254037844386,0.5000000000000001,1,0,0,0,0.049599659152351885
0,52.0,72,-1,-1,1,1,1,1,1,1,16125000,1178055000,0,0.4999999999999999,0.8660254037844387,0,0,0,1,0.28934208757133506
0,34.0,47,-1,-1,1,-1,1,1,0,1,15075000,706065000,0,-0.8660254037844385,-0.5000000000000004,0,0,0,1,0.7480944230275963
1,38.0,60,-1,1,-1,-1,1,-1,0,1,13485000,817605000,0,-0.8660254037844386,0.5000000000000001,0,0,0,1,0.5747911724853922
1,27.0,72,1,1,1,-1,-1,-1,1,0,6315000,444300000,0,0.4999999999999999,0.8660254037844387,0,0,1,0,0.030825873655771004
0,26.0,18,-1,-1,1,1,-1,-1,1,1,8160000,143565000,0,0.4999999999999999,-0.8660254037844387,0,0,1,0,0.24632719455083799
0,50.0,9,-1,-1,-1,-1,1,1,0,0,14160000,128587500,1,0.8660254037844387,-0.4999999999999998,0,0,0,1,0.8511259171792198
0,56.0,3,-1,1,-1,1,1,1,0,1,11295000,36615000,0,0.8660254037844386,0.5000000000000001,0,0,1,0,0.7154055737119318
1,39.0,47,-1,1,-1,-1,-1,-1,1,1,11835000,547552500,0,-0.8660254037844385,-0.5000000000000004,0,0,0,1,0.31432756408147783
0,52.0,31,-1,1,1,1,1,1,1,0,11880000,374580000,0,-0.5000000000000004,0.8660254037844384,0,1,0,0,0.16932770306890524
0,44.0,50,0,0,0,0,0,0,1,0,3022500,139635000,0,-0.5000000000000004,0.8660254037844384,1,0,0,0,0.026679488133672553
1,32.0,10,1,-1,1,-1,-1,-1,0,1,11977500,133102500,0,1.0,6.123233995736766e-17,0,0,0,1,0.7506007877490433
1,44.0,1,-1,-1,-1,1,-1,-1,0,0,7357500,7357500,0,0.4999999999999999,-0.8660254037844387,0,0,1,0,0.550280259973454
0,58.0,52,0,0,0,0,0,0,1,1,3060000,163597500,0,0.0,1.0,1,0,0,0,0.03656245159099997
1,40.0,64,1,-1,1,1,1,1,1,1,16740000,1064850000,0,-1.0,-1.8369701987210294e-16,0,0,0,1,0.23767954237924144
1,59.0,62,0,0,0,0,0,0,1,1,3637500,213690000,0,-0.8660254037844386,0.5000000000000001,1,0,0,0,0.02369215267522579
0,18.0,3,1,-1,-1,1,-1,1,0,1,9675000,26610000,0,1.0,6.123233995736766e-17,0,0,1,0,0.5846138013990483
0,50.0,56,1,1,1,-1,1,1,1,0,16575000,920925000,0,1.2246467991473532e-16,-1.0,0,0,0,1,0.24493985496191165
0,41.0,46,-1,-1,-1,-1,-1,1,1,0,8347500,403327500,0,1.0,6.123233995736766e-17,0,0,1,0,0.1635312898550866
0,36.0,8,1,1,-1,-1,-1,-1,0,0,8197500,72337500,0,0.8660254037844387,-0.4999999999999998,0,0,1,0,0.43658922961392427
1,41.0,30,1,1,-1,-1,1,1,0,1,11212500,316695000,0,-0.8660254037844386,0.5000000000000001,0,0,1,0,0.5132099496610655
0,18.0,45,0,0,0,0,0,0,1,1,3885000,182490000,0,-0.4999999999999997,-0.8660254037844388,1,0,0,0,0.04634632195319845
0,37.0,1,-1,-1,-1,-1,1,-1,0,1,11902500,11902500,1,1.2246467991473532e-16,-1.0,0,0,0,1,0.8920161392602629
0,44.0,11,1,-1,-1,-1,1,1,0,0,7582500,84802500,0,1.0,6.123233995736766e-17,0,0,1,0,0.6606208329283623
0,58.0,7,-1,-1,1,-1,-1,-1,0,1,11272500,74535000,1,-1.0,-1.8369701987210294e-16,0,0,0,1,0.8276049823658238
0,34.0,42,-1,1,1,1,1,1,0,1,15570000,649125000,0,0.0,1.0,0,0,0,1,0.6842048326803769
0,30.0,49,0,0,0,0,0,0,1,1,3022500,146002500,0,0.8660254037844387,-0.4999999999999998,1,0,0,0,0.04099164577780038
1,34.0,9,-1,1,-1,-1,1,1,0,1,14895000,137812500,0,-0.5000000000000004,0.8660254037844384,0,0,0,1,0.8856106993892575
0,51.0,35,1,-1,-1,-1,1,-1,1,1,9322500,332317500,0,0.8660254037844387,-0.4999999999999998,0,0,1,0,0.19732822708125827
0,44.0,48,0,0,0,0,0,0,1,0,3097500,158550000,0,0.4999999999999999,-0.8660254037844387,1,0,0,0,0.02891154806726071
0,34.0,46,0,0,0,0,0,0,1,1,2992500,139065000,0,-0.4999999999999997,-0.8660254037844388,1,0,0,0,0.04518471161441046
1,46.0,29,-1,-1,-1,-1,1,-1,0,0,5062500,151387500,0,1.2246467991473532e-16,-1.0,0,0,1,0,0.5356186109923202
1,41.0,30,-1,1,1,-1,-1,-1,0,0,12307500,385530000,0,1.2246467991473532e-16,-1.0,0,0,0,1,0.5955307335634221
1,52.0,1,-1,-1,-1,1,-1,-1,0,0,11205000,11205000,0,0.8660254037844386,0.5000000000000001,0,0,0,1,0.7412610559733531
1,32.0,66,1,-1,1,1,1,1,1,1,12600000,857137500,0,-0.8660254037844386,0.5000000000000001,0,0,1,0,0.0903440877517894
0,36.0,65,1,1,1,-1,1,1,0,1,16657500,1066050000,0,0.8660254037844387,-0.4999999999999998,0,0,0,1,0.526781661308592
1,35.0,72,-1,1,1,-1,1,1,1,1,15135000,1118857500,0,0.8660254037844386,0.5000000000000001,0,0,0,1,0.3686830787770849
0,22.0,12,1,-1,-1,-1,-1,-1,0,1,11842500,139102500,1,-0.4999999999999997,-0.8660254037844388,0,0,0,1,0.7209765197575231
1,44.0,71,1,1,-1,1,-1,-1,1,1,10027500,712305000,0,0.4999999999999999,0.8660254037844387,0,0,1,0,0.030982463645623407
1,43.0,5,0,0,0,0,0,0,0,0,3157500,17077500,1,-0.8660254037844386,0.5000000000000001,1,0,0,0,0.34367522270195056
1,40.0,52,0,0,0,0,0,0,1,0,3150000,166080000,0,1.2246467991473532e-16,-1.0,1,0,0,0,0.024875441640645386
0,37.0,25,-1,1,1,-1,1,1,0,1,14775000,377175000,1,-0.8660254037844386,0.5000000000000001,0,0,0,1,0.8347598713281105
1,23.0,1,0,0,0,0,0,0,0,0,3030000,3030000,0,1.2246467991473532e-16,-1.0,1,0,0,0,0.38358435399557367
0,35.0,1,0,0,0,0,0,0,0,0,2917500,2917500,0,0.0,1.0,1,0,0,0,0.38761333097401585
1,36.0,38,-1,-1,1,1,1,-1,1,0,14250000,540840000,0,-0.8660254037844386,0.5000000000000001,0,0,0,1,0.3014402064636588
0,30.0,66,-1,1,1,-1,1,-1,1,0,6832500,454087500,0,-0.4999999999999997,-0.8660254037844388,0,0,1,0,0.07900183760432465
1,38.0,68,-1,1,1,1,1,1,1,1,16500000,1141777500,1,0.8660254037844386,0.5000000000000001,0,0,0,1,0.3001176266462703
1,45.0,5,-1,-1,-1,-1,-1,-1,0,0,3645000,15030000,0,1.0,6.123233995736766e-17,0,0,1,0,0.6954022424254594
0,63.0,72,1,1,-1,-1,1,1,1,1,15622500,1095457500,0,0.4999999999999999,-0.8660254037844387,0,0,0,1,0.2400609889262707
0,42.0,32,1,-1,-1,-1,-1,-1,1,0,4522500,139147500,0,0.8660254037844387,-0.4999999999999998,0,0,1,0,0.13747888465187205
1,43.0,43,-1,-1,-1,-1,1,1,1,0,14152500,588195000,0,0.8660254037844386,0.5000000000000001,0,0,0,1,0.46020039194650736
1,39.0,72,0,0,0,0,0,0,1,0,2910000,204487500,0,0.8660254037844387,-0.4999999999999998,1,0,0,0,0.011072826584144085
1,18.0,55,1,1,-1,-1,1,-1,0,1,14512500,785835000,1,1.0,6.123233995736766e-17,0,0,0,1,0.49850219000947904
0,40.0,52,1,-1,1,1,-1,-1,1,0,8692500,456337500,0,-0.4999999999999997,-0.8660254037844388,0,1,0,0,0.03345719260192274
0,41.0,43,-1,1,1,-1,1,-1,0,1,13747500,593115000,0,-1.0,-1.8369701987210294e-16,0,0,0,1,0.6722878472571142
0,70.0,37,-1,-1,-1,-1,-1,-1,0,1,11475000,430222500,1,0.0,1.0,0,0,0,1,0.6593380266972556
0,38.0,64,-1,1,-1,1,1,1,1,1,8190000,513525000,0,0.0,1.0,0,1,0,0,0.10521234262807296
1,44.0,3,1,1,-1,-1,1,-1,0,0,13477500,37260000,0,0.4999999999999999,-0.8660254037844387,0,0,0,1,0.7370651973966206
0,40.0,36,1,-1,-1,-1,-1,-1,1,0,4657500,168952500,0,-1.0,-1.8369701987210294e-16,0,0,1,0,0.11859203137747178
0,26.0,10,1,-1,-1,-1,1,1,0,1,15037500,159697500,1,1.2246467991473532e-16,-1.0,0,0,0,1,0.8346999924132812
0,54.0,41,0,0,0,0,0,0,1,0,3097500,125272500,0,1.2246467991473532e-16,-1.0,1,0,0,0,0.03715016316550767
1,49.0,27,-1,1,-1,1,-1,-1,0,1,12780000,322740000,0,0.4999999999999999,-0.8660254037844387,0,0,0,1,0.5952459842314899
0,49.0,56,-1,-1,1,-1,1,1,1,1,14970000,827317500,0,1.2246467991473532e-16,-1.0,0,0,0,1,0.452027448206501
0,29.0,6,0,0,0,0,0,0,0,0,3105000,16912500,0,-0.8660254037844386,0.5000000000000001,1,0,0,0,0.3300851507531849
1,57.0,3,-1,-1,-1,-1,-1,-1,0,1,11160000,34432500,1,0.8660254037844387,-0.4999999999999998,0,0,0,1,0.8505026582016021
0,23.0,7,1,-1,-1,-1,-1,-1,0,0,7605000,52552500,0,-0.8660254037844386,0.5000000000000001,0,0,1,0,0.4808406145951638
0,47.0,4,0,0,0,0,0,0,0,0,3127500,9435000,0,-0.4999999999999997,-0.8660254037844388,1,0,0,0,0.3380392805192221
1,66.0,33,1,-1,-1,1,1,-1,1,1,13342500,454147500,0,-0.5000000000000004,0.8660254037844384,0,0,0,1,0.3339856722125738
0,28.0,27,-1,-1,1,-1,-1,-1,0,1,11707500,320325000,1,1.0,6.123233995736766e-17,0,0,0,1,0.7293249056296007
1,33.0,72,0,0,0,0,0,0,1,1,3532500,258592500,0,-1.0,-1.8369701987210294e-16,1,0,0,0,0.01631547793739433
1,41.0,1,0,0,0,0,0,0,0,0,2962500,2962500,0,0.8660254037844386,0.5000000000000001,1,0,0,0,0.392809597178835
1,34.0,71,1,1,-1,-1,1,1,1,1,8467500,597802500,0,1.0,6.123233995736766e-17,0,0,1,0,0.10187329463851882
0,21.0,13,-1,-1,-1,-1,-1,1,0,1,12892500,182347500,0,-0.8660254037844385,-0.5000000000000004,0,0,0,1,0.8497187846576777
0,41.0,25,1,1,1,-1,1,1,0,1,8790000,225397500,1,-0.4999999999999997,-0.8660254037844388,0,1,0,0,0.539376176108495
1,27.0,67,-1,-1,-1,1,-1,-1,1,0,7582500,489015000,0,0.4999999999999999,0.8660254037844387,0,1,0,0,0.03237928454573226
1,46.0,1,-1,-1,-1,-1,-1,1,0,1,5317500,5317500,1,0.4999999999999999,-0.8660254037844387,0,0,1,0,0.837745824690573
1,29.0,2,-1,-1,-1,-1,-1,-1,0,0,6652500,12187500,1,-1.0,-1.8369701987210294e-16,0,1,0,0,0.6026120622336542
0,59.0,43,0,0,0,0,0,0,1,1,3855000,178230000,0,1.0,6.123233995736766e-17,1,0,0,0,0.05070191628731184
0,31.0,23,1,-1,-1,-1,-1,-1,0,1,11250000,266775000,0,0.0,1.0,0,0,0,1,0.6733571089093179
0,36.0,64,0,0,0,0,0,0,1,0,3030000,191662500,0,1.2246467991473532e-16,-1.0,1,0,0,0,0.01469730654586775
1,50.0,57,0,0,0,0,0,0,1,1,2940000,175582500,0,0.8660254037844386,0.5000000000000001,1,0,0,0,0.031225273394504868
0,25.0,1,-1,-1,-1,-1,-1,-1,0,1,10567500,10567500,1,1.0,6.123233995736766e-17,0,0,0,1,0.8665570721300155
0,43.0,72,1,1,1,1,1,1,1,1,13207500,963847500,0,0.8660254037844387,-0.4999999999999998,0,0,1,0,0.06718158643281286
0,56.0,8,1,-1,-1,1,-1,1,0,0,10672500,84547500,1,-0.8660254037844386,0.5000000000000001,0,0,1,0,0.4126300364885164
0,21.0,61,-1,1,-1,-1,1,1,1,1,15157500,895687500,0,-0.8660254037844385,-0.5000000000000004,0,0,0,1,0.39511249496871986
1,42.0,64,1,1,-1,-1,-1,-1,1,1,12645000,793357500,0,-1.0,-1.8369701987210294e-16,0,0,0,1,0.1516907635133581
1,43.0,71,0,0,0,0,0,0,1,0,3592500,263430000,0,-0.8660254037844385,-0.5000000000000004,1,0,0,0,0.011397418576739388
0,49.0,65,1,1,-1,1,1,-1,1,1,14857500,962505000,0,0.4999999999999999,-0.8660254037844387,0,0,0,1,0.1471985366063086
1,25.0,3,0,0,0,0,0,0,1,0,2940000,9202500,0,0.8660254037844386,0.5000000000000001,1,0,0,0,0.17762440484709066
1,24.0,1,-1,-1,-1,-1,-1,-1,0,1,6847500,6847500,1,-0.4999999999999997,-0.8660254037844388,0,0,1,0,0.7368627114901009
1,46.0,30,-1,1,1,-1,1,-1,1,0,9675000,289492500,0,0.4999999999999999,-0.8660254037844387,0,0,1,0,0.2166031942664274
1,44.0,15,-1,1,1,1,-1,1,0,1,10425000,160710000,0,-1.0,-1.8369701987210294e-16,0,1,0,0,0.5030332565350953
0,43.0,8,-1,-1,-1,1,1,1,0,1,10282500,84652500,0,0.0,1.0,0,0,1,0,0.7231850583870393
1,44.0,7,-1,-1,-1,-1,1,1,0,0,14250000,98325000,1,-1.0,-1.8369701987210294e-16,0,0,0,1,0.8592704028546552
0,32.0,70,1,1,1,-1,1,1,1,1,16222500,1189582500,0,-0.8660254037844385,-0.5000000000000004,0,0,0,1,0.27764326401796674
1,43.0,62,1,1,1,1,1,1,1,0,12915000,782287500,0,1.2246467991473532e-16,-1.0,0,0,1,0,0.058888844846119774
0,44.0,6,0,0,0,0,0,0,0,0,2955000,17025000,0,0.8660254037844386,0.5000000000000001,1,0,0,0,0.3358391363919036
0,31.0,14,-1,-1,-1,-1,-1,1,0,1,12135000,172920000,0,0.0,1.0,0,0,0,1,0.8571729164143402
0,62.0,22,-1,-1,-1,-1,1,-1,0,1,12622500,273292500,0,0.4999999999999999,-0.8660254037844387,0,0,0,1,0.8042542149932783
1,46.0,22,0,0,0,0,0,0,1,0,3022500,62985000,0,1.0,6.123233995736766e-17,1,0,0,0,0.08502015850916464
1,26.0,16,1,-1,1,-1,1,-1,1,0,9637500,153600000,0,-0.8660254037844386,0.5000000000000001,0,1,0,0,0.2082351953513243
1,48.0,10,0,0,0,0,0,0,1,0,3855000,37740000,0,0.8660254037844386,0.5000000000000001,1,0,0,0,0.12624734049627187
0,28.0,13,1,1,-1,-1,-1,-1,0,1,8400000,114682500,0,1.0,6.123233995736766e-17,0,0,1,0,0.49074196440922996
0,49.0,20,1,-1,-1,-1,-1,-1,0,0,12360000,238852500,1,1.2246467991473532e-16,-1.0,0,0,0,1,0.5623318506848187
0,54.0,2,-1,-1,-1,-1,-1,-1,0,1,10455000,20280000,0,0.8660254037844387,-0.4999999999999998,0,0,0,1,0.8593770408236178
1,30.0,53,-1,1,1,1,-1,1,1,1,11085000,593737500,0,0.4999999999999999,0.8660254037844387,0,0,1,0,0.1213912416236815
0,52.0,11,0,0,0,0,0,0,1,0,3090000,35085000,0,1.0,6.123233995736766e-17,1,0,0,0,0.12456807123354927
1,45.0,69,0,0,0,0,0,0,1,0,2985000,204517500,0,0.4999999999999999,0.8660254037844387,1,0,0,0,0.01289067561175194
0,50.0,4,-1,-1,-1,-1,-1,-1,0,1,10635000,40950000,1,0.8660254037844387,-0.4999999999999998,0,0,0,1,0.8495029517888929
1,63.0,72,1,1,1,1,1,1,1,1,13357500,938167500,0,-0.8660254037844385,-0.5000000000000004,0,0,1,0,0.06349551343237564
1,37.0,58,-1,1,1,-1,-1,1,0,1,6795000,397680000,1,-0.8660254037844385,-0.5000000000000004,0,1,0,0,0.29063656206457084
0,31.0,16,0,0,0,0,0,0,0,0,3060000,48210000,0,-0.8660254037844386,0.5000000000000001,1,0,0,0,0.24513326047771364
1,29.0,43,1,-1,1,1,-1,-1,1,1,12637500,530887500,0,0.8660254037844386,0.5000000000000001,0,0,0,1,0.20748127406282726
0,30.0,2,-1,-1,1,1,1,1,0,1,15660000,36420000,1,0.8660254037844386,0.5000000000000001,0,0,0,1,0.8645118227991678
1,39.0,14,-1,1,1,1,1,1,1,0,12292500,177262500,0,-0.4999999999999997,-0.8660254037844388,0,0,1,0,0.2880706931535597
0,44.0,53,-1,-1,1,-1,1,1,1,1,14227500,750030000,1,0.8660254037844386,0.5000000000000001,0,0,0,1,0.4924989122429761
0,43.0,32,0,0,0,0,0,0,1,0,3082500,98182500,0,0.4999999999999999,0.8660254037844387,1,0,0,0,0.05666305556599535
0,50.0,34,0,0,0,0,0,0,0,0,3705000,117030000,0,0.8660254037844386,0.5000000000000001,1,0,0,0,0.12729159706114976
0,40.0,15,-1,-1,-1,-1,-1,-1,0,1,11167500,171855000,1,-0.4999999999999997,-0.8660254037844388,0,0,0,1,0.790558590302573
0,57.0,7,1,-1,-1,-1,-1,-1,0,0,11467500,75540000,1,0.4999999999999999,0.8660254037844387,0,0,0,1,0.6824672481402946
0,37.0,15,-1,1,1,-1,1,1,0,1,15802500,233887500,0,-0.8660254037844386,0.5000000000000001,0,0,0,1,0.8551235834986677
1,73.0,61,0,0,0,0,0,0,1,1,3082500,187800000,0,-0.8660254037844386,0.5000000000000001,1,0,0,0,0.025035944323946555
0,48.0,1,-1,1,-1,-1,-1,-1,0,0,4492500,4492500,1,0.0,1.0,0,1,0,0,0.6420712747129784
0,30.0,1,-1,-1,-1,-1,-1,-1,0,0,6795000,6795000,0,-0.8660254037844386,0.5000000000000001,0,0,1,0,0.6534796644098415
1,27.0,8,-1,-1,-1,-1,-1,1,0,0,12675000,99397500,1,0.4999999999999999,-0.8660254037844387,0,0,0,1,0.8201098704368376
1,46.0,33,1,-1,1,-1,1,1,1,0,11212500,367995000,0,1.0,6.123233995736766e-17,0,1,0,0,0.17675606765001325
0,37.0,13,-1,1,1,-1,-1,-1,0,1,11887500,166747500,1,0.4999999999999999,-0.8660254037844387,0,0,0,1,0.7837175107492562
0,49.0,1,-1,-1,-1,-1,-1,-1,0,1,3720000,3720000,1,0.8660254037844386,0.5000000000000001,0,0,1,0,0.7945890213309214
1,46.0,20,-1,1,-1,-1,-1,-1,0,1,7770000,153577500,0,1.2246467991473532e-16,-1.0,0,1,0,0,0.4853834495061445
1,39.0,3,-1,-1,-1,1,-1,-1,0,0,4560000,12322500,0,0.4999999999999999,0.8660254037844387,0,1,0,0,0.5608430078458987
0,30.0,13,0,0,0,0,0,0,1,0,2947500,36720000,0,-0.8660254037844386,0.5000000000000001,1,0,0,0,0.11726744039228491
0,22.0,40,-1,1,-1,-1,-1,-1,0,0,8490000,356865000,0,0.4999999999999999,0.8660254037844387,0,1,0,0,0.2443017901125671
1,35.0,43,1,-1,-1,1,-1,1,1,1,10785000,476002500,0,0.4999999999999999,-0.8660254037844387,0,0,1,0,0.11456861759527724
1,50.0,6,-1,1,1,-1,-1,1,0,1,13650000,79650000,1,-1.0,-1.8369701987210294e-16,0,0,0,1,0.8562216852055423
0,43.0,69,0,0,0,0,0,0,1,0,2962500,206310000,0,0.8660254037844386,0.5000000000000001,1,0,0,0,0.012519512431806736
0,25.0,72,1,1,1,-1,1,1,1,0,16455000,1219395000,0,-0.8660254037844386,0.5000000000000001,0,0,0,1,0.1989556772052198
1,42.0,59,0,0,0,0,0,0,1,0,2895000,178905000,0,-0.5000000000000004,0.8660254037844384,1,0,0,0,0.01961381300020663
0,45.0,20,1,1,-1,1,1,-1,0,1,14482500,285247500,0,0.4999999999999999,-0.8660254037844387,0,0,0,1,0.6130812523066961
1,29.0,24,0,0,0,0,0,0,1,1,3615000,88110000,0,1.2246467991473532e-16,-1.0,1,0,0,0,0.10644053857926046
1,42.0,59,-1,1,1,1,1,1,0,1,16702500,977962500,0,0.8660254037844387,-0.4999999999999998,0,0,0,1,0.5801032930937058
1,41.0,72,-1,1,1,1,1,1,1,1,16837500,1206247500,0,1.2246467991473532e-16,-1.0,0,0,0,1,0.26332602240275776
1,26.0,1,0,0,0,0,0,0,0,0,3112500,3112500,0,-0.4999999999999997,-0.8660254037844388,1,0,0,0,0.3800968274164347
0,44.0,27,1,-1,-1,1,1,1,1,1,15285000,402172500,0,-1.0,-1.8369701987210294e-16,0,0,0,1,0.432471856809247
0,47.0,14,-1,1,-1,1,-1,-1,0,1,12007500,166845000,0,-0.4999999999999997,-0.8660254037844388,0,0,0,1,0.6919340198195869
1,53.0,71,1,-1,1,-1,1,1,1,0,15832500,1110825000,0,1.0,6.123233995736766e-17,0,0,0,1,0.20967944082123782
1,53.0,13,-1,-1,-1,-1,1,-1,0,1,11745000,155092500,0,0.0,1.0,0,0,0,1,0.8626425200822848
1,23.0,44,-1,-1,-1,-1,-1,-1,0,0,10327500,443842500,0,0.8660254037844386,0.5000000000000001,0,0,0,1,0.5396378815296887
0,29.0,33,-1,1,-1,1,-1,-1,1,1,11992500,402727500,0,-0.8660254037844386,0.5000000000000001,0,0,0,1,0.32576257017805177
1,46.0,72,1,1,1,1,-1,1,1,1,8317500,626880000,0,0.4999999999999999,-0.8660254037844387,0,1,0,0,0.03886692907653617
1,46.0,1,-1,-1,-1,-1,-1,1,0,0,11985000,11985000,1,0.4999999999999999,0.8660254037844387,0,0,0,1,0.8603058390584085
0,46.0,19,1,-1,1,1,1,1,0,1,15990000,290167500,1,0.4999999999999999,0.8660254037844387,0,0,0,1,0.7222545834404477
1,75.0,64,-1,1,1,1,1,1,1,1,15367500,998115000,0,-0.8660254037844386,0.5000000000000001,0,0,0,1,0.3105386176845718
1,47.0,2,-1,-1,-1,-1,-1,-1,0,1,6900000,12675000,1,0.0,1.0,0,0,1,0,0.7344242588714592
0,54.0,1,-1,-1,-1,-1,-1,-1,0,0,3787500,3787500,0,1.0,6.123233995736766e-17,0,0,1,0,0.7190594728486717
1,51.0,61,0,0,0,0,0,0,1,0,2962500,168630000,0,1.2246467991473532e-16,-1.0,1,0,0,0,0.016754308316167376
0,48.0,29,0,0,0,0,0,0,1,0,3000000,81007500,0,-0.4999999999999997,-0.8660254037844388,1,0,0,0,0.060189845935783186
1,36.0,23,-1,-1,-1,-1,-1,1,0,0,13020000,296377500,0,1.0,6.123233995736766e-17,0,0,0,1,0.7462763642028039
0,49.0,57,1,1,1,-1,1,1,0,1,8812500,515617500,0,1.2246467991473532e-16,-1.0,0,1,0,0,0.28337479716556413
1,31.0,72,1,1,1,1,-1,-1,1,0,6787500,470970000,0,0.8660254037844387,-0.4999999999999998,0,0,1,0,0.02039822760125268
1,37.0,66,1,1,1,1,1,-1,1,1,8490000,568380000,0,-0.8660254037844386,0.5000000000000001,0,0,1,0,0.05607813476374413
1,34.0,65,-1,1,1,1,1,1,1,1,12630000,798675000,0,-0.8660254037844385,-0.5000000000000004,0,0,1,0,0.11500220191136956
0,41.0,8,-1,-1,-1,-1,1,-1,0,1,12000000,93690000,0,1.2246467991473532e-16,-1.0,0,0,0,1,0.8684012793970907
0,68.0,4,-1,-1,-1,-1,-1,-1,0,1,10522500,40252500,1,0.4999999999999999,-0.8660254037844387,0,0,0,1,0.8470689097951972
0,18.0,71,0,0,0,0,0,0,1,0,3712500,275535000,0,0.0,1.0,1,0,0,0,0.011880648410227448
1,48.0,1,0,0,0,0,0,0,1,1,3030000,3030000,0,0.0,1.0,1,0,0,0,0.25221659438248034
1,21.0,4,-1,-1,-1,1,-1,-1,0,0,7507500,26902500,1,0.4999999999999999,-0.8660254037844387,0,0,1,0,0.52363856515453
0,34.0,12,0,0,0,0,0,0,1,1,2902500,32902500,0,0.4999999999999999,0.8660254037844387,1,0,0,0,0.17394649816739083
1,53.0,24,1,-1,-1,-1,1,1,1,1,7590000,193312500,0,1.0,6.123233995736766e-17,0,0,1,0,0.4011881294100664
0,41.0,31,1,-1,1,1,1,1,1,1,12172500,381862500,0,0.8660254037844386,0.5000000000000001,0,0,1,0,0.21083647826368668
0,27.0,1,-1,-1,-1,-1,1,-1,0,0,8280000,8280000,1,1.0,6.123233995736766e-17,0,1,0,0,0.6703571282109138
1,31.0,30,-1,-1,-1,1,-1,1,0,1,13485000,408472500,0,0.4999999999999999,0.8660254037844387,0,0,0,1,0.7092831410635644
0,48.0,47,1,1,-1,1,1,1,1,1,12795000,616087500,0,0.0,1.0,0,1,0,0,0.1068459359370675
1,31.0,54,1,1,-1,1,1,1,1,1,16200000,864097500,0,1.2246467991473532e-16,-1.0,0,0,0,1,0.26329468740883744
1,43.0,50,1,1,-1,1,-1,1,0,1,14025000,712125000,0,0.4999999999999999,-0.8660254037844387,0,0,0,1,0.44420205796837237
1,41.0,1,1,-1,-1,-1,-1,1,0,1,12690000,12690000,1,0.8660254037844386,0.5000000000000001,0,0,0,1,0.8479795678100781
0,32.0,72,0,0,0,0,0,0,1,0,3037500,235035000,0,0.0,1.0,1,0,0,0,0.011377870384782354
0,66.0,29,0,0,0,0,0,0,0,0,3772500,105300000,0,0.0,1.0,1,0,0,0,0.15049626552315276
1,48.0,2,-1,1,-1,-1,-1,-1,0,1,8160000,17115000,1,-1.0,-1.8369701987210294e-16,0,0,1,0,0.6829279569403268
0,18.0,10,-1,-1,-1,1,-1,-1,1,1,4440000,44857500,0,0.4999999999999999,0.8660254037844387,0,0,1,0,0.3869054691363822
1,42.0,18,-1,-1,-1,-1,-1,-1,0,1,10972500,195892500,0,0.4999999999999999,-0.8660254037844387,0,0,0,1,0.7836875738317474
0,32.0,11,-1,1,-1,-1,1,1,0,1,14250000,168045000,1,0.8660254037844386,0.5000000000000001,0,0,0,1,0.8852580682653466
1,50.0,16,0,0,0,0,0,0,1,0,2962500,42652500,0,1.0,6.123233995736766e-17,1,0,0,0,0.10683800223603934
0,30.0,72,-1,1,1,1,1,1,1,0,12990000,952575000,0,1.2246467991473532e-16,-1.0,0,1,0,0,0.0560834617275456
1,39.0,72,-1,1,1,1,1,1,1,0,16380000,1181745000,0,-0.5000000000000004,0.8660254037844384,0,0,0,1,0.20334646005342422
0,46.0,41,1,-1,-1,1,1,1,1,1,11205000,478147500,0,0.4999999999999999,0.8660254037844387,0,0,1,0,0.1728330935163336
0,50.0,65,1,1,1,-1,-1,1,0,0,14160000,918922500,0,0.8660254037844387,-0.4999999999999998,0,0,0,1,0.3395844306532004
0,26.0,13,-1,1,1,-1,-1,-1,0,1,8220000,109695000,0,1.0,6.123233995736766e-17,0,0,1,0,0.6015672332175507
1,36.0,4,1,-1,-1,-1,-1,-1,0,0,11302500,41010000,0,-0.8660254037844386,0.5000000000000001,0,0,0,1,0.7104342662956898
1,34.0,41,-1,-1,1,-1,-1,1,1,0,9750000,379770000,0,0.4999999999999999,0.8660254037844387,0,0,1,0,0.18082092599484628
1,32.0,15,-1,1,-1,-1,-1,-1,0,1,11160000,161145000,1,0.8660254037844387,-0.4999999999999998,0,0,0,1,0.7852498234310403
1,61.0,1,1,-1,-1,-1,-1,-1,0,1,7282500,7282500,1,0.8660254037844387,-0.4999999999999998,0,0,1,0,0.6367535954301173
1,45.0,42,1,1,1,-1,-1,1,1,1,14850000,644767500,0,-1.0,-1.8369701987210294e-16,0,0,0,1,0.338958392339835
0,25.0,51,1,1,1,-1,1,-1,1,1,14025000,692932500,0,0.4999999999999999,-0.8660254037844387,0,0,0,1,0.2736624354285767
0,51.0,2,-1,-1,-1,-1,-1,-1,0,0,10560000,22072500,1,1.2246467991473532e-16,-1.0,0,0,0,1,0.8004719501676513
1,65.0,1,-1,1,-1,-1,1,-1,0,0,6030000,6030000,1,1.0,6.123233995736766e-17,0,0,1,0,0.745016341976894
1,52.0,32,-1,1,1,1,1,1,1,0,12555000,394995000,0,0.8660254037844387,-0.4999999999999998,0,1,0,0,0.1594866419488695
1,22.0,10,0,0,0,0,0,0,0,1,2977500,28957500,0,1.0,6.123233995736766e-17,1,0,0,0,0.3964867667239468
0,34.0,67,-1,1,1,1,1,1,1,1,8932500,615585000,0,-0.4999999999999997,-0.8660254037844388,0,0,1,0,0.11578096410107604
0,55.0,61,1,1,1,1,1,1,1,0,17265000,1051222500,0,-0.4999999999999997,-0.8660254037844388,0,0,0,1,0.16295748849276648
1,32.0,50,1,1,1,1,1,1,1,0,17152500,868665000,0,0.8660254037844386,0.5000000000000001,0,0,0,1,0.2202499886805347
0,45.0,2,-1,-1,-1,-1,-1,-1,0,1,6690000,12082500,1,0.8660254037844387,-0.4999999999999998,0,0,1,0,0.7277899105739595
0,49.0,29,1,-1,1,-1,-1,1,0,1,6750000,184297500,0,-0.5000000000000004,0.8660254037844384,0,1,0,0,0.45557872441839475
1,29.0,3,-1,-1,1,-1,-1,1,0,1,6172500,19830000,1,-0.8660254037844386,0.5000000000000001,0,0,1,0,0.8214786363386166
1,39.0,13,-1,1,1,-1,1,1,0,1,16035000,204645000,1,0.0,1.0,0,0,0,1,0.8649567261398806
1,18.0,57,-1,1,-1,-1,-1,1,0,1,13477500,738802500,0,0.8660254037844386,0.5000000000000001,0,0,0,1,0.599397509510669
0,28.0,31,1,1,-1,1,-1,1,1,1,7477500,228015000,0,0.0,1.0,0,0,1,0,0.17425483492192034
0,37.0,45,1,1,1,1,1,1,1,0,16995000,754837500,0,1.2246467991473532e-16,-1.0,0,0,0,1,0.2211956609961862
0,25.0,61,1,1,1,1,1,1,1,0,13215000,829012500,0,-0.8660254037844385,-0.5000000000000004,0,1,0,0,0.05111313594114511
1,60.0,50,0,0,0,0,0,0,1,0,3735000,179287500,0,0.4999999999999999,0.8660254037844387,1,0,0,0,0.026972980263126844
0,23.0,19,1,1,-1,1,1,1,0,1,15750000,301087500,0,0.4999999999999999,-0.8660254037844387,0,0,0,1,0.7052892832470138
1,35.0,59,0,0,0,0,0,0,1,0,2902500,164940000,1,1.2246467991473532e-16,-1.0,1,0,0,0,0.018632964026275806
0,42.0,71,0,0,0,0,0,0,1,1,3637500,259942500,0,0.8660254037844387,-0.4999999999999998,1,0,0,0,0.016472811478571596
0,57.0,16,-1,-1,-1,1,1,1,0,1,14167500,226680000,1,1.2246467991473532e-16,-1.0,0,0,0,1,0.8229985252793673
1,23.0,57,1,1,-1,1,-1,-1,1,1,8962500,517522500,0,0.4999999999999999,-0.8660254037844387,0,1,0,0,0.039588606412908164
1,54.0,1,-1,-1,-1,-1,-1,-1,0,0,3720000,3720000,1,0.0,1.0,0,0,1,0,0.7290651018899458
1,40.0,20,-1,1,-1,1,1,1,0,0,16057500,325807500,0,-0.8660254037844385,-0.5000000000000004,0,0,0,1,0.7030141315382905
1,28.0,1,-1,-1,-1,-1,-1,-1,0,0,10590000,10590000,1,-0.5000000000000004,0.8660254037844384,0,0,0,1,0.8187175206694535
1,46.0,5,-1,1,-1,1,-1,-1,0,1,12810000,60165000,1,-0.8660254037844385,-0.5000000000000004,0,0,0,1,0.7369674311213573
0,42.0,52,-1,1,1,-1,1,1,0,1,15757500,843727500,1,0.4999999999999999,-0.8660254037844387,0,0,0,1,0.7097005316551841
1,33.0,21,1,1,-1,-1,-1,1,0,1,9742500,200970000,0,-1.0,-1.8369701987210294e-16,0,0,1,0,0.507379916251353
1,41.0,14,-1,-1,1,1,1,1,0,1,8250000,115792500,0,1.0,6.123233995736766e-17,0,0,1,0,0.7274735920560705
0,35.0,5,-1,1,-1,-1,-1,-1,0,0,7582500,36712500,0,0.8660254037844386,0.5000000000000001,0,0,1,0,0.5846202236811703
0,41.0,6,1,1,-1,-1,-1,-1,0,0,8272500,48435000,0,-0.8660254037844385,-0.5000000000000004,0,1,0,0,0.3905952540349313
0,48.0,10,-1,1,-1,-1,-1,-1,0,0,7680000,74737500,0,-0.4999999999999997,-0.8660254037844388,0,0,1,0,0.5223910084465159
0,59.0,1,0,0,0,0,0,0,0,0,3810000,3810000,0,0.4999999999999999,0.8660254037844387,1,0,0,0,0.36159545896071404
0,25.0,68,1,-1,-1,-1,-1,-1,0,0,8167500,553162500,0,0.8660254037844387,-0.4999999999999998,0,0,1,0,0.09364807513893786
1,66.0,18,-1,-1,1,-1,1,1,0,0,14272500,266992500,1,1.2246467991473532e-16,-1.0,0,0,0,1,0.820408032366535
0,18.0,22,-1,-1,-1,-1,-1,-1,1,1,11400000,267540000,0,0.0,1.0,0,0,0,1,0.5384438990263379
0,38.0,20,-1,-1,-1,-1,-1,-1,0,1,6652500,139072500,0,-0.4999999999999997,-0.8660254037844388,0,0,1,0,0.5765917415621827
1,47.0,1,-1,-1,-1,-1,-1,-1,0,0,10500000,10500000,1,1.0,6.123233995736766e-17,0,0,0,1,0.8174777477138425
1,43.0,8,-1,1,-1,-1,-1,-1,0,1,11175000,90982500,1,-0.8660254037844386,0.5000000000000001,0,0,0,1,0.8194849710120202
1,33.0,10,-1,-1,-1,-1,-1,-1,0,1,6727500,65310000,1,-1.0,-1.8369701987210294e-16,0,1,0,0,0.622266925990272
1,38.0,24,-1,-1,-1,-1,-1,-1,0,1,11415000,256905000,1,0.4999999999999999,0.8660254037844387,0,0,0,1,0.7488808458796454
1,34.0,35,1,1,1,-1,-1,-1,1,0,9180000,303180000,0,0.8660254037844386,0.5000000000000001,0,0,1,0,0.09597711367576553
1,33.0,23,-1,1,1,1,-1,-1,1,0,13020000,291120000,0,-0.4999999999999997,-0.8660254037844388,0,0,0,1,0.28897771130557953
0,50.0,6,-1,-1,-1,-1,1,1,0,1,13402500,85170000,0,-0.4999999999999997,-0.8660254037844388,0,0,0,1,0.9060441652423274
0,44.0,12,0,0,0,0,0,0,0,0,2955000,33052500,0,1.2246467991473532e-16,-1.0,1,0,0,0,0.27179388241563834
1,32.0,1,0,0,0,0,0,0,0,0,3037500,3037500,0,0.8660254037844387,-0.4999999999999998,1,0,0,0,0.38711354077924737
0,51.0,71,-1,-1,1,-1,-1,-1,1,0,11407500,815467500,0,1.0,6.123233995736766e-17,0,0,0,1,0.1456181047499118
1,44.0,35,-1,-1,1,-1,1,1,0,1,15120000,515625000,0,1.0,6.123233995736766e-17,0,0,0,1,0.8077891240307189
1,50.0,40,-1,-1,1,-1,1,1,0,1,11182500,452362500,0,-0.8660254037844386,0.5000000000000001,0,1,0,0,0.5197526917752692
0,48.0,1,1,-1,-1,-1,-1,-1,0,1,11040000,11040000,1,1.0,6.123233995736766e-17,0,0,0,1,0.7996027214227688
1,30.0,23,-1,-1,-1,-1,1,1,1,1,9735000,226470000,0,0.8660254037844387,-0.4999999999999998,0,0,1,0,0.47226003587605353
0,33.0,4,-1,-1,-1,-1,1,1,0,1,14317500,59415000,1,-0.4999999999999997,-0.8660254037844388,0,0,0,1,0.9039215263499577
1,49.0,4,-1,-1,1,1,-1,1,0,1,13560000,53497500,0,-0.4999999999999997,-0.8660254037844388,0,0,0,1,0.8237712145855356
0,47.0,68,-1,1,1,1,1,1,1,0,9045000,616350000,0,-0.8660254037844386,0.5000000000000001,0,0,1,0,0.07835301436063485
1,40.0,38,-1,1,-1,-1,-1,-1,0,1,12277500,471255000,0,0.8660254037844387,-0.4999999999999998,0,0,0,1,0.6309604775972091
1,41.0,52,0,0,0,0,0,0,1,0,3720000,184365000,0,0.4999999999999999,0.8660254037844387,1,0,0,0,0.025267499862296282
1,55.0,32,-1,-1,-1,-1,-1,-1,0,1,11235000,345502500,1,0.4999999999999999,0.8660254037844387,0,0,0,1,0.7003370347728217
1,33.0,29,-1,-1,1,1,1,1,1,0,11332500,308160000,0,-0.8660254037844385,-0.5000000000000004,0,0,1,0,0.22744173690717995
1,47.0,38,-1,1,-1,-1,1,1,0,0,15172500,561277500,0,-0.4999999999999997,-0.8660254037844388,0,0,0,1,0.6936563748796546
1,38.0,48,1,-1,1,-1,1,1,1,1,11812500,552367500,0,-0.8660254037844386,0.5000000000000001,0,1,0,0,0.16037311708060867
0,37.0,1,0,0,0,0,0,0,0,1,2887500,2887500,0,-0.5000000000000004,0.8660254037844384,1,0,0,0,0.4813222222900473
0,53.0,22,1,-1,-1,1,-1,1,0,1,13357500,282937500,0,-0.8660254037844385,-0.5000000000000004,0,0,0,1,0.6413259345608122
0,50.0,43,1,1,1,1,1,1,1,0,17257500,734265000,0,-0.8660254037844385,-0.5000000000000004,0,0,0,1,0.22555946749434128
0,50.0,5,-1,-1,-1,-1,-1,-1,0,1,10402500,51240000,0,-0.8660254037844385,-0.5000000000000004,0,0,0,1,0.8455303708966994
1,56.0,5,-1,-1,-1,-1,1,-1,0,1,12090000,62332500,1,-0.4999999999999997,-0.8660254037844388,0,0,0,1,0.8795596489368301
1,40.0,51,1,1,-1,1,1,1,1,0,16507500,852960000,0,-1.0,-1.8369701987210294e-16,0,0,0,1,0.20974892677564067
1,48.0,71,0,0,0,0,0,0,1,1,2985000,203265000,0,0.0,1.0,1,0,0,0,0.01716379847062522
0,36.0,38,1,1,-1,1,1,1,1,0,12045000,458797500,1,-0.8660254037844386,0.5000000000000001,0,0,1,0,0.11545038594594781
1,44.0,24,-1,-1,1,-1,1,1,0,1,13972500,334657500,1,1.2246467991473532e-16,-1.0,0,0,0,1,0.8554132664921128
1,38.0,35,-1,-1,-1,1,1,-1,0,1,13725000,485452500,0,0.0,1.0,0,0,0,1,0.6686284843128553
0,41.0,54,1,1,-1,1,1,1,1,0,12367500,652515000,1,-0.4999999999999997,-0.8660254037844388,0,0,1,0,0.07075685352424896
0,47.0,72,-1,1,1,1,1,1,1,1,9000000,639600000,0,0.8660254037844387,-0.4999999999999998,0,1,0,0,0.08043518004955841
1,30.0,1,-1,-1,-1,-1,-1,-1,0,1,6720000,6720000,0,0.4999999999999999,-0.8660254037844387,0,0,1,0,0.7409893584232928
0,65.0,9,1,-1,-1,-1,-1,-1,1,0,7290000,63345000,0,0.4999999999999999,0.8660254037844387,0,1,0,0,0.20187813836971127
1,28.0,69,1,1,-1,1,1,1,1,1,9007500,626505000,0,0.4999999999999999,-0.8660254037844387,0,1,0,0,0.062034135146005316
0,25.0,52,-1,1,-1,1,1,1,0,1,15405000,770715000,0,0.4999999999999999,-0.8660254037844387,0,0,0,1,0.6101419372806272
0,54.0,11,-1,-1,-1,1,1,-1,0,1,12435000,132007500,0,1.0,6.123233995736766e-17,0,0,0,1,0.8025102530605127
0,49.0,2,-1,-1,-1,-1,-1,-1,0,1,10552500,20857500,1,0.8660254037844387,-0.4999999999999998,0,0,0,1,0.8587666380680116
0,47.0,28,-1,-1,-1,-1,1,-1,0,1,5385000,146047500,0,1.0,6.123233995736766e-17,0,0,1,0,0.6325416691834632
0,48.0,17,-1,-1,1,-1,-1,-1,0,1,12397500,220507500,0,1.2246467991473532e-16,-1.0,0,0,0,1,0.7662858697017609
0,40.0,35,0,0,0,0,0,0,1,1,2977500,110902500,0,0.4999999999999999,-0.8660254037844387,1,0,0,0,0.07106273057002367
0,29.0,8,0,0,0,0,0,0,1,1,2880000,24292500,0,-0.8660254037844386,0.5000000000000001,1,0,0,0,0.19704329145412036
1,41.0,46,-1,1,1,-1,1,-1,1,1,14235000,663442500,0,-0.5000000000000004,0.8660254037844384,0,0,0,1,0.41484134930830785
0,32.0,7,-1,-1,-1,-1,-1,-1,0,1,11077500,76687500,1,-0.5000000000000004,0.8660254037844384,0,0,0,1,0.835520262662302
0,52.0,2,-1,-1,1,-1,-1,-1,0,0,12090000,23370000,1,0.0,1.0,0,0,0,1,0.7849303064051824
1,38.0,68,-1,1,1,1,-1,1,1,1,11370000,794092500,1,0.0,1.0,0,0,1,0,0.08041196528388576
0,30.0,43,-1,1,1,-1,1,1,1,1,15690000,713977500,1,1.2246467991473532e-16,-1.0,0,0,0,1,0.5271999396504826
0,36.0,68,1,1,1,1,1,1,1,1,13222500,922267500,0,-0.8660254037844386,0.5000000000000001,0,1,0,0,0.06231149130527757
0,45.0,36,-1,1,-1,-1,1,1,0,1,14220000,534847500,0,0.4999999999999999,0.8660254037844387,0,0,0,1,0.8005782788120316
1,33.0,63,-1,1,1,-1,1,1,0,1,15510000,990450000,1,-1.0,-1.8369701987210294e-16,0,0,0,1,0.6582214390981284
0,30.0,32,-1,1,-1,1,-1,-1,0,0,8197500,274515000,0,-0.8660254037844386,0.5000000000000001,0,0,1,0,0.2607909598769823
0,43.0,71,1,1,1,1,1,1,1,0,12862500,933570000,0,-0.8660254037844385,-0.5000000000000004,0,0,1,0,0.04721954909987281
0,43.0,66,1,1,1,-1,-1,-1,0,1,10117500,676297500,0,-0.5000000000000004,0.8660254037844384,0,0,1,0,0.13136867010563882
1,34.0,63,0,0,0,0,0,0,1,0,3075000,199222500,0,0.0,1.0,1,0,0,0,0.01677794799106611
0,34.0,41,0,0,0,0,0,0,1,1,3037500,129750000,0,1.0,6.123233995736766e-17,1,0,0,0,0.05755847346867557
0,43.0,1,-1,-1,-1,-1,-1,-1,0,1,10815000,10815000,0,-1.0,-1.8369701987210294e-16,0,0,0,1,0.8583992486188392
0,23.0,2,-1,-1,-1,-1,1,1,0,1,13560000,25230000,1,-0.5000000000000004,0.8660254037844384,0,0,0,1,0.9181615978136628
0,23.0,70,0,0,0,0,0,0,1,0,2917500,195525000,0,0.8660254037844386,0.5000000000000001,1,0,0,0,0.012049917327523285
0,31.0,23,-1,-1,-1,-1,1,1,0,1,6742500,149527500,0,-0.5000000000000004,0.8660254037844384,0,1,0,0,0.71011757240074
0,37.0,64,1,1,1,-1,-1,1,1,0,14550000,964635000,0,-0.8660254037844386,0.5000000000000001,0,0,0,1,0.16607425238703505
1,44.0,37,1,-1,1,1,-1,-1,1,1,9420000,341812500,0,1.2246467991473532e-16,-1.0,0,0,1,0,0.09385913096040059
1,58.0,17,-1,-1,-1,-1,-1,-1,1,0,6690000,102210000,0,0.4999999999999999,-0.8660254037844387,0,0,1,0,0.268870702261221
0,50.0,7,-1,-1,-1,-1,1,1,0,1,13372500,86152500,0,0.8660254037844387,-0.4999999999999998,0,0,0,1,0.904794349166758
1,38.0,4,-1,1,1,-1,-1,-1,0,1,12720000,55785000,1,0.4999999999999999,-0.8660254037844387,0,0,0,1,0.8166362022448086
0,40.0,21,1,-1,-1,-1,1,-1,0,1,6285000,126015000,1,-0.4999999999999997,-0.8660254037844388,0,0,1,0,0.5726043910424266
0,28.0,10,-1,-1,-1,-1,-1,1,0,1,12037500,126900000,1,1.0,6.123233995736766e-17,0,0,0,1,0.8716571896457254
0,40.0,16,1,-1,-1,-1,-1,-1,0,1,8115000,133350000,0,0.0,1.0,0,0,1,0,0.49109476117587925
1,37.0,64,-1,1,-1,1,1,1,1,1,15787500,1023510000,0,-0.4999999999999997,-0.8660254037844388,0,0,0,1,0.30601465446096554
1,44.0,27,1,-1,-1,-1,-1,-1,0,0,4612500,120765000,1,-0.8660254037844385,-0.5000000000000004,0,0,1,0,0.3536974055985353
1,30.0,42,1,-1,-1,-1,1,1,1,0,14565000,602512500,0,0.8660254037844386,0.5000000000000001,0,0,0,1,0.367607304425903
1,46.0,5,0,0,0,0,0,0,0,0,3030000,12562500,0,0.0,1.0,1,0,0,0,0.3500753060121895
0,58.0,41,-1,1,-1,1,1,1,1,1,14820000,593872500,0,0.4999999999999999,-0.8660254037844387,0,0,0,1,0.42913312588671565
1,39.0,58,-1,-1,1,-1,-1,-1,1,0,7545000,431782500,0,0.0,1.0,0,1,0,0,0.06458445183229582
0,45.0,47,0,0,0,0,0,0,1,1,3082500,141855000,0,-1.0,-1.8369701987210294e-16,1,0,0,0,0.04317464107519176
1,48.0,18,-1,-1,-1,1,-1,-1,0,1,11385000,205957500,0,0.8660254037844386,0.5000000000000001,0,0,0,1,0.7132367750402601
1,35.0,5,-1,-1,1,-1,1,1,0,0,14475000,73882500,1,0.4999999999999999,0.8660254037844387,0,0,0,1,0.8711592239959047
1,43.0,23,1,-1,-1,-1,-1,1,0,1,8992500,210900000,0,1.2246467991473532e-16,-1.0,0,1,0,0,0.47030862116834615
0,40.0,1,0,0,0,0,0,0,0,0,2872500,2872500,0,0.0,1.0,1,0,0,0,0.3876679524529553
1,41.0,71,-1,-1,1,-1,1,1,1,1,14797500,1044427500,0,1.0,6.123233995736766e-17,0,0,0,1,0.37976328872783166
1,31.0,72,1,1,1,1,1,1,1,1,16890000,1218997500,0,-0.4999999999999997,-0.8660254037844388,0,0,0,1,0.19335942722395125
1,40.0,33,0,0,0,0,0,0,1,0,3090000,103537500,0,1.0,6.123233995736766e-17,1,0,0,0,0.055662196943575847
1,46.0,2,-1,-1,-1,-1,1,-1,0,1,12847500,27225000,1,-1.0,-1.8369701987210294e-16,0,0,0,1,0.8830385387353403
1,57.0,24,1,-1,-1,1,-1,-1,1,0,5362500,124620000,0,0.4999999999999999,-0.8660254037844387,0,0,1,0,0.12470922440680562
0,52.0,56,-1,1,1,1,-1,1,1,1,14962500,841260000,0,0.8660254037844386,0.5000000000000001,0,0,0,1,0.26525782561928635
1,66.0,37,-1,1,-1,-1,1,1,0,1,14415000,547020000,0,0.0,1.0,0,0,0,1,0.7941217746781273
0,31.0,43,-1,1,1,1,1,1,1,0,12765000,549337500,0,-0.5000000000000004,0.8660254037844384,0,0,1,0,0.1461803374280382
1,50.0,1,-1,-1,-1,-1,-1,-1,0,0,3802500,3802500,0,-1.0,-1.8369701987210294e-16,0,0,1,0,0.7205610996429814
0,42.0,25,-1,-1,1,1,1,1,0,1,15742500,384975000,1,1.0,6.123233995736766e-17,0,0,0,1,0.7759329773603864
0,66.0,61,1,1,1,1,1,1,1,0,13447500,796305000,0,1.2246467991473532e-16,-1.0,0,0,1,0,0.05653118013178416
1,30.0,17,-1,-1,1,1,-1,-1,1,0,13012500,211537500,0,0.8660254037844386,0.5000000000000001,0,0,0,1,0.35578381104103063
0,30.0,41,-1,1,1,1,-1,-1,1,1,12930000,500857500,0,0.8660254037844387,-0.4999999999999998,0,0,0,1,0.2602426394292197
1,33.0,1,-1,1,-1,-1,-1,-1,0,0,7597500,7597500,1,-0.5000000000000004,0.8660254037844384,0,0,1,0,0.6247300014708351
1,18.0,72,1,1,1,1,1,1,1,1,9720000,709852500,0,0.4999999999999999,0.8660254037844387,0,0,1,0,0.07362716539841548
1,34.0,1,-1,1,-1,-1,-1,1,0,1,13627500,13627500,1,-0.8660254037844385,-0.5000000000000004,0,0,0,1,0.8713157332294189
1,31.0,48,-1,1,1,-1,1,1,1,1,16215000,760117500,0,0.4999999999999999,-0.8660254037844387,0,0,0,1,0.4818084658232436
1,42.0,11,0,0,0,0,0,0,0,0,2992500,32212500,1,0.4999999999999999,0.8660254037844387,1,0,0,0,0.29766967085533946
0,44.0,55,-1,1,1,-1,-1,-1,0,1,12817500,731205000,1,0.8660254037844387,-0.4999999999999998,0,0,0,1,0.5086891991616834
0,63.0,42,1,1,1,1,-1,1,1,1,8212500,352267500,0,-0.4999999999999997,-0.8660254037844388,0,0,1,0,0.11550885597238834
1,51.0,44,-1,-1,1,-1,-1,1,0,1,13560000,609450000,0,1.2246467991473532e-16,-1.0,0,0,0,1,0.6988567835141826
1,33.0,1,-1,-1,-1,-1,-1,-1,0,0,6600000,6600000,0,0.4999999999999999,-0.8660254037844387,0,0,1,0,0.6614441116160396
0,29.0,27,-1,-1,-1,-1,1,1,0,1,14340000,389287500,0,-0.8660254037844385,-0.5000000000000004,0,0,0,1,0.8374379853195427
1,46.0,27,-1,1,1,1,1,1,0,1,12720000,346432500,0,1.0,6.123233995736766e-17,0,0,1,0,0.5345498098507464
0,24.0,2,-1,-1,-1,-1,-1,-1,0,1,6645000,13395000,0,-0.5000000000000004,0.8660254037844384,0,0,1,0,0.7356362996003252
0,62.0,19,0,0,0,0,0,0,0,0,2985000,55132500,0,0.4999999999999999,-0.8660254037844387,1,0,0,0,0.21610158650296551
0,54.0,42,-1,-1,-1,-1,1,1,0,1,14257500,591675000,0,0.0,1.0,0,0,0,1,0.7789766176182401
0,34.0,66,1,1,1,1,1,1,1,1,13507500,894892500,0,-1.0,-1.8369701987210294e-16,0,0,1,0,0.07689572542536968
1,19.0,33,1,-1,1,1,1,1,0,1,16485000,554205000,0,0.4999999999999999,0.8660254037844387,0,0,0,1,0.6632791487162535
0,56.0,34,-1,1,-1,-1,-1,-1,0,1,11092500,378667500,1,0.8660254037844387,-0.4999999999999998,0,0,0,1,0.6618889312441006
1,39.0,33,-1,-1,1,1,1,1,0,1,8190000,270555000,0,1.0,6.123233995736766e-17,0,0,1,0,0.5804395841169501
0,55.0,23,0,0,0,0,0,0,1,0,3007500,62265000,0,0.4999999999999999,0.8660254037844387,1,0,0,0,0.07958946587270557
0,21.0,32,0,0,0,0,0,0,1,0,2962500,93622500,0,0.0,1.0,1,0,0,0,0.057878722835815445
0,33.0,11,0,0,0,0,0,0,1,0,3007500,35655000,0,1.2246467991473532e-16,-1.0,1,0,0,0,0.12336113235618042
1,40.0,69,-1,-1,1,-1,1,1,0,1,14917500,1051140000,1,-1.0,-1.8369701987210294e-16,0,0,0,1,0.6462143341376623
0,41.0,68,1,-1,-1,1,-1,-1,1,0,8385000,577320000,0,-0.8660254037844386,0.5000000000000001,0,0,1,0,0.02456740492048035
1,35.0,20,0,0,0,0,0,0,1,1,2955000,62910000,0,-1.0,-1.8369701987210294e-16,1,0,0,0,0.12986655926102894
1,47.0,72,0,0,0,0,0,0,1,1,2970000,220312500,0,-0.5000000000000004,0.8660254037844384,1,0,0,0,0.016662875678317812
1,27.0,60,1,-1,1,-1,1,-1,1,1,14310000,871800000,0,1.2246467991473532e-16,-1.0,0,0,0,1,0.25544023376039554
1,38.0,32,-1,1,-1,-1,1,1,0,1,14092500,429217500,0,1.2246467991473532e-16,-1.0,0,0,0,1,0.8067054571837896
0,41.0,1,0,0,0,0,0,0,0,1,2985000,2985000,1,1.0,6.123233995736766e-17,1,0,0,0,0.47770327857840483
1,46.0,1,0,0,0,0,0,0,0,1,2940000,2940000,1,1.0,6.123233995736766e-17,1,0,0,0,0.4858317950342628
1,49.0,3,-1,1,-1,-1,-1,-1,0,1,12202500,35055000,1,1.0,6.123233995736766e-17,0,0,0,1,0.8271893024179794
0,27.0,46,0,0,0,0,0,0,1,1,3667500,159922500,0,-0.4999999999999997,-0.8660254037844388,1,0,0,0,0.04365084343919757
0,22.0,29,-1,-1,-1,-1,-1,-1,0,1,11242500,322357500,0,0.8660254037844386,0.5000000000000001,0,0,0,1,0.7207518600704041
1,55.0,51,-1,1,1,1,-1,-1,0,1,13102500,670950000,0,0.8660254037844387,-0.4999999999999998,0,0,0,1,0.4377479771896199
0,44.0,48,-1,-1,-1,-1,-1,-1,0,1,10597500,531757500,0,-1.0,-1.8369701987210294e-16,0,0,0,1,0.5914879750266174
0,31.0,16,-1,1,-1,-1,-1,-1,0,0,10987500,179362500,0,-0.8660254037844386,0.5000000000000001,0,0,0,1,0.7051522380440465
1,59.0,70,-1,1,1,1,-1,1,1,1,14805000,1028835000,0,0.8660254037844386,0.5000000000000001,0,0,0,1,0.20356204526361643
0,41.0,40,0,0,0,0,0,0,1,1,3720000,153705000,0,-0.4999999999999997,-0.8660254037844388,1,0,0,0,0.055432878069368016
0,54.0,22,-1,1,-1,-1,-1,1,0,0,12495000,276885000,1,0.4999999999999999,0.8660254037844387,0,0,0,1,0.7378940369344152
0,41.0,1,-1,-1,1,-1,-1,-1,0,1,11295000,11295000,1,0.8660254037844386,0.5000000000000001,0,0,0,1,0.8592261195569362
0,65.0,5,0,0,0,0,0,0,0,1,3645000,19837500,0,-0.8660254037844385,-0.5000000000000004,1,0,0,0,0.4062268402112179
0,61.0,7,-1,-1,-1,-1,-1,-1,0,1,10477500,77317500,0,-0.8660254037844386,0.5000000000000001,0,0,0,1,0.8388810021311665
1,37.0,29,-1,1,1,1,-1,1,1,0,15082500,424567500,0,1.0,6.123233995736766e-17,0,0,0,1,0.3284571277351778
1,52.0,44,0,0,0,0,0,0,1,0,3855000,166575000,0,0.8660254037844386,0.5000000000000001,1,0,0,0,0.03440096808057739
0,48.0,10,1,1,1,-1,-1,-1,0,0,6105000,67395000,0,-1.0,-1.8369701987210294e-16,0,1,0,0,0.41274410655718663
0,56.0,55,-1,-1,-1,-1,-1,-1,0,0,7747500,425782500,0,-0.5000000000000004,0.8660254037844384,0,0,1,0,0.1984621692673337
1,28.0,52,-1,1,1,-1,1,1,1,1,15765000,806460000,0,0.8660254037844386,0.5000000000000001,0,0,0,1,0.47363142659985064
0,48.0,10,-1,-1,-1,-1,-1,1,0,0,12892500,128790000,0,1.0,6.123233995736766e-17,0,0,0,1,0.805152596225981
1,53.0,18,-1,-1,-1,-1,-1,-1,0,1,11340000,209257500,0,0.8660254037844386,0.5000000000000001,0,0,0,1,0.785007792008273
0,19.0,68,1,-1,-1,1,-1,-1,1,0,8737500,596355000,0,-0.4999999999999997,-0.8660254037844388,0,1,0,0,0.01956444179836854
0,26.0,61,0,0,0,0,0,0,0,1,2910000,177382500,1,0.0,1.0,1,0,0,0,0.069442821367147
0,18.0,72,1,1,1,1,1,1,1,1,9780000,717667500,0,1.2246467991473532e-16,-1.0,0,0,1,0,0.06837816106591403
1,37.0,2,1,-1,1,-1,-1,-1,0,0,8017500,17925000,0,-1.0,-1.8369701987210294e-16,0,0,1,0,0.5217827996970574
1,49.0,12,-1,-1,-1,-1,-1,-1,0,1,6810000,77835000,1,-0.5000000000000004,0.8660254037844384,0,0,1,0,0.6552295529736243
1,58.0,41,0,0,0,0,0,0,1,1,2962500,134917500,0,-0.8660254037844385,-0.5000000000000004,1,0,0,0,0.05695590399124369
0,41.0,26,-1,-1,1,1,1,-1,0,1,6667500,177570000,0,-0.8660254037844386,0.5000000000000001,0,0,1,0,0.543701564178325
1,60.0,36,0,0,0,0,0,0,1,0,3127500,108007500,0,0.8660254037844386,0.5000000000000001,1,0,0,0,0.0485429597340281
1,23.0,72,1,1,1,1,1,1,1,1,17107500,1270230000,0,0.4999999999999999,0.8660254037844387,0,0,0,1,0.21120148926708623
1,20.0,35,-1,-1,-1,1,-1,1,0,1,13477500,474180000,0,0.4999999999999999,0.8660254037844387,0,0,0,1,0.6818171510685713
1,39.0,1,-1,-1,1,1,-1,-1,0,0,8257500,8257500,0,0.8660254037844386,0.5000000000000001,0,0,1,0,0.5419571189607976
0,45.0,16,1,-1,1,1,1,1,0,1,16942500,282382500,0,-0.5000000000000004,0.8660254037844384,0,0,0,1,0.7252388666002378
0,40.0,49,1,-1,-1,-1,1,1,0,0,15232500,760560000,0,0.8660254037844386,0.5000000000000001,0,0,0,1,0.567236575077005
0,18.0,54,1,1,1,1,1,1,1,1,17197500,907425000,0,1.2246467991473532e-16,-1.0,0,0,0,1,0.2540850220721987
0,39.0,18,1,-1,-1,-1,-1,1,0,0,9720000,175005000,0,0.8660254037844386,0.5000000000000001,0,1,0,0,0.40465184521363956
0,24.0,36,-1,-1,-1,-1,-1,1,0,0,12060000,440647500,0,0.8660254037844387,-0.4999999999999998,0,0,0,1,0.6776398148307604
0,48.0,60,-1,1,1,-1,1,1,0,1,15885000,959467500,1,0.4999999999999999,-0.8660254037844387,0,0,0,1,0.6604296044824579
0,44.0,1,-1,-1,-1,-1,-1,-1,0,0,10432500,10432500,1,0.4999999999999999,0.8660254037844387,0,0,0,1,0.816220041410996
0,29.0,52,0,0,0,0,0,0,1,1,3757500,190537500,0,-0.4999999999999997,-0.8660254037844388,1,0,0,0,0.03443294709594678
1,34.0,8,-1,-1,1,-1,1,1,0,1,14212500,113932500,0,0.4999999999999999,-0.8660254037844387,0,0,0,1,0.9007798996694776
1,27.0,72,1,1,-1,1,1,1,1,0,15825000,1141732500,0,0.8660254037844387,-0.4999999999999998,0,0,0,1,0.14167048442028857
0,39.0,64,0,0,0,0,0,0,1,0,3705000,246412500,0,0.0,1.0,1,0,0,0,0.015444391112359821
0,51.0,22,1,-1,1,1,-1,1,0,1,10462500,231810000,0,0.4999999999999999,0.8660254037844387,0,1,0,0,0.3663915426204721
1,28.0,60,-1,1,1,1,1,1,0,1,9030000,537360000,0,0.4999999999999999,-0.8660254037844387,0,0,1,0,0.321510305287211
0,46.0,28,-1,-1,-1,-1,-1,1,0,1,12157500,334065000,1,-1.0,-1.8369701987210294e-16,0,0,0,1,0.7881490425787191
0,34.0,61,0,0,0,0,0,0,1,0,3660000,212685000,0,0.0,1.0,1,0,0,0,0.01706405531487401
0,30.0,24,-1,1,1,-1,1,1,0,1,15622500,374197500,0,0.4999999999999999,0.8660254037844387,0,0,0,1,0.8328255133731415
1,39.0,28,-1,1,1,1,1,-1,1,0,13935000,415252500,0,0.0,1.0,0,0,0,1,0.35856875615356765
0,28.0,30,-1,1,1,1,1,1,1,0,12120000,355395000,0,0.8660254037844387,-0.4999999999999998,0,0,1,0,0.20169701773812665
1,33.0,2,0,0,0,0,0,0,0,0,3000000,5700000,0,1.0,6.123233995736766e-17,1,0,0,0,0.38103666662216995
1,26.0,1,-1,-1,-1,-1,-1,-1,0,1,11265000,11265000,0,0.8660254037844386,0.5000000000000001,0,0,0,1,0.8629221882915212
1,64.0,6,0,0,0,0,0,0,0,0,2947500,15135000,0,-0.4999999999999997,-0.8660254037844388,1,0,0,0,0.3272551889300309
0,40.0,24,-1,1,-1,-1,1,1,0,1,10417500,242107500,0,-0.8660254037844386,0.5000000000000001,0,0,1,0,0.6675362470447339
1,32.0,4,-1,-1,1,-1,1,1,0,0,15172500,57885000,1,1.2246467991473532e-16,-1.0,0,0,0,1,0.8596610708096342
1,43.0,7,-1,1,-1,-1,1,1,0,1,14970000,100987500,1,1.0,6.123233995736766e-17,0,0,0,1,0.8880973749620814
1,39.0,72,1,1,1,1,1,1,1,1,17407500,1260735000,0,-0.4999999999999997,-0.8660254037844388,0,0,0,1,0.19275704609635688
1,37.0,70,-1,-1,-1,1,-1,1,1,1,6007500,419962500,0,0.8660254037844386,0.5000000000000001,0,1,0,0,0.06729393360394194
1,47.0,64,-1,-1,1,1,1,1,1,0,15315000,980767500,0,-0.5000000000000004,0.8660254037844384,0,0,0,1,0.2527025089420181
1,49.0,72,-1,1,-1,-1,1,-1,1,1,13455000,988342500,0,-0.4999999999999997,-0.8660254037844388,0,0,0,1,0.25316875308364495
0,34.0,44,0,0,0,0,0,0,1,0,2985000,130215000,0,-0.5000000000000004,0.8660254037844384,1,0,0,0,0.034926170621399744
0,33.0,13,-1,-1,-1,-1,-1,1,0,0,8392500,110152500,1,-0.8660254037844385,-0.5000000000000004,0,1,0,0,0.5673238958870022
0,37.0,17,0,0,0,0,0,0,1,0,3097500,49590000,0,0.4999999999999999,-0.8660254037844387,1,0,0,0,0.09772266622261991
1,18.0,1,-1,-1,-1,-1,-1,1,0,1,8250000,8250000,1,0.4999999999999999,0.8660254037844387,0,0,1,0,0.8025596233288154
1,22.0,9,-1,-1,1,-1,1,1,0,1,10507500,84660000,0,-0.5000000000000004,0.8660254037844384,0,0,1,0,0.7905648625638556
1,56.0,24,1,-1,-1,1,-1,-1,0,0,8040000,197302500,0,-0.8660254037844386,0.5000000000000001,0,0,1,0,0.2524650283902689
0,60.0,1,-1,1,-1,-1,-1,-1,0,1,11205000,11205000,1,-0.5000000000000004,0.8660254037844384,0,0,0,1,0.8441526144622703
1,37.0,24,-1,1,-1,-1,-1,-1,0,1,12037500,279225000,1,-1.0,-1.8369701987210294e-16,0,0,0,1,0.717742018138655
1,47.0,35,-1,1,-1,1,1,1,0,1,11407500,412080000,0,1.2246467991473532e-16,-1.0,0,0,1,0,0.4853212614300682
0,44.0,7,1,1,1,1,1,-1,0,1,11355000,83107500,0,0.0,1.0,0,1,0,0,0.43405539896584194
1,75.0,5,-1,-1,-1,1,1,1,0,1,14415000,68010000,1,-1.0,-1.8369701987210294e-16,0,0,0,1,0.8613830753231868
0,53.0,15,-1,-1,-1,-1,-1,-1,0,0,10350000,149220000,1,-0.5000000000000004,0.8660254037844384,0,0,0,1,0.7354188748759154
1,38.0,11,0,0,0,0,0,0,1,0,2947500,33862500,0,-1.0,-1.8369701987210294e-16,1,0,0,0,0.12802312012413897
0,29.0,48,1,-1,1,-1,-1,1,0,1,6795000,321750000,1,0.8660254037844386,0.5000000000000001,0,0,1,0,0.34719251735761253
0,21.0,20,-1,-1,-1,-1,-1,1,0,1,12217500,250740000,0,0.4999999999999999,-0.8660254037844387,0,0,0,1,0.829765115115147
0,42.0,72,-1,1,1,1,1,1,1,1,16275000,1200570000,0,0.8660254037844386,0.5000000000000001,0,0,0,1,0.2763774089363197
0,31.0,8,-1,1,-1,-1,1,-1,0,1,12532500,102007500,1,-0.8660254037844386,0.5000000000000001,0,0,0,1,0.8570875085333242
1,23.0,72,-1,-1,-1,-1,-1,1,1,1,12675000,919627500,0,-0.4999999999999997,-0.8660254037844388,0,0,0,1,0.27745218839041524
0,32.0,15,-1,1,-1,-1,1,1,0,1,15022500,212250000,0,0.4999999999999999,0.8660254037844387,0,0,0,1,0.8631253086955324
1,27.0,72,-1,1,1,1,1,1,1,1,13290000,930292500,0,-0.8660254037844386,0.5000000000000001,0,0,1,0,0.09783706141831752
0,60.0,0,1,-1,1,1,1,-1,1,1,7882500,0,0,0.4999999999999999,0.8660254037844387,0,0,1,0,0.3937043979591902
1,51.0,1,-1,-1,-1,-1,-1,-1,0,1,11152500,11152500,1,-0.4999999999999997,-0.8660254037844388,0,0,0,1,0.8554277005504887
1,40.0,63,-1,1,1,-1,1,1,1,1,15720000,989587500,0,-0.8660254037844385,-0.5000000000000004,0,0,0,1,0.39789915898552247
0,58.0,2,-1,1,-1,-1,1,-1,0,1,8850000,17122500,0,0.4999999999999999,0.8660254037844387,0,0,1,0,0.754437003750747
0,41.0,2,1,-1,-1,-1,-1,-1,0,1,11160000,20910000,1,-0.8660254037844385,-0.5000000000000004,0,0,0,1,0.7871087657110634
1,30.0,61,-1,1,-1,-1,-1,1,1,0,9607500,585390000,0,0.8660254037844386,0.5000000000000001,0,1,0,0,0.07921768698349388
1,58.0,1,0,0,0,0,0,0,0,0,3060000,3060000,0,-1.0,-1.8369701987210294e-16,1,0,0,0,0.3780005514601915
1,46.0,22,-1,1,1,-1,-1,1,1,1,6562500,135540000,1,-1.0,-1.8369701987210294e-16,0,1,0,0,0.3563644874624947
1,28.0,28,1,1,-1,1,-1,-1,0,0,9135000,267847500,0,-0.8660254037844386,0.5000000000000001,0,0,1,0,0.20620125655424448
0,38.0,70,0,0,0,0,0,0,1,0,2970000,209647500,0,0.8660254037844386,0.5000000000000001,1,0,0,0,0.012057973828289444
0,29.0,5,-1,1,-1,-1,-1,-1,0,0,4267500,19657500,1,0.0,1.0,0,0,1,0,0.662491212489553
0,23.0,12,1,1,1,-1,-1,1,0,1,14955000,185767500,1,1.0,6.123233995736766e-17,0,0,0,1,0.7534645290698382
1,51.0,34,1,1,1,1,1,1,1,0,17437500,584857500,0,-0.5000000000000004,0.8660254037844384,0,0,0,1,0.27412237180296944
0,63.0,71,1,-1,-1,-1,-1,-1,1,1,12105000,851400000,0,-0.4999999999999997,-0.8660254037844388,0,0,0,1,0.1313652005304168
0,23.0,70,1,-1,-1,-1,-1,1,1,0,9780000,681472500,0,-0.8660254037844386,0.5000000000000001,0,1,0,0,0.04160681030464296
0,47.0,52,1,-1,1,1,-1,-1,0,1,12607500,649020000,0,0.8660254037844387,-0.4999999999999998,0,0,0,1,0.34687838082757694
1,32.0,69,1,1,1,1,1,-1,1,1,11917500,825382500,0,-0.4999999999999997,-0.8660254037844388,0,1,0,0,0.03898575293496267
0,34.0,20,-1,1,1,-1,-1,1,0,1,14115000,267360000,1,0.8660254037844386,0.5000000000000001,0,0,0,1,0.7967832682497378
1,33.0,11,-1,-1,1,-1,-1,-1,0,1,11700000,127770000,0,0.0,1.0,0,0,0,1,0.8182325939364198
1,30.0,2,-1,-1,-1,1,1,1,0,1,14130000,25125000,1,0.4999999999999999,0.8660254037844387,0,0,0,1,0.8826397108684281
0,41.0,6,-1,-1,-1,1,-1,-1,0,1,12075000,75427500,1,1.0,6.123233995736766e-17,0,0,0,1,0.7643224776847632
0,30.0,1,0,0,0,0,0,0,0,0,2977500,2977500,0,0.8660254037844387,-0.4999999999999998,1,0,0,0,0.38136896015957317
1,43.0,20,1,-1,1,1,-1,1,1,0,14145000,272745000,0,-0.8660254037844386,0.5000000000000001,0,0,0,1,0.31839537728896944
1,39.0,61,1,-1,1,-1,1,1,0,1,15967500,945022500,0,-1.0,-1.8369701987210294e-16,0,0,0,1,0.5740418408354228
0,37.0,5,-1,-1,-1,-1,-1,-1,0,1,11152500,50220000,1,1.2246467991473532e-16,-1.0,0,0,0,1,0.8362265226658748
0,29.0,56,-1,1,-1,1,1,1,0,1,15817500,887542500,0,0.4999999999999999,-0.8660254037844387,0,0,0,1,0.5933207084726707
1,33.0,30,1,1,1,1,-1,-1,0,1,14250000,427860000,0,0.8660254037844387,-0.4999999999999998,0,0,0,1,0.4665838381929464
1,49.0,40,-1,-1,1,1,1,1,0,0,15720000,619792500,1,0.0,1.0,0,0,0,1,0.6274480260889446
0,46.0,28,1,-1,-1,1,-1,-1,1,0,8145000,231945000,0,0.4999999999999999,-0.8660254037844387,0,1,0,0,0.07480622686200997
0,28.0,5,-1,-1,-1,-1,-1,-1,0,0,10507500,45390000,0,-1.0,-1.8369701987210294e-16,0,0,0,1,0.7890879023643068
0,41.0,27,1,-1,-1,-1,-1,-1,0,1,11280000,289402500,1,-0.5000000000000004,0.8660254037844384,0,0,0,1,0.633538760270238
1,49.0,12,0,0,0,0,0,0,0,0,3007500,39817500,0,0.4999999999999999,-0.8660254037844387,1,0,0,0,0.28011934693879037
1,20.0,67,-1,1,1,-1,1,1,1,1,15810000,1048417500,0,1.0,6.123233995736766e-17,0,0,0,1,0.38406773755366036
1,47.0,29,-1,-1,-1,-1,-1,-1,0,1,7740000,216300000,0,0.0,1.0,0,0,1,0,0.4900371669661014
1,32.0,55,-1,-1,-1,-1,-1,1,0,0,12825000,707010000,0,0.0,1.0,0,0,0,1,0.5502101459432769
0,47.0,23,-1,-1,-1,-1,-1,-1,0,0,11340000,263790000,1,-0.8660254037844385,-0.5000000000000004,0,0,0,1,0.6622947348479761
1,31.0,34,-1,-1,1,-1,1,1,0,1,15007500,522000000,1,1.2246467991473532e-16,-1.0,0,0,0,1,0.8140910510561971
1,18.0,52,1,-1,1,-1,1,-1,1,0,13687500,710745000,0,-0.8660254037844385,-0.5000000000000004,0,0,0,1,0.2244666208987937
1,20.0,72,1,1,1,1,1,1,1,1,17362500,1259872500,0,-0.8660254037844385,-0.5000000000000004,0,0,0,1,0.19659034523955946
1,41.0,58,-1,1,-1,1,1,-1,1,1,14205000,814552500,0,1.2246467991473532e-16,-1.0,0,0,0,1,0.24559054559825086
1,43.0,35,0,0,0,0,0,0,1,0,2940000,103042500,0,1.2246467991473532e-16,-1.0,1,0,0,0,0.04978519178487574
0,29.0,56,-1,1,1,1,1,-1,1,1,14985000,855945000,0,0.4999999999999999,0.8660254037844387,0,0,0,1,0.2676848805715757
0,48.0,24,0,0,0,0,0,0,1,1,3165000,73597500,0,0.4999999999999999,0.8660254037844387,1,0,0,0,0.10931975532397772
1,20.0,70,0,0,0,0,0,0,1,0,3007500,204037500,0,-0.5000000000000004,0.8660254037844384,1,0,0,0,0.012385347342882548
1,39.0,2,-1,-1,-1,-1,1,-1,0,1,11992500,26167500,0,-0.4999999999999997,-0.8660254037844388,0,0,0,1,0.8911482827712064
1,25.0,68,-1,-1,1,1,1,1,1,1,16072500,1106970000,0,-0.5000000000000004,0.8660254037844384,0,0,0,1,0.31789639057192315
0,32.0,1,-1,-1,-1,-1,-1,1,0,1,12750000,12750000,1,-0.8660254037844385,-0.5000000000000004,0,0,0,1,0.8867570277788235
1,41.0,12,-1,-1,1,-1,1,-1,0,1,13432500,153262500,0,0.4999999999999999,-0.8660254037844387,0,0,0,1,0.8446293352548925
0,30.0,63,-1,1,-1,-1,-1,-1,0,1,12232500,754357500,0,0.0,1.0,0,0,0,1,0.4445318927862411
0,35.0,33,1,1,1,-1,-1,-1,1,1,8767500,293310000,0,-0.8660254037844385,-0.5000000000000004,0,0,1,0,0.14068651156468082
0,52.0,69,-1,1,-1,-1,1,1,1,1,14347500,1011630000,0,-0.5000000000000004,0.8660254037844384,0,0,0,1,0.3682844767402408
0,33.0,60,-1,1,1,1,1,1,1,1,12090000,742005000,0,0.4999999999999999,0.8660254037844387,0,0,1,0,0.1405592325178491
0,50.0,72,1,1,1,1,1,1,1,1,16965000,1237275000,0,-0.8660254037844386,0.5000000000000001,0,0,0,1,0.19277481682675565
0,26.0,11,-1,-1,-1,-1,-1,1,0,1,8842500,90240000,0,0.4999999999999999,-0.8660254037844387,0,0,1,0,0.7127826646348688
0,46.0,1,0,0,0,0,0,0,0,0,2932500,2932500,0,0.4999999999999999,0.8660254037844387,1,0,0,0,0.3857387341485755
1,57.0,10,-1,-1,-1,-1,1,-1,0,1,12907500,125115000,1,-0.4999999999999997,-0.8660254037844388,0,0,0,1,0.8527672020525288
1,18.0,13,1,-1,-1,1,1,-1,0,1,6832500,89550000,1,0.4999999999999999,0.8660254037844387,0,1,0,0,0.5173105594659916
1,30.0,34,-1,-1,-1,-1,-1,1,1,1,11842500,397080000,0,0.8660254037844386,0.5000000000000001,0,0,0,1,0.5524959613850637
1,47.0,39,-1,1,-1,-1,1,-1,0,1,12945000,489900000,1,1.2246467991473532e-16,-1.0,0,0,0,1,0.6992303349638462
0,38.0,65,-1,1,-1,1,1,1,1,1,15757500,1011637500,0,0.4999999999999999,-0.8660254037844387,0,0,0,1,0.2894078438836821
1,44.0,50,1,1,1,-1,1,-1,1,1,15285000,789825000,0,-0.4999999999999997,-0.8660254037844388,0,0,0,1,0.28364434922293014
1,33.0,15,0,0,0,0,0,0,0,0,2962500,46740000,0,0.8660254037844387,-0.4999999999999998,1,0,0,0,0.26106156496037614
1,41.0,72,1,1,1,-1,1,1,1,1,16545000,1195035000,0,-0.4999999999999997,-0.8660254037844388,0,0,0,1,0.25826209209668716
0,38.0,72,1,1,1,1,1,1,1,1,17340000,1233060000,0,0.8660254037844386,0.5000000000000001,0,0,0,1,0.19099045243766455
1,54.0,55,0,0,0,0,0,0,1,0,2902500,172987500,0,1.0,6.123233995736766e-17,1,0,0,0,0.023048470583202474
0,43.0,23,0,0,0,0,0,0,1,1,3840000,77212500,0,1.2246467991473532e-16,-1.0,1,0,0,0,0.10293262274155204
1,44.0,32,-1,1,-1,-1,-1,-1,0,1,12052500,389422500,1,0.8660254037844386,0.5000000000000001,0,0,0,1,0.6780960187054242
0,35.0,56,1,-1,1,-1,-1,1,1,1,10312500,571200000,0,0.8660254037844386,0.5000000000000001,0,1,0,0,0.0931274495234388
0,34.0,1,0,0,0,0,0,0,0,0,2985000,2985000,0,0.8660254037844387,-0.4999999999999998,1,0,0,0,0.38034191382892146
1,35.0,38,1,1,-1,1,1,-1,1,0,10590000,406230000,0,1.0,6.123233995736766e-17,0,0,1,0,0.0856801573106203
1,45.0,11,-1,-1,-1,-1,-1,-1,0,0,10530000,114007500,0,-0.5000000000000004,0.8660254037844384,0,0,0,1,0.7647964208921516
1,35.0,1,-1,-1,-1,1,-1,-1,0,1,7395000,7395000,0,0.4999999999999999,-0.8660254037844387,0,0,1,0,0.6450046208465546
1,43.0,56,-1,1,-1,1,1,1,1,1,16087500,904995000,0,-0.5000000000000004,0.8660254037844384,0,0,0,1,0.35250655229644623
1,65.0,3,0,0,0,0,0,0,0,1,3540000,13357500,0,-1.0,-1.8369701987210294e-16,1,0,0,0,0.4397439141825713
1,50.0,7,1,-1,-1,-1,1,1,0,0,10455000,77422500,0,0.4999999999999999,0.8660254037844387,0,1,0,0,0.5902502458404213
1,36.0,59,-1,-1,1,-1,1,1,1,1,14925000,879262500,0,-0.5000000000000004,0.8660254037844384,0,0,0,1,0.45704037610313714
1,54.0,7,-1,-1,1,1,1,-1,0,0,9645000,66892500,0,0.4999999999999999,-0.8660254037844387,0,0,1,0,0.5503067756053094
1,35.0,71,1,-1,1,1,-1,1,1,1,10627500,746010000,0,0.4999999999999999,0.8660254037844387,0,0,1,0,0.052612707547354254
1,18.0,15,1,-1,-1,1,1,1,1,0,15285000,250087500,0,1.0,6.123233995736766e-17,0,0,0,1,0.4413156482314589
1,28.0,71,1,1,-1,1,1,-1,1,0,11025000,803662500,0,-0.8660254037844386,0.5000000000000001,0,0,1,0,0.032381891945419156
0,18.0,35,-1,-1,1,-1,1,1,0,1,15037500,529140000,1,-0.4999999999999997,-0.8660254037844388,0,0,0,1,0.8042421902804979
0,36.0,11,-1,1,1,1,-1,-1,1,1,6060000,63390000,0,1.0,6.123233995736766e-17,0,1,0,0,0.2763806346001835
0,40.0,60,0,0,0,0,0,0,1,1,2887500,165487500,0,0.4999999999999999,-0.8660254037844387,1,0,0,0,0.025490739257043295
1,60.0,47,-1,1,-1,1,-1,-1,1,0,8940000,413100000,0,0.4999999999999999,-0.8660254037844387,0,0,1,0,0.06527372669537512
0,44.0,11,-1,-1,1,1,-1,1,1,0,9735000,104587500,0,0.0,1.0,0,0,1,0,0.28389546879409544
1,37.0,56,-1,1,-1,-1,1,1,1,0,15045000,842167500,1,-1.0,-1.8369701987210294e-16,0,0,0,1,0.3498813695834959
0,50.0,28,-1,1,1,1,1,1,0,1,16627500,480660000,0,0.8660254037844387,-0.4999999999999998,0,0,0,1,0.7382905641688315
1,18.0,61,1,1,-1,1,1,1,1,1,12157500,712147500,0,-0.4999999999999997,-0.8660254037844388,0,0,1,0,0.08703954669375892
1,43.0,31,1,-1,1,-1,1,-1,1,0,14707500,462315000,0,0.8660254037844386,0.5000000000000001,0,0,0,1,0.3329953116659092
1,49.0,9,-1,-1,-1,-1,-1,-1,0,1,10575000,89685000,0,1.0,6.123233995736766e-17,0,0,0,1,0.8348197173723377
1,22.0,35,1,1,-1,-1,-1,1,0,1,14182500,504810000,0,0.4999999999999999,0.8660254037844387,0,0,0,1,0.6469986722263983
1,54.0,2,0,0,0,0,0,0,0,1,2947500,5820000,0,0.4999999999999999,-0.8660254037844387,1,0,0,0,0.4663988845461789
0,44.0,12,0,0,0,0,0,0,0,0,2850000,35032500,1,-1.0,-1.8369701987210294e-16,1,0,0,0,0.276683283380179
0,35.0,1,1,-1,-1,-1,-1,-1,0,0,11295000,11295000,1,0.4999999999999999,-0.8660254037844387,0,0,0,1,0.7211045064218194
0,48.0,4,-1,-1,1,-1,1,-1,0,1,13380000,51930000,1,1.2246467991473532e-16,-1.0,0,0,0,1,0.8676108871858835
0,67.0,1,0,0,0,0,0,0,0,1,2850000,2850000,0,0.0,1.0,1,0,0,0,0.4780965893833718
0,42.0,3,0,0,0,0,0,0,0,1,3000000,9255000,0,0.8660254037844386,0.5000000000000001,1,0,0,0,0.4587399405062056
0,43.0,1,-1,-1,-1,-1,1,-1,0,1,12855000,12855000,1,0.8660254037844386,0.5000000000000001,0,0,0,1,0.8864136094561472
1,34.0,52,1,1,-1,-1,1,-1,1,1,9487500,501367500,0,1.0,6.123233995736766e-17,0,1,0,0,0.09886267594368148
1,30.0,5,0,0,0,0,0,0,1,0,3015000,12765000,0,0.8660254037844387,-0.4999999999999998,1,0,0,0,0.1601907226097212
1,50.0,72,1,1,1,-1,-1,1,1,1,14872500,1113315000,0,-1.0,-1.8369701987210294e-16,0,0,0,1,0.1956270101678899
1,30.0,71,1,1,1,1,1,1,1,0,13560000,1000207500,0,-1.0,-1.8369701987210294e-16,0,0,1,0,0.05061762849476358
1,41.0,72,1,-1,1,1,1,1,1,1,16785000,1210657500,0,0.4999999999999999,-0.8660254037844387,0,0,0,1,0.20751971832885083
1,34.0,46,0,0,0,0,0,0,1,0,3735000,176220000,0,-1.0,-1.8369701987210294e-16,1,0,0,0,0.03160451097982811
1,46.0,63,1,1,1,-1,1,1,1,0,12525000,815250000,0,-0.8660254037844386,0.5000000000000001,0,1,0,0,0.07287749859373187
1,44.0,30,1,1,1,-1,-1,-1,0,1,12645000,365790000,0,-0.5000000000000004,0.8660254037844384,0,0,0,1,0.5826020956035926
1,52.0,1,-1,-1,-1,-1,-1,-1,0,0,6840000,6840000,0,0.4999999999999999,-0.8660254037844387,0,1,0,0,0.6020815710098953
0,34.0,12,1,-1,1,1,-1,-1,0,1,9247500,107062500,1,1.2246467991473532e-16,-1.0,0,0,1,0,0.39876690433522133
1,37.0,16,1,1,1,1,1,-1,1,0,8227500,137422500,0,0.4999999999999999,0.8660254037844387,0,0,1,0,0.19132338545502853
1,28.0,4,-1,-1,-1,1,-1,1,0,0,9832500,35580000,0,-0.8660254037844385,-0.5000000000000004,0,0,1,0,0.5752748195634202
1,35.0,51,-1,1,-1,-1,-1,1,1,1,13552500,692182500,0,-0.4999999999999997,-0.8660254037844388,0,0,0,1,0.380379180645023
1,45.0,65,0,0,0,0,0,0,1,1,3060000,212167500,0,0.4999999999999999,-0.8660254037844387,1,0,0,0,0.02186352792434952
1,49.0,16,-1,-1,-1,1,-1,-1,0,1,11182500,175575000,0,0.8660254037844387,-0.4999999999999998,0,0,0,1,0.7227170216980028
1,29.0,2,0,0,0,0,0,0,1,0,2992500,7155000,0,0.0,1.0,1,0,0,0,0.18276567988040407
0,50.0,66,-1,-1,-1,-1,-1,-1,1,1,11137500,728887500,0,-0.4999999999999997,-0.8660254037844388,0,0,0,1,0.2147738927480554
1,56.0,46,-1,1,1,1,1,1,1,0,16297500,735480000,0,0.8660254037844386,0.5000000000000001,0,0,0,1,0.3148002451065409
0,45.0,32,1,-1,1,1,1,1,1,1,16432500,541200000,0,0.8660254037844387,-0.4999999999999998,0,0,0,1,0.4009431070652163
1,63.0,72,1,-1,1,1,1,1,1,0,12997500,914137500,0,-0.8660254037844385,-0.5000000000000004,0,1,0,0,0.03890507058819278
1,31.0,38,1,-1,1,1,1,1,1,0,12150000,462735000,0,0.8660254037844386,0.5000000000000001,0,0,1,0,0.13244979162560014
1,25.0,51,-1,-1,-1,1,-1,-1,1,0,7177500,353512500,0,-0.5000000000000004,0.8660254037844384,0,1,0,0,0.05662503947929665
1,19.0,72,1,1,1,1,1,1,1,0,17182500,1245907500,0,0.0,1.0,0,0,0,1,0.14797551321948868
0,58.0,65,1,-1,1,-1,1,1,0,0,15787500,1017960000,1,0.8660254037844386,0.5000000000000001,0,0,0,1,0.45761193993822374
1,48.0,9,-1,1,-1,-1,-1,-1,0,1,4492500,37342500,1,0.4999999999999999,-0.8660254037844387,0,0,1,0,0.7022561818949309
0,39.0,9,1,1,1,1,-1,-1,0,0,9750000,99457500,1,-0.4999999999999997,-0.8660254037844388,0,1,0,0,0.26261891744519467
1,43.0,66,0,0,0,0,0,0,1,0,3082500,203565000,0,1.0,6.123233995736766e-17,1,0,0,0,0.014438691796069674
0,26.0,44,1,1,1,-1,1,1,1,1,16470000,729052500,0,-1.0,-1.8369701987210294e-16,0,0,0,1,0.4008629900422096
1,69.0,50,-1,-1,1,1,-1,1,1,0,10425000,512730000,0,-0.4999999999999997,-0.8660254037844388,0,1,0,0,0.07630519255909599
0,42.0,15,-1,-1,-1,-1,-1,-1,0,0,7327500,94710000,0,-0.8660254037844385,-0.5000000000000004,0,0,1,0,0.5041481397286509
1,41.0,8,-1,-1,-1,-1,-1,-1,0,1,3787500,27945000,0,0.0,1.0,0,1,0,0,0.7070895341616625
0,49.0,66,-1,-1,1,1,1,1,1,1,15427500,1046512500,0,-0.5000000000000004,0.8660254037844384,0,0,0,1,0.3229273349423779
0,46.0,57,1,1,-1,1,-1,-1,0,1,13132500,732727500,0,-0.8660254037844386,0.5000000000000001,0,0,0,1,0.288180782851922
0,43.0,7,-1,1,-1,-1,-1,-1,0,1,11782500,78442500,0,1.2246467991473532e-16,-1.0,0,0,0,1,0.8054348174998752
1,31.0,10,-1,-1,-1,-1,-1,1,0,1,5182500,54390000,0,-0.5000000000000004,0.8660254037844384,0,1,0,0,0.7567930912819564
0,46.0,62,1,1,1,-1,-1,-1,1,1,13807500,863370000,0,-0.8660254037844385,-0.5000000000000004,0,0,0,1,0.15675499002739038
1,63.0,40,-1,-1,1,-1,1,-1,1,1,12757500,503347500,0,-0.8660254037844385,-0.5000000000000004,0,0,0,1,0.4736749708308081
0,56.0,20,0,0,0,0,0,0,1,0,2955000,61042500,0,0.8660254037844386,0.5000000000000001,1,0,0,0,0.09030824021716384
0,59.0,7,0,0,0,0,0,0,0,0,3000000,20640000,1,-0.4999999999999997,-0.8660254037844388,1,0,0,0,0.3115828377921555
0,34.0,25,-1,-1,-1,1,1,1,0,1,14272500,359355000,0,-0.5000000000000004,0.8660254037844384,0,0,0,1,0.7944410105636633
1,28.0,23,-1,1,1,-1,-1,-1,0,0,12637500,295215000,0,-0.8660254037844386,0.5000000000000001,0,0,0,1,0.6426890070875119
0,38.0,66,-1,1,1,-1,1,1,1,0,15690000,1022917500,0,-0.8660254037844386,0.5000000000000001,0,0,0,1,0.2887698788562475
0,41.0,72,-1,1,1,1,1,1,1,0,16747500,1191517500,0,-0.5000000000000004,0.8660254037844384,0,0,0,1,0.19389388480200692
1,53.0,49,-1,1,-1,-1,-1,1,0,0,13507500,682087500,1,1.2246467991473532e-16,-1.0,0,0,0,1,0.5551066439525133
1,20.0,43,-1,1,1,1,1,1,0,1,16612500,703185000,1,1.0,6.123233995736766e-17,0,0,0,1,0.6738896492727583
0,58.0,46,1,-1,-1,-1,-1,-1,0,0,8250000,371092500,0,-0.4999999999999997,-0.8660254037844388,0,1,0,0,0.14400729976563914
1,38.0,72,1,1,1,1,1,1,1,0,13477500,984435000,0,0.8660254037844387,-0.4999999999999998,0,0,1,0,0.048099779660787996
1,35.0,10,0,0,0,0,0,0,1,0,3052500,26445000,0,1.0,6.123233995736766e-17,1,0,0,0,0.1342312646241355
0,28.0,40,1,-1,-1,1,1,1,1,1,8182500,335430000,0,0.8660254037844386,0.5000000000000001,0,0,1,0,0.20006362869753785
0,20.0,65,-1,1,1,-1,1,1,0,1,15825000,1047847500,1,-1.0,-1.8369701987210294e-16,0,0,0,1,0.643006369631755
1,50.0,31,-1,-1,1,1,1,1,1,0,14917500,466485000,0,-0.5000000000000004,0.8660254037844384,0,0,0,1,0.4426624067003668
0,41.0,68,1,1,1,1,-1,-1,1,0,10635000,736702500,0,1.2246467991473532e-16,-1.0,0,0,1,0,0.022120350785823816
1,25.0,56,1,-1,1,-1,1,1,1,1,15682500,869197500,1,-1.0,-1.8369701987210294e-16,0,0,0,1,0.3630066588590689
1,24.0,10,-1,-1,-1,-1,-1,1,0,1,12787500,128295000,1,1.2246467991473532e-16,-1.0,0,0,0,1,0.8625483048598382
1,36.0,68,0,0,0,0,0,0,1,0,3810000,243030000,0,-0.5000000000000004,0.8660254037844384,1,0,0,0,0.012982794247908852
0,60.0,43,-1,-1,-1,-1,1,-1,0,0,8422500,374895000,1,-0.4999999999999997,-0.8660254037844388,0,0,1,0,0.3545560946863587
1,37.0,1,-1,-1,-1,-1,1,1,0,1,13432500,13432500,1,0.8660254037844386,0.5000000000000001,0,0,0,1,0.9234662605012847
0,22.0,49,-1,1,1,-1,-1,1,1,1,13477500,643080000,0,0.8660254037844387,-0.4999999999999998,0,0,0,1,0.39385993487351845
0,37.0,15,0,0,0,0,0,0,0,1,3787500,59227500,0,1.0,6.123233995736766e-17,1,0,0,0,0.3227541426020952
1,37.0,20,-1,-1,-1,-1,1,1,0,1,14182500,284947500,1,-0.8660254037844386,0.5000000000000001,0,0,0,1,0.8681457436561372
1,18.0,1,-1,-1,-1,-1,-1,-1,0,1,6855000,6855000,1,-0.4999999999999997,-0.8660254037844388,0,0,1,0,0.737749120645839
1,39.0,50,-1,-1,1,1,1,-1,1,1,10447500,516322500,0,0.0,1.0,0,1,0,0,0.11392263605591163
0,37.0,2,-1,1,-1,-1,-1,1,0,0,13425000,24225000,1,0.4999999999999999,0.8660254037844387,0,0,0,1,0.8216513538688031
1,48.0,24,-1,-1,-1,-1,-1,-1,0,0,10500000,259890000,0,0.8660254037844386,0.5000000000000001,0,0,0,1,0.6877203664119009
0,62.0,3,-1,-1,-1,-1,-1,-1,0,1,10432500,33345000,1,0.8660254037844387,-0.4999999999999998,0,0,0,1,0.8553477192405926
0,54.0,1,-1,-1,1,-1,-1,-1,0,1,11190000,11190000,1,0.0,1.0,0,0,0,1,0.8591995550303716
1,37.0,35,0,0,0,0,0,0,1,0,3015000,98295000,0,1.0,6.123233995736766e-17,1,0,0,0,0.05114754121962862
0,27.0,17,0,0,0,0,0,0,0,0,3720000,71287500,0,-0.8660254037844385,-0.5000000000000004,1,0,0,0,0.22628896940903012
0,71.0,8,0,0,0,0,0,0,0,0,2947500,24645000,1,1.0,6.123233995736766e-17,1,0,0,0,0.31054258552182096
1,41.0,10,-1,-1,-1,1,1,1,0,1,14265000,129765000,0,-0.5000000000000004,0.8660254037844384,0,0,0,1,0.8525594245379609
1,40.0,68,1,1,1,1,1,1,1,1,13327500,919905000,0,0.8660254037844387,-0.4999999999999998,0,1,0,0,0.06310493017445999
1,40.0,45,1,1,1,-1,1,1,1,0,11820000,539625000,0,0.4999999999999999,-0.8660254037844387,0,1,0,0,0.1164036312012074
1,42.0,2,0,0,0,0,0,0,1,0,2977500,5385000,1,-0.8660254037844385,-0.5000000000000004,1,0,0,0,0.17392172534465344
1,38.0,37,0,0,0,0,0,0,0,0,3052500,104647500,0,0.8660254037844386,0.5000000000000001,1,0,0,0,0.12246364802376564
0,33.0,4,-1,-1,-1,-1,-1,-1,0,1,3637500,14407500,1,-0.5000000000000004,0.8660254037844384,0,0,1,0,0.7759352675806871
0,33.0,10,-1,-1,-1,-1,-1,-1,0,0,6787500,64305000,0,-0.5000000000000004,0.8660254037844384,0,0,1,0,0.5766664369670196
1,40.0,1,0,0,0,0,0,0,0,0,3007500,3007500,0,-0.4999999999999997,-0.8660254037844388,1,0,0,0,0.37973233247226984
1,33.0,65,1,1,-1,-1,-1,1,1,1,10432500,668872500,0,0.8660254037844387,-0.4999999999999998,0,0,1,0,0.0795236210192288
0,31.0,57,0,0,0,0,0,0,1,0,2925000,175140000,0,1.2246467991473532e-16,-1.0,1,0,0,0,0.020069265557143383
0,41.0,3,-1,-1,1,-1,-1,-1,0,1,11212500,35715000,0,1.0,6.123233995736766e-17,0,0,0,1,0.8517736500041614
0,37.0,2,-1,-1,-1,-1,-1,-1,0,0,10447500,21772500,1,-0.5000000000000004,0.8660254037844384,0,0,0,1,0.8102422250149658
1,58.0,49,-1,-1,1,-1,-1,-1,0,1,4530000,217965000,0,1.2246467991473532e-16,-1.0,0,0,1,0,0.33959852329372753
0,18.0,4,-1,-1,-1,-1,-1,-1,0,0,6847500,28657500,1,1.0,6.123233995736766e-17,0,0,1,0,0.6327210506980453
0,53.0,70,-1,1,1,1,1,1,1,0,8670000,605895000,0,0.4999999999999999,0.8660254037844387,0,0,1,0,0.07511532807543404
0,55.0,53,0,0,0,0,0,0,1,1,2977500,155917500,0,0.8660254037844386,0.5000000000000001,1,0,0,0,0.03497467331458357
1,18.0,53,0,0,0,0,0,0,1,0,3832500,200415000,0,0.8660254037844387,-0.4999999999999998,1,0,0,0,0.024218793449093518
0,36.0,1,-1,-1,-1,-1,-1,-1,0,1,11257500,11257500,1,1.0,6.123233995736766e-17,0,0,0,1,0.8568072862323992
1,36.0,22,0,0,0,0,0,0,0,1,3727500,74010000,0,0.0,1.0,1,0,0,0,0.26998334254704437
1,23.0,52,-1,1,-1,-1,1,1,0,1,7372500,382635000,1,1.2246467991473532e-16,-1.0,0,0,1,0,0.48494045565009347
1,31.0,65,1,-1,1,1,1,1,1,1,16552500,1086922500,0,-1.0,-1.8369701987210294e-16,0,0,0,1,0.23989720939210793
0,27.0,48,0,0,0,0,0,0,1,0,3682500,180592500,0,-0.4999999999999997,-0.8660254037844388,1,0,0,0,0.02809499549406713
0,61.0,2,-1,-1,-1,-1,-1,1,0,1,5205000,9337500,1,-0.4999999999999997,-0.8660254037844388,0,0,1,0,0.8254218878929062
1,51.0,3,-1,1,1,-1,1,1,0,0,16192500,47040000,0,1.0,6.123233995736766e-17,0,0,0,1,0.8418628345940997
1,55.0,45,-1,1,-1,-1,-1,-1,0,0,12210000,566377500,0,-0.5000000000000004,0.8660254037844384,0,0,0,1,0.4903253087513828
1,49.0,1,-1,-1,-1,-1,-1,1,0,0,12000000,12000000,1,0.8660254037844386,0.5000000000000001,0,0,0,1,0.8593216130700188
0,26.0,61,-1,-1,1,1,1,1,1,1,11070000,692407500,0,-0.5000000000000004,0.8660254037844384,0,1,0,0,0.12406747654269638
1,34.0,3,1,-1,-1,1,1,-1,0,1,9660000,29347500,0,1.2246467991473532e-16,-1.0,0,1,0,0,0.5209675175185099
0,46.0,40,-1,-1,1,1,1,1,1,1,15562500,628260000,0,0.4999999999999999,0.8660254037844387,0,0,0,1,0.47130638827965887
0,25.0,1,-1,-1,-1,-1,-1,-1,0,0,10665000,10665000,0,0.0,1.0,0,0,0,1,0.8145976845956825
0,49.0,1,-1,-1,-1,1,-1,-1,0,1,7485000,7485000,0,1.2246467991473532e-16,-1.0,0,1,0,0,0.5791768716319168
1,37.0,51,0,0,0,0,0,0,1,1,3690000,189960000,0,-0.8660254037844385,-0.5000000000000004,1,0,0,0,0.037257859818729366
1,36.0,2,1,-1,-1,-1,-1,-1,0,1,7387500,13665000,1,-0.5000000000000004,0.8660254037844384,0,0,1,0,0.6340634307475658
1,49.0,52,-1,1,-1,-1,-1,-1,1,0,4515000,243510000,0,1.0,6.123233995736766e-17,0,1,0,0,0.07884352576128556
1,45.0,51,-1,-1,-1,-1,-1,1,0,0,12510000,622417500,0,-0.8660254037844386,0.5000000000000001,0,0,0,1,0.5664298190044212
1,36.0,1,0,0,0,0,0,0,0,1,3067500,3067500,0,0.8660254037844387,-0.4999999999999998,1,0,0,0,0.48127350578870737
1,54.0,31,1,1,-1,1,-1,1,1,1,11287500,351675000,0,0.0,1.0,0,0,1,0,0.14458618331092726
1,27.0,47,0,0,0,0,0,0,1,0,3082500,151957500,0,0.4999999999999999,-0.8660254037844387,1,0,0,0,0.0314348404836118
0,47.0,3,-1,-1,-1,-1,-1,-1,0,1,11265000,40605000,1,0.4999999999999999,0.8660254037844387,0,0,0,1,0.8507765020752309
0,47.0,22,0,0,0,0,0,0,1,1,3007500,62550000,0,1.0,6.123233995736766e-17,1,0,0,0,0.11742655434584365
0,36.0,1,0,0,0,0,0,0,0,1,3097500,3097500,0,0.0,1.0,1,0,0,0,0.47856087270551256
1,44.0,72,-1,1,1,1,1,1,1,1,12772500,947430000,0,1.2246467991473532e-16,-1.0,0,0,1,0,0.10131247563809338
1,25.0,3,-1,-1,1,-1,-1,-1,0,1,7522500,25222500,1,0.0,1.0,0,0,1,0,0.7231346633196631
1,51.0,47,-1,1,-1,-1,1,-1,1,1,12742500,602707500,0,-0.8660254037844385,-0.5000000000000004,0,0,0,1,0.405713865954248
1,38.0,72,1,-1,1,1,-1,-1,1,1,9975000,721740000,0,0.0,1.0,0,1,0,0,0.02712181314951483
1,34.0,66,-1,-1,1,-1,1,-1,1,1,9495000,628455000,0,-0.4999999999999997,-0.8660254037844388,0,0,1,0,0.12016386050617747
1,53.0,35,-1,-1,-1,-1,1,-1,0,0,12472500,427267500,0,1.2246467991473532e-16,-1.0,0,0,0,1,0.6636714556816263
1,32.0,29,-1,-1,-1,-1,-1,1,0,1,12735000,377430000,0,-0.8660254037844385,-0.5000000000000004,0,0,0,1,0.7860394604304253
0,23.0,2,0,0,0,0,0,0,0,1,3082500,5040000,0,-0.5000000000000004,0.8660254037844384,1,0,0,0,0.46848902682419674
1,21.0,4,-1,1,-1,-1,-1,-1,0,0,7387500,31267500,0,-1.0,-1.8369701987210294e-16,0,1,0,0,0.5486595493320421
0,47.0,25,1,1,-1,-1,-1,-1,0,1,11977500,302302500,1,-0.8660254037844386,0.5000000000000001,0,0,0,1,0.6179357558313963
0,25.0,65,1,1,-1,1,-1,-1,1,1,8940000,560970000,0,0.8660254037844386,0.5000000000000001,0,1,0,0,0.029512592902557904
1,61.0,27,-1,1,-1,1,1,1,1,1,15697500,444600000,0,-0.5000000000000004,0.8660254037844384,0,0,0,1,0.5302585148246145
1,18.0,29,-1,-1,1,-1,-1,-1,0,1,11295000,339510000,0,0.0,1.0,0,0,0,1,0.7351231357562538
1,60.0,29,-1,1,1,-1,1,1,0,0,12015000,331770000,0,1.2246467991473532e-16,-1.0,0,0,1,0,0.5094090009582499
1,43.0,1,0,0,0,0,0,0,0,0,2932500,2932500,1,-0.5000000000000004,0.8660254037844384,1,0,0,0,0.3908602942819251
0,39.0,20,-1,-1,1,1,-1,-1,0,1,12150000,252555000,0,0.4999999999999999,-0.8660254037844387,0,0,0,1,0.6809379287370445
0,33.0,58,0,0,0,0,0,0,1,1,3705000,227850000,0,0.8660254037844387,-0.4999999999999998,1,0,0,0,0.02845110511344235
0,45.0,14,1,-1,-1,1,-1,-1,0,1,12900000,174607500,0,0.4999999999999999,0.8660254037844387,0,0,0,1,0.6105982055564466
1,40.0,72,0,0,0,0,0,0,1,0,3810000,256635000,0,0.4999999999999999,-0.8660254037844387,1,0,0,0,0.01067112288914932
1,53.0,46,1,-1,-1,-1,1,-1,0,1,13372500,636832500,0,0.4999999999999999,-0.8660254037844387,0,0,0,1,0.5866201591627547
0,41.0,71,-1,1,1,1,1,1,1,0,8737500,621885000,0,0.8660254037844387,-0.4999999999999998,0,0,1,0,0.07180686529791094
1,42.0,32,-1,-1,-1,-1,-1,1,0,1,12847500,399645000,0,0.8660254037844387,-0.4999999999999998,0,0,0,1,0.7677277202923996
0,36.0,26,-1,-1,1,-1,1,1,0,1,7552500,191625000,0,-0.5000000000000004,0.8660254037844384,0,0,1,0,0.7224900553274031
1,39.0,68,-1,-1,1,-1,-1,-1,0,1,12052500,838395000,0,0.8660254037844387,-0.4999999999999998,0,0,0,1,0.44604773334283065
1,44.0,2,0,0,0,0,0,0,1,0,3030000,5212500,0,0.8660254037844386,0.5000000000000001,1,0,0,0,0.17972400152305237
1,19.0,61,0,0,0,0,0,0,1,0,3082500,195892500,0,-0.4999999999999997,-0.8660254037844388,1,0,0,0,0.017603284203864172
0,24.0,4,-1,-1,-1,-1,-1,1,0,1,12892500,57195000,1,0.4999999999999999,0.8660254037844387,0,0,0,1,0.8833166904483162
1,49.0,3,-1,-1,-1,-1,-1,-1,0,1,6802500,21225000,1,-1.0,-1.8369701987210294e-16,0,0,1,0,0.7218488557924181
1,42.0,33,-1,-1,-1,-1,1,1,0,1,14175000,465832500,1,-0.5000000000000004,0.8660254037844384,0,0,0,1,0.8240025367271703
1,38.0,9,0,0,0,0,0,0,0,1,3187500,30682500,0,1.0,6.123233995736766e-17,1,0,0,0,0.3994191922669228
0,40.0,22,0,0,0,0,0,0,1,0,3937500,90885000,0,-0.5000000000000004,0.8660254037844384,1,0,0,0,0.07869466522300947
0,44.0,5,-1,-1,-1,-1,1,-1,0,1,12127500,53415000,0,1.0,6.123233995736766e-17,0,0,0,1,0.8798897113661783
0,34.0,30,1,1,1,-1,-1,-1,0,0,13755000,413722500,1,-0.8660254037844386,0.5000000000000001,0,0,0,1,0.46364276047131164
1,31.0,65,-1,1,1,1,-1,1,1,1,11130000,720847500,0,1.2246467991473532e-16,-1.0,0,0,1,0,0.08194481107454721
0,42.0,45,-1,-1,1,1,-1,-1,0,1,13087500,591255000,1,-0.8660254037844386,0.5000000000000001,0,0,0,1,0.4957705488772416
1,28.0,5,0,0,0,0,0,0,0,0,3052500,13912500,0,-0.8660254037844385,-0.5000000000000004,1,0,0,0,0.34276157764791776
1,45.0,25,-1,1,-1,-1,-1,-1,0,1,11325000,285157500,0,0.4999999999999999,-0.8660254037844387,0,0,0,1,0.7236500621586203
0,20.0,72,1,-1,-1,-1,-1,-1,1,0,11857500,859605000,0,0.4999999999999999,0.8660254037844387,0,0,0,1,0.10017888040254946
0,52.0,27,-1,-1,1,-1,-1,1,0,0,13522500,363510000,0,0.4999999999999999,0.8660254037844387,0,0,0,1,0.7148752629899131
1,46.0,32,-1,-1,1,-1,1,1,0,0,7590000,248017500,0,0.4999999999999999,0.8660254037844387,0,1,0,0,0.5461806474399822
0,43.0,30,-1,1,1,1,1,1,1,0,16567500,499057500,0,-0.5000000000000004,0.8660254037844384,0,0,0,1,0.39563743336640933
1,52.0,70,1,1,1,1,-1,1,1,0,15150000,1062825000,0,1.2246467991473532e-16,-1.0,0,0,0,1,0.09943998778274692
1,60.0,42,-1,1,-1,-1,-1,-1,0,1,11902500,501615000,0,1.2246467991473532e-16,-1.0,0,0,0,1,0.5965808152238493
0,52.0,72,1,1,1,1,1,1,1,1,13477500,1004602500,0,-1.0,-1.8369701987210294e-16,0,1,0,0,0.055339004443489576
0,18.0,47,1,-1,1,1,-1,-1,1,1,9750000,431985000,0,-1.0,-1.8369701987210294e-16,0,0,1,0,0.06668381943064078
0,25.0,2,1,-1,1,-1,-1,-1,0,1,12067500,20565000,0,1.0,6.123233995736766e-17,0,0,0,1,0.7825443164498556
1,33.0,10,1,-1,-1,-1,1,1,0,0,14782500,151282500,1,1.0,6.123233995736766e-17,0,0,0,1,0.7870164275719098
0,40.0,61,0,0,0,0,0,0,1,1,3615000,232740000,0,0.4999999999999999,0.8660254037844387,1,0,0,0,0.02579128132231769
0,46.0,5,-1,-1,-1,-1,-1,-1,0,1,6607500,30322500,0,0.4999999999999999,-0.8660254037844387,0,0,1,0,0.7034608352052248
0,31.0,72,-1,1,1,1,1,1,1,1,16620000,1182337500,0,-0.8660254037844386,0.5000000000000001,0,0,0,1,0.2615774310524274
1,42.0,72,1,1,1,1,1,1,1,1,17242500,1229460000,0,0.8660254037844386,0.5000000000000001,0,0,0,1,0.19630903640738448
0,31.0,3,-1,-1,1,-1,-1,-1,0,0,11257500,30435000,0,-0.8660254037844386,0.5000000000000001,0,0,0,1,0.7926841273325462
1,33.0,48,0,0,0,0,0,0,1,0,2887500,128265000,0,-0.5000000000000004,0.8660254037844384,1,0,0,0,0.030368533572270987
0,23.0,63,-1,-1,1,1,1,-1,1,1,13507500,872550000,0,1.2246467991473532e-16,-1.0,0,0,0,1,0.2472105230102734
0,29.0,27,1,1,-1,-1,-1,-1,0,1,8505000,247942500,0,-0.4999999999999997,-0.8660254037844388,0,0,1,0,0.3650075547616706
1,24.0,70,1,1,1,-1,1,1,1,1,12022500,840022500,0,0.4999999999999999,-0.8660254037844387,0,1,0,0,0.08441004987777143
1,28.0,7,1,-1,1,1,-1,1,0,1,10702500,77362500,0,1.2246467991473532e-16,-1.0,0,1,0,0,0.47712483292672153
1,53.0,0,0,0,0,0,0,0,1,0,3037500,0,0,1.0,6.123233995736766e-17,1,0,0,0,0.18971087431096306
0,29.0,2,1,1,-1,-1,1,-1,0,0,13552500,28575000,0,-0.8660254037844385,-0.5000000000000004,0,0,0,1,0.7366552014322617
1,72.0,20,-1,-1,1,-1,1,1,0,1,14782500,276420000,1,-0.8660254037844385,-0.5000000000000004,0,0,0,1,0.8546941224955454
1,46.0,66,0,0,0,0,0,0,1,0,2955000,188070000,0,1.0,6.123233995736766e-17,1,0,0,0,0.014286787713846975
0,42.0,3,0,0,0,0,0,0,0,0,2977500,8580000,0,0.8660254037844387,-0.4999999999999998,1,0,0,0,0.359080900939713
0,30.0,15,-1,1,-1,-1,-1,1,0,1,12885000,190432500,1,-0.8660254037844386,0.5000000000000001,0,0,0,1,0.8296999589360758
0,48.0,72,1,1,-1,1,-1,-1,1,1,13552500,984510000,0,-0.5000000000000004,0.8660254037844384,0,0,0,1,0.09017129208038381
1,33.0,1,0,0,0,0,0,0,0,0,3120000,3120000,0,0.8660254037844386,0.5000000000000001,1,0,0,0,0.3905958666515245
0,41.0,22,-1,-1,-1,-1,1,1,0,0,13387500,286177500,1,-0.4999999999999997,-0.8660254037844388,0,0,0,1,0.8057391768419491
1,71.0,3,-1,-1,-1,-1,-1,-1,0,1,10545000,31327500,1,0.4999999999999999,-0.8660254037844387,0,0,0,1,0.8548304807279181
0,39.0,72,1,-1,1,1,-1,-1,1,0,10027500,713820000,0,0.0,1.0,0,0,1,0,0.021724498610252895
1,54.0,65,0,0,0,0,0,0,1,0,2985000,193890000,0,0.0,1.0,1,0,0,0,0.0150797440699912
0,32.0,11,-1,-1,-1,-1,1,-1,0,1,5370000,54472500,0,0.0,1.0,0,1,0,0,0.7341507881490525
1,40.0,22,-1,1,-1,-1,-1,-1,0,1,11827500,240037500,0,0.4999999999999999,0.8660254037844387,0,0,0,1,0.7373276794521209
1,61.0,14,0,0,0,0,0,0,1,0,3060000,41355000,0,-0.5000000000000004,0.8660254037844384,1,0,0,0,0.11385454422424306
1,32.0,41,-1,-1,-1,1,-1,-1,0,1,11137500,463365000,0,0.4999999999999999,0.8660254037844387,0,0,0,1,0.5615441288876143
1,62.0,17,1,1,-1,-1,-1,1,1,0,9720000,176340000,0,-0.5000000000000004,0.8660254037844384,0,0,1,0,0.22511214407764846
1,48.0,11,0,0,0,0,0,0,0,1,3067500,35595000,0,0.4999999999999999,0.8660254037844387,1,0,0,0,0.38324796247818554
1,33.0,15,-1,-1,-1,-1,1,1,0,1,14002500,216697500,1,0.8660254037844387,-0.4999999999999998,0,0,0,1,0.8852643689021916
0,48.0,1,0,0,0,0,0,0,0,0,2985000,2985000,1,0.8660254037844387,-0.4999999999999998,1,0,0,0,0.37739918916980936
0,52.0,5,1,-1,1,-1,-1,1,0,1,13335000,68122500,1,0.4999999999999999,0.8660254037844387,0,0,0,1,0.8208376429611836
1,47.0,33,-1,-1,1,-1,1,1,1,1,14370000,455512500,1,-1.0,-1.8369701987210294e-16,0,0,0,1,0.6141809919550378
0,21.0,72,1,1,1,-1,1,1,1,1,16597500,1209847500,0,0.0,1.0,0,0,0,1,0.2684201548066085
0,31.0,3,-1,1,-1,-1,-1,1,0,0,6045000,13875000,0,-0.4999999999999997,-0.8660254037844388,0,1,0,0,0.6818523751395049
1,37.0,2,-1,1,-1,-1,-1,-1,0,1,12300000,27697500,1,0.4999999999999999,0.8660254037844387,0,0,0,1,0.834319886546797
0,39.0,59,1,1,1,1,-1,1,1,1,16050000,922845000,0,-0.4999999999999997,-0.8660254037844388,0,0,0,1,0.16570192231629052
1,47.0,2,-1,-1,-1,-1,-1,-1,0,0,6802500,13425000,1,0.4999999999999999,0.8660254037844387,0,0,1,0,0.6549346157173105
1,42.0,71,-1,1,-1,1,1,1,1,1,11002500,773175000,0,1.0,6.123233995736766e-17,0,0,1,0,0.10248183503280936
0,24.0,5,-1,-1,-1,-1,-1,-1,0,0,6720000,33067500,0,-1.0,-1.8369701987210294e-16,0,1,0,0,0.5674258202315794
1,45.0,27,1,1,-1,-1,-1,-1,0,1,8212500,226545000,0,-1.0,-1.8369701987210294e-16,0,0,1,0,0.3727899884851744
0,47.0,1,-1,-1,-1,1,-1,-1,0,1,7830000,7830000,1,1.0,6.123233995736766e-17,0,0,1,0,0.6309635841673705
1,47.0,63,1,1,-1,1,-1,-1,1,1,6090000,388342500,0,0.4999999999999999,-0.8660254037844387,0,0,1,0,0.04107195027496012
0,53.0,46,1,1,1,-1,1,1,1,1,16500000,731220000,1,-0.5000000000000004,0.8660254037844384,0,0,0,1,0.3796141673240774
1,50.0,72,1,-1,-1,-1,-1,-1,1,0,8295000,597540000,0,0.8660254037844387,-0.4999999999999998,0,1,0,0,0.02557325551930329
0,46.0,34,1,-1,-1,1,-1,-1,0,1,9127500,300540000,0,1.2246467991473532e-16,-1.0,0,0,1,0,0.23555482190997404
0,39.0,24,1,1,-1,-1,1,1,1,0,11760000,274860000,0,1.0,6.123233995736766e-17,0,0,1,0,0.22730967212600775
1,20.0,72,1,1,1,1,-1,-1,1,0,10447500,736237500,0,0.0,1.0,0,0,1,0,0.020720938754528052
0,45.0,60,1,-1,1,1,1,1,1,0,8977500,538530000,0,-0.5000000000000004,0.8660254037844384,0,0,1,0,0.07498641429644216
1,42.0,68,1,1,1,-1,-1,1,1,1,11535000,753450000,0,1.0,6.123233995736766e-17,0,0,1,0,0.07155077314507549
0,43.0,8,0,0,0,0,0,0,1,1,2977500,21990000,0,-0.5000000000000004,0.8660254037844384,1,0,0,0,0.19511198734535637
0,25.0,34,1,-1,1,1,1,-1,1,0,10147500,350895000,0,0.4999999999999999,-0.8660254037844387,0,0,1,0,0.10330559498943169
0,27.0,6,-1,-1,-1,-1,1,1,0,0,6750000,44805000,0,0.0,1.0,0,1,0,0,0.7612827649479811
1,53.0,2,-1,1,-1,1,-1,1,0,1,9630000,21547500,0,0.0,1.0,0,0,1,0,0.6748956045638594
1,40.0,31,-1,-1,-1,1,-1,-1,1,0,12255000,382297500,0,0.8660254037844387,-0.4999999999999998,0,0,0,1,0.2736636408757194
0,48.0,20,0,0,0,0,0,0,0,1,3832500,76110000,0,0.8660254037844387,-0.4999999999999998,1,0,0,0,0.2733189994641108
0,40.0,1,0,0,0,0,0,0,0,0,3000000,3000000,0,-0.8660254037844386,0.5000000000000001,1,0,0,0,0.3789157202962914
1,40.0,62,-1,-1,1,-1,1,1,1,1,14512500,918810000,1,-0.8660254037844386,0.5000000000000001,0,0,0,1,0.4427423097576085
0,51.0,70,-1,-1,-1,-1,-1,-1,1,1,11347500,811710000,0,-0.5000000000000004,0.8660254037844384,0,0,0,1,0.20621248019980776
0,34.0,10,-1,-1,-1,1,1,1,0,1,14775000,158737500,1,1.0,6.123233995736766e-17,0,0,0,1,0.8473960199346051
1,41.0,39,0,0,0,0,0,0,1,1,3570000,135570000,0,-0.8660254037844386,0.5000000000000001,1,0,0,0,0.06075945748736493
0,34.0,46,-1,1,-1,1,1,-1,1,1,9630000,451425000,0,0.8660254037844387,-0.4999999999999998,0,1,0,0,0.11666135221162244
1,35.0,6,-1,1,-1,-1,1,-1,0,1,12802500,73417500,1,-0.4999999999999997,-0.8660254037844388,0,0,0,1,0.8601315575168654
0,36.0,72,-1,-1,1,-1,1,1,1,1,11520000,820267500,0,-0.8660254037844385,-0.5000000000000004,0,0,1,0,0.14327779340589086
1,43.0,18,-1,-1,1,1,-1,-1,0,0,8280000,158715000,0,-0.8660254037844386,0.5000000000000001,0,0,1,0,0.3918095497868894
1,34.0,71,1,-1,1,1,1,1,1,1,16282500,1142400000,0,1.0,6.123233995736766e-17,0,0,0,1,0.21392505626891964
1,55.0,40,-1,1,-1,-1,1,1,0,1,15195000,616965000,1,-0.8660254037844386,0.5000000000000001,0,0,0,1,0.7706091786985597
1,29.0,1,-1,-1,-1,-1,-1,-1,0,1,10432500,10432500,1,0.8660254037844386,0.5000000000000001,0,0,0,1,0.8725809800527065
1,38.0,58,-1,1,1,-1,1,1,1,1,15487500,902647500,1,1.2246467991473532e-16,-1.0,0,0,0,1,0.4310895586774434
1,35.0,70,1,-1,-1,1,1,1,1,1,15600000,1087522500,1,0.4999999999999999,0.8660254037844387,0,0,0,1,0.22031508146864814
0,57.0,42,0,0,0,0,0,0,1,0,3787500,166230000,0,-0.8660254037844385,-0.5000000000000004,1,0,0,0,0.03490617022306093
1,42.0,34,1,-1,-1,-1,-1,-1,1,0,4560000,140797500,0,-0.4999999999999997,-0.8660254037844388,0,1,0,0,0.10534508324569307
1,52.0,5,0,0,0,0,0,0,0,0,3007500,14122500,0,0.4999999999999999,0.8660254037844387,1,0,0,0,0.35068400002381966
0,22.0,25,-1,-1,-1,-1,1,-1,0,1,12690000,313207500,0,0.0,1.0,0,0,0,1,0.8016265030970054
0,43.0,2,-1,-1,1,-1,-1,1,0,1,12930000,26805000,1,-0.8660254037844385,-0.5000000000000004,0,0,0,1,0.8829146648942569
0,51.0,55,-1,1,1,1,1,1,1,1,15555000,848512500,0,-1.0,-1.8369701987210294e-16,0,0,0,1,0.34682137450920814
1,41.0,21,-1,1,1,1,1,1,0,1,16680000,347565000,1,1.0,6.123233995736766e-17,0,0,0,1,0.7729802484632294
1,53.0,70,1,1,-1,1,-1,-1,1,1,13200000,897967500,0,-1.0,-1.8369701987210294e-16,0,0,0,1,0.09098737663046633
0,34.0,61,-1,-1,1,1,1,1,0,1,15952500,1012702500,0,-1.0,-1.8369701987210294e-16,0,0,0,1,0.5997138942128372
1,57.0,43,1,-1,1,1,1,1,1,1,11872500,534990000,0,-0.4999999999999997,-0.8660254037844388,0,0,1,0,0.15912181368916378
1,68.0,47,-1,1,1,-1,1,1,1,1,15465000,733395000,0,1.2246467991473532e-16,-1.0,0,0,0,1,0.4931777237580441
1,36.0,5,-1,-1,1,1,1,-1,0,1,9592500,47715000,0,0.8660254037844387,-0.4999999999999998,0,0,1,0,0.6669798324442959
0,35.0,62,0,0,0,0,0,0,1,1,3870000,234592500,0,-1.0,-1.8369701987210294e-16,1,0,0,0,0.02322692239056101
0,57.0,16,-1,1,1,-1,1,-1,0,1,13417500,214537500,1,1.2246467991473532e-16,-1.0,0,0,0,1,0.8105403604916772
1,59.0,7,-1,-1,-1,-1,1,1,0,1,14340000,96652500,1,1.2246467991473532e-16,-1.0,0,0,0,1,0.897017530906338
0,34.0,14,0,0,0,0,0,0,0,0,3832500,55867500,0,-1.0,-1.8369701987210294e-16,1,0,0,0,0.24607333451601862
1,35.0,60,-1,1,1,-1,1,-1,1,0,13642500,818010000,1,0.8660254037844386,0.5000000000000001,0,0,0,1,0.251310549069676
1,37.0,34,-1,-1,1,1,1,-1,0,1,6727500,216390000,0,0.4999999999999999,0.8660254037844387,0,0,1,0,0.47882297930189943
0,24.0,50,1,1,-1,1,1,1,1,0,16282500,841605000,1,-0.8660254037844386,0.5000000000000001,0,0,0,1,0.21819039777145982
1,29.0,38,0,0,0,0,0,0,1,0,3757500,144592500,0,-0.4999999999999997,-0.8660254037844388,1,0,0,0,0.04279158147936227
0,28.0,70,1,1,1,1,-1,1,1,0,11115000,783345000,0,1.2246467991473532e-16,-1.0,0,1,0,0,0.026310909417916268
0,31.0,37,-1,1,-1,-1,1,-1,0,1,13320000,501082500,0,0.8660254037844387,-0.4999999999999998,0,0,0,1,0.7146113454664661
0,40.0,4,-1,-1,-1,-1,1,-1,0,1,11827500,43920000,1,-0.4999999999999997,-0.8660254037844388,0,0,0,1,0.8827507917723354
1,43.0,60,1,1,-1,-1,-1,1,0,1,13987500,866182500,0,-0.8660254037844385,-0.5000000000000004,0,0,0,1,0.4750365587307997
1,59.0,62,1,-1,1,1,-1,1,1,0,10710000,673095000,0,0.4999999999999999,0.8660254037844387,0,0,1,0,0.04758871049761661
1,28.0,1,-1,-1,-1,-1,-1,-1,0,0,6660000,6660000,1,-0.8660254037844386,0.5000000000000001,0,1,0,0,0.615146828728671
1,52.0,36,1,-1,1,1,1,1,0,1,11880000,428242500,0,1.2246467991473532e-16,-1.0,0,1,0,0,0.339508252916014
1,37.0,44,0,0,0,0,0,0,1,0,3060000,135832500,0,-1.0,-1.8369701987210294e-16,1,0,0,0,0.0349896497400864
0,39.0,55,-1,-1,1,-1,1,1,1,1,15000000,826395000,1,-0.4999999999999997,-0.8660254037844388,0,0,0,1,0.4637760143760129
0,48.0,72,1,-1,1,-1,1,1,1,1,15750000,1138470000,0,-0.5000000000000004,0.8660254037844384,0,0,0,1,0.27648961432177915
0,27.0,12,0,0,0,0,0,0,1,0,2970000,34440000,1,0.0,1.0,1,0,0,0,0.12440394160551448
0,45.0,13,1,-1,-1,-1,-1,-1,0,1,4627500,59115000,0,0.8660254037844387,-0.4999999999999998,0,1,0,0,0.5315572756812511
1,42.0,1,-1,-1,-1,-1,1,1,0,1,13485000,13485000,1,0.8660254037844386,0.5000000000000001,0,0,0,1,0.9227604301418001
0,46.0,15,0,0,0,0,0,0,1,0,3082500,44392500,0,-0.8660254037844385,-0.5000000000000004,1,0,0,0,0.10402258140829239
0,43.0,65,1,1,1,1,1,1,1,1,12727500,818880000,0,-0.8660254037844385,-0.5000000000000004,0,0,1,0,0.0772422818231494
0,69.0,12,1,-1,-1,1,-1,-1,1,0,4972500,66712500,0,-0.8660254037844385,-0.5000000000000004,0,0,1,0,0.18478060344085284
1,32.0,72,1,1,1,1,1,1,1,1,13800000,1017322500,0,0.8660254037844387,-0.4999999999999998,0,1,0,0,0.057835777122267236
0,34.0,72,1,1,1,1,1,1,1,0,13470000,976567500,0,0.4999999999999999,-0.8660254037844387,0,1,0,0,0.03727607995828402
0,33.0,72,1,1,1,1,1,1,1,1,17370000,1271475000,0,-1.0,-1.8369701987210294e-16,0,0,0,1,0.19371109054875746
1,33.0,52,1,1,-1,1,1,1,1,1,12772500,669277500,0,-0.8660254037844385,-0.5000000000000004,0,0,1,0,0.11231055469903023
1,32.0,2,0,0,0,0,0,0,0,0,3727500,9300000,0,-0.8660254037844386,0.5000000000000001,1,0,0,0,0.36142226383749904
0,54.0,5,1,-1,-1,1,1,-1,0,1,9652500,52897500,0,-0.8660254037844385,-0.5000000000000004,0,1,0,0,0.4937506883284225
0,57.0,68,0,0,0,0,0,0,1,0,3075000,213735000,0,-0.4999999999999997,-0.8660254037844388,1,0,0,0,0.012285491888163422
0,33.0,62,-1,-1,1,-1,1,1,1,1,15022500,962047500,1,-0.8660254037844386,0.5000000000000001,0,0,0,1,0.4378336390960195
1,30.0,72,1,1,-1,1,1,1,1,0,12907500,946447500,0,0.8660254037844386,0.5000000000000001,0,1,0,0,0.04000482347677307
1,46.0,1,-1,1,-1,-1,-1,-1,0,0,7620000,7620000,1,-1.0,-1.8369701987210294e-16,0,1,0,0,0.5632833403566859
0,33.0,66,1,1,-1,1,-1,-1,1,0,13350000,884790000,0,-0.8660254037844385,-0.5000000000000004,0,0,0,1,0.07133136612356246
1,48.0,72,1,1,1,1,1,1,1,1,9720000,707962500,0,0.8660254037844386,0.5000000000000001,0,0,1,0,0.07138503171960471
1,42.0,26,0,0,0,0,0,0,1,0,2970000,68595000,0,-0.4999999999999997,-0.8660254037844388,1,0,0,0,0.07007468941122152
1,22.0,64,1,-1,1,-1,-1,1,1,0,14010000,873345000,0,-0.8660254037844386,0.5000000000000001,0,0,0,1,0.1745975935964657
1,59.0,20,-1,1,-1,-1,-1,-1,0,1,11047500,219525000,1,0.4999999999999999,0.8660254037844387,0,0,0,1,0.7616618554216439
0,62.0,3,-1,1,-1,-1,1,1,0,1,14265000,46110000,1,-1.0,-1.8369701987210294e-16,0,0,0,1,0.8983399337054393
1,33.0,22,-1,-1,-1,-1,1,1,0,1,14197500,315682500,1,-0.8660254037844386,0.5000000000000001,0,0,0,1,0.8625556819335352
1,35.0,4,-1,-1,1,1,-1,-1,0,1,12090000,47872500,1,-0.8660254037844386,0.5000000000000001,0,0,0,1,0.7810783316636429
1,43.0,62,-1,-1,-1,1,1,-1,1,1,5850000,350617500,0,-0.5000000000000004,0.8660254037844384,0,0,1,0,0.10253260239065223
0,44.0,5,0,0,0,0,0,0,0,1,3075000,15645000,0,-0.5000000000000004,0.8660254037844384,1,0,0,0,0.433285390928284
1,48.0,59,-1,-1,-1,-1,-1,1,1,0,12832500,762697500,1,1.2246467991473532e-16,-1.0,0,0,0,1,0.26903597541276214
1,64.0,3,0,0,0,0,0,0,1,1,3960000,18187500,0,0.4999999999999999,0.8660254037844387,1,0,0,0,0.21966966624750914
0,38.0,72,1,-1,1,1,1,-1,1,1,14730000,1052385000,0,-0.5000000000000004,0.8660254037844384,0,0,0,1,0.14158350519163287
1,30.0,57,-1,1,1,-1,1,1,1,1,14632500,839700000,0,1.2246467991473532e-16,-1.0,0,0,0,1,0.4449772685917678
1,23.0,66,0,0,0,0,0,0,1,0,2992500,190365000,0,-0.8660254037844385,-0.5000000000000004,1,0,0,0,0.014043819630436162
0,31.0,60,-1,1,-1,-1,1,1,0,1,7620000,454110000,1,-0.4999999999999997,-0.8660254037844388,0,0,1,0,0.40112410425985895
1,40.0,45,-1,-1,1,-1,1,1,1,0,14955000,695152500,0,0.4999999999999999,0.8660254037844387,0,0,0,1,0.45912133592223175
0,62.0,3,-1,-1,-1,-1,1,-1,0,1,5220000,17092500,0,1.2246467991473532e-16,-1.0,0,0,1,0,0.8159115637609681
0,34.0,15,1,-1,1,1,1,1,0,0,15765000,237412500,1,0.4999999999999999,-0.8660254037844387,0,0,0,1,0.6613169034488576
0,43.0,51,1,-1,1,1,1,1,1,0,9022500,461550000,0,0.4999999999999999,-0.8660254037844387,0,1,0,0,0.07963203097622097
0,40.0,60,1,-1,1,1,-1,-1,1,0,9712500,605925000,0,0.8660254037844386,0.5000000000000001,0,1,0,0,0.027045999808532867
1,54.0,33,-1,1,-1,-1,-1,-1,0,1,8197500,249780000,0,0.0,1.0,0,1,0,0,0.3702237823046338
1,70.0,10,1,1,1,1,1,1,0,1,16515000,156495000,1,-1.0,-1.8369701987210294e-16,0,0,0,1,0.7343677369099244
1,34.0,26,0,0,0,0,0,0,1,0,2895000,75630000,0,1.0,6.123233995736766e-17,1,0,0,0,0.0744953912913054
0,34.0,6,-1,-1,1,-1,-1,1,0,0,12585000,74632500,1,0.8660254037844387,-0.4999999999999998,0,0,0,1,0.8289232034556114
0,53.0,67,1,-1,1,1,1,1,1,1,16687500,1126747500,0,-0.4999999999999997,-0.8660254037844388,0,0,0,1,0.2190808858295636
0,48.0,49,1,-1,-1,1,-1,-1,1,1,5370000,267300000,0,-0.5000000000000004,0.8660254037844384,0,1,0,0,0.06135051641520797
1,62.0,1,0,0,0,0,0,0,0,1,3007500,3007500,0,0.8660254037844387,-0.4999999999999998,1,0,0,0,0.4770404530410651
0,47.0,7,-1,-1,1,-1,1,-1,0,1,12652500,91447500,0,-0.4999999999999997,-0.8660254037844388,0,0,0,1,0.8664852392863491
0,36.0,27,1,1,1,-1,1,1,1,1,16575000,428640000,0,-1.0,-1.8369701987210294e-16,0,0,0,1,0.48710158301041384
1,47.0,37,-1,-1,-1,-1,1,1,1,0,13680000,487132500,0,0.8660254037844387,-0.4999999999999998,0,0,0,1,0.5000740079065972
0,53.0,63,1,1,1,-1,1,-1,0,1,15082500,932302500,1,-0.8660254037844386,0.5000000000000001,0,0,0,1,0.4274932337577954
1,50.0,31,1,-1,1,1,-1,-1,0,0,13395000,423450000,0,-0.8660254037844386,0.5000000000000001,0,0,0,1,0.3972111855648799
1,46.0,50,-1,1,1,-1,1,1,0,1,15577500,752685000,1,-0.5000000000000004,0.8660254037844384,0,0,0,1,0.7183460460335673
1,53.0,32,-1,-1,1,-1,-1,-1,0,1,12165000,392887500,0,0.8660254037844386,0.5000000000000001,0,0,0,1,0.6968270130806149
0,54.0,1,-1,-1,-1,-1,-1,-1,0,0,3690000,3690000,1,0.0,1.0,0,0,1,0,0.7232593814124515
0,57.0,63,-1,-1,-1,1,-1,-1,1,1,12180000,744765000,0,-0.4999999999999997,-0.8660254037844388,0,0,0,1,0.16371395974410477
1,48.0,30,1,1,-1,-1,-1,1,0,1,14145000,401955000,0,1.0,6.123233995736766e-17,0,0,0,1,0.6595255539862076
1,38.0,71,1,1,1,1,1,1,1,1,17415000,1246582500,0,-1.0,-1.8369701987210294e-16,0,0,0,1,0.19921242187405797
0,42.0,53,-1,1,1,-1,1,1,1,0,15832500,852337500,0,0.0,1.0,0,0,0,1,0.3703031545376476
0,54.0,12,1,-1,-1,1,1,1,0,1,14835000,168142500,1,-0.4999999999999997,-0.8660254037844388,0,0,0,1,0.7599174158160577
1,30.0,50,1,1,-1,-1,-1,1,0,1,14160000,737235000,0,-1.0,-1.8369701987210294e-16,0,0,0,1,0.5468410682939772
0,44.0,2,0,0,0,0,0,0,0,0,2925000,4132500,0,-0.8660254037844386,0.5000000000000001,1,0,0,0,0.36945362706784196
0,35.0,9,-1,-1,1,-1,1,1,0,0,14745000,138525000,1,1.0,6.123233995736766e-17,0,0,0,1,0.8507686717408374
1,40.0,17,1,-1,-1,-1,1,1,0,0,14077500,243847500,1,1.2246467991473532e-16,-1.0,0,0,0,1,0.7580444425357045
0,55.0,56,1,1,1,-1,1,1,1,1,15840000,910297500,0,-0.4999999999999997,-0.8660254037844388,0,0,0,1,0.3363601376327941
1,42.0,67,1,1,1,-1,1,1,1,0,12202500,809790000,0,0.0,1.0,0,0,1,0,0.07861725571488695
1,41.0,9,-1,-1,1,-1,1,1,0,1,15075000,137790000,1,1.2246467991473532e-16,-1.0,0,0,0,1,0.8894677687354849
1,24.0,4,-1,-1,-1,-1,1,-1,0,1,8460000,35227500,0,-0.8660254037844386,0.5000000000000001,0,0,1,0,0.7713568295414269
1,49.0,19,-1,1,-1,1,-1,1,1,1,9802500,184777500,0,-0.8660254037844385,-0.5000000000000004,0,1,0,0,0.2429957555602484
0,48.0,8,0,0,0,0,0,0,0,0,2992500,25635000,0,0.8660254037844387,-0.4999999999999998,1,0,0,0,0.31124559998475937
0,66.0,71,-1,1,1,1,1,1,1,1,16687500,1197622500,0,-1.0,-1.8369701987210294e-16,0,0,0,1,0.26454405077670934
1,36.0,10,-1,1,-1,-1,-1,-1,0,1,10927500,103297500,1,-0.4999999999999997,-0.8660254037844388,0,0,0,1,0.8087090167903203
0,43.0,15,-1,1,-1,-1,1,-1,0,0,13350000,193245000,0,0.4999999999999999,0.8660254037844387,0,0,0,1,0.7563062637567126
1,43.0,72,1,-1,1,-1,1,1,1,1,15915000,1177275000,0,1.0,6.123233995736766e-17,0,0,0,1,0.29122945856757926
1,59.0,12,0,0,0,0,0,0,1,0,3007500,40050000,0,-1.0,-1.8369701987210294e-16,1,0,0,0,0.12117011106417705
1,39.0,72,0,0,0,0,0,0,1,1,3780000,269835000,0,-0.5000000000000004,0.8660254037844384,1,0,0,0,0.01650488062357779
1,43.0,1,-1,-1,-1,-1,-1,-1,0,1,11032500,11032500,1,0.8660254037844387,-0.4999999999999998,0,0,0,1,0.8611289461742907
0,47.0,23,1,-1,-1,-1,-1,-1,0,1,11310000,246532500,0,1.2246467991473532e-16,-1.0,0,0,0,1,0.6516564560869258
1,42.0,72,1,1,1,1,1,1,1,1,9832500,721117500,0,0.4999999999999999,0.8660254037844387,0,1,0,0,0.05932791868193158
0,35.0,26,-1,-1,1,-1,-1,-1,0,1,12105000,328950000,0,0.8660254037844387,-0.4999999999999998,0,0,0,1,0.7285662523608291
0,42.0,21,-1,1,1,1,1,1,1,1,15682500,335910000,0,0.8660254037844386,0.5000000000000001,0,0,0,1,0.5651005400288837
1,53.0,60,0,0,0,0,0,0,1,0,3622500,225885000,0,0.4999999999999999,-0.8660254037844387,1,0,0,0,0.017846928995874745
1,28.0,12,0,0,0,0,0,0,0,0,3067500,38302500,0,1.0,6.123233995736766e-17,1,0,0,0,0.28783538395441893
1,42.0,16,-1,-1,-1,-1,-1,-1,0,1,11310000,178410000,0,0.4999999999999999,-0.8660254037844387,0,0,0,1,0.7891787407126237
0,32.0,63,1,1,-1,-1,1,1,1,1,11955000,717922500,0,0.8660254037844387,-0.4999999999999998,0,0,1,0,0.11383632927460509
0,54.0,22,1,1,-1,-1,-1,-1,0,0,12255000,273135000,0,0.4999999999999999,0.8660254037844387,0,0,0,1,0.5447968566186239
0,22.0,32,1,1,1,1,-1,1,0,0,11445000,360622500,0,1.2246467991473532e-16,-1.0,0,1,0,0,0.19193298705669032
0,33.0,3,-1,1,-1,-1,-1,-1,0,1,11910000,30757500,1,-0.5000000000000004,0.8660254037844384,0,0,0,1,0.8282836223102323
0,45.0,13,-1,1,1,-1,-1,-1,0,1,12172500,142845000,1,-0.8660254037844385,-0.5000000000000004,0,0,0,1,0.7698451875228478
0,59.0,68,-1,1,-1,1,1,1,1,1,15562500,1055917500,0,-0.4999999999999997,-0.8660254037844388,0,0,0,1,0.2714401434329757
0,39.0,30,-1,-1,1,-1,-1,1,1,0,12967500,380707500,0,-0.8660254037844385,-0.5000000000000004,0,0,0,1,0.4485148832886751
0,33.0,16,-1,1,-1,-1,-1,-1,0,0,11265000,181927500,0,0.4999999999999999,-0.8660254037844387,0,0,0,1,0.6963033122678269
1,63.0,33,-1,1,-1,1,-1,-1,1,0,12090000,397665000,0,-1.0,-1.8369701987210294e-16,0,0,0,1,0.24087214790896752
1,23.0,72,0,0,0,0,0,0,1,0,2895000,195720000,0,0.0,1.0,1,0,0,0,0.01138686122172117
0,18.0,4,-1,-1,-1,-1,-1,1,0,1,12690000,54015000,1,-0.5000000000000004,0.8660254037844384,0,0,0,1,0.8842317852988277
0,45.0,12,1,-1,-1,1,-1,-1,1,1,5040000,65317500,0,1.2246467991473532e-16,-1.0,0,1,0,0,0.21505638415244857
0,34.0,4,-1,-1,-1,-1,1,-1,0,1,12487500,46207500,0,0.0,1.0,0,0,0,1,0.8817684384211908
0,28.0,0,1,1,1,-1,1,1,1,0,12127500,0,0,0.4999999999999999,-0.8660254037844387,0,1,0,0,0.32176691255351514
0,49.0,6,1,-1,-1,-1,-1,-1,0,1,11857500,65175000,1,-1.0,-1.8369701987210294e-16,0,0,0,1,0.7527085499529487
0,43.0,65,-1,1,1,1,1,1,1,1,16207500,1067835000,0,1.0,6.123233995736766e-17,0,0,0,1,0.3043613067934169
0,33.0,15,0,0,0,0,0,0,0,0,2985000,48067500,0,-0.4999999999999997,-0.8660254037844388,1,0,0,0,0.2496408360458311
0,25.0,24,0,0,0,0,0,0,1,0,3157500,79732500,0,-0.8660254037844386,0.5000000000000001,1,0,0,0,0.07682577470468717
0,50.0,13,-1,1,-1,-1,-1,-1,0,0,4522500,57330000,0,1.2246467991473532e-16,-1.0,0,0,1,0,0.5651302147375523
1,48.0,24,-1,-1,-1,-1,-1,1,0,1,11977500,300150000,0,-1.0,-1.8369701987210294e-16,0,0,0,1,0.8178145616668432
0,39.0,72,1,1,1,1,1,1,1,0,9825000,737955000,0,0.4999999999999999,-0.8660254037844387,0,0,1,0,0.047949905247583156
0,62.0,54,1,1,-1,-1,1,1,0,1,15615000,846870000,0,0.8660254037844387,-0.4999999999999998,0,0,0,1,0.5942198576728308
0,27.0,3,-1,-1,-1,-1,-1,-1,0,0,11160000,32370000,1,-0.4999999999999997,-0.8660254037844388,0,0,0,1,0.7878005986490959
1,22.0,4,0,0,0,0,0,0,0,1,3075000,11640000,0,-0.5000000000000004,0.8660254037844384,1,0,0,0,0.45618616624437774
0,32.0,32,-1,-1,1,-1,1,-1,0,1,13702500,434482500,0,-0.5000000000000004,0.8660254037844384,0,0,0,1,0.7563262779363092
1,39.0,35,-1,-1,1,-1,1,1,0,1,14857500,509370000,1,0.8660254037844387,-0.4999999999999998,0,0,0,1,0.8092834179887121
1,43.0,35,0,0,0,0,0,0,1,0,3075000,113902500,0,-0.4999999999999997,-0.8660254037844388,1,0,0,0,0.04965904578881279
1,37.0,2,-1,-1,-1,-1,-1,-1,0,0,6742500,12772500,1,-1.0,-1.8369701987210294e-16,0,1,0,0,0.5988103572151707
0,44.0,8,-1,1,-1,-1,-1,-1,0,0,11340000,80332500,0,0.8660254037844386,0.5000000000000001,0,0,0,1,0.7463908460238352
1,25.0,22,1,-1,-1,1,-1,-1,0,0,8265000,187972500,0,0.4999999999999999,0.8660254037844387,0,0,1,0,0.2739468268118189
0,57.0,15,1,-1,1,1,-1,-1,0,0,8842500,143272500,0,0.8660254037844387,-0.4999999999999998,0,1,0,0,0.257673203156657
1,39.0,22,-1,-1,-1,-1,1,1,0,1,14265000,324390000,0,-0.8660254037844386,0.5000000000000001,0,0,0,1,0.8625087033960048
1,53.0,1,-1,-1,-1,-1,-1,-1,0,0,6705000,6705000,1,-0.8660254037844386,0.5000000000000001,0,0,1,0,0.6582592522283943
0,44.0,71,0,0,0,0,0,0,1,0,3817500,272002500,0,0.0,1.0,1,0,0,0,0.01142874993933217
1,45.0,4,1,-1,1,-1,-1,-1,0,0,8512500,36772500,0,0.8660254037844386,0.5000000000000001,0,0,1,0,0.499593441605375
1,47.0,25,1,1,1,1,-1,1,0,0,12262500,304320000,0,0.8660254037844387,-0.4999999999999998,0,1,0,0,0.2237251487290248
0,45.0,32,-1,1,-1,-1,1,-1,0,1,12915000,408562500,0,0.0,1.0,0,0,0,1,0.7457223799995988
1,48.0,7,1,-1,-1,-1,-1,-1,0,0,4470000,33067500,0,0.8660254037844387,-0.4999999999999998,0,0,1,0,0.5589483763884409
1,56.0,17,0,0,0,0,0,0,1,1,3075000,54870000,0,0.8660254037844386,0.5000000000000001,1,0,0,0,0.14572014738891806
1,42.0,8,1,-1,-1,-1,1,-1,0,0,9135000,82792500,0,1.2246467991473532e-16,-1.0,0,0,1,0,0.543953199733688
0,49.0,56,1,-1,1,1,-1,1,1,0,10987500,608130000,0,-1.0,-1.8369701987210294e-16,0,0,1,0,0.05203163609293857
1,39.0,1,-1,-1,-1,-1,-1,-1,0,1,6855000,6855000,1,-0.4999999999999997,-0.8660254037844388,0,0,1,0,0.7341039025068514
1,57.0,8,1,-1,-1,1,1,1,0,0,15045000,124852500,1,1.0,6.123233995736766e-17,0,0,0,1,0.7180344659350844
1,32.0,7,0,0,0,0,0,0,0,0,2887500,16845000,1,0.4999999999999999,-0.8660254037844387,1,0,0,0,0.32822641936720215
1,62.0,3,0,0,0,0,0,0,0,0,3127500,9097500,0,0.8660254037844387,-0.4999999999999998,1,0,0,0,0.35892462446356843
0,40.0,71,1,1,1,1,1,-1,1,0,11602500,832515000,0,0.8660254037844387,-0.4999999999999998,0,1,0,0,0.025142264694642306
0,23.0,2,-1,-1,-1,-1,1,1,0,1,14400000,26220000,1,1.0,6.123233995736766e-17,0,0,0,1,0.9112846100426691
0,42.0,1,-1,-1,-1,-1,1,1,0,0,13582500,13582500,1,0.4999999999999999,0.8660254037844387,0,0,0,1,0.8860134071543725
1,32.0,49,1,1,-1,-1,1,-1,0,1,14077500,709965000,0,-0.8660254037844386,0.5000000000000001,0,0,0,1,0.5466388652573918
1,50.0,58,-1,1,1,1,1,-1,1,0,10515000,607342500,0,0.4999999999999999,0.8660254037844387,0,0,1,0,0.07102796631507484
1,32.0,44,-1,1,-1,-1,-1,-1,0,1,4552500,203955000,1,1.0,6.123233995736766e-17,0,0,1,0,0.378310926202564
0,35.0,59,-1,1,-1,1,1,1,1,1,11392500,681352500,0,1.0,6.123233995736766e-17,0,1,0,0,0.11687531544293113
1,18.0,71,1,-1,1,1,1,1,1,1,16207500,1129822500,1,-0.8660254037844386,0.5000000000000001,0,0,0,1,0.212538086059573
1,35.0,1,-1,-1,-1,-1,-1,-1,0,1,10485000,10485000,1,-0.8660254037844385,-0.5000000000000004,0,0,0,1,0.8659591156059507
0,18.0,11,-1,-1,-1,-1,-1,-1,0,0,11287500,133297500,0,0.8660254037844386,0.5000000000000001,0,0,0,1,0.755317136300059
1,21.0,62,-1,1,1,-1,1,1,1,1,15562500,957502500,1,0.8660254037844386,0.5000000000000001,0,0,0,1,0.41789876155148237
0,49.0,35,1,-1,-1,1,-1,-1,1,1,8242500,287400000,0,1.0,6.123233995736766e-17,0,0,1,0,0.10499003383800629
0,49.0,20,0,0,0,0,0,0,0,1,2925000,61950000,0,-0.8660254037844386,0.5000000000000001,1,0,0,0,0.28872499070315916
1,45.0,40,0,0,0,0,0,0,1,0,2940000,121342500,0,0.0,1.0,1,0,0,0,0.04274916709958874
0,28.0,39,1,-1,-1,-1,-1,-1,1,1,7177500,282960000,0,0.8660254037844387,-0.4999999999999998,0,0,1,0,0.13729436373594045
1,39.0,1,-1,-1,-1,-1,-1,1,0,1,12990000,12990000,1,0.4999999999999999,-0.8660254037844387,0,0,0,1,0.8878125264325311
0,40.0,72,0,0,0,0,0,0,1,0,3562500,251887500,0,0.8660254037844387,-0.4999999999999998,1,0,0,0,0.010681790312561197
0,26.0,33,-1,1,-1,-1,-1,-1,0,1,12090000,398475000,1,-1.0,-1.8369701987210294e-16,0,0,0,1,0.657887157767064
0,58.0,12,-1,-1,-1,-1,-1,-1,0,0,6570000,81142500,0,0.8660254037844387,-0.4999999999999998,0,0,1,0,0.556226185538575
1,51.0,1,0,0,0,0,0,0,0,0,2962500,2962500,0,-0.5000000000000004,0.8660254037844384,1,0,0,0,0.38841637009192304
1,37.0,27,0,0,0,0,0,0,0,0,2872500,80602500,0,0.4999999999999999,0.8660254037844387,1,0,0,0,0.18013025933856705
1,40.0,34,0,0,0,0,0,0,1,0,2940000,101820000,0,-0.8660254037844385,-0.5000000000000004,1,0,0,0,0.05209354602139173
0,43.0,56,1,-1,1,-1,-1,-1,1,0,12045000,677047500,0,-0.8660254037844385,-0.5000000000000004,0,0,0,1,0.14414639416238798
0,18.0,58,0,0,0,0,0,0,1,0,3652500,213577500,0,0.0,1.0,1,0,0,0,0.019874889266525326
0,37.0,22,0,0,0,0,0,0,1,0,3787500,83310000,0,0.4999999999999999,-0.8660254037844387,1,0,0,0,0.07722969703341065
0,32.0,10,0,0,0,0,0,0,1,0,3915000,33832500,0,0.0,1.0,1,0,0,0,0.12304216060835635
1,28.0,13,0,0,0,0,0,0,1,0,3000000,40267500,0,1.0,6.123233995736766e-17,1,0,0,0,0.12216758627910018
0,37.0,35,-1,1,-1,1,-1,-1,0,0,12795000,437625000,1,0.0,1.0,0,0,0,1,0.44981009403618655
0,62.0,34,-1,-1,-1,-1,-1,-1,0,1,10500000,362415000,1,-0.5000000000000004,0.8660254037844384,0,0,0,1,0.6911337670706902
0,48.0,4,-1,-1,-1,-1,1,1,0,1,14145000,63667500,1,1.2246467991473532e-16,-1.0,0,0,0,1,0.9051510916131187
1,33.0,72,0,0,0,0,0,0,1,0,3105000,223815000,0,0.8660254037844387,-0.4999999999999998,1,0,0,0,0.011200552334764675
1,47.0,2,-1,-1,-1,1,1,1,0,0,10545000,19860000,0,0.0,1.0,0,0,1,0,0.680938548497777
0,57.0,7,-1,-1,1,-1,1,1,0,1,14302500,99135000,1,-0.8660254037844385,-0.5000000000000004,0,0,0,1,0.8965794482584029
1,51.0,27,-1,-1,-1,-1,-1,-1,0,1,11325000,284092500,1,0.4999999999999999,-0.8660254037844387,0,0,0,1,0.720607980724669
1,41.0,4,-1,-1,-1,-1,-1,-1,0,1,10432500,42735000,0,1.0,6.123233995736766e-17,0,0,0,1,0.8592226784628137
0,32.0,37,0,0,0,0,0,0,1,0,2977500,117637500,0,-0.8660254037844385,-0.5000000000000004,1,0,0,0,0.045329741620709255
1,48.0,21,0,0,0,0,0,0,0,0,3000000,62655000,0,1.2246467991473532e-16,-1.0,1,0,0,0,0.20792640338814677
0,45.0,53,-1,-1,-1,-1,1,1,1,1,14377500,752437500,0,0.8660254037844386,0.5000000000000001,0,0,0,1,0.48466120602853824
0,51.0,18,-1,-1,-1,1,-1,1,0,1,13515000,241912500,1,0.8660254037844386,0.5000000000000001,0,0,0,1,0.76119377868272
0,48.0,2,-1,-1,-1,-1,-1,-1,0,0,10342500,17962500,1,-0.8660254037844385,-0.5000000000000004,0,0,0,1,0.8037105958461433
1,53.0,32,1,-1,-1,-1,1,1,0,1,14932500,480697500,1,1.2246467991473532e-16,-1.0,0,0,0,1,0.7436891175309263
1,34.0,23,0,0,0,0,0,0,1,1,3112500,72780000,0,-0.4999999999999997,-0.8660254037844388,1,0,0,0,0.11330638456236666
1,56.0,3,1,-1,-1,-1,-1,-1,0,1,7522500,24127500,0,-0.5000000000000004,0.8660254037844384,0,0,1,0,0.6191043234870707
0,42.0,71,1,1,-1,1,1,1,1,0,8797500,621787500,0,0.4999999999999999,0.8660254037844387,0,0,1,0,0.04862813990843749
1,65.0,9,-1,-1,-1,1,1,1,0,1,14385000,124117500,0,-0.5000000000000004,0.8660254037844384,0,0,0,1,0.8531073375886703
0,32.0,1,-1,1,-1,-1,-1,-1,0,0,7425000,7425000,0,0.4999999999999999,0.8660254037844387,0,0,1,0,0.6247328144687304
1,61.0,18,-1,-1,1,-1,-1,1,0,0,8617500,148627500,1,0.8660254037844386,0.5000000000000001,0,1,0,0,0.5353494443870332
1,42.0,12,-1,-1,-1,-1,-1,1,1,0,8047500,104452500,1,0.8660254037844387,-0.4999999999999998,0,0,1,0,0.3958764806174782
1,32.0,71,1,1,1,1,-1,1,1,1,12015000,837810000,0,0.8660254037844386,0.5000000000000001,0,0,1,0,0.04762957722444354
0,34.0,64,0,0,0,0,0,0,1,1,3660000,240180000,0,1.0,6.123233995736766e-17,1,0,0,0,0.02244759780464296
1,36.0,4,-1,-1,-1,1,-1,1,0,1,6007500,24367500,0,0.8660254037844386,0.5000000000000001,0,0,1,0,0.7546987277930329
0,45.0,23,0,0,0,0,0,0,0,1,2925000,70530000,0,-1.0,-1.8369701987210294e-16,1,0,0,0,0.2613450812009643
0,46.0,39,1,-1,-1,-1,-1,-1,0,0,7657500,309900000,0,-0.5000000000000004,0.8660254037844384,0,0,1,0,0.2289470154614556
1,33.0,28,1,-1,-1,1,-1,-1,1,0,8152500,213967500,0,1.2246467991473532e-16,-1.0,0,0,1,0,0.09167733157474994
0,40.0,5,-1,1,-1,-1,1,-1,0,1,12705000,58875000,0,0.8660254037844387,-0.4999999999999998,0,0,0,1,0.8633312181598439
0,66.0,45,-1,-1,1,-1,-1,1,0,1,12915000,579217500,0,-0.8660254037844385,-0.5000000000000004,0,0,0,1,0.68490810281479
1,61.0,37,-1,-1,-1,-1,-1,-1,0,1,10552500,382935000,0,1.2246467991473532e-16,-1.0,0,0,0,1,0.6646834907981728
0,45.0,60,1,1,1,1,1,1,1,1,16500000,1000252500,0,-1.0,-1.8369701987210294e-16,0,0,0,1,0.237646128770374
1,40.0,8,-1,-1,1,-1,1,1,0,1,15090000,122910000,1,0.4999999999999999,-0.8660254037844387,0,0,0,1,0.892855223248552
0,41.0,47,1,-1,1,-1,1,-1,1,0,14235000,692287500,0,-0.8660254037844386,0.5000000000000001,0,0,0,1,0.24594004680994486
1,47.0,26,-1,-1,-1,-1,1,-1,0,1,12562500,310590000,1,0.8660254037844386,0.5000000000000001,0,0,0,1,0.7973089424244872
0,28.0,3,1,-1,-1,1,1,-1,0,1,13245000,41062500,1,-0.5000000000000004,0.8660254037844384,0,0,0,1,0.762697672387129
0,37.0,50,-1,-1,-1,-1,-1,-1,0,1,10462500,533655000,0,-0.5000000000000004,0.8660254037844384,0,0,0,1,0.5813326631156144
1,20.0,27,-1,-1,-1,1,1,1,0,0,10740000,293565000,0,0.0,1.0,0,0,1,0,0.49586055515051225
0,45.0,8,-1,-1,1,-1,1,1,0,1,13815000,109492500,1,-0.4999999999999997,-0.8660254037844388,0,0,0,1,0.89900218770181
0,48.0,62,0,0,0,0,0,0,1,0,3547500,212512500,0,0.4999999999999999,-0.8660254037844387,1,0,0,0,0.015686995174751018
0,34.0,71,1,-1,1,1,1,1,1,0,12277500,888660000,0,0.0,1.0,0,0,1,0,0.05391878083431724
1,59.0,66,0,0,0,0,0,0,1,0,3765000,254655000,0,-0.5000000000000004,0.8660254037844384,1,0,0,0,0.014230840390271539
1,25.0,68,1,1,1,1,1,1,1,1,17205000,1177477500,0,-0.8660254037844385,-0.5000000000000004,0,0,0,1,0.21003790990357254
0,22.0,13,-1,-1,1,-1,1,1,0,0,7372500,97410000,0,0.8660254037844387,-0.4999999999999998,0,0,1,0,0.7415472499040304
1,43.0,56,-1,-1,-1,-1,-1,1,1,1,12135000,683625000,0,0.4999999999999999,0.8660254037844387,0,0,0,1,0.38956573839460723
1,53.0,38,1,1,-1,-1,-1,-1,0,1,11917500,451957500,1,0.4999999999999999,0.8660254037844387,0,0,0,1,0.5366511022760128
1,60.0,14,-1,-1,-1,-1,1,1,0,0,13567500,189915000,1,0.0,1.0,0,0,0,1,0.8465281695262434
0,34.0,16,0,0,0,0,0,0,1,1,2895000,54052500,0,-0.4999999999999997,-0.8660254037844388,1,0,0,0,0.14574473679430222
0,53.0,14,-1,-1,-1,-1,-1,-1,0,0,10530000,156975000,0,-0.8660254037844386,0.5000000000000001,0,0,0,1,0.7401238992665023
1,40.0,32,-1,-1,-1,-1,-1,-1,0,1,10462500,352185000,1,-0.4999999999999997,-0.8660254037844388,0,0,0,1,0.7105370417058041
0,38.0,8,1,-1,-1,1,-1,-1,1,0,8137500,67162500,0,0.4999999999999999,-0.8660254037844387,0,0,1,0,0.1685724025908282
0,51.0,43,-1,-1,1,-1,1,1,0,1,14895000,631492500,0,-0.8660254037844385,-0.5000000000000004,0,0,0,1,0.7638767593397503
0,48.0,52,1,-1,1,1,1,-1,1,0,11100000,581647500,0,-0.8660254037844386,0.5000000000000001,0,1,0,0,0.0476666269190379
1,21.0,3,-1,-1,-1,1,-1,-1,0,1,7537500,22845000,0,0.4999999999999999,-0.8660254037844387,0,0,1,0,0.6279374076312764
1,58.0,29,0,0,0,0,0,0,1,1,2970000,85830000,0,1.2246467991473532e-16,-1.0,1,0,0,0,0.08946429089562857
0,57.0,1,0,0,0,0,0,0,0,0,2947500,2947500,1,0.4999999999999999,0.8660254037844387,1,0,0,0,0.383043330638237
1,32.0,12,-1,-1,1,1,-1,1,0,1,6547500,79042500,1,1.0,6.123233995736766e-17,0,0,1,0,0.6863779244163062
0,45.0,16,-1,-1,-1,-1,-1,1,0,1,5325000,82905000,0,1.2246467991473532e-16,-1.0,0,0,1,0,0.7334269074417061
0,46.0,40,-1,-1,1,1,1,1,1,1,12112500,481297500,0,1.0,6.123233995736766e-17,0,0,1,0,0.23326260400689802
0,43.0,5,-1,-1,1,-1,-1,1,0,0,5925000,31612500,1,0.0,1.0,0,0,1,0,0.7434405102481191
1,33.0,40,-1,-1,-1,-1,1,1,0,1,14565000,556042500,1,0.8660254037844387,-0.4999999999999998,0,0,0,1,0.7853046443787849
0,32.0,36,0,0,0,0,0,0,1,0,2932500,93112500,0,-0.8660254037844385,-0.5000000000000004,1,0,0,0,0.046071848048965504
0,40.0,5,-1,-1,-1,-1,-1,1,0,1,12000000,61875000,1,-0.8660254037844386,0.5000000000000001,0,0,0,1,0.8846544202156379
0,54.0,10,1,-1,-1,-1,1,-1,0,1,12705000,124807500,1,0.4999999999999999,0.8660254037844387,0,0,0,1,0.7999379658124115
1,47.0,2,-1,-1,-1,-1,1,1,0,1,13432500,27832500,1,-0.8660254037844386,0.5000000000000001,0,0,0,1,0.9192243411825993
1,36.0,23,-1,-1,-1,1,1,-1,0,1,13590000,291480000,1,-0.8660254037844386,0.5000000000000001,0,0,0,1,0.7272766190301475
1,49.0,26,0,0,0,0,0,0,1,1,3007500,75885000,0,-0.8660254037844385,-0.5000000000000004,1,0,0,0,0.1006082235238092
0,18.0,72,1,1,1,-1,1,1,1,1,16860000,1207027500,0,0.8660254037844387,-0.4999999999999998,0,0,0,1,0.2580283152592127
0,54.0,34,-1,-1,-1,1,-1,-1,0,0,7530000,272295000,0,-0.8660254037844385,-0.5000000000000004,0,0,1,0,0.2634187871128327
1,19.0,10,1,-1,-1,1,1,-1,0,0,9337500,91942500,0,0.0,1.0,0,0,1,0,0.44144196105458455
0,36.0,14,1,-1,-1,1,-1,-1,1,0,8355000,119272500,0,-0.5000000000000004,0.8660254037844384,0,1,0,0,0.11838673339769525
0,27.0,23,1,-1,-1,-1,1,-1,0,1,13507500,325470000,1,0.4999999999999999,-0.8660254037844387,0,0,0,1,0.7230732281478287
1,24.0,47,0,0,0,0,0,0,1,0,2947500,145965000,0,0.4999999999999999,0.8660254037844387,1,0,0,0,0.033008281361839094
1,54.0,24,1,-1,-1,1,-1,1,0,1,13387500,331530000,0,-0.5000000000000004,0.8660254037844384,0,0,0,1,0.650708289261014
1,34.0,49,-1,1,-1,-1,1,1,0,1,14857500,728062500,1,1.0,6.123233995736766e-17,0,0,0,1,0.734298239927463
1,44.0,20,1,-1,-1,1,-1,-1,1,0,8100000,158385000,0,0.8660254037844387,-0.4999999999999998,0,1,0,0,0.10029339397162161
0,39.0,2,-1,-1,-1,-1,-1,-1,0,0,10462500,21682500,1,0.8660254037844387,-0.4999999999999998,0,0,0,1,0.8074391249931901
0,46.0,2,-1,1,-1,-1,-1,-1,0,1,7357500,13665000,1,-1.0,-1.8369701987210294e-16,0,0,1,0,0.6935538875846863
1,41.0,22,-1,-1,1,1,1,1,1,0,8512500,195727500,0,0.0,1.0,0,1,0,0,0.28306459829851255
1,25.0,7,-1,-1,1,-1,1,1,0,1,14707500,106950000,1,1.2246467991473532e-16,-1.0,0,0,0,1,0.8991931907895637
1,52.0,1,0,0,0,0,0,0,0,0,3165000,3165000,0,0.0,1.0,1,0,0,0,0.38555376600665714
0,34.0,59,-1,1,-1,1,-1,1,0,1,14497500,837120000,0,-0.5000000000000004,0.8660254037844384,0,0,0,1,0.47597973590488635
0,21.0,58,0,0,0,0,0,0,1,1,3675000,224685000,0,-0.4999999999999997,-0.8660254037844388,1,0,0,0,0.02796548788761846
0,35.0,41,1,1,1,1,1,1,0,1,17175000,679117500,1,0.8660254037844386,0.5000000000000001,0,0,0,1,0.5678155903547293
0,58.0,59,-1,1,-1,-1,-1,-1,1,1,11880000,688552500,0,1.2246467991473532e-16,-1.0,0,0,0,1,0.2324384582052555
0,50.0,3,-1,-1,-1,-1,-1,-1,0,1,10432500,30030000,0,-0.8660254037844385,-0.5000000000000004,0,0,0,1,0.8532095878418066
1,36.0,32,0,0,0,0,0,0,1,1,3007500,92167500,0,0.4999999999999999,-0.8660254037844387,1,0,0,0,0.08130367728385114
1,36.0,46,-1,-1,1,-1,1,1,0,1,14827500,684735000,0,0.8660254037844387,-0.4999999999999998,0,0,0,1,0.7658768836027445
1,36.0,0,0,0,0,0,0,0,1,0,3862500,0,0,0.8660254037844387,-0.4999999999999998,1,0,0,0,0.17685139363197233
1,65.0,2,-1,-1,-1,-1,-1,1,0,1,12142500,25672500,1,0.4999999999999999,0.8660254037844387,0,0,0,1,0.8954921890589517
0,45.0,52,0,0,0,0,0,0,1,0,2940000,151860000,0,1.0,6.123233995736766e-17,1,0,0,0,0.02495445656328622
0,45.0,13,-1,-1,1,-1,-1,-1,0,1,11145000,141052500,1,0.8660254037844386,0.5000000000000001,0,0,0,1,0.8092903701091468
0,52.0,11,-1,-1,-1,-1,1,1,0,0,13455000,157155000,1,-0.4999999999999997,-0.8660254037844388,0,0,0,1,0.8501829642061165
1,43.0,32,1,-1,-1,1,-1,-1,0,0,13147500,414960000,0,0.4999999999999999,0.8660254037844387,0,0,0,1,0.39327575313727825
1,37.0,17,-1,-1,1,-1,1,1,0,1,15067500,243367500,1,-0.8660254037844385,-0.5000000000000004,0,0,0,1,0.8660080756062374
0,38.0,16,-1,-1,-1,-1,-1,-1,0,1,11212500,169402500,0,-1.0,-1.8369701987210294e-16,0,0,0,1,0.7841085893186753
0,39.0,51,1,1,1,-1,1,1,1,0,16117500,852135000,0,-0.8660254037844386,0.5000000000000001,0,0,0,1,0.28763770148143325
1,40.0,29,-1,-1,1,1,1,1,1,1,11302500,336585000,0,0.0,1.0,0,1,0,0,0.27670567287804815
1,49.0,70,1,1,1,1,-1,-1,1,0,9742500,678487500,0,0.8660254037844387,-0.4999999999999998,0,0,1,0,0.02147434019064075
0,41.0,71,1,-1,1,1,-1,1,1,0,15067500,1073955000,0,-0.4999999999999997,-0.8660254037844388,0,0,0,1,0.10273114074100656
1,49.0,41,-1,1,1,-1,1,-1,1,0,10275000,425992500,0,0.8660254037844386,0.5000000000000001,0,0,1,0,0.16330616519452737
1,39.0,1,-1,-1,-1,-1,1,-1,0,1,12082500,12082500,0,0.4999999999999999,-0.8660254037844387,0,0,0,1,0.8940901479971984
0,41.0,7,1,-1,1,1,1,1,0,0,12187500,87015000,0,1.0,6.123233995736766e-17,0,0,1,0,0.5022777638293292
1,18.0,25,-1,-1,-1,-1,1,1,1,1,13560000,326790000,1,1.2246467991473532e-16,-1.0,0,0,0,1,0.676918720158714
1,51.0,67,1,1,-1,1,-1,-1,1,0,13432500,905782500,0,0.8660254037844387,-0.4999999999999998,0,0,0,1,0.07224066358092002
1,44.0,5,-1,-1,-1,1,-1,-1,0,1,8355000,38910000,0,0.8660254037844387,-0.4999999999999998,0,0,1,0,0.5889904039070706
1,52.0,15,0,0,0,0,0,0,0,1,3720000,48622500,0,0.0,1.0,1,0,0,0,0.3275906839224953
0,18.0,20,0,0,0,0,0,0,0,0,3000000,62647500,0,-1.0,-1.8369701987210294e-16,1,0,0,0,0.2165373146675785
1,65.0,3,-1,1,1,-1,-1,-1,0,1,8422500,25222500,1,0.0,1.0,0,0,1,0,0.6780452351766572
1,38.0,54,-1,1,-1,1,1,1,1,1,15780000,845677500,0,-1.0,-1.8369701987210294e-16,0,0,0,1,0.35699014957155173
1,53.0,42,0,0,0,0,0,0,1,1,2932500,125910000,0,-1.0,-1.8369701987210294e-16,1,0,0,0,0.05479623893519005
0,28.0,9,-1,-1,-1,-1,-1,1,0,1,11962500,115365000,0,-0.8660254037844386,0.5000000000000001,0,0,0,1,0.8744534081404141
0,47.0,63,-1,1,-1,-1,1,1,1,0,14617500,937950000,0,0.4999999999999999,0.8660254037844387,0,0,0,1,0.31738845015181255
0,27.0,69,0,0,0,0,0,0,1,0,3637500,246270000,0,-0.8660254037844386,0.5000000000000001,1,0,0,0,0.012216077640742774
0,33.0,69,0,0,0,0,0,0,1,0,3690000,251707500,0,1.0,6.123233995736766e-17,1,0,0,0,0.012333147635547933
1,63.0,40,-1,1,-1,-1,-1,-1,0,1,7522500,308775000,0,1.0,6.123233995736766e-17,0,1,0,0,0.3271673321476052
1,38.0,60,1,1,1,-1,-1,-1,1,0,5940000,363675000,0,1.0,6.123233995736766e-17,0,1,0,0,0.039090931015361464
0,43.0,4,1,-1,1,1,-1,1,0,1,14160000,58080000,1,-1.0,-1.8369701987210294e-16,0,0,0,1,0.7417473102434388
0,50.0,71,1,1,1,1,1,1,1,0,13477500,944017500,0,-0.4999999999999997,-0.8660254037844388,0,0,1,0,0.04456297807691819
0,46.0,37,-1,-1,1,-1,-1,-1,0,1,11842500,425947500,1,0.8660254037844387,-0.4999999999999998,0,0,0,1,0.6525680540754313
1,42.0,32,-1,1,-1,-1,1,1,0,1,14827500,471885000,0,0.4999999999999999,-0.8660254037844387,0,0,0,1,0.8048206573357248
1,44.0,39,-1,-1,-1,1,-1,-1,1,1,8077500,330105000,0,-0.4999999999999997,-0.8660254037844388,0,0,1,0,0.1372121081846203
0,69.0,38,0,0,0,0,0,0,1,1,3637500,137160000,0,0.4999999999999999,0.8660254037844387,1,0,0,0,0.06140652945581137
1,39.0,52,-1,-1,1,-1,-1,1,1,1,13417500,686662500,0,1.0,6.123233995736766e-17,0,0,0,1,0.4042368147857729
0,42.0,48,1,1,-1,-1,1,1,0,1,15787500,749625000,0,-0.8660254037844385,-0.5000000000000004,0,0,0,1,0.6226175683995967
1,53.0,70,1,-1,1,1,1,1,1,0,8925000,621720000,0,1.0,6.123233995736766e-17,0,0,1,0,0.05570781443816486
1,53.0,20,-1,-1,-1,-1,-1,-1,0,0,10582500,224032500,0,1.2246467991473532e-16,-1.0,0,0,0,1,0.7034843522415833
0,54.0,50,1,-1,1,1,1,1,1,1,12375000,626865000,0,-0.8660254037844385,-0.5000000000000004,0,0,1,0,0.12560977397925543
0,48.0,19,-1,-1,-1,-1,1,1,1,1,6727500,134032500,1,0.8660254037844387,-0.4999999999999998,0,1,0,0,0.5004710321645335
1,26.0,25,1,1,1,-1,-1,-1,1,1,9240000,241650000,0,-0.8660254037844385,-0.5000000000000004,0,1,0,0,0.15009701885027502
1,60.0,12,-1,1,-1,-1,-1,-1,0,1,7357500,88957500,0,0.4999999999999999,0.8660254037844387,0,1,0,0,0.5757506237834127
1,26.0,39,-1,1,1,-1,1,1,0,1,15847500,642720000,1,-0.8660254037844385,-0.5000000000000004,0,0,0,1,0.7763621979462334
1,44.0,7,-1,-1,1,-1,-1,-1,0,0,11197500,81682500,1,-0.8660254037844385,-0.5000000000000004,0,0,0,1,0.7738086766119643
0,31.0,23,1,1,1,1,-1,-1,1,1,9937500,230070000,0,0.8660254037844387,-0.4999999999999998,0,0,1,0,0.12898075322557678
1,39.0,27,0,0,0,0,0,0,0,1,2910000,79470000,0,0.4999999999999999,-0.8660254037844387,1,0,0,0,0.236239772529628
1,44.0,47,-1,-1,-1,-1,1,-1,0,1,12907500,579840000,0,-0.4999999999999997,-0.8660254037844388,0,0,0,1,0.6649475087771743
1,44.0,26,0,0,0,0,0,0,1,1,2872500,77362500,0,1.2246467991473532e-16,-1.0,1,0,0,0,0.10246564337466993
0,45.0,14,1,-1,-1,-1,1,-1,0,1,9705000,141150000,1,0.0,1.0,0,0,1,0,0.5801958225152997
0,59.0,11,-1,-1,1,1,1,1,0,1,15607500,170047500,1,0.4999999999999999,-0.8660254037844387,0,0,0,1,0.8268764212685926
1,45.0,2,0,0,0,0,0,0,0,0,2887500,7252500,0,1.0,6.123233995736766e-17,1,0,0,0,0.3818237079432494
0,37.0,26,1,1,-1,-1,-1,-1,0,0,12292500,310507500,0,1.0,6.123233995736766e-17,0,0,0,1,0.5108146944729666
0,52.0,72,1,1,1,1,1,1,1,1,17197500,1250092500,0,-0.4999999999999997,-0.8660254037844388,0,0,0,1,0.1871377380535309
0,54.0,63,0,0,0,0,0,0,1,0,3000000,181387500,0,-0.8660254037844386,0.5000000000000001,1,0,0,0,0.015344450713348393
1,25.0,71,0,0,0,0,0,0,1,0,2970000,209437500,0,1.0,6.123233995736766e-17,1,0,0,0,0.01190444522172152
1,47.0,11,1,-1,-1,-1,1,-1,0,1,9772500,108502500,0,-0.8660254037844385,-0.5000000000000004,0,0,1,0,0.5969454601328499
1,48.0,14,0,0,0,0,0,0,1,0,2947500,34297500,0,-0.4999999999999997,-0.8660254037844388,1,0,0,0,0.1110462082597993
0,36.0,13,1,1,1,1,1,1,1,0,13342500,174262500,0,-1.0,-1.8369701987210294e-16,0,0,1,0,0.19682217223842496
1,57.0,6,0,0,0,0,0,0,0,1,3030000,14752500,0,-0.8660254037844386,0.5000000000000001,1,0,0,0,0.4244997645699106
1,38.0,11,-1,-1,-1,-1,-1,-1,0,1,11280000,116295000,0,-1.0,-1.8369701987210294e-16,0,0,0,1,0.8134917762767935
1,42.0,18,-1,1,-1,-1,-1,-1,0,0,8520000,161197500,0,0.0,1.0,0,0,1,0,0.4600134973216779
1,38.0,1,-1,-1,-1,-1,-1,1,0,1,5332500,5332500,1,-0.8660254037844386,0.5000000000000001,0,1,0,0,0.8097195897227877
0,40.0,32,1,-1,-1,-1,-1,-1,0,1,11325000,348705000,0,0.8660254037844386,0.5000000000000001,0,0,0,1,0.5995998605864121
1,27.0,29,1,-1,-1,1,-1,-1,1,0,5340000,160890000,0,0.8660254037844387,-0.4999999999999998,0,0,1,0,0.11037357443142433
0,23.0,3,-1,-1,-1,-1,1,-1,0,1,9037500,25575000,0,0.4999999999999999,0.8660254037844387,0,0,1,0,0.7655978075769324
0,59.0,2,-1,-1,-1,-1,1,1,0,1,14272500,29535000,1,0.4999999999999999,0.8660254037844387,0,0,0,1,0.9112952717437668
1,30.0,13,-1,-1,1,-1,1,1,0,1,14497500,174427500,1,-0.8660254037844386,0.5000000000000001,0,0,0,1,0.885578775061284
0,28.0,41,-1,1,-1,-1,-1,1,0,1,6052500,251677500,0,0.4999999999999999,-0.8660254037844387,0,1,0,0,0.4349675979910084
0,18.0,1,0,0,0,0,0,0,0,0,2827500,2827500,0,-0.8660254037844386,0.5000000000000001,1,0,0,0,0.38781628030942783
1,32.0,7,-1,-1,-1,-1,1,-1,0,0,8227500,55560000,0,0.0,1.0,0,0,1,0,0.6803023196449517
0,24.0,52,1,-1,1,-1,1,-1,1,1,9645000,511590000,0,1.2246467991473532e-16,-1.0,0,0,1,0,0.12374000824858752
0,60.0,45,0,0,0,0,0,0,1,1,3697500,170820000,0,1.0,6.123233995736766e-17,1,0,0,0,0.04666481299673424
1,52.0,70,-1,1,1,1,1,-1,1,0,11415000,789637500,0,1.0,6.123233995736766e-17,0,0,1,0,0.04811225114324874
0,32.0,53,0,0,0,0,0,0,1,0,2805000,150855000,0,-0.4999999999999997,-0.8660254037844388,1,0,0,0,0.023468021743223693
0,67.0,62,-1,1,1,-1,1,-1,1,1,14692500,890482500,0,0.4999999999999999,-0.8660254037844387,0,0,0,1,0.2885903125625386
0,52.0,60,1,1,-1,-1,-1,1,0,1,14115000,821385000,0,-0.8660254037844385,-0.5000000000000004,0,0,0,1,0.4461984548653868
0,36.0,3,-1,-1,-1,-1,1,-1,0,1,12060000,33607500,1,-0.8660254037844385,-0.5000000000000004,0,0,0,1,0.884285845456166
0,18.0,23,1,-1,-1,-1,1,1,0,1,14265000,348907500,0,1.2246467991473532e-16,-1.0,0,0,0,1,0.7971647397208821
1,67.0,1,-1,1,-1,-1,-1,-1,0,1,4702500,4702500,1,0.8660254037844386,0.5000000000000001,0,1,0,0,0.724839779203485
0,23.0,67,1,-1,1,1,-1,1,1,1,10852500,748725000,0,1.0,6.123233995736766e-17,0,1,0,0,0.04857793041855995
0,20.0,12,-1,1,-1,-1,1,-1,0,1,13462500,157860000,1,0.8660254037844387,-0.4999999999999998,0,0,0,1,0.8312027105269719
0,52.0,71,1,1,1,1,-1,1,1,1,12405000,874680000,0,0.4999999999999999,-0.8660254037844387,0,1,0,0,0.03601335532226116
1,69.0,25,0,0,0,0,0,0,1,0,2985000,76620000,0,1.0,6.123233995736766e-17,1,0,0,0,0.07497508438368322
0,57.0,5,1,-1,-1,-1,-1,-1,0,1,8070000,42592500,0,-0.5000000000000004,0.8660254037844384,0,0,1,0,0.5811777419367066
1,47.0,26,-1,-1,-1,-1,-1,-1,1,1,7732500,194310000,0,0.4999999999999999,-0.8660254037844387,0,0,1,0,0.26921186248787177
1,47.0,1,0,0,0,0,0,0,1,0,2947500,2947500,0,0.8660254037844387,-0.4999999999999998,1,0,0,0,0.18345131615602905
1,50.0,70,-1,1,1,-1,1,-1,1,1,6607500,451747500,0,-0.5000000000000004,0.8660254037844384,0,0,1,0,0.10217572482138902
1,49.0,72,1,1,1,1,1,1,1,1,17100000,1213972500,0,-0.8660254037844385,-0.5000000000000004,0,0,0,1,0.18699203123486077
1,43.0,60,-1,1,-1,-1,1,1,1,1,14160000,841537500,1,-1.0,-1.8369701987210294e-16,0,0,0,1,0.41912976167870725
0,41.0,32,-1,1,-1,-1,1,1,0,1,15060000,482647500,0,-1.0,-1.8369701987210294e-16,0,0,0,1,0.7984103938152933
1,39.0,1,0,0,0,0,0,0,0,1,2977500,2977500,1,1.2246467991473532e-16,-1.0,1,0,0,0,0.47702863688429603
0,31.0,14,-1,1,-1,-1,-1,-1,1,1,8137500,115980000,0,-1.0,-1.8369701987210294e-16,0,1,0,0,0.28711445900302973
0,37.0,13,1,-1,-1,-1,-1,-1,0,1,12000000,154402500,0,-0.8660254037844385,-0.5000000000000004,0,0,0,1,0.7105588890581607
0,20.0,6,-1,1,1,1,1,1,0,1,16485000,100417500,1,0.8660254037844387,-0.4999999999999998,0,0,0,1,0.8277879627967628
0,39.0,46,1,-1,1,-1,1,1,1,0,11880000,539070000,0,-0.8660254037844385,-0.5000000000000004,0,0,1,0,0.13902411569454792
1,28.0,15,-1,-1,1,1,1,1,0,1,15202500,233092500,1,0.8660254037844386,0.5000000000000001,0,0,0,1,0.8329480517431108
1,27.0,43,-1,1,-1,1,1,-1,0,1,14145000,592972500,0,1.2246467991473532e-16,-1.0,0,0,0,1,0.5777210252351545
1,42.0,39,-1,-1,-1,1,-1,-1,1,1,7470000,295672500,0,1.0,6.123233995736766e-17,0,0,1,0,0.14438009687838105
1,57.0,21,-1,-1,1,-1,1,-1,0,1,9007500,185422500,1,1.0,6.123233995736766e-17,0,0,1,0,0.641187725228109
1,51.0,57,1,-1,1,-1,1,1,0,1,8062500,479400000,0,1.2246467991473532e-16,-1.0,0,0,1,0,0.36116096986461105
0,21.0,53,-1,-1,-1,1,1,1,1,1,14017500,730830000,0,0.0,1.0,0,0,0,1,0.3987877221418022
1,28.0,18,1,-1,1,-1,1,-1,0,1,13185000,225075000,0,1.2246467991473532e-16,-1.0,0,0,0,1,0.7550032940702812
0,51.0,1,-1,-1,-1,-1,-1,1,0,1,9022500,9022500,1,0.0,1.0,0,0,1,0,0.7784166136417121
0,28.0,58,1,-1,-1,1,-1,-1,1,1,9157500,521812500,0,1.2246467991473532e-16,-1.0,0,0,1,0,0.047487385780337475
0,37.0,71,-1,-1,1,-1,1,1,1,0,15607500,1112032500,0,0.8660254037844386,0.5000000000000001,0,0,0,1,0.2907056544472933
0,47.0,35,-1,-1,1,1,1,1,1,1,14887500,529800000,0,0.8660254037844386,0.5000000000000001,0,0,0,1,0.5116320507478597
1,28.0,3,-1,-1,1,-1,-1,1,0,0,12855000,38512500,0,-0.8660254037844386,0.5000000000000001,0,0,0,1,0.8424861979214547
1,41.0,38,1,1,-1,-1,1,1,1,1,15727500,583087500,0,-0.5000000000000004,0.8660254037844384,0,0,0,1,0.44533302608969577
1,24.0,35,1,1,1,1,-1,-1,1,1,10372500,373522500,0,-0.8660254037844386,0.5000000000000001,0,0,1,0,0.09336015801021078
1,33.0,7,-1,-1,1,-1,1,-1,0,1,13567500,89017500,1,-0.8660254037844386,0.5000000000000001,0,0,0,1,0.8633038591619058
0,44.0,47,-1,-1,1,1,1,1,1,0,11167500,526545000,0,0.8660254037844387,-0.4999999999999998,0,0,1,0,0.1474342737600683
0,21.0,14,-1,1,-1,-1,-1,-1,0,0,7567500,114817500,0,-0.5000000000000004,0.8660254037844384,0,0,1,0,0.5094524720894256
0,45.0,20,-1,1,-1,-1,-1,1,0,1,9000000,188902500,0,0.8660254037844386,0.5000000000000001,0,0,1,0,0.6338845508269517
1,40.0,66,1,1,-1,1,1,1,1,0,12787500,830752500,0,-0.8660254037844385,-0.5000000000000004,0,0,1,0,0.05261119994453865
1,47.0,15,0,0,0,0,0,0,0,1,2917500,51127500,0,-0.8660254037844385,-0.5000000000000004,1,0,0,0,0.3375636693594227
0,43.0,42,0,0,0,0,0,0,1,1,3112500,126667500,0,0.0,1.0,1,0,0,0,0.054600959104000334
0,56.0,17,1,-1,-1,-1,-1,-1,0,0,11835000,202342500,0,-1.0,-1.8369701987210294e-16,0,0,0,1,0.5984211498346872
1,42.0,37,-1,1,-1,1,1,1,1,1,15675000,566700000,0,1.0,6.123233995736766e-17,0,0,0,1,0.46159045917945163
0,35.0,12,-1,1,-1,-1,-1,-1,0,1,7410000,91747500,0,-0.8660254037844385,-0.5000000000000004,0,0,1,0,0.6120387769896825
1,41.0,53,-1,1,-1,-1,1,1,1,1,14137500,730192500,1,-0.8660254037844385,-0.5000000000000004,0,0,0,1,0.45938667119557824
0,47.0,60,0,0,0,0,0,0,1,0,3750000,225757500,0,-0.8660254037844386,0.5000000000000001,1,0,0,0,0.017396909156286014
1,41.0,18,-1,-1,-1,-1,-1,-1,0,0,3832500,70177500,0,1.0,6.123233995736766e-17,0,0,1,0,0.5703930209288052
1,40.0,1,-1,-1,-1,-1,-1,-1,0,1,11235000,11235000,1,0.8660254037844386,0.5000000000000001,0,0,0,1,0.8618095728606698
0,32.0,3,-1,-1,-1,-1,-1,-1,0,1,10522500,29130000,0,-1.0,-1.8369701987210294e-16,0,0,0,1,0.8551509493062034
0,32.0,9,-1,-1,-1,1,1,1,0,1,10410000,85717500,0,-1.0,-1.8369701987210294e-16,0,0,1,0,0.7056181632070532
0,23.0,1,-1,-1,-1,-1,1,-1,0,1,12037500,12037500,1,0.0,1.0,0,0,0,1,0.8964354633301129
1,61.0,56,1,1,1,-1,-1,-1,1,1,13972500,788092500,0,1.2246467991473532e-16,-1.0,0,0,0,1,0.18122092745064944
1,25.0,17,-1,-1,-1,-1,-1,-1,0,1,10350000,172447500,1,-0.8660254037844385,-0.5000000000000004,0,0,0,1,0.7977891651299057
0,32.0,11,-1,-1,-1,1,-1,1,0,1,9952500,111120000,1,-0.8660254037844385,-0.5000000000000004,0,1,0,0,0.5530646031135652
1,31.0,7,-1,-1,-1,-1,-1,-1,0,1,10432500,78202500,0,-0.8660254037844386,0.5000000000000001,0,0,0,1,0.8474886319152996
0,51.0,69,0,0,0,0,0,0,1,0,3030000,211897500,0,0.4999999999999999,0.8660254037844387,1,0,0,0,0.01248743508647979
1,36.0,19,-1,-1,-1,-1,-1,1,0,1,12900000,229867500,1,-0.8660254037844386,0.5000000000000001,0,0,0,1,0.8267384282339799
0,55.0,3,-1,-1,-1,-1,-1,1,0,1,12045000,37507500,1,-0.4999999999999997,-0.8660254037844388,0,0,0,1,0.8859322738741873
1,32.0,54,0,0,0,0,0,0,1,0,3060000,163590000,0,-1.0,-1.8369701987210294e-16,1,0,0,0,0.023260765178712964
1,43.0,62,0,0,0,0,0,0,1,1,3562500,217020000,0,0.8660254037844386,0.5000000000000001,1,0,0,0,0.024879992504941103
1,30.0,24,-1,1,-1,-1,1,-1,0,1,13582500,342382500,1,1.0,6.123233995736766e-17,0,0,0,1,0.7890332672349526
0,66.0,62,-1,-1,-1,-1,1,1,0,1,10567500,645067500,0,0.4999999999999999,-0.8660254037844387,0,0,1,0,0.383850510874771
1,26.0,17,1,-1,-1,-1,-1,1,0,0,9862500,166680000,0,0.4999999999999999,-0.8660254037844387,0,0,1,0,0.4633599926476971
1,44.0,9,-1,-1,-1,-1,-1,-1,0,1,3690000,28515000,0,0.4999999999999999,-0.8660254037844387,0,0,1,0,0.7346983608431709
1,48.0,64,1,-1,1,1,1,-1,1,0,10387500,667162500,0,-0.4999999999999997,-0.8660254037844388,0,1,0,0,0.03381886300172799
0,45.0,2,-1,-1,-1,-1,-1,-1,0,1,11385000,21502500,1,-0.8660254037844386,0.5000000000000001,0,0,0,1,0.848435973410965
1,38.0,1,-1,-1,-1,-1,-1,-1,0,1,6877500,6877500,1,-0.4999999999999997,-0.8660254037844388,0,1,0,0,0.6900849627562633
0,38.0,16,-1,-1,-1,1,1,1,0,1,7492500,121530000,1,-0.4999999999999997,-0.8660254037844388,0,1,0,0,0.6626153748926543
0,41.0,72,0,0,0,0,0,0,1,0,3697500,274507500,0,-0.4999999999999997,-0.8660254037844388,1,0,0,0,0.010566779452339603
1,38.0,30,1,1,1,-1,-1,-1,1,0,13560000,423097500,0,-0.4999999999999997,-0.8660254037844388,0,0,0,1,0.2421316745440431
0,52.0,49,1,-1,-1,-1,1,1,0,1,15127500,727102500,0,-0.8660254037844385,-0.5000000000000004,0,0,0,1,0.6383602774327992
1,67.0,61,1,-1,1,1,-1,1,1,0,11302500,709395000,0,1.2246467991473532e-16,-1.0,0,1,0,0,0.03787739736969781
1,33.0,47,-1,1,-1,-1,1,-1,0,0,13080000,602617500,0,0.0,1.0,0,0,0,1,0.5707406014523053
1,24.0,20,1,-1,1,-1,-1,1,0,0,9660000,209790000,0,0.4999999999999999,0.8660254037844387,0,1,0,0,0.4118047926571251
1,39.0,34,-1,-1,-1,-1,1,-1,0,0,11745000,384645000,1,-0.8660254037844386,0.5000000000000001,0,0,0,1,0.6858596386860659
0,71.0,70,0,0,0,0,0,0,1,0,3705000,252885000,0,-1.0,-1.8369701987210294e-16,1,0,0,0,0.011094196001883857
1,30.0,54,1,1,-1,1,1,1,1,1,15877500,873997500,0,-1.0,-1.8369701987210294e-16,0,0,0,1,0.2749906087576903
1,60.0,61,-1,1,1,1,1,-1,1,1,14745000,909982500,0,1.2246467991473532e-16,-1.0,0,0,0,1,0.23419258570347545
1,60.0,3,-1,-1,-1,-1,-1,-1,0,1,11542500,34260000,1,-0.4999999999999997,-0.8660254037844388,0,0,0,1,0.8413053862866288
1,33.0,13,0,0,0,0,0,0,1,0,2917500,40530000,0,0.8660254037844386,0.5000000000000001,1,0,0,0,0.1237744987576988
0,47.0,16,-1,-1,-1,-1,1,1,0,1,14422500,229380000,1,-0.5000000000000004,0.8660254037844384,0,0,0,1,0.874343910547183
0,60.0,3,-1,1,-1,-1,1,-1,0,1,8805000,25290000,0,0.8660254037844386,0.5000000000000001,0,0,1,0,0.7477182741421914
1,35.0,25,0,0,0,0,0,0,0,1,3022500,80452500,0,-0.5000000000000004,0.8660254037844384,1,0,0,0,0.25744535517590933
1,38.0,30,1,-1,-1,-1,-1,1,0,1,9675000,283267500,0,0.8660254037844387,-0.4999999999999998,0,0,1,0,0.4568250849922842
0,33.0,21,1,-1,-1,-1,-1,-1,0,0,4275000,94402500,0,-0.8660254037844386,0.5000000000000001,0,0,1,0,0.4196828754679537
1,28.0,1,-1,-1,-1,-1,-1,-1,0,0,6795000,6795000,1,0.4999999999999999,0.8660254037844387,0,1,0,0,0.6182480459581383
0,32.0,15,0,0,0,0,0,0,0,0,2910000,43395000,1,0.4999999999999999,0.8660254037844387,1,0,0,0,0.2605882863777326
1,25.0,23,-1,-1,-1,-1,1,1,0,1,13567500,317587500,0,-0.8660254037844386,0.5000000000000001,0,0,0,1,0.8660822962471457
0,40.0,45,1,1,-1,-1,1,1,0,1,15772500,709635000,0,0.0,1.0,0,0,0,1,0.6537063103132408
0,31.0,24,-1,1,1,-1,-1,-1,1,0,12472500,304957500,0,0.4999999999999999,-0.8660254037844387,0,0,0,1,0.3757545288762614
0,43.0,11,-1,-1,-1,1,1,-1,0,0,13522500,148192500,1,0.0,1.0,0,0,0,1,0.7188697198812349
1,21.0,1,-1,-1,-1,-1,-1,-1,0,0,6757500,6757500,1,0.4999999999999999,0.8660254037844387,0,0,1,0,0.6694853059274039
0,44.0,56,-1,-1,1,1,1,1,1,0,15480000,861652500,0,-0.8660254037844385,-0.5000000000000004,0,0,0,1,0.2760624563038168
0,50.0,1,-1,1,-1,-1,-1,-1,0,0,11370000,11370000,1,0.8660254037844387,-0.4999999999999998,0,0,0,1,0.7816508842295391
1,18.0,1,0,0,0,0,0,0,0,0,2917500,2917500,0,1.0,6.123233995736766e-17,1,0,0,0,0.3963840863675575
0,44.0,7,-1,-1,-1,-1,-1,1,0,1,11895000,78472500,1,0.0,1.0,0,0,0,1,0.8806817012195925
0,55.0,55,-1,-1,1,1,1,-1,1,0,13320000,720795000,0,1.0,6.123233995736766e-17,0,0,0,1,0.21146868290948742
0,25.0,2,-1,-1,-1,1,-1,-1,0,1,4635000,8857500,1,-0.8660254037844385,-0.5000000000000004,0,1,0,0,0.645247846377666
0,60.0,72,1,-1,1,1,1,1,1,1,12885000,916612500,0,1.0,6.123233995736766e-17,0,0,1,0,0.0704828234398492
0,45.0,45,-1,-1,-1,-1,-1,1,1,0,5130000,239490000,0,1.2246467991473532e-16,-1.0,0,0,1,0,0.1802783962698032
0,32.0,47,0,0,0,0,0,0,1,0,3022500,156930000,0,0.8660254037844387,-0.4999999999999998,1,0,0,0,0.031138561219129505
0,39.0,46,-1,1,-1,-1,1,1,1,0,14287500,663630000,1,1.0,6.123233995736766e-17,0,0,0,1,0.41790193945863724
1,47.0,2,-1,1,-1,-1,-1,-1,0,1,7545000,13912500,0,1.2246467991473532e-16,-1.0,0,0,1,0,0.6938173141884854
0,41.0,2,1,-1,-1,1,-1,-1,0,1,12022500,29182500,0,0.4999999999999999,-0.8660254037844387,0,0,0,1,0.7023140703562201
0,46.0,12,-1,1,-1,-1,-1,-1,0,1,7687500,91815000,0,0.8660254037844386,0.5000000000000001,0,1,0,0,0.5623447921169655
0,29.0,68,-1,1,-1,-1,-1,1,0,1,13440000,919140000,1,0.4999999999999999,-0.8660254037844387,0,0,0,1,0.5169236425941599
1,42.0,69,-1,-1,-1,1,1,1,1,1,14280000,1000755000,0,-0.8660254037844386,0.5000000000000001,0,0,0,1,0.3068774546096283
1,23.0,56,1,-1,-1,-1,1,1,1,0,14220000,789645000,0,-1.0,-1.8369701987210294e-16,0,0,0,1,0.2838114452020535
0,39.0,4,1,-1,-1,-1,-1,-1,0,1,12037500,45555000,0,-1.0,-1.8369701987210294e-16,0,0,0,1,0.762859815988588
1,29.0,64,-1,1,1,1,1,-1,1,1,11415000,722820000,0,0.8660254037844387,-0.4999999999999998,0,0,1,0,0.08303282184729725
1,31.0,59,1,1,1,-1,1,1,1,1,16522500,967207500,1,-0.4999999999999997,-0.8660254037844388,0,0,0,1,0.31910276261193843
1,55.0,62,1,1,1,1,1,1,1,0,17332500,1073857500,0,-0.5000000000000004,0.8660254037844384,0,0,0,1,0.17019582921496088
1,53.0,63,0,0,0,0,0,0,1,0,3697500,236175000,0,1.2246467991473532e-16,-1.0,1,0,0,0,0.015511702138469249
0,47.0,53,1,1,1,1,1,-1,1,1,8040000,431880000,0,0.8660254037844387,-0.4999999999999998,0,1,0,0,0.06794571628182795
1,27.0,5,0,0,0,0,0,0,0,0,2917500,12907500,0,0.8660254037844386,0.5000000000000001,1,0,0,0,0.3566817393971505
1,36.0,49,1,1,1,-1,-1,-1,0,1,13230000,623917500,0,-0.5000000000000004,0.8660254037844384,0,0,0,1,0.4395473809518712
0,55.0,62,1,-1,-1,-1,1,1,1,1,15172500,995752500,0,-0.8660254037844386,0.5000000000000001,0,0,0,1,0.3376516215887382
0,42.0,55,1,1,-1,1,-1,-1,1,0,8520000,466807500,0,-0.8660254037844385,-0.5000000000000004,0,1,0,0,0.027388200485342483
0,68.0,71,1,1,1,1,1,-1,1,1,14910000,1075237500,0,-1.0,-1.8369701987210294e-16,0,0,0,1,0.13216694177629404
0,45.0,72,0,0,0,0,0,0,1,1,3015000,198937500,0,-1.0,-1.8369701987210294e-16,1,0,0,0,0.015210878246588113
1,42.0,36,1,-1,1,1,1,1,1,0,9105000,335182500,0,-0.5000000000000004,0.8660254037844384,0,0,1,0,0.15957443143686909
1,36.0,25,0,0,0,0,0,0,1,1,3142500,74272500,0,1.2246467991473532e-16,-1.0,1,0,0,0,0.10437947175725432
0,42.0,72,1,1,1,1,1,1,1,1,17227500,1247692500,0,1.2246467991473532e-16,-1.0,0,0,0,1,0.1880384785440094
0,38.0,36,0,0,0,0,0,0,1,1,2887500,101970000,0,-0.8660254037844386,0.5000000000000001,1,0,0,0,0.06892653437545412
1,48.0,1,-1,-1,-1,-1,1,1,0,1,9420000,9420000,0,0.0,1.0,0,0,1,0,0.8426758875992452
0,51.0,72,1,-1,1,-1,1,1,1,1,15825000,1131600000,0,-1.0,-1.8369701987210294e-16,0,0,0,1,0.2670303230468537
1,31.0,59,0,0,0,0,0,0,1,0,2977500,178237500,0,0.8660254037844387,-0.4999999999999998,1,0,0,0,0.01933771255640697
1,24.0,7,-1,-1,-1,-1,1,1,0,1,13425000,101505000,1,0.4999999999999999,-0.8660254037844387,0,0,0,1,0.9096394542022224
0,18.0,1,-1,-1,1,1,1,1,1,0,11115000,11115000,0,-0.8660254037844386,0.5000000000000001,0,1,0,0,0.3720499567150748
0,46.0,30,-1,1,1,1,1,1,0,1,16125000,486375000,0,-0.5000000000000004,0.8660254037844384,0,0,0,1,0.7356939699801373
1,27.0,64,0,0,0,0,0,0,1,0,2932500,186022500,0,-0.5000000000000004,0.8660254037844384,1,0,0,0,0.01592061384588405
1,18.0,63,1,1,1,1,-1,-1,1,0,10320000,616702500,0,0.4999999999999999,-0.8660254037844387,0,1,0,0,0.021012847621172396
1,45.0,72,1,1,1,-1,1,1,1,0,12667500,884977500,0,0.8660254037844387,-0.4999999999999998,0,0,1,0,0.06507408821003804
1,70.0,8,1,-1,-1,-1,-1,-1,0,0,11250000,94942500,1,-0.4999999999999997,-0.8660254037844388,0,0,0,1,0.6757237975995083
0,40.0,62,-1,1,1,1,1,1,1,0,12675000,778980000,0,0.8660254037844386,0.5000000000000001,0,0,1,0,0.0898711658082755
1,50.0,67,-1,1,1,1,1,1,1,1,16680000,1129620000,0,0.8660254037844386,0.5000000000000001,0,0,0,1,0.3000529398868962
1,41.0,6,-1,-1,-1,-1,-1,-1,0,0,6712500,40642500,1,0.0,1.0,0,1,0,0,0.5722606392544249
0,39.0,70,1,-1,-1,1,1,1,1,1,12090000,819030000,0,0.4999999999999999,0.8660254037844387,0,0,1,0,0.07425035061208556
0,51.0,20,-1,-1,-1,-1,1,-1,0,0,12105000,242130000,0,1.2246467991473532e-16,-1.0,0,0,0,1,0.7550702772777873
0,37.0,5,-1,-1,-1,-1,-1,-1,0,0,11340000,60375000,0,0.4999999999999999,0.8660254037844387,0,0,0,1,0.7833462862376616
0,43.0,24,1,1,1,-1,1,1,1,0,8640000,205162500,0,-0.5000000000000004,0.8660254037844384,0,1,0,0,0.23345085761415227
0,44.0,11,-1,-1,-1,-1,-1,-1,0,1,6607500,72555000,1,-0.8660254037844385,-0.5000000000000004,0,1,0,0,0.604241309141469
1,32.0,72,-1,1,1,1,1,1,1,1,16590000,1194330000,0,-0.8660254037844386,0.5000000000000001,0,0,0,1,0.2716014824870816
0,52.0,66,1,1,-1,1,-1,-1,1,1,8730000,571620000,0,-0.8660254037844385,-0.5000000000000004,0,0,1,0,0.033559462684848676
0,38.0,45,1,-1,1,1,1,1,1,1,12150000,530040000,0,0.4999999999999999,-0.8660254037844387,0,1,0,0,0.1182437031586671
0,31.0,69,0,0,0,0,0,0,1,0,2955000,209535000,0,0.8660254037844386,0.5000000000000001,1,0,0,0,0.01271878460820148
1,46.0,15,-1,-1,-1,-1,-1,1,0,1,12840000,201832500,1,-0.8660254037844386,0.5000000000000001,0,0,0,1,0.8463818279484604
0,29.0,28,-1,-1,1,-1,1,-1,0,1,8932500,246967500,0,-1.0,-1.8369701987210294e-16,0,0,1,0,0.5782007871206093
0,40.0,70,1,1,1,1,1,1,1,0,17332500,1219140000,1,0.4999999999999999,-0.8660254037844387,0,0,0,1,0.14180388749378878
0,40.0,36,1,1,1,1,-1,1,1,1,11332500,402022500,0,0.8660254037844386,0.5000000000000001,0,0,1,0,0.12493530418039497
1,53.0,16,-1,-1,-1,-1,1,-1,0,1,12990000,192150000,1,1.0,6.123233995736766e-17,0,0,0,1,0.8330673036306684
0,46.0,18,-1,-1,-1,-1,1,-1,0,1,12780000,233085000,1,1.2246467991473532e-16,-1.0,0,0,0,1,0.8220445066139398
0,40.0,34,-1,-1,-1,-1,1,1,0,1,14647500,481132500,1,0.4999999999999999,0.8660254037844387,0,0,0,1,0.810238958021137
1,50.0,42,-1,1,1,-1,-1,1,1,1,6765000,307357500,0,0.4999999999999999,-0.8660254037844387,0,1,0,0,0.21333278716345588
1,57.0,48,1,-1,-1,1,-1,1,1,1,10642500,544380000,0,-1.0,-1.8369701987210294e-16,0,0,1,0,0.10106857812102005
1,47.0,47,-1,1,1,1,1,1,0,1,16432500,768682500,1,0.8660254037844387,-0.4999999999999998,0,0,0,1,0.6485177271092475
0,40.0,39,-1,1,1,1,-1,-1,1,1,13432500,521167500,1,-0.4999999999999997,-0.8660254037844388,0,0,0,1,0.26637759082752027
0,24.0,11,0,0,0,0,0,0,1,0,3135000,30345000,0,-1.0,-1.8369701987210294e-16,1,0,0,0,0.12313289179593377
1,27.0,7,0,0,0,0,0,0,0,1,2992500,22125000,0,0.0,1.0,1,0,0,0,0.428998193557158
0,36.0,3,0,0,0,0,0,0,0,0,3690000,12952500,0,0.8660254037844387,-0.4999999999999998,1,0,0,0,0.34450881205744016
1,33.0,8,1,-1,1,-1,-1,1,0,1,10005000,86850000,0,0.0,1.0,0,1,0,0,0.5919281369309316
1,38.0,1,0,0,0,0,0,0,0,1,2917500,2917500,1,1.0,6.123233995736766e-17,1,0,0,0,0.4882036122326654
1,41.0,32,1,1,1,-1,-1,1,1,0,14220000,469732500,0,0.8660254037844386,0.5000000000000001,0,0,0,1,0.32483354495559597
1,46.0,60,1,1,1,1,-1,-1,1,1,9877500,589245000,0,0.4999999999999999,0.8660254037844387,0,0,1,0,0.044272905539345334
0,39.0,10,0,0,0,0,0,0,0,1,2992500,28162500,0,0.8660254037844386,0.5000000000000001,1,0,0,0,0.38697349777631695
0,46.0,71,0,0,0,0,0,0,1,1,3697500,256522500,0,1.0,6.123233995736766e-17,1,0,0,0,0.0164599985606609
0,41.0,4,0,0,0,0,0,0,0,0,3052500,11452500,1,-0.5000000000000004,0.8660254037844384,1,0,0,0,0.351122164623145
0,18.0,1,-1,-1,-1,-1,-1,-1,0,1,10387500,10387500,1,0.8660254037844387,-0.4999999999999998,0,0,0,1,0.8678420139179893
0,29.0,43,1,1,-1,1,1,-1,1,1,7687500,322740000,0,0.8660254037844386,0.5000000000000001,0,0,1,0,0.1156970655438605
1,38.0,59,-1,-1,1,-1,1,1,1,1,14925000,894165000,1,1.0,6.123233995736766e-17,0,0,0,1,0.4615531089124772
0,25.0,23,-1,-1,1,1,-1,-1,0,0,8137500,183232500,0,0.4999999999999999,-0.8660254037844387,0,1,0,0,0.29593528425546656
0,47.0,72,0,0,0,0,0,0,1,0,2910000,224467500,0,-0.8660254037844386,0.5000000000000001,1,0,0,0,0.010954773523577002
1,58.0,22,1,-1,-1,1,-1,-1,1,1,8437500,193830000,0,0.8660254037844386,0.5000000000000001,0,0,1,0,0.16021458731436322
0,55.0,1,-1,-1,-1,-1,-1,-1,0,1,3772500,3772500,0,0.0,1.0,0,1,0,0,0.7556238596145057
1,37.0,69,0,0,0,0,0,0,1,0,3592500,256965000,0,0.8660254037844386,0.5000000000000001,1,0,0,0,0.013042599290552381
1,58.0,50,1,-1,-1,1,-1,-1,1,1,5310000,262335000,0,1.0,6.123233995736766e-17,0,0,1,0,0.0732017078479102
0,42.0,1,-1,-1,-1,-1,-1,-1,0,1,3780000,3780000,1,-0.8660254037844386,0.5000000000000001,0,0,1,0,0.7907605379026396
1,36.0,2,-1,-1,-1,-1,-1,-1,0,1,6750000,14467500,1,0.8660254037844386,0.5000000000000001,0,0,1,0,0.7398003021368422
0,33.0,15,-1,1,-1,-1,-1,-1,0,0,11302500,167182500,0,-0.8660254037844385,-0.5000000000000004,0,0,0,1,0.6989105045742389
1,36.0,31,0,0,0,0,0,0,1,0,3060000,91365000,0,0.8660254037844386,0.5000000000000001,1,0,0,0,0.060745369259448255
1,35.0,1,0,0,0,0,0,0,0,0,3022500,3022500,1,0.4999999999999999,0.8660254037844387,1,0,0,0,0.3935297272701102
1,42.0,66,-1,1,1,-1,1,1,0,1,15750000,1069987500,1,-0.8660254037844385,-0.5000000000000004,0,0,0,1,0.6418025366236472
0,42.0,0,1,1,1,1,1,-1,1,0,8407500,0,0,0.8660254037844386,0.5000000000000001,0,0,1,0,0.27874164442618116
1,40.0,3,-1,-1,-1,-1,1,-1,0,1,8205000,25417500,1,-0.4999999999999997,-0.8660254037844388,0,1,0,0,0.7349180747464437
0,45.0,8,0,0,0,0,0,0,1,0,3000000,21240000,0,0.4999999999999999,-0.8660254037844387,1,0,0,0,0.13682006557563745
1,54.0,64,1,-1,1,-1,1,1,1,1,10957500,703297500,0,0.4999999999999999,-0.8660254037844387,0,0,1,0,0.1287463462432582
0,51.0,28,0,0,0,0,0,0,0,0,3075000,84457500,0,-1.0,-1.8369701987210294e-16,1,0,0,0,0.1592548801429626
0,22.0,57,-1,-1,1,-1,1,1,1,1,15112500,897750000,0,0.0,1.0,0,0,0,1,0.4791167688395229
0,18.0,14,-1,-1,1,-1,-1,1,0,1,13087500,188790000,1,1.2246467991473532e-16,-1.0,0,0,0,1,0.844827138701569
1,51.0,19,0,0,0,0,0,0,1,1,2992500,56025000,0,1.0,6.123233995736766e-17,1,0,0,0,0.13508423321324373
1,24.0,10,-1,-1,-1,-1,1,-1,0,1,11992500,128580000,1,-0.8660254037844385,-0.5000000000000004,0,0,0,1,0.868919937560997
0,37.0,51,-1,1,-1,-1,1,1,0,1,7447500,383002500,0,1.0,6.123233995736766e-17,0,0,1,0,0.49285853886173275
0,26.0,67,1,1,1,-1,-1,-1,1,0,9847500,648427500,0,0.4999999999999999,0.8660254037844387,0,0,1,0,0.034300397383005346
1,18.0,11,0,0,0,0,0,0,0,1,3067500,37620000,0,0.4999999999999999,0.8660254037844387,1,0,0,0,0.3902706792399215
1,46.0,72,1,-1,1,1,1,1,1,0,9142500,682357500,0,0.4999999999999999,0.8660254037844387,0,0,1,0,0.05513394487739884
1,49.0,66,0,0,0,0,0,0,1,1,3052500,203925000,0,-1.0,-1.8369701987210294e-16,1,0,0,0,0.020620125510620854
0,33.0,18,-1,-1,-1,1,1,-1,0,1,13252500,245895000,1,1.0,6.123233995736766e-17,0,0,0,1,0.7628292224794843
0,18.0,9,0,0,0,0,0,0,0,1,2925000,26827500,0,1.2246467991473532e-16,-1.0,1,0,0,0,0.39232506717877297
0,33.0,9,-1,-1,-1,-1,-1,-1,0,1,11280000,95077500,0,-0.5000000000000004,0.8660254037844384,0,0,0,1,0.8228585506386463
1,45.0,48,1,1,1,-1,1,1,0,1,16717500,797265000,0,-0.8660254037844385,-0.5000000000000004,0,0,0,1,0.6262448789840105
1,22.0,10,-1,-1,-1,-1,-1,-1,0,0,10522500,110325000,0,-1.0,-1.8369701987210294e-16,0,0,0,1,0.7710192929523769
0,42.0,9,-1,-1,-1,-1,1,1,0,1,14212500,133485000,1,-0.8660254037844386,0.5000000000000001,0,0,0,1,0.8951022850559379
0,40.0,13,-1,-1,-1,-1,1,1,0,1,14257500,193500000,1,1.0,6.123233995736766e-17,0,0,0,1,0.8861527960716074
1,47.0,4,-1,1,-1,-1,-1,-1,0,0,11767500,49507500,1,-0.5000000000000004,0.8660254037844384,0,0,0,1,0.7679721668173171
1,41.0,4,-1,-1,-1,-1,-1,-1,0,1,10530000,35692500,1,-0.5000000000000004,0.8660254037844384,0,0,0,1,0.8568664119895704
0,28.0,72,1,1,1,1,1,1,1,0,13800000,971160000,0,1.0,6.123233995736766e-17,0,0,1,0,0.04533628439951966
0,54.0,51,1,1,1,1,1,1,1,0,12825000,663292500,0,0.4999999999999999,-0.8660254037844387,0,0,1,0,0.07945978831461772
1,38.0,59,-1,1,-1,-1,-1,1,0,1,6157500,367905000,1,0.8660254037844387,-0.4999999999999998,0,1,0,0,0.28737574457976844
1,40.0,10,-1,-1,-1,-1,1,-1,0,1,12840000,122077500,1,1.0,6.123233995736766e-17,0,0,0,1,0.8600445587395246
1,29.0,61,-1,1,-1,-1,-1,-1,0,1,12322500,735727500,0,1.0,6.123233995736766e-17,0,0,0,1,0.46430929955262246
1,35.0,54,1,-1,1,1,-1,-1,1,0,12660000,672607500,0,0.4999999999999999,0.8660254037844387,0,0,0,1,0.11425332676706838
0,29.0,33,1,1,-1,-1,-1,-1,0,1,9135000,305077500,0,0.8660254037844386,0.5000000000000001,0,0,1,0,0.3169997605854359
0,38.0,27,0,0,0,0,0,0,1,1,3037500,80730000,0,-0.5000000000000004,0.8660254037844384,1,0,0,0,0.0981591298380643
0,61.0,1,-1,-1,-1,-1,1,-1,0,1,11880000,11880000,1,0.0,1.0,0,0,0,1,0.8947989755590509
1,24.0,23,-1,1,-1,-1,1,1,0,0,14295000,328935000,0,0.8660254037844386,0.5000000000000001,0,0,0,1,0.7948136516991401
1,21.0,1,0,0,0,0,0,0,0,0,2977500,2977500,0,0.0,1.0,1,0,0,0,0.396807693047857
1,58.0,45,1,1,1,1,1,1,1,1,12652500,578707500,0,-1.0,-1.8369701987210294e-16,0,0,1,0,0.13584447770036417
0,37.0,39,0,0,0,0,0,0,1,1,2977500,128220000,0,1.0,6.123233995736766e-17,1,0,0,0,0.062887716496853
1,32.0,5,-1,-1,1,-1,1,1,1,1,10500000,52110000,1,1.0,6.123233995736766e-17,0,0,1,0,0.6058496975108689
1,52.0,72,1,1,1,1,1,-1,1,0,12345000,872272500,0,-0.5000000000000004,0.8660254037844384,0,1,0,0,0.024337305073141875
0,33.0,58,-1,1,-1,-1,1,-1,0,1,10020000,595560000,0,-0.8660254037844386,0.5000000000000001,0,0,1,0,0.3105834058586613
0,62.0,70,1,1,1,1,-1,-1,1,1,6690000,458722500,0,-1.0,-1.8369701987210294e-16,0,1,0,0,0.02457594412527351
1,48.0,61,-1,1,-1,1,1,1,1,1,14767500,921780000,0,-0.5000000000000004,0.8660254037844384,0,0,0,1,0.33597237082085235
1,34.0,2,-1,-1,-1,-1,-1,-1,0,0,10605000,19380000,0,0.8660254037844387,-0.4999999999999998,0,0,0,1,0.8103030314903471
0,66.0,46,0,0,0,0,0,0,1,0,3742500,174885000,0,0.4999999999999999,-0.8660254037844387,1,0,0,0,0.029694416999098746
0,33.0,1,-1,-1,-1,-1,-1,-1,0,1,7492500,7492500,1,-0.8660254037844386,0.5000000000000001,0,1,0,0,0.676241203703198
0,49.0,22,-1,-1,-1,-1,-1,-1,0,1,10387500,233100000,1,0.0,1.0,0,0,0,1,0.771229729224356
0,44.0,48,1,-1,1,1,1,1,1,1,15375000,735637500,0,-0.8660254037844385,-0.5000000000000004,0,0,0,1,0.31360073030232555
1,56.0,64,-1,1,1,1,1,1,1,0,12982500,844882500,0,-0.8660254037844385,-0.5000000000000004,0,0,1,0,0.08484801840209323
1,59.0,72,0,0,0,0,0,0,1,0,3645000,246487500,0,-0.4999999999999997,-0.8660254037844388,1,0,0,0,0.010389095191662534
0,40.0,12,-1,-1,1,-1,1,-1,0,1,8752500,111082500,0,1.2246467991473532e-16,-1.0,0,0,1,0,0.7040164396999612
0,31.0,34,-1,1,1,-1,-1,1,0,1,14137500,482632500,1,-0.5000000000000004,0.8660254037844384,0,0,0,1,0.7325277698338755
0,46.0,72,1,1,1,-1,-1,1,1,0,10312500,733230000,0,0.4999999999999999,-0.8660254037844387,0,0,1,0,0.04302229899032588
1,32.0,29,-1,1,1,-1,-1,-1,0,1,12870000,366037500,0,0.0,1.0,0,0,0,1,0.6887369247560893
1,64.0,33,0,0,0,0,0,0,1,0,3015000,93082500,0,0.4999999999999999,0.8660254037844387,1,0,0,0,0.05493927866094442
0,42.0,1,0,0,0,0,0,0,0,0,3052500,3052500,0,1.0,6.123233995736766e-17,1,0,0,0,0.38026875590983694
0,36.0,62,-1,1,1,1,1,1,1,1,16620000,1026142500,0,-1.0,-1.8369701987210294e-16,0,0,0,1,0.30793470989400556
1,42.0,41,-1,-1,1,-1,1,1,1,1,10950000,450180000,1,0.4999999999999999,-0.8660254037844387,0,0,1,0,0.3166267037429948
0,24.0,64,-1,-1,1,-1,1,1,1,1,15007500,938130000,1,0.8660254037844387,-0.4999999999999998,0,0,0,1,0.4092365017318869
0,28.0,4,-1,-1,1,-1,-1,1,0,1,12427500,47940000,0,1.2246467991473532e-16,-1.0,0,0,0,1,0.8832030336363205
0,54.0,24,1,-1,-1,1,-1,-1,0,1,12652500,290707500,0,-0.5000000000000004,0.8660254037844384,0,0,0,1,0.5380404965445215
0,32.0,14,0,0,0,0,0,0,1,0,2932500,44175000,0,0.8660254037844386,0.5000000000000001,1,0,0,0,0.11593937481299431
1,27.0,3,0,0,0,0,0,0,0,0,2992500,8745000,0,-0.4999999999999997,-0.8660254037844388,1,0,0,0,0.3630398767570903
0,46.0,4,-1,1,1,-1,1,1,0,1,14970000,66427500,1,-1.0,-1.8369701987210294e-16,0,0,0,1,0.8926889060700067
0,54.0,18,-1,-1,-1,-1,-1,1,0,1,5250000,82950000,1,-0.8660254037844386,0.5000000000000001,0,0,1,0,0.7198955645816904
1,49.0,8,-1,-1,-1,-1,1,1,0,1,9937500,81967500,0,0.8660254037844387,-0.4999999999999998,0,0,1,0,0.7981065917703473
0,52.0,35,0,0,0,0,0,0,1,0,3495000,119565000,0,0.4999999999999999,0.8660254037844387,1,0,0,0,0.048648289976579974
0,31.0,1,-1,-1,-1,-1,-1,-1,0,0,11400000,11400000,1,-0.8660254037844385,-0.5000000000000004,0,0,0,1,0.7941665199514764
1,23.0,66,0,0,0,0,0,0,1,1,3795000,251070000,0,1.0,6.123233995736766e-17,1,0,0,0,0.021383122876850968
1,58.0,8,1,-1,-1,1,-1,1,1,1,6682500,51517500,0,-0.8660254037844385,-0.5000000000000004,0,1,0,0,0.30518970925679667
0,36.0,71,1,-1,1,-1,1,1,1,1,15615000,1111837500,0,-1.0,-1.8369701987210294e-16,0,0,0,1,0.2778280798245189
0,37.0,43,-1,-1,1,-1,-1,1,0,1,13882500,605850000,0,1.0,6.123233995736766e-17,0,0,0,1,0.7040943758181497
0,56.0,2,-1,-1,-1,-1,1,1,0,1,14077500,25627500,1,1.0,6.123233995736766e-17,0,0,0,1,0.9115917127118149
1,47.0,29,-1,1,1,-1,1,1,0,1,15217500,442290000,0,-0.8660254037844385,-0.5000000000000004,0,0,0,1,0.8141674096495141
0,45.0,15,-1,-1,1,-1,1,-1,0,1,12645000,196260000,1,1.2246467991473532e-16,-1.0,0,0,0,1,0.8390577364199647
1,66.0,65,1,1,1,1,-1,-1,1,0,14182500,911812500,0,0.8660254037844386,0.5000000000000001,0,0,0,1,0.07569691498547322
1,32.0,35,-1,-1,1,1,1,-1,0,0,14325000,512730000,0,-0.8660254037844385,-0.5000000000000004,0,0,0,1,0.5647992603879338
1,51.0,64,1,1,-1,-1,1,1,1,1,15045000,990570000,0,1.0,6.123233995736766e-17,0,0,0,1,0.310961880114356
0,41.0,58,-1,-1,1,1,1,1,1,1,8325000,475035000,0,1.0,6.123233995736766e-17,0,1,0,0,0.13688567319088485
0,43.0,18,-1,1,-1,-1,-1,-1,0,1,7477500,129862500,0,1.2246467991473532e-16,-1.0,0,0,1,0,0.5538151501284406
1,58.0,67,-1,1,-1,-1,-1,1,0,1,13432500,955965000,0,-0.8660254037844386,0.5000000000000001,0,0,0,1,0.546635947982944
1,46.0,63,0,0,0,0,0,0,1,1,2872500,176557500,0,0.0,1.0,1,0,0,0,0.024118831446451258
0,46.0,60,-1,1,-1,-1,1,1,0,1,14970000,897862500,0,-0.8660254037844386,0.5000000000000001,0,0,0,1,0.662580461353817
1,53.0,9,-1,-1,-1,-1,-1,1,0,1,12660000,109875000,1,1.2246467991473532e-16,-1.0,0,0,0,1,0.8635319697773459
0,36.0,70,1,1,1,1,1,1,1,1,16957500,1180357500,0,0.8660254037844387,-0.4999999999999998,0,0,0,1,0.1968548177233199
1,30.0,15,-1,-1,1,-1,1,1,0,1,15165000,225607500,1,-0.8660254037844385,-0.5000000000000004,0,0,0,1,0.8732556745096879
0,27.0,48,0,0,0,0,0,0,1,0,2992500,140505000,0,1.0,6.123233995736766e-17,1,0,0,0,0.029732715457997324
1,18.0,12,-1,-1,1,1,1,1,0,1,11122500,111210000,0,-0.8660254037844386,0.5000000000000001,0,0,1,0,0.6839376116680429
1,65.0,71,1,1,1,1,-1,-1,1,1,13800000,987780000,0,1.0,6.123233995736766e-17,0,0,0,1,0.09513545151187036
1,27.0,44,-1,-1,1,-1,-1,-1,0,0,11077500,468360000,0,-1.0,-1.8369701987210294e-16,0,0,0,1,0.5227006470898551
1,37.0,1,-1,-1,-1,-1,-1,-1,0,1,7567500,7567500,1,-0.5000000000000004,0.8660254037844384,0,0,1,0,0.7280627449605469
1,37.0,45,0,0,0,0,0,0,1,0,3667500,163237500,0,1.0,6.123233995736766e-17,1,0,0,0,0.03348193935041963
0,44.0,23,0,0,0,0,0,0,1,0,3720000,92302500,0,0.0,1.0,1,0,0,0,0.077615095330043
0,50.0,43,-1,-1,-1,1,1,-1,1,1,9727500,436230000,0,1.0,6.123233995736766e-17,0,0,1,0,0.16529908134032328
1,50.0,35,0,0,0,0,0,0,0,0,3112500,110985000,0,0.0,1.0,1,0,0,0,0.1318792126915667
1,33.0,9,1,1,-1,1,1,-1,0,1,10342500,89077500,0,0.8660254037844386,0.5000000000000001,0,0,1,0,0.49867383969712686
1,38.0,12,-1,-1,-1,1,1,1,0,1,14992500,169912500,1,0.4999999999999999,-0.8660254037844387,0,0,0,1,0.8341436266540838
0,43.0,65,1,1,1,-1,1,1,0,1,16410000,1084117500,0,0.0,1.0,0,0,0,1,0.5440973542461767
0,37.0,2,-1,-1,1,-1,1,-1,0,1,13710000,29040000,1,0.0,1.0,0,0,0,1,0.8769769824989042
1,59.0,27,-1,-1,-1,-1,-1,-1,0,0,7350000,193702500,0,0.8660254037844387,-0.4999999999999998,0,1,0,0,0.3595207866043736
0,46.0,40,-1,-1,1,-1,-1,-1,1,1,7537500,303532500,0,-0.8660254037844386,0.5000000000000001,0,1,0,0,0.15611775365080555
0,49.0,5,-1,-1,1,-1,-1,-1,0,1,11332500,52447500,1,0.0,1.0,0,0,0,1,0.8415796112431339
1,48.0,8,0,0,0,0,0,0,1,0,2985000,23092500,0,1.0,6.123233995736766e-17,1,0,0,0,0.14424077815668562
0,54.0,58,-1,1,-1,-1,1,1,1,1,14670000,818820000,0,0.4999999999999999,-0.8660254037844387,0,0,0,1,0.41045768012543055
0,42.0,52,1,-1,1,-1,1,1,1,0,15045000,786667500,0,-0.8660254037844385,-0.5000000000000004,0,0,0,1,0.2945746918440924
1,24.0,3,-1,-1,1,1,-1,-1,0,1,8370000,23182500,0,-0.5000000000000004,0.8660254037844384,0,1,0,0,0.5660890456540059
1,45.0,41,1,1,1,1,1,1,1,1,16672500,676072500,0,-0.8660254037844386,0.5000000000000001,0,0,0,1,0.33010500426429396
1,32.0,20,-1,-1,-1,1,1,1,0,1,14782500,304792500,0,-0.8660254037844385,-0.5000000000000004,0,0,0,1,0.8100054968119388
1,34.0,1,-1,-1,-1,-1,-1,-1,0,1,7507500,7507500,0,1.0,6.123233995736766e-17,0,0,1,0,0.7296809665746965
1,47.0,4,-1,-1,-1,1,-1,-1,0,0,12120000,49867500,1,-0.5000000000000004,0.8660254037844384,0,0,0,1,0.7037925696380056
1,55.0,23,0,0,0,0,0,0,0,0,3127500,71085000,0,1.2246467991473532e-16,-1.0,1,0,0,0,0.19182868771754852
0,40.0,6,0,0,0,0,0,0,0,0,2925000,16020000,0,-0.4999999999999997,-0.8660254037844388,1,0,0,0,0.32565404096384865
1,44.0,8,0,0,0,0,0,0,0,1,2902500,22890000,0,0.4999999999999999,-0.8660254037844387,1,0,0,0,0.4072759660324686
1,60.0,18,1,-1,1,-1,1,-1,0,0,10425000,179910000,0,0.4999999999999999,0.8660254037844387,0,1,0,0,0.3897218290801365
1,43.0,52,1,-1,-1,-1,1,1,0,1,7320000,383257500,0,-0.5000000000000004,0.8660254037844384,0,0,1,0,0.4094648854438769
1,71.0,31,-1,1,-1,-1,1,1,0,1,14175000,446880000,0,-1.0,-1.8369701987210294e-16,0,0,0,1,0.8133826471094092
1,47.0,29,0,0,0,0,0,0,0,1,3097500,98227500,0,1.2246467991473532e-16,-1.0,1,0,0,0,0.21806944413547114
0,19.0,36,1,1,1,1,-1,1,1,1,15907500,575160000,0,0.8660254037844387,-0.4999999999999998,0,0,0,1,0.27416156577692097
0,49.0,16,-1,1,-1,-1,1,1,0,1,15000000,230212500,1,0.0,1.0,0,0,0,1,0.8586139104570177
1,45.0,42,-1,-1,1,1,1,1,1,1,16245000,687922500,0,-0.4999999999999997,-0.8660254037844388,0,0,0,1,0.44549142538981845
1,55.0,1,0,0,0,0,0,0,0,0,3082500,3082500,1,-0.8660254037844386,0.5000000000000001,1,0,0,0,0.3813475183395319
0,48.0,60,-1,1,1,-1,1,1,1,1,14947500,891157500,0,-0.8660254037844386,0.5000000000000001,0,0,0,1,0.414444524920961
1,38.0,5,-1,1,1,-1,-1,-1,0,1,12795000,63622500,1,-0.8660254037844386,0.5000000000000001,0,0,0,1,0.8122921956855489
1,25.0,22,1,-1,-1,1,1,-1,0,0,14385000,335242500,0,-0.8660254037844385,-0.5000000000000004,0,0,0,1,0.5451750872528277
1,37.0,36,0,0,0,0,0,0,1,0,3000000,100012500,0,0.8660254037844386,0.5000000000000001,1,0,0,0,0.0496123743128603
0,30.0,4,-1,-1,-1,-1,-1,-1,0,0,10560000,42150000,1,-0.4999999999999997,-0.8660254037844388,0,0,0,1,0.7924469562607684
1,33.0,9,1,-1,-1,1,-1,1,0,0,9742500,82170000,0,-1.0,-1.8369701987210294e-16,0,0,1,0,0.43403420608765997
1,47.0,1,-1,1,-1,-1,-1,-1,0,0,11190000,11190000,0,0.8660254037844387,-0.4999999999999998,0,0,0,1,0.7906925597006621
1,60.0,12,1,-1,-1,-1,-1,-1,0,1,7380000,85672500,0,-1.0,-1.8369701987210294e-16,0,1,0,0,0.4811322920660194
0,45.0,23,-1,-1,-1,1,1,1,1,1,11062500,263490000,0,0.8660254037844387,-0.4999999999999998,0,1,0,0,0.3018796636457375
1,26.0,62,1,1,-1,-1,-1,1,1,1,13845000,859717500,0,1.0,6.123233995736766e-17,0,0,0,1,0.2379680385163984
1,45.0,37,-1,-1,-1,1,1,1,0,0,14820000,521332500,1,-0.5000000000000004,0.8660254037844384,0,0,0,1,0.6443518938909413
0,54.0,8,0,0,0,0,0,0,0,0,2880000,23527500,0,0.0,1.0,1,0,0,0,0.3173226606773548
1,33.0,31,-1,-1,1,-1,1,-1,0,0,13297500,402480000,0,-0.4999999999999997,-0.8660254037844388,0,0,0,1,0.6847542556401459
1,38.0,13,-1,-1,-1,-1,-1,-1,0,1,11160000,134512500,1,1.0,6.123233995736766e-17,0,0,0,1,0.8092394933723416
0,40.0,24,-1,-1,1,-1,1,1,0,1,14812500,361095000,1,-1.0,-1.8369701987210294e-16,0,0,0,1,0.8465213143536239
1,31.0,45,-1,1,1,-1,-1,1,0,1,14392500,668497500,0,-1.0,-1.8369701987210294e-16,0,0,0,1,0.6756296128141838
0,48.0,69,-1,1,-1,1,1,1,1,0,15810000,1049842500,0,0.8660254037844387,-0.4999999999999998,0,0,0,1,0.1942738808619617
1,39.0,2,0,0,0,0,0,0,0,0,3037500,5520000,0,0.4999999999999999,0.8660254037844387,1,0,0,0,0.3821274675962403
1,45.0,61,1,1,-1,-1,1,1,1,1,15900000,982155000,1,-0.5000000000000004,0.8660254037844384,0,0,0,1,0.32025465957205423
1,29.0,41,-1,1,1,-1,1,1,0,1,15705000,651960000,1,-1.0,-1.8369701987210294e-16,0,0,0,1,0.7662788553377712
0,35.0,44,-1,-1,1,-1,1,1,1,1,7357500,339750000,0,-0.4999999999999997,-0.8660254037844388,0,0,1,0,0.32707871544112016
1,49.0,39,-1,-1,1,1,-1,-1,1,0,5332500,196372500,0,-0.8660254037844385,-0.5000000000000004,0,0,1,0,0.1083192708923192
1,36.0,72,1,1,1,1,1,1,1,1,9765000,713145000,0,1.2246467991473532e-16,-1.0,0,0,1,0,0.0691177017489194
0,61.0,13,-1,-1,1,-1,1,1,0,1,14527500,185332500,0,0.4999999999999999,-0.8660254037844387,0,0,0,1,0.8790737769437915
0,35.0,51,1,1,-1,1,-1,1,1,1,10462500,534375000,0,-1.0,-1.8369701987210294e-16,0,0,1,0,0.08193542034383695
0,43.0,71,-1,1,1,-1,1,1,1,1,14880000,1082062500,0,1.2246467991473532e-16,-1.0,0,0,0,1,0.353646073727776
1,51.0,22,-1,-1,-1,-1,1,1,0,1,14505000,312442500,1,0.0,1.0,0,0,0,1,0.8590358137785121
0,23.0,2,-1,1,-1,1,-1,-1,0,1,8257500,15412500,1,1.2246467991473532e-16,-1.0,0,0,1,0,0.5877854991295155
0,19.0,56,-1,1,1,-1,1,1,1,1,16020000,887160000,0,-1.0,-1.8369701987210294e-16,0,0,0,1,0.43359317501010114
1,22.0,1,1,-1,-1,-1,-1,-1,0,0,7687500,7687500,0,0.4999999999999999,0.8660254037844387,0,0,1,0,0.5475369353579772
0,55.0,23,1,1,-1,1,-1,-1,1,1,8662500,192427500,0,-0.8660254037844385,-0.5000000000000004,0,0,1,0,0.1312254046645592
0,33.0,66,-1,1,1,-1,1,-1,1,1,10627500,710827500,0,0.8660254037844387,-0.4999999999999998,0,1,0,0,0.09126182420911937
0,71.0,1,0,0,0,0,0,0,0,0,2932500,2932500,0,-1.0,-1.8369701987210294e-16,1,0,0,0,0.370825395882768
1,33.0,19,-1,1,-1,-1,1,-1,0,1,13230000,266370000,1,0.8660254037844387,-0.4999999999999998,0,0,0,1,0.8124322113862172
1,42.0,11,1,-1,1,-1,-1,-1,0,1,11925000,119347500,0,0.0,1.0,0,0,0,1,0.7395620950770703
0,59.0,8,0,0,0,0,0,0,1,1,2962500,21750000,1,0.8660254037844386,0.5000000000000001,1,0,0,0,0.19456069950545313
0,64.0,52,1,1,1,-1,-1,1,0,0,14722500,749010000,0,-0.8660254037844385,-0.5000000000000004,0,0,0,1,0.40272469870335686
1,65.0,3,0,0,0,0,0,0,0,1,3037500,9217500,0,-0.8660254037844385,-0.5000000000000004,1,0,0,0,0.44890564092874385
0,55.0,51,1,1,-1,-1,-1,-1,0,1,11872500,602782500,0,0.0,1.0,0,0,0,1,0.4307485985772677
1,52.0,15,-1,-1,-1,-1,-1,-1,0,0,11347500,171997500,1,-1.0,-1.8369701987210294e-16,0,0,0,1,0.7219273069530249
1,47.0,64,-1,1,1,-1,-1,1,0,1,14137500,912210000,0,-0.4999999999999997,-0.8660254037844388,0,0,0,1,0.5474707215129451
0,49.0,37,-1,-1,1,-1,-1,1,0,1,6030000,221827500,0,-0.8660254037844385,-0.5000000000000004,0,1,0,0,0.4896723768259803
1,33.0,13,0,0,0,0,0,0,1,0,2992500,36547500,0,0.8660254037844387,-0.4999999999999998,1,0,0,0,0.11975165713010213
1,30.0,49,1,-1,-1,-1,-1,-1,1,1,8302500,395092500,0,1.0,6.123233995736766e-17,0,0,1,0,0.09796304201025001
0,40.0,45,-1,-1,1,-1,1,1,1,1,15322500,710302500,0,-0.8660254037844386,0.5000000000000001,0,0,0,1,0.5374297737035992
0,38.0,18,-1,-1,-1,-1,-1,-1,0,1,10665000,187162500,0,0.8660254037844386,0.5000000000000001,0,0,0,1,0.7886548058111706
1,35.0,1,-1,-1,-1,-1,-1,-1,0,1,11205000,11205000,1,-1.0,-1.8369701987210294e-16,0,0,0,1,0.8582501475394005
1,48.0,68,1,-1,1,-1,1,1,1,1,8115000,569175000,0,1.0,6.123233995736766e-17,0,1,0,0,0.10304612148287447
1,51.0,54,0,0,0,0,0,0,1,0,2947500,151305000,0,0.4999999999999999,0.8660254037844387,1,0,0,0,0.023694993314006048
0,41.0,23,-1,1,1,-1,-1,1,0,1,13267500,319582500,0,-0.8660254037844385,-0.5000000000000004,0,0,0,1,0.7917964112842317
1,58.0,17,-1,-1,1,-1,-1,-1,0,1,11497500,197032500,1,0.8660254037844387,-0.4999999999999998,0,0,0,1,0.7853505252375816
1,26.0,71,1,1,1,1,-1,1,1,0,12060000,859072500,0,0.0,1.0,0,0,1,0,0.03369466418903477
0,38.0,67,0,0,0,0,0,0,1,1,2887500,205935000,0,0.4999999999999999,0.8660254037844387,1,0,0,0,0.020468920618918418
0,31.0,14,-1,-1,-1,-1,1,-1,0,1,12720000,180585000,0,-0.8660254037844386,0.5000000000000001,0,0,0,1,0.843828797419182
0,18.0,1,-1,-1,-1,-1,-1,-1,0,1,3870000,3870000,1,0.0,1.0,0,0,1,0,0.7966168624386799
0,39.0,63,0,0,0,0,0,0,1,0,2925000,182265000,0,0.8660254037844387,-0.4999999999999998,1,0,0,0,0.01567547577124252
0,39.0,41,-1,-1,1,1,-1,1,1,1,10290000,431557500,0,0.0,1.0,0,1,0,0,0.14961608695418036
0,58.0,17,-1,-1,-1,-1,1,1,0,0,13890000,236955000,0,0.8660254037844386,0.5000000000000001,0,0,0,1,0.827626356763337
1,48.0,56,1,-1,-1,-1,1,1,1,1,15082500,827242500,0,-0.8660254037844386,0.5000000000000001,0,0,0,1,0.35851450099083043
0,28.0,5,0,0,0,0,0,0,0,0,3082500,14415000,0,1.0,6.123233995736766e-17,1,0,0,0,0.34329448059005707
0,62.0,2,1,1,-1,-1,-1,1,0,1,6390000,10860000,1,0.4999999999999999,-0.8660254037844387,0,0,1,0,0.7193683814569006
0,55.0,3,0,0,0,0,0,0,0,1,2940000,8287500,0,1.2246467991473532e-16,-1.0,1,0,0,0,0.44524405536777123
1,47.0,37,1,1,1,1,-1,-1,1,0,10117500,366495000,0,0.8660254037844386,0.5000000000000001,0,0,1,0,0.06081117929565687
0,37.0,29,1,1,1,-1,-1,1,0,1,10327500,295575000,1,-0.8660254037844386,0.5000000000000001,0,0,1,0,0.43151946637695004
1,28.0,8,-1,-1,-1,-1,-1,-1,0,0,6532500,50310000,0,-1.0,-1.8369701987210294e-16,0,0,1,0,0.6031130160542041
0,36.0,63,-1,1,1,1,1,1,0,1,16477500,1050442500,0,0.8660254037844386,0.5000000000000001,0,0,0,1,0.5645238658389313
0,53.0,7,0,0,0,0,0,0,0,0,3097500,23842500,0,1.2246467991473532e-16,-1.0,1,0,0,0,0.3122235928363866
0,63.0,3,-1,1,-1,-1,1,1,0,0,14310000,43972500,0,-0.4999999999999997,-0.8660254037844388,0,0,0,1,0.8538185432846396
1,59.0,72,0,0,0,0,0,0,1,0,3150000,224062500,0,0.4999999999999999,-0.8660254037844387,1,0,0,0,0.010751190244967467
0,34.0,19,-1,-1,-1,-1,-1,1,0,1,8430000,164010000,0,0.0,1.0,0,0,1,0,0.671628787678484
0,27.0,59,0,0,0,0,0,0,1,0,2760000,158677500,0,1.2246467991473532e-16,-1.0,1,0,0,0,0.018291990182204832
1,42.0,2,-1,-1,1,1,-1,1,0,0,13500000,28507500,1,-0.4999999999999997,-0.8660254037844388,0,0,0,1,0.7723159859584667
0,19.0,35,0,0,0,0,0,0,0,1,3862500,132382500,0,0.4999999999999999,0.8660254037844387,1,0,0,0,0.1759622071565583
1,44.0,14,0,0,0,0,0,0,0,0,2940000,45060000,0,0.0,1.0,1,0,0,0,0.27302916820143264
0,38.0,14,-1,-1,1,-1,-1,-1,0,0,11302500,153892500,1,0.8660254037844386,0.5000000000000001,0,0,0,1,0.7340525880477052
0,34.0,69,0,0,0,0,0,0,1,0,2970000,215542500,0,-0.5000000000000004,0.8660254037844384,1,0,0,0,0.012650636990134677
1,21.0,7,1,1,-1,1,-1,-1,0,0,9630000,71250000,0,1.0,6.123233995736766e-17,0,1,0,0,0.290141773987844
1,46.0,69,1,1,1,1,1,-1,1,1,11362500,808222500,0,0.8660254037844386,0.5000000000000001,0,1,0,0,0.04184283929039038
0,34.0,72,-1,1,-1,1,1,1,1,1,11842500,859522500,0,0.0,1.0,0,1,0,0,0.08217448708319343
1,26.0,8,-1,1,-1,-1,1,1,0,0,15127500,122932500,1,-0.8660254037844386,0.5000000000000001,0,0,0,1,0.8388780124005021
0,18.0,4,1,-1,-1,-1,-1,-1,0,0,7545000,32565000,0,-0.8660254037844386,0.5000000000000001,0,1,0,0,0.4580506196620916
1,40.0,63,-1,1,1,-1,-1,-1,0,1,12045000,734452500,0,0.8660254037844387,-0.4999999999999998,0,0,0,1,0.4467377083123733
1,61.0,72,0,0,0,0,0,0,1,0,2977500,215115000,0,-0.5000000000000004,0.8660254037844384,1,0,0,0,0.011101472059486438
0,60.0,46,0,0,0,0,0,0,1,1,3165000,140565000,0,-0.8660254037844386,0.5000000000000001,1,0,0,0,0.044699546260874794
0,35.0,5,-1,-1,-1,-1,-1,-1,0,0,10492500,49522500,1,1.2246467991473532e-16,-1.0,0,0,0,1,0.7874799976138463
1,33.0,30,-1,-1,1,-1,-1,-1,0,1,7500000,221235000,0,-1.0,-1.8369701987210294e-16,0,0,1,0,0.48473035130000836
1,46.0,63,-1,1,1,-1,1,1,1,1,15712500,980475000,0,-0.8660254037844386,0.5000000000000001,0,0,0,1,0.3995596883410625
0,28.0,60,0,0,0,0,0,0,1,0,2977500,169215000,0,0.4999999999999999,-0.8660254037844387,1,0,0,0,0.017490335898204368
0,44.0,63,-1,1,1,-1,1,1,1,1,16125000,1031062500,1,-0.8660254037844386,0.5000000000000001,0,0,0,1,0.39863397197264855
1,49.0,25,-1,-1,-1,1,1,-1,0,0,12885000,329857500,0,1.0,6.123233995736766e-17,0,0,0,1,0.6516338382583392
1,55.0,1,-1,-1,-1,-1,-1,-1,0,1,6877500,6877500,1,1.2246467991473532e-16,-1.0,0,1,0,0,0.6875775292785027
1,39.0,6,-1,-1,1,-1,-1,-1,0,1,12120000,68565000,0,0.8660254037844386,0.5000000000000001,0,0,0,1,0.832525907298529
1,38.0,22,0,0,0,0,0,0,1,0,3787500,84975000,0,0.8660254037844386,0.5000000000000001,1,0,0,0,0.08249438756880355
0,29.0,31,-1,1,-1,1,1,1,1,0,12082500,370740000,0,0.8660254037844387,-0.4999999999999998,0,0,1,0,0.19534871732248973
0,30.0,39,-1,-1,1,1,-1,-1,0,1,12225000,466095000,0,1.2246467991473532e-16,-1.0,0,0,0,1,0.5410383478954995
1,37.0,26,0,0,0,0,0,0,0,0,3135000,77745000,0,-0.5000000000000004,0.8660254037844384,1,0,0,0,0.1803024767093917
0,44.0,53,1,1,1,-1,1,1,1,1,15915000,865462500,1,-0.8660254037844385,-0.5000000000000004,0,0,0,1,0.3550237646024934
0,51.0,1,-1,1,-1,1,1,-1,0,0,13755000,13755000,1,1.2246467991473532e-16,-1.0,0,0,0,1,0.7409732539030567
1,30.0,12,1,1,-1,1,-1,-1,0,1,10087500,124845000,0,-1.0,-1.8369701987210294e-16,0,0,1,0,0.3704172194920254
0,58.0,16,-1,1,1,-1,-1,1,0,1,14340000,233347500,1,-1.0,-1.8369701987210294e-16,0,0,0,1,0.8056529141272809
0,37.0,2,0,0,0,0,0,0,0,0,3052500,6795000,0,1.2246467991473532e-16,-1.0,1,0,0,0,0.3629270286908015
1,40.0,39,1,-1,-1,1,1,-1,1,0,6757500,268590000,0,0.8660254037844387,-0.4999999999999998,0,1,0,0,0.08726780222077431
1,31.0,1,-1,-1,-1,-1,-1,-1,0,1,11242500,11242500,1,0.4999999999999999,0.8660254037844387,0,0,0,1,0.8631352775245498
0,18.0,7,1,-1,-1,1,-1,-1,0,0,5197500,36990000,0,1.2246467991473532e-16,-1.0,0,0,1,0,0.43957292080234783
1,51.0,4,-1,-1,-1,-1,-1,-1,0,0,10402500,39247500,0,-0.5000000000000004,0.8660254037844384,0,0,0,1,0.8034140954888994
1,49.0,10,-1,-1,-1,-1,1,1,0,1,14302500,134752500,1,-1.0,-1.8369701987210294e-16,0,0,0,1,0.8911024570794241
0,37.0,55,-1,1,1,-1,-1,-1,0,1,12232500,676425000,0,-1.0,-1.8369701987210294e-16,0,0,0,1,0.503433895468919
1,41.0,72,-1,1,1,-1,1,1,1,1,11310000,822037500,0,-1.0,-1.8369701987210294e-16,0,0,1,0,0.14065230888062522
0,46.0,10,-1,-1,1,-1,1,1,0,1,10170000,97972500,0,0.0,1.0,0,0,1,0,0.7845493427098472
1,21.0,11,-1,1,1,1,1,1,0,1,16710000,177457500,0,1.0,6.123233995736766e-17,0,0,0,1,0.8125876295883288
0,34.0,15,-1,-1,-1,-1,-1,-1,0,0,6945000,95917500,0,1.2246467991473532e-16,-1.0,0,1,0,0,0.46303190504810904
0,50.0,23,0,0,0,0,0,0,1,0,3060000,71812500,0,-1.0,-1.8369701987210294e-16,1,0,0,0,0.0774976161062151
1,25.0,1,0,0,0,0,0,0,0,0,3007500,3007500,0,0.8660254037844386,0.5000000000000001,1,0,0,0,0.39510047224007216
0,44.0,3,-1,-1,-1,-1,-1,-1,0,0,6750000,19065000,1,-0.8660254037844386,0.5000000000000001,0,1,0,0,0.5835638636446977
1,24.0,47,1,1,1,-1,-1,1,1,1,14415000,658717500,0,-0.8660254037844386,0.5000000000000001,0,0,0,1,0.30967931653779973
0,46.0,15,0,0,0,0,0,0,1,0,2947500,40590000,0,0.4999999999999999,-0.8660254037844387,1,0,0,0,0.10576099842491024
1,40.0,66,-1,1,1,-1,1,1,0,0,14925000,1006575000,1,0.8660254037844387,-0.4999999999999998,0,0,0,1,0.553831109736209
0,21.0,68,-1,1,1,1,-1,-1,1,1,9097500,596385000,0,-1.0,-1.8369701987210294e-16,0,0,1,0,0.0481394800665079
0,54.0,17,-1,-1,1,1,1,1,1,0,14790000,255742500,1,-0.5000000000000004,0.8660254037844384,0,0,0,1,0.5257556438423603
0,31.0,7,-1,-1,-1,1,1,-1,0,1,8925000,62392500,1,1.2246467991473532e-16,-1.0,0,0,1,0,0.6509727949433406
1,30.0,12,-1,-1,-1,-1,-1,1,0,1,12067500,142530000,1,1.2246467991473532e-16,-1.0,0,0,0,1,0.8622968561914086
0,42.0,21,-1,1,1,-1,-1,1,1,0,10755000,224557500,0,0.0,1.0,0,1,0,0,0.2232450297549481
1,54.0,21,-1,1,-1,1,-1,-1,0,1,5400000,117022500,0,-0.8660254037844385,-0.5000000000000004,0,0,1,0,0.48071051723049224
0,28.0,56,1,-1,-1,-1,1,-1,1,0,9780000,526822500,0,0.4999999999999999,-0.8660254037844387,0,0,1,0,0.0731861760948076
0,41.0,6,-1,-1,-1,-1,-1,-1,0,1,7342500,40987500,0,0.4999999999999999,-0.8660254037844387,0,0,1,0,0.6811485055855353
0,45.0,65,-1,1,1,-1,1,1,1,1,8025000,527685000,0,-0.8660254037844386,0.5000000000000001,0,0,1,0,0.17232968602123036
1,48.0,42,1,-1,-1,1,1,1,1,0,12067500,506385000,0,-0.5000000000000004,0.8660254037844384,0,1,0,0,0.0952040205942729
0,42.0,68,1,-1,1,1,1,1,1,1,16357500,1126282500,0,1.2246467991473532e-16,-1.0,0,0,0,1,0.21928991699188266
1,36.0,48,0,0,0,0,0,0,1,0,3945000,186757500,0,0.8660254037844386,0.5000000000000001,1,0,0,0,0.02967850197752976
0,30.0,50,-1,1,-1,1,1,1,1,1,16020000,802192500,0,-0.8660254037844385,-0.5000000000000004,0,0,0,1,0.37183327653429055
0,41.0,7,-1,1,1,-1,1,-1,0,1,9742500,74047500,0,0.4999999999999999,0.8660254037844387,0,1,0,0,0.6670813838896638
0,27.0,63,0,0,0,0,0,0,1,0,2902500,189577500,0,0.8660254037844386,0.5000000000000001,1,0,0,0,0.016424150885872284
1,18.0,17,0,0,0,0,0,0,0,0,3165000,57832500,0,1.0,6.123233995736766e-17,1,0,0,0,0.2475241661225193
0,45.0,42,-1,-1,-1,-1,1,-1,0,1,11692500,507600000,1,-0.8660254037844385,-0.5000000000000004,0,0,0,1,0.7142087830749937
1,51.0,4,0,0,0,0,0,0,0,0,2827500,12630000,0,0.4999999999999999,0.8660254037844387,1,0,0,0,0.3654377013540822
0,18.0,62,0,0,0,0,0,0,1,0,3900000,245805000,0,1.0,6.123233995736766e-17,1,0,0,0,0.01669709777872702
1,28.0,2,-1,1,-1,-1,-1,-1,0,1,11205000,24810000,1,0.0,1.0,0,0,0,1,0.849781949219604
0,47.0,2,-1,-1,-1,-1,-1,-1,0,1,10552500,18037500,0,0.8660254037844386,0.5000000000000001,0,0,0,1,0.8614167567536707
1,65.0,48,1,1,1,-1,1,-1,1,1,14535000,671017500,0,0.8660254037844387,-0.4999999999999998,0,0,0,1,0.28677029586660274
1,40.0,27,0,0,0,0,0,0,1,0,2932500,78082500,0,1.0,6.123233995736766e-17,1,0,0,0,0.07097163624879559
0,31.0,70,-1,1,1,1,1,1,1,1,12060000,857677500,0,1.0,6.123233995736766e-17,0,1,0,0,0.08817546534348943
1,38.0,1,-1,-1,1,-1,1,-1,0,1,13320000,13320000,1,-0.5000000000000004,0.8660254037844384,0,0,0,1,0.886081047555913
1,56.0,46,-1,1,1,-1,1,-1,1,1,14197500,646875000,0,0.4999999999999999,-0.8660254037844387,0,0,0,1,0.4001504252644132
1,32.0,30,-1,-1,-1,-1,1,1,0,1,13537500,413302500,1,0.4999999999999999,0.8660254037844387,0,0,0,1,0.84547140664151
0,30.0,15,1,-1,-1,-1,-1,1,0,1,9697500,149182500,1,0.8660254037844386,0.5000000000000001,0,1,0,0,0.5296299566742125
1,34.0,69,-1,1,1,-1,1,-1,1,0,14362500,976687500,0,0.8660254037844386,0.5000000000000001,0,0,0,1,0.20368366643458694
1,29.0,65,0,0,0,0,0,0,1,1,2932500,182797500,0,0.8660254037844386,0.5000000000000001,1,0,0,0,0.02240191561628669
1,41.0,72,1,-1,1,1,1,1,1,1,15615000,1117155000,0,0.0,1.0,0,0,0,1,0.21285438854319488
1,59.0,13,-1,1,-1,1,-1,1,0,1,13357500,175402500,1,0.4999999999999999,0.8660254037844387,0,0,0,1,0.7790100310788268
1,44.0,17,0,0,0,0,0,0,1,1,3015000,41925000,0,0.8660254037844386,0.5000000000000001,1,0,0,0,0.1456048332574018
1,37.0,51,1,-1,1,1,1,1,1,1,16732500,858052500,0,0.0,1.0,0,0,0,1,0.30803275209192155
1,36.0,51,1,1,-1,1,-1,-1,1,0,9075000,468217500,0,-0.5000000000000004,0.8660254037844384,0,0,1,0,0.04101015008840717
0,21.0,72,1,1,1,1,1,1,1,1,13642500,970290000,0,-0.4999999999999997,-0.8660254037844388,0,1,0,0,0.05270054351031054
1,51.0,67,-1,1,1,-1,-1,-1,1,0,13110000,887820000,1,0.4999999999999999,-0.8660254037844387,0,0,0,1,0.14890835849613823
1,39.0,34,0,0,0,0,0,0,0,0,2955000,101340000,0,1.2246467991473532e-16,-1.0,1,0,0,0,0.1331557856332995
1,38.0,67,1,1,-1,1,-1,1,1,1,7642500,528255000,0,-0.8660254037844385,-0.5000000000000004,0,0,1,0,0.05474799902243013
0,75.0,49,0,0,0,0,0,0,1,1,3007500,138465000,0,1.2246467991473532e-16,-1.0,1,0,0,0,0.038223328853892846
1,44.0,53,0,0,0,0,0,0,1,1,2910000,166552500,0,0.4999999999999999,-0.8660254037844387,1,0,0,0,0.03586814556525818
1,31.0,27,-1,-1,1,1,-1,-1,0,0,8917500,241747500,0,0.4999999999999999,0.8660254037844387,0,0,1,0,0.3162901150788171
0,35.0,23,-1,1,-1,-1,1,1,0,1,14212500,344040000,1,-0.8660254037844386,0.5000000000000001,0,0,0,1,0.8467958995100412
1,54.0,69,1,1,1,1,-1,1,1,1,12225000,832987500,0,0.8660254037844387,-0.4999999999999998,0,1,0,0,0.03957766800592636
0,41.0,2,-1,-1,-1,1,-1,-1,0,0,4357500,6712500,0,0.8660254037844386,0.5000000000000001,0,0,1,0,0.6177669821757961
0,23.0,35,-1,-1,-1,-1,1,-1,0,1,12967500,454365000,1,-0.4999999999999997,-0.8660254037844388,0,0,0,1,0.7402402468298172
0,51.0,46,1,1,-1,1,-1,1,1,0,10590000,484657500,0,-0.5000000000000004,0.8660254037844384,0,0,1,0,0.0662927382821443
0,32.0,54,-1,1,-1,-1,1,1,1,1,14580000,769417500,0,-0.5000000000000004,0.8660254037844384,0,0,0,1,0.4531864500028951
0,62.0,56,-1,1,-1,-1,1,1,1,1,14737500,826252500,1,1.2246467991473532e-16,-1.0,0,0,0,1,0.42964352236271003
0,53.0,9,-1,-1,1,-1,-1,-1,0,1,11362500,98385000,1,-0.4999999999999997,-0.8660254037844388,0,0,0,1,0.8160726273169704
1,35.0,20,1,-1,-1,1,-1,-1,0,0,8880000,178680000,0,-0.4999999999999997,-0.8660254037844388,0,1,0,0,0.22482834473898733
1,55.0,11,-1,1,-1,-1,-1,-1,0,1,11385000,129960000,0,0.8660254037844387,-0.4999999999999998,0,0,0,1,0.8012640734156029
0,41.0,30,-1,1,-1,-1,1,-1,0,1,13507500,394080000,0,-0.4999999999999997,-0.8660254037844388,0,0,0,1,0.7383866395672463
1,50.0,68,1,1,1,-1,-1,1,1,0,10642500,711217500,0,0.4999999999999999,0.8660254037844387,0,0,1,0,0.05158348858077013
1,46.0,38,-1,1,1,-1,1,1,0,1,15390000,601380000,0,-1.0,-1.8369701987210294e-16,0,0,0,1,0.7814734021088999
0,30.0,17,1,-1,1,-1,-1,-1,0,1,12802500,219517500,1,0.0,1.0,0,0,0,1,0.6879290172741267
1,32.0,48,-1,1,1,-1,1,1,1,1,15915000,762420000,1,0.8660254037844386,0.5000000000000001,0,0,0,1,0.49978798778192335
0,52.0,1,-1,-1,-1,-1,-1,-1,0,0,6570000,6570000,0,0.8660254037844386,0.5000000000000001,0,0,1,0,0.6595944363104451
1,36.0,63,1,1,1,-1,1,1,1,0,8850000,556140000,0,-0.4999999999999997,-0.8660254037844388,0,0,1,0,0.08945204642691
0,35.0,3,-1,-1,1,-1,1,1,1,1,10492500,33067500,0,-0.8660254037844385,-0.5000000000000004,0,0,1,0,0.604615948659734
0,29.0,48,0,0,0,0,0,0,1,0,3652500,170055000,0,-0.5000000000000004,0.8660254037844384,1,0,0,0,0.028886051477589363
1,45.0,66,-1,-1,-1,1,-1,-1,1,0,4417500,297472500,0,0.4999999999999999,-0.8660254037844387,0,1,0,0,0.034211054742478784
0,65.0,68,-1,1,1,-1,-1,-1,1,1,12660000,862012500,0,-0.8660254037844385,-0.5000000000000004,0,0,0,1,0.19139966779941794
1,27.0,17,-1,-1,-1,-1,-1,-1,0,1,6757500,115590000,1,0.4999999999999999,0.8660254037844387,0,1,0,0,0.5714932606443425
0,40.0,7,0,0,0,0,0,0,1,0,3097500,20107500,0,1.0,6.123233995736766e-17,1,0,0,0,0.14487309162722145
1,57.0,72,1,1,1,1,1,1,1,1,13065000,934515000,0,-1.0,-1.8369701987210294e-16,0,0,1,0,0.06600789090740293
0,39.0,29,0,0,0,0,0,0,0,0,2977500,85957500,0,1.0,6.123233995736766e-17,1,0,0,0,0.15974590805238956
1,45.0,37,-1,-1,1,1,-1,1,0,1,13552500,512895000,0,0.8660254037844386,0.5000000000000001,0,0,0,1,0.6697453452724814
0,27.0,34,1,1,1,-1,1,1,0,1,16470000,538087500,1,-0.8660254037844385,-0.5000000000000004,0,0,0,1,0.6930989274283725
0,45.0,42,-1,-1,-1,-1,1,-1,0,1,12697500,531202500,1,-0.5000000000000004,0.8660254037844384,0,0,0,1,0.706896229247385
0,38.0,59,1,1,-1,1,-1,-1,1,0,9825000,570195000,0,0.0,1.0,0,0,1,0,0.029755554955372413
1,52.0,11,-1,-1,-1,-1,1,-1,0,1,11925000,130275000,1,0.8660254037844387,-0.4999999999999998,0,0,0,1,0.8644641081500849
1,54.0,60,1,-1,-1,-1,-1,-1,0,1,12142500,728865000,0,0.0,1.0,0,0,0,1,0.3937408655462854
0,71.0,27,-1,1,-1,1,-1,-1,0,1,8422500,215902500,0,0.8660254037844387,-0.4999999999999998,0,0,1,0,0.36316050698489566
0,47.0,1,-1,-1,-1,-1,-1,1,0,0,12870000,12870000,1,-0.8660254037844385,-0.5000000000000004,0,0,0,1,0.8376560144404172
1,44.0,1,-1,-1,-1,-1,1,-1,0,1,11865000,11865000,1,-1.0,-1.8369701987210294e-16,0,0,0,1,0.8958744290771108
1,42.0,17,1,-1,1,-1,-1,-1,0,0,5160000,88912500,0,-0.8660254037844386,0.5000000000000001,0,1,0,0,0.3986110938514364
1,36.0,58,0,0,0,0,0,0,1,0,3112500,177892500,0,-0.8660254037844386,0.5000000000000001,1,0,0,0,0.0198756729059663
1,44.0,1,0,0,0,0,0,0,1,0,2820000,2820000,0,-1.0,-1.8369701987210294e-16,1,0,0,0,0.18389734314988787
0,36.0,3,-1,-1,-1,-1,-1,-1,0,0,6645000,20175000,1,0.4999999999999999,0.8660254037844387,0,0,1,0,0.6451972414121481
0,42.0,53,1,1,1,-1,-1,-1,0,0,13620000,738180000,0,-0.4999999999999997,-0.8660254037844388,0,0,0,1,0.31398343539945467
1,56.0,35,0,0,0,0,0,0,0,1,3840000,135187500,0,-0.8660254037844385,-0.5000000000000004,1,0,0,0,0.169418459289402
1,28.0,50,1,-1,1,-1,1,1,0,0,15892500,801270000,1,-0.5000000000000004,0.8660254037844384,0,0,0,1,0.5652523974730093
1,54.0,68,-1,1,-1,1,-1,1,1,0,10620000,728992500,0,0.4999999999999999,-0.8660254037844387,0,0,1,0,0.05167368895457405
1,56.0,47,0,0,0,0,0,0,0,0,3810000,170880000,0,-1.0,-1.8369701987210294e-16,1,0,0,0,0.07770007280215199
0,39.0,65,-1,1,1,-1,1,1,0,1,16320000,1062367500,0,-0.8660254037844385,-0.5000000000000004,0,0,0,1,0.6292550995521659
1,18.0,5,-1,-1,-1,-1,-1,-1,0,1,10462500,48690000,1,-1.0,-1.8369701987210294e-16,0,0,0,1,0.853368048452361
1,33.0,51,-1,-1,-1,-1,1,1,0,1,14197500,721912500,1,0.8660254037844386,0.5000000000000001,0,0,0,1,0.7466143935094722
0,56.0,46,-1,-1,-1,-1,1,1,0,0,14407500,659925000,1,0.8660254037844386,0.5000000000000001,0,0,0,1,0.6813301274526111
0,40.0,9,-1,-1,-1,-1,-1,-1,0,1,11527500,99532500,0,1.0,6.123233995736766e-17,0,0,0,1,0.8188906363128118
0,28.0,8,0,0,0,0,0,0,1,0,3037500,26197500,0,0.0,1.0,1,0,0,0,0.1436260081678023
1,34.0,14,0,0,0,0,0,0,1,1,3720000,48255000,0,1.2246467991473532e-16,-1.0,1,0,0,0,0.14992659040733736
0,50.0,45,1,1,1,1,1,1,0,1,17347500,768825000,0,0.8660254037844387,-0.4999999999999998,0,0,0,1,0.539034023222646
0,47.0,8,-1,-1,-1,-1,-1,-1,0,1,11190000,82335000,0,-0.8660254037844385,-0.5000000000000004,0,0,0,1,0.8210622783429056
1,37.0,1,-1,-1,1,-1,-1,-1,0,1,7522500,7522500,1,0.4999999999999999,0.8660254037844387,0,0,1,0,0.7351508206668002
1,36.0,66,1,1,1,-1,1,1,1,1,15472500,1054695000,0,1.2246467991473532e-16,-1.0,0,0,0,1,0.29929781408889133
1,35.0,72,1,1,1,1,-1,-1,1,0,10815000,752497500,0,-0.8660254037844385,-0.5000000000000004,0,1,0,0,0.015568923537360285
0,29.0,41,1,1,1,1,1,1,0,1,17040000,689242500,1,-0.8660254037844385,-0.5000000000000004,0,0,0,1,0.5644413166050293
0,59.0,23,0,0,0,0,0,0,1,0,3765000,91717500,0,0.0,1.0,1,0,0,0,0.0762678710789317
0,36.0,29,-1,-1,-1,-1,1,-1,0,1,11835000,357622500,1,1.2246467991473532e-16,-1.0,0,0,0,1,0.7862470934265664
0,55.0,4,1,-1,-1,-1,-1,-1,0,1,12022500,47977500,0,-0.8660254037844386,0.5000000000000001,0,0,0,1,0.7636803156756974
1,58.0,6,0,0,0,0,0,0,1,0,3810000,22995000,0,0.4999999999999999,-0.8660254037844387,1,0,0,0,0.14042364058894283
0,52.0,67,1,1,1,1,-1,1,1,1,15810000,1055340000,0,-0.4999999999999997,-0.8660254037844388,0,0,0,1,0.14316761208233061
1,35.0,7,-1,-1,-1,-1,-1,-1,0,1,6862500,51630000,0,0.8660254037844387,-0.4999999999999998,0,0,1,0,0.6962943649292043
1,45.0,56,0,0,0,0,0,0,1,1,3667500,214747500,0,0.4999999999999999,-0.8660254037844387,1,0,0,0,0.030935701759545433
0,40.0,72,0,0,0,0,0,0,1,0,3750000,277380000,0,-0.5000000000000004,0.8660254037844384,1,0,0,0,0.011006039900606307
1,29.0,72,1,1,1,-1,1,1,1,1,12787500,912465000,0,-0.8660254037844386,0.5000000000000001,0,1,0,0,0.07968608039650751
1,44.0,23,0,0,0,0,0,0,1,0,2940000,63997500,0,-0.8660254037844385,-0.5000000000000004,1,0,0,0,0.0796139899939274
0,26.0,35,-1,-1,-1,-1,-1,-1,0,0,7522500,248302500,0,0.0,1.0,0,1,0,0,0.2955052827227107
1,54.0,27,-1,-1,-1,-1,-1,-1,0,1,10582500,291585000,0,0.0,1.0,0,0,0,1,0.7449929886143165
0,34.0,26,-1,1,-1,1,-1,-1,0,1,9007500,242422500,1,0.8660254037844387,-0.4999999999999998,0,0,1,0,0.3758288517059661
1,42.0,12,0,0,0,0,0,0,1,0,3960000,47242500,0,0.4999999999999999,-0.8660254037844387,1,0,0,0,0.11327732244552628
0,43.0,40,0,0,0,0,0,0,1,0,3022500,120727500,0,1.2246467991473532e-16,-1.0,1,0,0,0,0.03927316643996032
1,37.0,7,1,1,1,-1,1,1,0,0,8827500,69855000,0,-1.0,-1.8369701987210294e-16,0,1,0,0,0.6060433513424389
1,47.0,70,1,1,-1,-1,1,-1,0,1,14632500,1000357500,0,0.4999999999999999,-0.8660254037844387,0,0,0,1,0.3848034182199271
1,34.0,60,0,0,0,0,0,0,1,0,2947500,174262500,0,-0.8660254037844386,0.5000000000000001,1,0,0,0,0.018402875290800293
1,50.0,39,-1,-1,-1,-1,-1,-1,1,1,3787500,142162500,0,0.8660254037844386,0.5000000000000001,0,0,1,0,0.22774147109484774
1,24.0,72,1,1,1,1,1,1,1,0,17167500,1256257500,0,0.8660254037844387,-0.4999999999999998,0,0,0,1,0.14633313455836003
0,42.0,1,-1,-1,-1,-1,1,-1,0,1,5205000,5205000,1,-0.8660254037844386,0.5000000000000001,0,0,1,0,0.8332852240347712
1,63.0,54,-1,1,-1,1,1,-1,1,1,10605000,565500000,0,0.8660254037844387,-0.4999999999999998,0,0,1,0,0.10719375664117305
1,28.0,3,-1,-1,-1,-1,-1,1,0,1,12795000,39720000,1,0.8660254037844387,-0.4999999999999998,0,0,0,1,0.8866795830064923
0,32.0,63,1,1,1,1,1,-1,1,0,11332500,706177500,0,-0.4999999999999997,-0.8660254037844388,0,1,0,0,0.030646808533367414
1,46.0,71,-1,1,-1,1,-1,-1,1,1,12720000,922860000,0,-0.4999999999999997,-0.8660254037844388,0,0,0,1,0.13547615712442243
0,42.0,42,0,0,0,0,0,0,1,1,3097500,143715000,0,0.4999999999999999,-0.8660254037844387,1,0,0,0,0.05397548264886742
1,44.0,47,0,0,0,0,0,0,1,0,3067500,141450000,0,0.4999999999999999,-0.8660254037844387,1,0,0,0,0.030587474567937593
0,46.0,66,-1,1,1,-1,1,1,1,1,15367500,992272500,1,-1.0,-1.8369701987210294e-16,0,0,0,1,0.36826876148624044
0,48.0,21,1,-1,1,-1,1,1,0,1,15660000,330037500,1,-1.0,-1.8369701987210294e-16,0,0,0,1,0.7840590489316435
1,53.0,11,-1,1,-1,1,-1,-1,0,1,5347500,63765000,0,0.4999999999999999,-0.8660254037844387,0,0,1,0,0.5813131579569548
1,45.0,1,-1,-1,1,-1,1,1,0,1,14962500,14962500,1,0.4999999999999999,0.8660254037844387,0,0,0,1,0.9125732914664649
0,37.0,55,-1,1,1,1,-1,-1,0,0,13567500,756720000,0,-0.8660254037844385,-0.5000000000000004,0,0,0,1,0.31079448245064084
1,48.0,69,-1,1,1,1,1,-1,1,1,14647500,1011532500,0,0.4999999999999999,-0.8660254037844387,0,0,0,1,0.20046380256411478
0,63.0,3,-1,-1,1,-1,-1,-1,0,0,11077500,29460000,0,-0.8660254037844385,-0.5000000000000004,0,0,0,1,0.7868635327065971
1,38.0,4,-1,-1,1,1,1,1,0,1,11160000,44955000,1,1.2246467991473532e-16,-1.0,0,0,1,0,0.73187489526664
1,28.0,30,-1,-1,1,1,1,-1,1,1,10365000,314085000,0,-1.0,-1.8369701987210294e-16,0,1,0,0,0.19394497474364925
0,53.0,5,-1,-1,1,1,-1,-1,0,1,12412500,62662500,0,-1.0,-1.8369701987210294e-16,0,0,0,1,0.7594718369823519
0,39.0,71,0,0,0,0,0,0,1,1,3660000,258810000,0,-0.5000000000000004,0.8660254037844384,1,0,0,0,0.01669063827812768
0,18.0,29,-1,1,-1,-1,-1,-1,1,1,8287500,243030000,0,-0.8660254037844386,0.5000000000000001,0,1,0,0,0.19491936261453474
1,50.0,52,-1,1,-1,1,-1,-1,0,0,9202500,475432500,0,-1.0,-1.8369701987210294e-16,0,0,1,0,0.14244283164082824
1,34.0,68,1,1,1,-1,-1,1,1,0,11512500,784987500,0,-0.8660254037844385,-0.5000000000000004,0,0,1,0,0.05029976301962031
0,39.0,46,0,0,0,0,0,0,1,0,2910000,145177500,0,-0.8660254037844385,-0.5000000000000004,1,0,0,0,0.03151376444603347
1,44.0,8,-1,-1,-1,-1,-1,1,0,1,8212500,65707500,0,-0.8660254037844386,0.5000000000000001,0,0,1,0,0.7523843024784234
1,42.0,72,0,0,0,0,0,0,1,0,2955000,213285000,0,1.2246467991473532e-16,-1.0,1,0,0,0,0.010867403160305943
0,49.0,17,0,0,0,0,0,0,1,0,2985000,48472500,0,0.0,1.0,1,0,0,0,0.10112291009869079
1,35.0,3,-1,1,1,1,1,1,0,1,16192500,47790000,0,0.4999999999999999,0.8660254037844387,0,0,0,1,0.8473353534254475
0,46.0,2,-1,1,-1,-1,1,-1,0,1,12570000,24555000,0,-0.8660254037844386,0.5000000000000001,0,0,0,1,0.8748292949176082
0,37.0,9,1,-1,-1,-1,-1,-1,0,1,11137500,95947500,1,-0.5000000000000004,0.8660254037844384,0,0,0,1,0.7560885349054333
0,49.0,51,-1,1,1,-1,1,1,1,1,8460000,439275000,0,-0.8660254037844386,0.5000000000000001,0,0,1,0,0.25107727163222077
0,47.0,6,0,0,0,0,0,0,1,0,3015000,15052500,0,-1.0,-1.8369701987210294e-16,1,0,0,0,0.14672844115943845
0,29.0,3,-1,-1,-1,-1,1,1,0,0,14235000,40980000,0,-0.8660254037844385,-0.5000000000000004,0,0,0,1,0.8684464340698311
0,53.0,17,-1,-1,-1,-1,1,1,0,1,14130000,241222500,0,0.8660254037844387,-0.4999999999999998,0,0,0,1,0.8722479491011703
1,34.0,30,-1,-1,-1,-1,-1,-1,0,0,7485000,216292500,0,1.0,6.123233995736766e-17,0,0,1,0,0.38946402558694565
1,50.0,31,-1,1,-1,1,1,-1,0,1,10657500,325222500,0,-1.0,-1.8369701987210294e-16,0,0,1,0,0.40972635416891756
0,44.0,45,1,-1,1,1,1,1,1,0,12247500,542805000,0,-0.8660254037844386,0.5000000000000001,0,0,1,0,0.10246631025162274
1,62.0,64,1,1,1,-1,-1,-1,1,0,13417500,853897500,0,-0.4999999999999997,-0.8660254037844388,0,0,0,1,0.10675873041237409
1,37.0,1,-1,-1,-1,-1,1,-1,0,1,8977500,8977500,1,1.2246467991473532e-16,-1.0,0,0,1,0,0.7733988305702633
0,36.0,1,-1,-1,-1,-1,-1,-1,0,1,10440000,10440000,1,-0.8660254037844385,-0.5000000000000004,0,0,0,1,0.8626134015292396
1,40.0,61,-1,1,-1,-1,1,1,1,0,14850000,895395000,0,-0.8660254037844386,0.5000000000000001,0,0,0,1,0.32180876483815357
1,36.0,1,0,0,0,0,0,0,0,0,2857500,2857500,0,1.0,6.123233995736766e-17,1,0,0,0,0.3940378399231396
1,50.0,9,-1,-1,-1,-1,1,1,0,1,6810000,62820000,1,0.4999999999999999,0.8660254037844387,0,0,1,0,0.8401658216686388
1,21.0,72,1,1,1,1,1,1,1,0,17167500,1215082500,0,1.2246467991473532e-16,-1.0,0,0,0,1,0.13682446690093222
0,27.0,1,0,0,0,0,0,0,0,0,2925000,2925000,1,0.4999999999999999,-0.8660254037844387,1,0,0,0,0.3800475754445238
0,27.0,7,-1,-1,-1,-1,-1,-1,0,1,6637500,47017500,0,-0.4999999999999997,-0.8660254037844388,0,1,0,0,0.6413280523000497
0,51.0,66,-1,1,1,1,-1,-1,1,1,13582500,919642500,0,0.8660254037844387,-0.4999999999999998,0,0,0,1,0.1532951567118028
1,61.0,1,-1,-1,-1,-1,-1,-1,0,1,10485000,10485000,1,-0.8660254037844386,0.5000000000000001,0,0,0,1,0.8660673667605712
1,39.0,40,0,0,0,0,0,0,0,1,3060000,111795000,0,-0.8660254037844385,-0.5000000000000004,1,0,0,0,0.1472545061541247
1,38.0,16,-1,1,1,-1,-1,1,0,1,10710000,181815000,0,0.4999999999999999,-0.8660254037844387,0,0,1,0,0.6369663585843197
0,41.0,2,-1,1,-1,-1,1,-1,0,1,13072500,27562500,1,0.0,1.0,0,0,0,1,0.8725370468889093
1,54.0,67,0,0,0,0,0,0,1,0,3727500,237525000,0,-0.8660254037844386,0.5000000000000001,1,0,0,0,0.013209927074841336
0,29.0,41,1,1,1,-1,1,1,1,1,15667500,624307500,0,-1.0,-1.8369701987210294e-16,0,0,0,1,0.41915773273996715
0,43.0,56,0,0,0,0,0,0,1,1,2970000,167985000,0,1.2246467991473532e-16,-1.0,1,0,0,0,0.029998563580700483
0,52.0,72,1,1,1,1,1,1,1,1,17467500,1202032500,0,-0.8660254037844385,-0.5000000000000004,0,0,0,1,0.17362682373152544
0,46.0,3,-1,-1,-1,-1,-1,1,0,1,12712500,39727500,1,-0.8660254037844386,0.5000000000000001,0,0,0,1,0.8827219003772752
0,42.0,54,0,0,0,0,0,0,1,0,3007500,165360000,0,-1.0,-1.8369701987210294e-16,1,0,0,0,0.022517225013255
1,52.0,52,-1,1,1,1,1,1,0,1,16612500,874800000,0,0.8660254037844387,-0.4999999999999998,0,0,0,1,0.6235866872270646
0,18.0,50,-1,-1,1,1,-1,1,1,1,13455000,645675000,0,-0.4999999999999997,-0.8660254037844388,0,0,0,1,0.3122110854456081
1,48.0,14,-1,-1,-1,1,1,-1,0,1,13492500,176760000,1,1.0,6.123233995736766e-17,0,0,0,1,0.7774881883007012
1,32.0,27,1,-1,-1,-1,-1,-1,1,0,7305000,213262500,0,0.8660254037844386,0.5000000000000001,0,0,1,0,0.15052178538606475
0,18.0,72,1,1,1,1,-1,-1,1,1,14490000,1024125000,0,-0.5000000000000004,0.8660254037844384,0,0,0,1,0.09022622189807548
1,46.0,62,1,1,-1,-1,1,1,1,1,11145000,704707500,0,-0.4999999999999997,-0.8660254037844388,0,0,1,0,0.12500182722248082
0,56.0,12,-1,1,-1,1,-1,-1,0,1,8145000,98175000,0,0.8660254037844386,0.5000000000000001,0,0,1,0,0.5091808819568922
0,38.0,44,-1,-1,1,1,1,1,1,0,11227500,490207500,0,0.4999999999999999,0.8660254037844387,0,0,1,0,0.16256662390688467
1,51.0,54,-1,1,-1,1,-1,-1,1,1,11992500,654307500,0,0.8660254037844386,0.5000000000000001,0,0,0,1,0.21165539952346965
0,59.0,68,0,0,0,0,0,0,1,0,3007500,208035000,0,0.8660254037844387,-0.4999999999999998,1,0,0,0,0.012588085392621235
1,56.0,20,0,0,0,0,0,0,0,0,2910000,62310000,0,1.2246467991473532e-16,-1.0,1,0,0,0,0.21598194201392182
1,60.0,50,-1,-1,1,-1,-1,-1,1,0,8235000,392115000,0,0.4999999999999999,0.8660254037844387,0,1,0,0,0.07975679218991202
1,49.0,58,0,0,0,0,0,0,1,1,3667500,227040000,0,1.0,6.123233995736766e-17,1,0,0,0,0.029427725170173443
1,41.0,35,-1,1,-1,-1,1,-1,0,1,13447500,474240000,0,1.0,6.123233995736766e-17,0,0,0,1,0.7304795561877089
0,21.0,2,-1,-1,-1,-1,-1,-1,0,1,6810000,12142500,0,1.2246467991473532e-16,-1.0,0,1,0,0,0.6802614162180579
1,37.0,63,1,-1,1,1,-1,1,1,0,11355000,701505000,0,1.2246467991473532e-16,-1.0,0,0,1,0,0.04295836038326645
0,30.0,58,1,1,1,-1,1,1,1,1,16597500,978997500,0,-0.8660254037844385,-0.5000000000000004,0,0,0,1,0.3250591186623122
0,66.0,27,0,0,0,0,0,0,1,1,3082500,87495000,0,0.4999999999999999,0.8660254037844387,1,0,0,0,0.0975480767892553
0,38.0,71,1,1,1,1,1,1,1,1,17272500,1211715000,0,1.2246467991473532e-16,-1.0,0,0,0,1,0.18730002609985363
0,41.0,63,-1,-1,1,-1,-1,1,1,0,8782500,525525000,0,0.4999999999999999,-0.8660254037844387,0,0,1,0,0.0906404792839031
1,47.0,71,-1,1,1,-1,-1,1,0,1,13987500,1000417500,0,-0.5000000000000004,0.8660254037844384,0,0,0,1,0.5115874044010769
0,41.0,41,1,1,1,-1,1,1,0,1,16980000,703425000,1,0.8660254037844387,-0.4999999999999998,0,0,0,1,0.6630435496058256
1,60.0,13,-1,-1,-1,-1,1,1,0,1,13575000,180172500,1,-0.4999999999999997,-0.8660254037844388,0,0,0,1,0.8888512214704436
1,33.0,2,-1,-1,-1,-1,1,-1,0,0,11850000,21547500,1,-0.8660254037844386,0.5000000000000001,0,0,0,1,0.852379199467799
0,42.0,68,0,0,0,0,0,0,1,1,2902500,193897500,0,0.4999999999999999,-0.8660254037844387,1,0,0,0,0.01837470774964783
1,31.0,1,1,-1,-1,-1,-1,-1,0,1,7312500,7312500,0,0.8660254037844386,0.5000000000000001,0,0,1,0,0.6477407006503793
1,24.0,65,1,-1,1,1,1,1,1,1,16357500,1066230000,0,-0.8660254037844385,-0.5000000000000004,0,0,0,1,0.23768682961106694
1,33.0,72,0,0,0,0,0,0,1,1,3750000,270382500,0,-0.8660254037844386,0.5000000000000001,1,0,0,0,0.016432470752839365
0,40.0,28,-1,-1,-1,1,-1,-1,0,1,8235000,225772500,0,0.8660254037844386,0.5000000000000001,0,0,1,0,0.39215479118194385
1,35.0,72,0,0,0,0,0,0,1,0,3712500,278865000,0,1.0,6.123233995736766e-17,1,0,0,0,0.01147352538257604
0,32.0,2,1,1,-1,-1,1,-1,0,1,13672500,25275000,0,1.2246467991473532e-16,-1.0,0,0,0,1,0.802102957491038
0,23.0,18,0,0,0,0,0,0,1,0,3022500,58627500,1,0.0,1.0,1,0,0,0,0.0999500342456986
1,39.0,60,-1,1,1,-1,1,1,1,1,15652500,950917500,0,-0.8660254037844386,0.5000000000000001,0,0,0,1,0.4263503138719786
0,22.0,26,-1,-1,-1,1,-1,1,0,1,9907500,247860000,0,-1.0,-1.8369701987210294e-16,0,0,1,0,0.48638407540946976
1,49.0,1,-1,-1,-1,-1,-1,-1,0,1,10747500,10747500,1,0.8660254037844386,0.5000000000000001,0,0,0,1,0.8668324411658064
0,41.0,4,0,0,0,0,0,0,0,0,3052500,11625000,1,-1.0,-1.8369701987210294e-16,1,0,0,0,0.3449046264556105
1,23.0,68,1,1,1,1,1,1,1,1,13830000,958927500,0,-1.0,-1.8369701987210294e-16,0,0,1,0,0.07720571295636444
0,36.0,38,-1,1,1,1,-1,-1,0,1,12637500,489675000,1,0.8660254037844386,0.5000000000000001,0,0,0,1,0.5394606516685048
0,31.0,42,1,-1,1,-1,1,1,1,1,15780000,689872500,0,-1.0,-1.8369701987210294e-16,0,0,0,1,0.447499583980155
0,44.0,57,0,0,0,0,0,0,1,1,2940000,170137500,0,1.2246467991473532e-16,-1.0,1,0,0,0,0.02882627479687181
1,56.0,54,-1,1,-1,-1,-1,-1,0,0,4560000,243202500,0,0.4999999999999999,-0.8660254037844387,0,0,1,0,0.20641311158541722
0,18.0,12,-1,-1,-1,-1,-1,1,0,0,11715000,142095000,1,1.0,6.123233995736766e-17,0,0,0,1,0.816967927924837
0,41.0,44,1,1,1,-1,-1,-1,1,1,9225000,408330000,0,1.2246467991473532e-16,-1.0,0,1,0,0,0.08111837330419075
1,38.0,42,1,1,-1,-1,1,-1,0,1,10410000,458745000,0,0.4999999999999999,0.8660254037844387,0,1,0,0,0.29671062001841425
1,48.0,72,0,0,0,0,0,0,1,0,3712500,265440000,0,-0.8660254037844385,-0.5000000000000004,1,0,0,0,0.010733345770819977
0,43.0,71,1,1,1,1,1,1,1,0,13657500,944062500,0,1.0,6.123233995736766e-17,0,0,1,0,0.04578651709291413
0,31.0,19,-1,-1,1,-1,-1,1,0,0,13447500,264157500,1,1.2246467991473532e-16,-1.0,0,0,0,1,0.7552337932610352
0,36.0,23,-1,-1,-1,1,1,1,0,1,11047500,246412500,0,0.4999999999999999,0.8660254037844387,0,0,1,0,0.603207831135624
0,30.0,30,0,0,0,0,0,0,1,0,2910000,86775000,0,0.4999999999999999,-0.8660254037844387,1,0,0,0,0.060230277397602595
1,53.0,35,0,0,0,0,0,0,1,0,3930000,143235000,0,-0.8660254037844385,-0.5000000000000004,1,0,0,0,0.04714197046918349
0,40.0,10,1,-1,-1,-1,1,1,0,1,14805000,145987500,1,0.8660254037844387,-0.4999999999999998,0,0,0,1,0.8369981876026429
1,63.0,1,-1,-1,-1,-1,-1,-1,0,1,6577500,6577500,0,-1.0,-1.8369701987210294e-16,0,0,1,0,0.7383219223455298
1,39.0,22,-1,-1,-1,-1,-1,-1,0,1,10455000,223560000,0,1.2246467991473532e-16,-1.0,0,0,0,1,0.7663508804739239
1,31.0,7,1,1,1,-1,-1,-1,1,0,5782500,42000000,0,0.4999999999999999,-0.8660254037844387,0,0,1,0,0.2720720006966955
0,22.0,36,1,1,1,1,-1,1,1,1,7965000,285187500,0,0.4999999999999999,0.8660254037844387,0,1,0,0,0.12495311683025712
0,18.0,34,0,0,0,0,0,0,0,0,3097500,107460000,0,-0.4999999999999997,-0.8660254037844388,1,0,0,0,0.130452886688037
1,21.0,72,1,1,1,-1,-1,-1,1,0,9667500,708000000,0,1.0,6.123233995736766e-17,0,0,1,0,0.030918960373152532
1,43.0,36,0,0,0,0,0,0,1,0,3765000,139642500,0,0.8660254037844387,-0.4999999999999998,1,0,0,0,0.04706721806153338
0,46.0,1,-1,-1,1,-1,-1,-1,0,0,11452500,11452500,1,-0.5000000000000004,0.8660254037844384,0,0,0,1,0.8001490509073437
0,21.0,23,-1,1,-1,-1,-1,-1,0,1,11872500,251542500,1,0.0,1.0,0,0,0,1,0.7267452027660425
1,51.0,32,-1,-1,-1,-1,-1,1,0,1,12750000,396307500,1,-0.8660254037844385,-0.5000000000000004,0,0,0,1,0.7631216748842818
0,34.0,71,1,1,1,1,-1,-1,1,1,14272500,1015627500,0,0.4999999999999999,-0.8660254037844387,0,0,0,1,0.0914522655791462
0,42.0,23,-1,-1,1,-1,-1,-1,0,1,11902500,275295000,0,-0.8660254037844386,0.5000000000000001,0,0,0,1,0.7441873085255255
1,59.0,17,-1,-1,1,-1,1,1,1,1,14497500,238237500,0,-0.5000000000000004,0.8660254037844384,0,0,0,1,0.7125622086795862
1,51.0,1,-1,-1,1,1,1,1,0,1,11325000,11325000,0,0.0,1.0,0,1,0,0,0.7113850251391345
1,37.0,12,0,0,0,0,0,0,1,0,2955000,38752500,0,1.0,6.123233995736766e-17,1,0,0,0,0.12662811308368002
0,29.0,72,0,0,0,0,0,0,1,0,3075000,225337500,0,0.4999999999999999,0.8660254037844387,1,0,0,0,0.011251722926126
1,18.0,1,0,0,0,0,0,0,0,0,2880000,2880000,0,0.8660254037844386,0.5000000000000001,1,0,0,0,0.3997842421859514
1,31.0,72,-1,1,-1,-1,1,1,1,0,14752500,1039410000,0,-1.0,-1.8369701987210294e-16,0,0,0,1,0.2591083276346829
1,37.0,60,-1,-1,-1,-1,-1,-1,0,0,11152500,667995000,0,0.0,1.0,0,0,0,1,0.40845205979465954
0,28.0,61,-1,1,1,1,1,-1,1,0,7702500,486660000,0,-1.0,-1.8369701987210294e-16,0,1,0,0,0.05480218837840496
0,38.0,6,-1,-1,-1,-1,-1,-1,0,0,6847500,48517500,0,-0.8660254037844385,-0.5000000000000004,0,0,1,0,0.6043911912135866
1,41.0,32,-1,-1,-1,-1,-1,1,0,0,12795000,399165000,1,0.4999999999999999,0.8660254037844387,0,0,0,1,0.6980765684035714
0,37.0,31,-1,-1,-1,-1,1,-1,0,1,12982500,404610000,1,-0.8660254037844386,0.5000000000000001,0,0,0,1,0.7644836472151919
1,32.0,19,-1,1,-1,-1,-1,-1,0,1,11077500,213675000,1,0.4999999999999999,-0.8660254037844387,0,0,0,1,0.7647908517636371
1,42.0,72,0,0,0,0,0,0,1,0,3045000,210172500,0,0.8660254037844386,0.5000000000000001,1,0,0,0,0.011239414704787343
0,45.0,32,-1,1,-1,-1,-1,-1,0,1,8130000,260940000,0,-0.5000000000000004,0.8660254037844384,0,0,1,0,0.42973231625516867
1,27.0,65,-1,1,-1,-1,-1,1,0,1,13597500,889650000,0,0.4999999999999999,-0.8660254037844387,0,0,0,1,0.5456769254211201
0,57.0,45,1,-1,-1,-1,1,1,0,1,7635000,350077500,0,-0.8660254037844386,0.5000000000000001,0,1,0,0,0.40290283076197925
1,39.0,42,0,0,0,0,0,0,1,0,3757500,142477500,0,0.0,1.0,1,0,0,0,0.0372151148403727
1,40.0,8,-1,-1,-1,-1,-1,-1,0,1,11227500,85867500,0,-0.8660254037844386,0.5000000000000001,0,0,0,1,0.8302276314906569
1,48.0,32,0,0,0,0,0,0,1,0,3075000,104520000,0,0.0,1.0,1,0,0,0,0.05850676098988674
0,43.0,22,1,1,-1,1,-1,-1,0,1,9532500,207270000,0,-0.8660254037844386,0.5000000000000001,0,0,1,0,0.2992952651164687
1,51.0,57,-1,-1,-1,-1,1,1,0,1,6727500,385942500,1,-1.0,-1.8369701987210294e-16,0,0,1,0,0.46279536339617255
1,43.0,1,1,-1,-1,-1,-1,-1,0,0,7192500,7192500,0,0.4999999999999999,0.8660254037844387,0,1,0,0,0.5025125547865704
1,33.0,1,-1,-1,-1,-1,-1,-1,0,0,6765000,6765000,1,-0.8660254037844386,0.5000000000000001,0,0,1,0,0.6608644835511981
0,44.0,1,-1,-1,-1,-1,-1,-1,0,1,6750000,6750000,0,-0.8660254037844386,0.5000000000000001,0,0,1,0,0.7345409932643373
1,26.0,24,-1,-1,-1,1,1,1,0,1,14400000,318367500,1,0.0,1.0,0,0,0,1,0.7985465045833198
1,41.0,1,0,0,0,0,0,0,0,0,3007500,3007500,1,-0.4999999999999997,-0.8660254037844388,1,0,0,0,0.37952197384552266
1,40.0,54,-1,1,-1,-1,-1,1,0,1,13507500,739770000,0,0.0,1.0,0,0,0,1,0.6273659843837729
0,38.0,4,0,0,0,0,0,0,1,1,3795000,17542500,0,1.2246467991473532e-16,-1.0,1,0,0,0,0.20451929144280262
1,38.0,65,1,-1,1,1,1,1,1,0,16297500,1040692500,1,-0.8660254037844386,0.5000000000000001,0,0,0,1,0.1716296392693476
0,18.0,56,0,0,0,0,0,0,1,0,3645000,189255000,0,0.8660254037844387,-0.4999999999999998,1,0,0,0,0.02056992295317796
1,33.0,45,1,-1,1,-1,1,1,0,1,11392500,491070000,0,-0.8660254037844385,-0.5000000000000004,0,0,1,0,0.4173523477064397
0,41.0,71,0,0,0,0,0,0,1,0,2955000,212377500,0,0.8660254037844386,0.5000000000000001,1,0,0,0,0.011549026080844422
1,42.0,59,1,1,1,-1,1,-1,1,0,9960000,593730000,0,1.2246467991473532e-16,-1.0,0,0,1,0,0.0653535026723618
1,28.0,69,-1,1,1,-1,-1,-1,1,1,5362500,373837500,0,1.2246467991473532e-16,-1.0,0,1,0,0,0.059294167950026525
1,55.0,19,0,0,0,0,0,0,1,0,2820000,41880000,0,-0.8660254037844386,0.5000000000000001,1,0,0,0,0.09398188726989005
0,30.0,55,0,0,0,0,0,0,1,0,2910000,162450000,0,0.0,1.0,1,0,0,0,0.02269942238090381
0,52.0,38,0,0,0,0,0,0,1,0,2895000,113325000,0,-1.0,-1.8369701987210294e-16,1,0,0,0,0.043165061921907846
1,45.0,10,-1,-1,-1,-1,-1,-1,0,1,6832500,60390000,1,-0.8660254037844386,0.5000000000000001,0,1,0,0,0.6187866445768408
0,32.0,47,1,1,1,-1,-1,-1,0,1,10117500,487800000,0,0.8660254037844387,-0.4999999999999998,0,0,1,0,0.21836759310659254
0,61.0,2,-1,-1,-1,-1,-1,1,0,1,5265000,10312500,1,0.4999999999999999,0.8660254037844387,0,1,0,0,0.8006311371871573
1,26.0,1,-1,-1,-1,-1,-1,-1,0,0,6930000,6930000,1,-0.8660254037844386,0.5000000000000001,0,0,1,0,0.6584022808802577
0,51.0,1,-1,-1,-1,-1,-1,-1,0,0,6772500,6772500,1,-0.8660254037844385,-0.5000000000000004,0,0,1,0,0.6442375964749276
1,52.0,1,-1,1,1,-1,-1,1,0,1,6495000,6495000,1,1.2246467991473532e-16,-1.0,0,0,1,0,0.8079817426569008
1,32.0,46,0,0,0,0,0,0,1,1,3015000,140527500,0,-1.0,-1.8369701987210294e-16,1,0,0,0,0.047299800431704245
0,57.0,38,1,1,-1,-1,-1,-1,0,1,8572500,337597500,1,1.0,6.123233995736766e-17,0,1,0,0,0.24168192037260425
0,37.0,65,1,-1,1,1,-1,-1,1,0,8835000,578565000,0,0.8660254037844386,0.5000000000000001,0,1,0,0,0.022819628691500518
0,43.0,19,1,-1,-1,-1,-1,-1,0,1,10980000,216165000,1,0.8660254037844386,0.5000000000000001,0,0,0,1,0.7017899715654687
1,43.0,52,-1,1,-1,-1,-1,1,0,1,12802500,650790000,1,0.4999999999999999,0.8660254037844387,0,0,0,1,0.6376816800426182
1,38.0,71,0,0,0,0,0,0,1,0,2917500,206767500,0,0.8660254037844386,0.5000000000000001,1,0,0,0,0.01191040323045131
0,50.0,1,-1,-1,-1,-1,-1,-1,0,0,6892500,6892500,1,0.4999999999999999,-0.8660254037844387,0,0,1,0,0.643754899976142
0,50.0,52,-1,1,1,1,1,-1,0,1,7575000,384945000,0,-0.4999999999999997,-0.8660254037844388,0,1,0,0,0.23659750712604982
1,19.0,6,0,0,0,0,0,0,1,0,3765000,25650000,0,1.2246467991473532e-16,-1.0,1,0,0,0,0.1444944712769632
0,56.0,26,-1,-1,1,-1,-1,1,1,0,9105000,239610000,0,0.8660254037844386,0.5000000000000001,0,1,0,0,0.2293942927420002
1,20.0,48,-1,1,-1,-1,1,1,1,1,14850000,711652500,0,0.8660254037844386,0.5000000000000001,0,0,0,1,0.5084944634906061
0,52.0,64,1,-1,-1,1,1,1,1,1,15660000,1008240000,0,1.2246467991473532e-16,-1.0,0,0,0,1,0.23118646733885648
0,54.0,3,-1,1,-1,-1,1,-1,0,0,12562500,37087500,1,-1.0,-1.8369701987210294e-16,0,0,0,1,0.8181658837508347
1,27.0,1,-1,-1,-1,-1,-1,-1,0,1,6607500,6607500,0,0.4999999999999999,0.8660254037844387,0,0,1,0,0.7516397443990754
1,35.0,72,0,0,0,0,0,0,1,0,3615000,260197500,0,0.8660254037844387,-0.4999999999999998,1,0,0,0,0.011143589100737695
1,27.0,1,-1,-1,-1,-1,-1,-1,0,1,6832500,6832500,0,0.8660254037844386,0.5000000000000001,0,0,1,0,0.7464893684066789
0,37.0,51,1,1,-1,-1,-1,1,0,1,14070000,680902500,0,-0.8660254037844386,0.5000000000000001,0,0,0,1,0.5120238030996338
0,36.0,41,0,0,0,0,0,0,1,0,2955000,120637500,0,0.4999999999999999,0.8660254037844387,1,0,0,0,0.039985736637367396
0,49.0,72,1,1,1,-1,1,-1,1,1,10597500,751672500,0,-1.0,-1.8369701987210294e-16,0,0,1,0,0.06023655447284267
0,56.0,43,1,1,-1,1,1,1,1,0,12967500,536175000,0,0.4999999999999999,0.8660254037844387,0,0,1,0,0.09546888234505359
1,57.0,72,1,1,1,1,1,1,1,1,17115000,1212960000,0,-1.0,-1.8369701987210294e-16,0,0,0,1,0.18701299364217944
1,33.0,47,-1,-1,-1,-1,1,1,1,1,14280000,684450000,0,0.8660254037844387,-0.4999999999999998,0,0,0,1,0.5377744633975254
1,37.0,72,1,1,1,1,1,1,1,0,13282500,954352500,0,0.4999999999999999,-0.8660254037844387,0,0,1,0,0.04656429944932953
1,20.0,3,0,0,0,0,0,0,0,1,3112500,10065000,0,1.2246467991473532e-16,-1.0,1,0,0,0,0.4570841269557524
1,30.0,1,-1,-1,-1,-1,-1,-1,0,1,10507500,10507500,1,0.8660254037844386,0.5000000000000001,0,0,0,1,0.8716082985163278
1,52.0,2,-1,-1,-1,-1,-1,1,0,1,12900000,24817500,1,-1.0,-1.8369701987210294e-16,0,0,0,1,0.8846625069751299
1,59.0,26,1,1,-1,-1,-1,1,0,1,6697500,173482500,0,-0.8660254037844386,0.5000000000000001,0,0,1,0,0.5180614865705849
1,25.0,29,1,-1,-1,-1,-1,1,0,1,9030000,275122500,0,-1.0,-1.8369701987210294e-16,0,0,1,0,0.48218231747186385
0,33.0,35,1,1,-1,1,1,-1,0,1,15075000,548002500,1,-0.4999999999999997,-0.8660254037844388,0,0,0,1,0.5162311242111807
1,40.0,27,1,1,-1,-1,-1,-1,1,0,8317500,221647500,0,0.0,1.0,0,1,0,0,0.10616030277469403
1,43.0,24,1,1,-1,1,-1,1,0,1,10545000,255967500,0,0.8660254037844387,-0.4999999999999998,0,1,0,0,0.3303763785795223
1,30.0,67,1,-1,1,1,-1,-1,1,1,9060000,593055000,0,0.8660254037844386,0.5000000000000001,0,0,1,0,0.038790778845870545
0,45.0,16,-1,-1,-1,-1,-1,-1,0,0,10897500,179145000,1,1.0,6.123233995736766e-17,0,0,0,1,0.7243285370856327
0,34.0,23,-1,1,1,-1,-1,-1,1,0,8370000,199177500,0,1.0,6.123233995736766e-17,0,1,0,0,0.17015539241881492
1,40.0,14,-1,1,-1,-1,-1,-1,0,1,4665000,62955000,0,-0.8660254037844385,-0.5000000000000004,0,0,1,0,0.6550553142209478
0,47.0,1,0,0,0,0,0,0,0,1,3150000,3150000,1,-0.8660254037844386,0.5000000000000001,1,0,0,0,0.4688317274315715
0,40.0,1,-1,-1,-1,-1,-1,-1,0,0,6765000,6765000,1,0.0,1.0,0,0,1,0,0.657526415973254
1,35.0,4,-1,1,-1,-1,1,1,0,1,7642500,31102500,0,-1.0,-1.8369701987210294e-16,0,0,1,0,0.8384855347308579
1,39.0,16,1,1,-1,-1,-1,1,0,1,10365000,162555000,0,-0.8660254037844386,0.5000000000000001,0,1,0,0,0.48424454694250246
0,39.0,46,-1,-1,-1,-1,1,1,0,1,6592500,301177500,0,0.8660254037844387,-0.4999999999999998,0,1,0,0,0.508738247608543
1,36.0,68,1,1,-1,1,1,1,1,1,12975000,882412500,0,0.8660254037844387,-0.4999999999999998,0,0,1,0,0.07492326904997822
1,37.0,38,1,1,1,1,-1,-1,0,0,10492500,398632500,0,-0.4999999999999997,-0.8660254037844388,0,0,1,0,0.14290860726959198
1,59.0,30,-1,1,-1,-1,-1,-1,0,1,7560000,229125000,1,-0.4999999999999997,-0.8660254037844388,0,0,1,0,0.4511026828658945
0,47.0,5,-1,-1,-1,-1,-1,1,0,0,11842500,56760000,1,-0.8660254037844386,0.5000000000000001,0,0,0,1,0.8388011113889187
1,36.0,17,-1,1,1,-1,-1,1,0,1,13642500,241830000,0,-0.5000000000000004,0.8660254037844384,0,0,0,1,0.8235860881787836
1,48.0,4,0,0,0,0,0,0,1,0,2985000,11497500,0,-1.0,-1.8369701987210294e-16,1,0,0,0,0.16271745431901447
0,36.0,12,0,0,0,0,0,0,1,0,3022500,39105000,0,-1.0,-1.8369701987210294e-16,1,0,0,0,0.11961514095754565
1,54.0,72,1,1,1,1,1,1,1,1,13590000,966277500,0,0.4999999999999999,0.8660254037844387,0,0,1,0,0.06803307078930959
1,44.0,3,-1,-1,-1,-1,1,1,0,1,13800000,40020000,0,-0.8660254037844386,0.5000000000000001,0,0,0,1,0.9142186664760166
1,39.0,56,-1,1,-1,1,-1,1,0,1,14167500,768690000,1,-0.8660254037844385,-0.5000000000000004,0,0,0,1,0.493152374017434
0,45.0,41,0,0,0,0,0,0,1,1,3727500,144337500,0,0.8660254037844387,-0.4999999999999998,1,0,0,0,0.0535516045054531
1,21.0,40,-1,1,-1,1,-1,-1,1,0,5400000,207435000,0,0.8660254037844387,-0.4999999999999998,0,1,0,0,0.0821321017878234
0,26.0,7,1,1,-1,1,1,1,0,1,11775000,85657500,0,0.4999999999999999,-0.8660254037844387,0,1,0,0,0.5279542664098604
1,26.0,69,0,0,0,0,0,0,1,0,2992500,209902500,0,0.8660254037844387,-0.4999999999999998,1,0,0,0,0.012834612603295577
1,42.0,7,0,0,0,0,0,0,1,0,3097500,22500000,0,-0.5000000000000004,0.8660254037844384,1,0,0,0,0.14921479541266647
0,61.0,5,-1,1,-1,-1,-1,-1,0,1,4575000,25080000,0,1.2246467991473532e-16,-1.0,0,0,1,0,0.7238746427667453
0,67.0,72,1,1,1,1,1,-1,1,0,15915000,1148610000,0,-0.8660254037844385,-0.5000000000000004,0,0,0,1,0.08841111899649025
1,48.0,44,0,0,0,0,0,0,1,1,3075000,129757500,0,-1.0,-1.8369701987210294e-16,1,0,0,0,0.04993935954617805
0,46.0,65,-1,1,1,-1,1,-1,1,1,14325000,923077500,0,0.0,1.0,0,0,0,1,0.28905233455173773
0,18.0,3,-1,-1,-1,1,1,-1,0,0,9690000,26130000,0,0.8660254037844386,0.5000000000000001,0,0,1,0,0.5855632841916143
1,33.0,24,-1,-1,-1,1,-1,-1,0,1,7665000,190440000,0,1.2246467991473532e-16,-1.0,0,0,1,0,0.4375713105002349
0,31.0,44,-1,1,1,-1,-1,-1,0,1,12720000,579382500,1,0.8660254037844387,-0.4999999999999998,0,0,0,1,0.5879357397492255
0,33.0,72,1,1,1,1,1,1,1,0,13365000,952860000,0,1.2246467991473532e-16,-1.0,0,1,0,0,0.036182592421087054
1,38.0,24,1,-1,-1,1,-1,-1,0,0,8242500,202275000,0,-0.8660254037844386,0.5000000000000001,0,0,1,0,0.25276221479075217
1,34.0,1,-1,-1,1,-1,-1,-1,0,0,7635000,7635000,1,0.4999999999999999,0.8660254037844387,0,1,0,0,0.6003819218838213
1,18.0,22,0,0,0,0,0,0,0,1,3067500,70732500,0,-1.0,-1.8369701987210294e-16,1,0,0,0,0.2786854177474028
1,49.0,70,-1,1,1,1,1,1,1,1,12892500,889762500,0,-0.8660254037844386,0.5000000000000001,0,1,0,0,0.08499593798663181
1,27.0,25,-1,-1,-1,-1,1,-1,0,0,9052500,210697500,0,1.0,6.123233995736766e-17,0,1,0,0,0.4574946177549297
1,43.0,37,0,0,0,0,0,0,1,0,2970000,108915000,0,-1.0,-1.8369701987210294e-16,1,0,0,0,0.04626713140674156
0,65.0,22,-1,-1,-1,-1,1,-1,0,0,12802500,294240000,0,-0.5000000000000004,0.8660254037844384,0,0,0,1,0.7422442950942507
0,29.0,59,-1,-1,1,1,1,-1,1,1,10815000,629227500,0,1.2246467991473532e-16,-1.0,0,0,1,0,0.09899503573307947
1,18.0,49,-1,-1,1,-1,1,1,0,1,14970000,730867500,1,-0.5000000000000004,0.8660254037844384,0,0,0,1,0.7550822303435221
1,37.0,47,-1,-1,1,1,1,1,0,1,16102500,767842500,1,-0.8660254037844386,0.5000000000000001,0,0,0,1,0.6770877700432704
0,53.0,31,0,0,0,0,0,0,0,1,2932500,98842500,1,1.0,6.123233995736766e-17,1,0,0,0,0.20563887792995325
1,64.0,1,-1,-1,-1,-1,-1,1,0,1,12157500,12157500,0,1.2246467991473532e-16,-1.0,0,0,0,1,0.8931356915092776
1,25.0,3,0,0,0,0,0,0,0,1,3075000,11542500,0,1.0,6.123233995736766e-17,1,0,0,0,0.4668156286034596
0,46.0,53,-1,1,1,1,1,1,1,1,16770000,871462500,0,0.8660254037844386,0.5000000000000001,0,0,0,1,0.35541595302062884
1,34.0,1,0,0,0,0,0,0,0,0,3030000,3030000,0,0.4999999999999999,-0.8660254037844387,1,0,0,0,0.3836159358612601
1,39.0,20,0,0,0,0,0,0,1,1,2955000,62385000,0,1.0,6.123233995736766e-17,1,0,0,0,0.1324403854280497
0,72.0,3,1,1,-1,-1,-1,-1,0,1,11865000,36975000,1,0.8660254037844387,-0.4999999999999998,0,0,0,1,0.7540362112387723
0,22.0,51,0,0,0,0,0,0,1,1,2977500,149542500,0,0.0,1.0,1,0,0,0,0.039023038091536226
0,43.0,51,1,1,-1,1,-1,-1,1,1,9075000,471772500,0,-0.8660254037844385,-0.5000000000000004,0,0,1,0,0.05559846543819925
0,46.0,13,0,0,0,0,0,0,1,0,2932500,39795000,0,0.8660254037844387,-0.4999999999999998,1,0,0,0,0.11630811563984746
0,53.0,1,0,0,0,0,0,0,0,0,3135000,3135000,0,1.0,6.123233995736766e-17,1,0,0,0,0.3759340214804966
1,41.0,1,0,0,0,0,0,0,0,1,3157500,3157500,0,0.4999999999999999,-0.8660254037844387,1,0,0,0,0.47438188349269855
1,44.0,63,1,1,1,1,-1,-1,1,0,10725000,686445000,0,0.4999999999999999,0.8660254037844387,0,1,0,0,0.022561879326185044
1,35.0,3,-1,-1,-1,-1,-1,1,0,0,8197500,28365000,0,-0.4999999999999997,-0.8660254037844388,0,0,1,0,0.7071331391326592
1,43.0,46,0,0,0,0,0,0,1,0,2880000,136222500,0,-1.0,-1.8369701987210294e-16,1,0,0,0,0.032434815734919714
1,36.0,1,-1,-1,-1,-1,-1,-1,0,1,7470000,7470000,0,0.8660254037844387,-0.4999999999999998,0,0,1,0,0.7273566056452119
1,47.0,8,-1,-1,-1,-1,-1,-1,0,0,3825000,32280000,1,-0.5000000000000004,0.8660254037844384,0,0,1,0,0.6660515770822593
0,36.0,71,0,0,0,0,0,0,1,0,3075000,225142500,0,-0.4999999999999997,-0.8660254037844388,1,0,0,0,0.011080939261460724
1,45.0,55,-1,-1,1,-1,1,-1,0,1,13560000,764872500,0,0.8660254037844386,0.5000000000000001,0,0,0,1,0.6390557199279879
0,40.0,70,-1,1,1,1,-1,-1,1,1,13537500,957892500,0,0.8660254037844387,-0.4999999999999998,0,0,0,1,0.1386427617820323
0,54.0,2,-1,-1,-1,-1,-1,1,0,0,12112500,23917500,1,0.4999999999999999,0.8660254037844387,0,0,0,1,0.8500659284344809
1,39.0,67,1,-1,-1,1,1,1,1,0,15690000,1032862500,0,1.0,6.123233995736766e-17,0,0,0,1,0.16530375174505854
1,19.0,65,-1,1,-1,-1,1,-1,0,1,13777500,891127500,1,0.4999999999999999,-0.8660254037844387,0,0,0,1,0.5357655035364995
1,55.0,14,-1,-1,1,-1,-1,-1,0,0,7530000,100327500,0,-0.8660254037844386,0.5000000000000001,0,0,1,0,0.5280099171154536
0,29.0,20,-1,-1,1,1,-1,1,0,1,14325000,287430000,0,-0.8660254037844385,-0.5000000000000004,0,0,0,1,0.7377525837730847
1,32.0,1,-1,1,-1,-1,-1,-1,0,1,11302500,11302500,1,0.0,1.0,0,0,0,1,0.8515206177309549
1,33.0,1,-1,-1,-1,-1,-1,-1,0,1,11317500,11317500,1,-0.8660254037844385,-0.5000000000000004,0,0,0,1,0.8557710593787888
0,56.0,49,-1,-1,-1,-1,1,1,0,1,14310000,692092500,0,0.8660254037844386,0.5000000000000001,0,0,0,1,0.7440465211150605
0,18.0,72,1,1,1,-1,1,-1,1,1,15195000,1089187500,0,1.0,6.123233995736766e-17,0,0,0,1,0.18415913455663635
0,75.0,46,1,-1,-1,-1,-1,-1,0,0,7965000,368970000,0,1.2246467991473532e-16,-1.0,0,0,1,0,0.17460524267948152
1,53.0,24,-1,1,1,-1,-1,-1,0,1,12727500,307320000,0,0.4999999999999999,0.8660254037844387,0,0,0,1,0.7199313492100283
0,43.0,5,-1,1,-1,1,-1,-1,0,0,5137500,24532500,0,1.2246467991473532e-16,-1.0,0,0,1,0,0.5372598157751972
0,39.0,33,-1,1,1,1,-1,-1,0,0,13290000,433305000,0,0.8660254037844387,-0.4999999999999998,0,0,0,1,0.4562312009481927
0,43.0,42,1,1,-1,-1,-1,-1,1,1,9022500,363240000,0,0.4999999999999999,0.8660254037844387,0,0,1,0,0.10619718523480177
1,46.0,23,1,-1,1,-1,1,1,1,1,14992500,343912500,0,-0.8660254037844386,0.5000000000000001,0,0,0,1,0.5756622163730375
1,48.0,8,-1,-1,-1,-1,-1,-1,0,0,10605000,83010000,0,-0.4999999999999997,-0.8660254037844388,0,0,0,1,0.7725298751363213
1,47.0,66,1,1,-1,-1,-1,-1,1,1,8220000,519855000,0,-0.8660254037844386,0.5000000000000001,0,0,1,0,0.05029233158218709
1,41.0,24,1,-1,-1,-1,-1,-1,0,1,7432500,181560000,1,-0.8660254037844386,0.5000000000000001,0,0,1,0,0.4354951441125896
1,38.0,24,-1,1,-1,-1,-1,-1,0,0,8220000,193695000,0,0.4999999999999999,0.8660254037844387,0,0,1,0,0.4123191674077402
1,38.0,69,1,1,1,1,-1,1,1,1,11790000,803467500,1,0.4999999999999999,-0.8660254037844387,0,0,1,0,0.04879830826451056
0,38.0,53,-1,1,1,-1,1,1,1,1,15045000,780120000,0,-0.8660254037844385,-0.5000000000000004,0,0,0,1,0.4498979153153321
0,54.0,60,1,-1,1,-1,1,1,1,0,8040000,485557500,0,-0.8660254037844385,-0.5000000000000004,0,0,1,0,0.10396909452561079
0,47.0,7,-1,-1,-1,-1,1,-1,0,1,12165000,86497500,1,-0.5000000000000004,0.8660254037844384,0,0,0,1,0.8742188940085643
0,18.0,20,0,0,0,0,0,0,1,1,2902500,65062500,0,-0.8660254037844386,0.5000000000000001,1,0,0,0,0.1304642609823289
0,48.0,23,-1,-1,-1,-1,-1,1,0,0,12840000,280260000,0,1.2246467991473532e-16,-1.0,0,0,0,1,0.730042572461426
1,42.0,72,1,-1,1,1,1,1,1,1,12120000,859282500,0,0.0,1.0,0,0,1,0,0.07454000807579375
1,40.0,11,-1,-1,-1,-1,-1,-1,0,1,11242500,123855000,1,-0.8660254037844385,-0.5000000000000004,0,0,0,1,0.8138569429782816
1,35.0,21,0,0,0,0,0,0,1,0,2940000,58560000,0,0.4999999999999999,-0.8660254037844387,1,0,0,0,0.08747076836542061
1,53.0,1,-1,-1,-1,-1,1,1,0,1,14032500,14032500,1,-1.0,-1.8369701987210294e-16,0,0,0,1,0.9150044179860354
1,51.0,31,-1,1,-1,-1,1,-1,0,1,13605000,426772500,0,1.2246467991473532e-16,-1.0,0,0,0,1,0.7414012634144271
0,31.0,57,-1,1,1,1,1,-1,1,0,10462500,584160000,0,0.8660254037844386,0.5000000000000001,0,1,0,0,0.05818501423586101
0,45.0,45,0,0,0,0,0,0,1,1,3000000,132960000,0,0.8660254037844386,0.5000000000000001,1,0,0,0,0.048699699984494554
1,28.0,10,-1,1,1,-1,-1,1,0,1,14287500,153232500,0,-0.4999999999999997,-0.8660254037844388,0,0,0,1,0.8374249706197218
0,23.0,58,-1,-1,1,1,1,1,0,1,15315000,882810000,1,0.4999999999999999,0.8660254037844387,0,0,0,1,0.6180093737012288
1,32.0,14,0,0,0,0,0,0,0,0,2992500,40260000,0,1.2246467991473532e-16,-1.0,1,0,0,0,0.26325394455411727
1,50.0,27,1,-1,-1,1,1,1,1,0,12127500,330652500,0,-0.8660254037844386,0.5000000000000001,0,0,1,0,0.16671113935073145
0,51.0,14,-1,1,-1,-1,-1,1,0,1,13635000,188850000,1,0.4999999999999999,0.8660254037844387,0,0,0,1,0.8258913077553613
0,46.0,12,-1,1,-1,-1,-1,-1,0,0,4380000,46365000,1,-0.8660254037844386,0.5000000000000001,0,1,0,0,0.5306542165562391
0,49.0,69,-1,1,-1,1,-1,1,1,1,13995000,959707500,0,-0.4999999999999997,-0.8660254037844388,0,0,0,1,0.19450985498851683
0,46.0,25,-1,1,1,-1,1,-1,0,1,13372500,338662500,1,0.4999999999999999,0.8660254037844387,0,0,0,1,0.7816556802726463
1,32.0,58,1,1,1,-1,1,1,1,1,16327500,943087500,1,0.4999999999999999,-0.8660254037844387,0,0,0,1,0.32917803444458504
0,45.0,35,1,-1,-1,1,1,-1,1,1,6952500,249307500,0,1.0,6.123233995736766e-17,0,0,1,0,0.16415481748262178
0,50.0,16,-1,-1,-1,-1,1,-1,0,1,12712500,202522500,1,1.2246467991473532e-16,-1.0,0,0,0,1,0.8297750915491736
1,49.0,45,-1,1,1,-1,1,1,1,0,11812500,540097500,0,0.4999999999999999,0.8660254037844387,0,1,0,0,0.1715761101240734
0,54.0,17,-1,1,-1,-1,1,-1,0,1,12532500,199372500,0,-0.8660254037844385,-0.5000000000000004,0,0,0,1,0.8122736804423666
0,48.0,1,-1,-1,-1,-1,-1,-1,0,1,6855000,6855000,1,-0.8660254037844386,0.5000000000000001,0,0,1,0,0.7316980582547787
1,44.0,22,0,0,0,0,0,0,1,0,2940000,63375000,0,0.4999999999999999,0.8660254037844387,1,0,0,0,0.08700509392642258
0,53.0,1,-1,-1,-1,-1,-1,-1,0,1,10492500,10492500,1,1.2246467991473532e-16,-1.0,0,0,0,1,0.8600939013155828
1,40.0,67,1,-1,1,1,-1,1,1,0,10177500,694147500,0,0.0,1.0,0,0,1,0,0.04192467001195852
0,29.0,67,-1,-1,1,1,1,1,1,1,15847500,1007685000,0,0.4999999999999999,0.8660254037844387,0,0,0,1,0.298645451238853
0,38.0,2,-1,-1,-1,-1,1,1,0,0,6690000,14565000,1,0.4999999999999999,-0.8660254037844387,0,0,1,0,0.8137861802941424
1,31.0,23,-1,-1,-1,-1,-1,-1,0,1,11242500,256567500,1,0.8660254037844387,-0.4999999999999998,0,0,0,1,0.7567496091460075
0,32.0,9,-1,-1,1,-1,-1,-1,0,0,11325000,95610000,0,-0.8660254037844386,0.5000000000000001,0,0,0,1,0.7587212108573921
0,38.0,5,0,0,0,0,0,0,0,0,3022500,17692500,0,0.8660254037844387,-0.4999999999999998,1,0,0,0,0.34061409528127756
1,30.0,54,1,-1,-1,1,1,-1,1,0,6780000,369082500,0,-0.8660254037844385,-0.5000000000000004,0,0,1,0,0.06261583597363246
0,36.0,57,-1,-1,1,-1,1,1,1,1,14287500,819697500,1,-0.8660254037844386,0.5000000000000001,0,0,0,1,0.46479899746921477
1,18.0,24,-1,-1,1,-1,1,-1,0,1,13477500,324757500,1,-0.4999999999999997,-0.8660254037844388,0,0,0,1,0.7986160420757686
0,43.0,49,-1,1,-1,-1,1,1,1,0,15067500,741270000,1,-0.5000000000000004,0.8660254037844384,0,0,0,1,0.38987924368355353
1,40.0,5,-1,-1,-1,-1,-1,-1,0,0,7072500,33472500,1,1.0,6.123233995736766e-17,0,1,0,0,0.5694406848750856
1,30.0,2,-1,-1,-1,-1,-1,1,0,1,12030000,27165000,1,-1.0,-1.8369701987210294e-16,0,0,0,1,0.8958795215260575
0,48.0,4,-1,-1,1,1,-1,-1,0,1,13065000,51217500,1,0.4999999999999999,0.8660254037844387,0,0,0,1,0.7607460615892963
1,51.0,70,1,1,1,1,1,-1,1,1,11887500,859777500,0,0.4999999999999999,0.8660254037844387,0,1,0,0,0.04062697176267438
1,21.0,5,-1,-1,-1,-1,-1,-1,0,1,11385000,53662500,1,-0.5000000000000004,0.8660254037844384,0,0,0,1,0.8449573413980396
1,31.0,53,1,-1,1,1,1,1,0,0,12855000,692415000,0,0.4999999999999999,0.8660254037844387,0,1,0,0,0.18095011961639318
0,31.0,47,1,1,1,-1,1,-1,0,1,14812500,680055000,1,0.4999999999999999,0.8660254037844387,0,0,0,1,0.5434453277732612
0,29.0,31,0,0,0,0,0,0,1,0,3015000,88387500,0,-0.8660254037844385,-0.5000000000000004,1,0,0,0,0.05671690540534524
1,50.0,13,-1,1,1,1,-1,-1,0,0,9270000,112515000,0,0.8660254037844386,0.5000000000000001,0,0,1,0,0.3907335853745372
0,38.0,28,-1,-1,-1,-1,-1,-1,0,0,7485000,211537500,0,0.8660254037844386,0.5000000000000001,0,0,1,0,0.4039299939509604
0,37.0,10,-1,-1,-1,-1,-1,1,0,0,12967500,124627500,1,-0.8660254037844385,-0.5000000000000004,0,0,0,1,0.7986306482367066
1,18.0,38,0,0,0,0,0,0,1,0,3060000,111525000,0,-0.8660254037844385,-0.5000000000000004,1,0,0,0,0.04452620966111741
0,48.0,1,-1,-1,-1,-1,-1,-1,0,1,6795000,6795000,1,-0.4999999999999997,-0.8660254037844388,0,0,1,0,0.7273937804833407
1,25.0,67,-1,1,1,-1,1,1,1,0,15615000,1056127500,1,-0.8660254037844386,0.5000000000000001,0,0,0,1,0.2994993180781534
1,41.0,52,1,1,-1,-1,1,1,1,1,11310000,579817500,0,-0.8660254037844386,0.5000000000000001,0,0,1,0,0.16233515340200405
1,43.0,62,1,1,1,1,1,1,1,0,16222500,1023847500,0,0.8660254037844387,-0.4999999999999998,0,0,0,1,0.1764955747501044
0,56.0,16,-1,1,-1,-1,-1,1,0,1,12937500,201015000,0,-0.4999999999999997,-0.8660254037844388,0,0,0,1,0.8168300367999795
0,24.0,5,-1,1,-1,-1,-1,-1,0,1,12150000,55747500,1,1.2246467991473532e-16,-1.0,0,0,0,1,0.8115120345628848
1,18.0,12,-1,-1,1,-1,1,1,1,0,14355000,177600000,0,-0.8660254037844386,0.5000000000000001,0,0,0,1,0.6686305917358131
0,42.0,72,1,1,1,1,1,1,1,1,17527500,1271655000,0,1.2246467991473532e-16,-1.0,0,0,0,1,0.1882793438348693
1,62.0,71,-1,1,-1,1,1,1,1,0,15862500,1107427500,0,-0.8660254037844386,0.5000000000000001,0,0,0,1,0.19466332152422855
0,55.0,24,0,0,0,0,0,0,1,0,3022500,68527500,0,-0.5000000000000004,0.8660254037844384,1,0,0,0,0.07581565567087815
0,43.0,15,0,0,0,0,0,0,1,0,2940000,49740000,0,-1.0,-1.8369701987210294e-16,1,0,0,0,0.1073739484117788
1,34.0,67,1,1,-1,-1,-1,1,1,1,13590000,908422500,1,0.4999999999999999,0.8660254037844387,0,0,0,1,0.21520163583995114
1,50.0,2,1,1,-1,-1,-1,-1,0,0,9142500,20190000,0,1.2246467991473532e-16,-1.0,0,0,1,0,0.4617564903644455
0,28.0,5,-1,-1,-1,-1,-1,-1,0,0,3757500,18825000,0,0.0,1.0,0,1,0,0,0.645397708904432
0,46.0,15,-1,-1,-1,-1,1,1,0,0,13222500,208590000,1,0.4999999999999999,-0.8660254037844387,0,0,0,1,0.8409809730325384
1,46.0,1,0,0,0,0,0,0,0,1,3030000,3030000,1,-0.4999999999999997,-0.8660254037844388,1,0,0,0,0.4732337173791882
1,53.0,41,1,1,1,-1,-1,-1,1,1,9045000,376695000,0,0.8660254037844386,0.5000000000000001,0,0,1,0,0.11607927348824475
0,73.0,43,1,1,-1,-1,-1,1,0,1,9592500,410557500,0,0.4999999999999999,-0.8660254037844387,0,0,1,0,0.32046182981891724
1,45.0,1,-1,-1,-1,-1,-1,-1,0,0,11145000,11145000,0,1.0,6.123233995736766e-17,0,0,0,1,0.8074968924141607
0,34.0,1,-1,-1,-1,-1,-1,-1,0,1,10590000,10590000,0,-1.0,-1.8369701987210294e-16,0,0,0,1,0.8621873299846009
0,40.0,26,-1,-1,-1,-1,1,1,0,1,13620000,354270000,1,0.4999999999999999,0.8660254037844387,0,0,0,1,0.8525372362706131
1,19.0,22,-1,1,-1,-1,-1,-1,0,1,11902500,259552500,1,1.0,6.123233995736766e-17,0,0,0,1,0.7419013218309278
1,32.0,71,1,1,1,1,1,1,1,0,13582500,960600000,0,0.0,1.0,0,0,1,0,0.049589273127136076
1,35.0,7,0,0,0,0,0,0,1,0,2917500,24802500,0,0.8660254037844386,0.5000000000000001,1,0,0,0,0.15410493228713518
0,34.0,28,-1,1,1,1,-1,-1,0,0,9667500,280140000,0,-0.4999999999999997,-0.8660254037844388,0,0,1,0,0.2654517044365832
1,42.0,16,-1,-1,-1,-1,-1,-1,0,0,10447500,156495000,0,-0.8660254037844385,-0.5000000000000004,0,0,0,1,0.7271053382383812
1,30.0,7,0,0,0,0,0,0,1,0,2925000,19290000,0,0.8660254037844387,-0.4999999999999998,1,0,0,0,0.1504717659813533
0,53.0,69,-1,1,1,1,1,1,1,1,16575000,1118317500,0,0.0,1.0,0,0,0,1,0.2731093081513184
0,40.0,1,-1,-1,-1,-1,-1,-1,0,0,3705000,3705000,0,1.2246467991473532e-16,-1.0,0,0,1,0,0.7157169352034448
1,40.0,3,1,-1,1,-1,1,1,0,1,11610000,30922500,0,0.4999999999999999,-0.8660254037844387,0,0,1,0,0.7218084149242058
1,36.0,21,-1,-1,1,-1,1,1,0,1,14520000,304545000,1,-0.5000000000000004,0.8660254037844384,0,0,0,1,0.8655858987277549
0,42.0,69,-1,1,1,-1,-1,-1,0,1,12810000,880410000,0,0.8660254037844387,-0.4999999999999998,0,0,0,1,0.4003335116865498
0,50.0,71,1,1,1,1,-1,-1,1,1,7140000,506670000,0,-0.4999999999999997,-0.8660254037844388,0,0,1,0,0.029360548817122547
0,30.0,69,0,0,0,0,0,0,1,0,2910000,201930000,0,0.4999999999999999,0.8660254037844387,1,0,0,0,0.012706279073177
0,32.0,48,-1,-1,1,1,1,1,0,1,15577500,741907500,0,1.2246467991473532e-16,-1.0,0,0,0,1,0.6595079843421764
1,36.0,47,-1,1,1,-1,-1,-1,0,1,12502500,609750000,1,1.0,6.123233995736766e-17,0,0,0,1,0.5801429749232637
0,24.0,2,-1,-1,-1,-1,-1,-1,0,1,7410000,15982500,1,1.0,6.123233995736766e-17,0,1,0,0,0.6751963574874065
1,30.0,45,1,-1,1,1,1,1,0,1,16267500,744705000,0,-0.4999999999999997,-0.8660254037844388,0,0,0,1,0.5852798699616178
1,34.0,51,-1,1,-1,-1,-1,-1,0,0,12150000,612862500,0,-0.8660254037844385,-0.5000000000000004,0,0,0,1,0.4341440266772036
0,50.0,22,1,-1,-1,1,1,1,0,1,11880000,261412500,1,-0.8660254037844386,0.5000000000000001,0,1,0,0,0.4322998677249447
1,43.0,72,1,1,1,1,1,1,1,0,12997500,933720000,0,-0.8660254037844385,-0.5000000000000004,0,1,0,0,0.03746258422384604
1,42.0,37,-1,1,1,-1,1,-1,0,1,13942500,512287500,0,-1.0,-1.8369701987210294e-16,0,0,0,1,0.7099375890271552
1,50.0,71,1,1,1,1,1,1,1,0,13552500,948787500,0,-1.0,-1.8369701987210294e-16,0,0,1,0,0.04652860356244608
1,38.0,7,-1,-1,1,-1,-1,-1,0,0,7305000,51037500,1,-0.8660254037844386,0.5000000000000001,0,0,1,0,0.6003730950521262
0,45.0,66,0,0,0,0,0,0,1,1,3772500,252540000,0,-0.8660254037844385,-0.5000000000000004,1,0,0,0,0.019680287753644634
1,39.0,51,1,-1,-1,1,1,1,1,1,11460000,594945000,0,1.2246467991473532e-16,-1.0,0,0,1,0,0.1293233949814398
0,43.0,30,0,0,0,0,0,0,1,0,2932500,91275000,0,-1.0,-1.8369701987210294e-16,1,0,0,0,0.05983613272554254
0,33.0,34,-1,-1,-1,-1,1,-1,0,0,12802500,434490000,0,-0.8660254037844386,0.5000000000000001,0,0,0,1,0.6706897890259114
1,18.0,64,0,0,0,0,0,0,1,1,3720000,227227500,0,0.8660254037844387,-0.4999999999999998,1,0,0,0,0.02263254650712523
1,38.0,65,-1,1,1,-1,1,1,1,1,15472500,1018867500,0,-0.8660254037844386,0.5000000000000001,0,0,0,1,0.39792911104744044
1,57.0,47,1,1,-1,1,1,-1,0,0,15112500,700380000,0,-0.8660254037844385,-0.5000000000000004,0,0,0,1,0.3407944111467947
0,51.0,1,1,-1,-1,-1,1,1,0,1,14340000,14340000,1,-1.0,-1.8369701987210294e-16,0,0,0,1,0.8694960120117797
0,52.0,49,1,1,-1,-1,-1,-1,0,1,8962500,440145000,1,0.4999999999999999,-0.8660254037844387,0,0,1,0,0.20398696420224555
0,55.0,67,-1,1,-1,1,1,-1,1,0,14115000,945420000,0,0.0,1.0,0,0,0,1,0.1498608095065758
1,41.0,39,0,0,0,0,0,0,1,0,2902500,116880000,0,-0.4999999999999997,-0.8660254037844388,1,0,0,0,0.04258083748341329
1,42.0,14,0,0,0,0,0,0,0,0,2985000,42562500,0,0.4999999999999999,0.8660254037844387,1,0,0,0,0.272442660744895
0,33.0,43,1,1,-1,1,1,1,0,1,16222500,690105000,1,-1.0,-1.8369701987210294e-16,0,0,0,1,0.5604328782860941
1,36.0,56,-1,-1,1,-1,1,1,0,1,15157500,839100000,0,0.4999999999999999,0.8660254037844387,0,0,0,1,0.7169682132772911
0,47.0,14,-1,-1,-1,1,-1,1,1,0,8865000,115927500,0,1.2246467991473532e-16,-1.0,0,1,0,0,0.2246091357672819
0,54.0,1,-1,-1,-1,-1,-1,-1,0,0,10702500,10702500,1,1.2246467991473532e-16,-1.0,0,0,0,1,0.8025070046925608
1,38.0,16,1,1,-1,-1,-1,-1,1,1,8377500,128670000,0,-0.8660254037844385,-0.5000000000000004,0,0,1,0,0.23188804985134562
1,35.0,70,1,1,-1,-1,1,1,0,1,15907500,1133107500,0,0.8660254037844387,-0.4999999999999998,0,0,0,1,0.5158175541717097
1,40.0,72,1,1,1,-1,1,1,1,1,12615000,897247500,0,-0.8660254037844386,0.5000000000000001,0,0,1,0,0.09571425600317489
0,47.0,23,-1,-1,1,-1,-1,-1,0,1,11295000,255435000,0,-1.0,-1.8369701987210294e-16,0,0,0,1,0.7476548953688941
1,23.0,21,0,0,0,0,0,0,0,0,3705000,70072500,0,-0.4999999999999997,-0.8660254037844388,1,0,0,0,0.2005484153137865
0,18.0,1,0,0,0,0,0,0,0,1,3022500,3022500,1,0.4999999999999999,-0.8660254037844387,1,0,0,0,0.47495642192933835
1,33.0,1,-1,-1,-1,-1,-1,-1,0,0,10462500,10462500,1,0.4999999999999999,0.8660254037844387,0,0,0,1,0.8220015258055289
0,25.0,32,-1,-1,-1,-1,1,1,0,1,13980000,439650000,1,-0.4999999999999997,-0.8660254037844388,0,0,0,1,0.819844723879431
1,34.0,17,-1,-1,-1,-1,1,-1,0,0,12127500,210127500,1,-0.8660254037844385,-0.5000000000000004,0,0,0,1,0.7800494150685812
0,38.0,4,1,1,-1,-1,-1,-1,0,1,5047500,20677500,1,-0.5000000000000004,0.8660254037844384,0,0,1,0,0.6446785862963318
0,35.0,36,-1,-1,1,-1,-1,-1,1,0,8370000,291225000,0,0.8660254037844387,-0.4999999999999998,0,0,1,0,0.1448134448627762
0,57.0,50,-1,1,1,1,-1,-1,1,0,5955000,289912500,0,0.4999999999999999,-0.8660254037844387,0,1,0,0,0.05307628369886896
0,44.0,48,-1,-1,-1,1,-1,-1,0,1,4425000,213457500,0,0.0,1.0,0,0,1,0,0.2724100243332936
0,44.0,50,0,0,0,0,0,0,1,0,3022500,145627500,0,0.4999999999999999,-0.8660254037844387,1,0,0,0,0.02616331684831442
1,47.0,72,1,1,1,1,-1,1,1,0,11932500,871635000,0,0.0,1.0,0,1,0,0,0.02649696899654459
1,26.0,10,0,0,0,0,0,0,0,0,3720000,33585000,0,-0.4999999999999997,-0.8660254037844388,1,0,0,0,0.2833110341309232
0,52.0,18,0,0,0,0,0,0,0,0,2947500,58755000,0,-0.4999999999999997,-0.8660254037844388,1,0,0,0,0.22483600984548902
1,39.0,1,-1,-1,-1,-1,1,-1,0,1,11992500,11992500,1,1.2246467991473532e-16,-1.0,0,0,0,1,0.894036487006994
0,48.0,1,0,0,0,0,0,0,0,0,2895000,2895000,1,0.8660254037844386,0.5000000000000001,1,0,0,0,0.3853138479743395
1,27.0,9,-1,-1,1,-1,1,1,0,1,14107500,121747500,0,-0.5000000000000004,0.8660254037844384,0,0,0,1,0.9016940872752163
1,21.0,2,1,-1,-1,-1,-1,1,0,0,13612500,26212500,0,0.0,1.0,0,0,0,1,0.7722069874815304
0,50.0,40,-1,-1,-1,1,-1,-1,0,1,11827500,469027500,0,0.8660254037844386,0.5000000000000001,0,0,0,1,0.5439732975625708
1,45.0,69,-1,-1,1,-1,1,1,1,0,14925000,1026217500,0,-0.4999999999999997,-0.8660254037844388,0,0,0,1,0.29472484276844474
0,29.0,37,1,-1,1,1,-1,1,1,1,14880000,563190000,1,-0.8660254037844386,0.5000000000000001,0,0,0,1,0.29909048599930277
1,30.0,18,-1,-1,1,-1,-1,-1,0,1,12082500,210997500,0,0.4999999999999999,-0.8660254037844387,0,0,0,1,0.7719887059585497
1,54.0,11,-1,-1,-1,-1,-1,-1,0,1,10530000,125205000,0,0.4999999999999999,-0.8660254037844387,0,0,0,1,0.824842979074477
0,26.0,8,-1,-1,-1,-1,-1,1,0,1,12780000,94110000,1,0.4999999999999999,0.8660254037844387,0,0,0,1,0.8699220308641609
0,60.0,3,-1,-1,-1,-1,-1,-1,0,0,11287500,36300000,1,0.8660254037844387,-0.4999999999999998,0,0,0,1,0.7860754820773964
1,29.0,55,1,-1,-1,-1,-1,1,1,0,8917500,473550000,0,0.0,1.0,0,0,1,0,0.08507044623313419
1,48.0,33,-1,1,1,-1,-1,1,0,1,14002500,463800000,0,1.2246467991473532e-16,-1.0,0,0,0,1,0.7351128402937687
0,36.0,46,-1,-1,-1,-1,-1,-1,0,0,6742500,325335000,0,-0.5000000000000004,0.8660254037844384,0,0,1,0,0.2700594010838863
1,47.0,34,0,0,0,0,0,0,1,0,3915000,147052500,0,-1.0,-1.8369701987210294e-16,1,0,0,0,0.05033378412401717
0,33.0,3,0,0,0,0,0,0,0,0,3030000,9892500,0,0.0,1.0,1,0,0,0,0.36575912413883815
1,38.0,30,0,0,0,0,0,0,1,0,3187500,106785000,0,0.4999999999999999,0.8660254037844387,1,0,0,0,0.064045427318819
0,40.0,33,1,-1,-1,1,-1,-1,1,0,8910000,292920000,0,1.2246467991473532e-16,-1.0,0,0,1,0,0.073509427281492
1,28.0,45,-1,1,1,-1,-1,1,1,1,14250000,655327500,0,0.8660254037844386,0.5000000000000001,0,0,0,1,0.4355362968796428
1,49.0,40,1,1,-1,1,-1,-1,0,1,9285000,397065000,0,1.2246467991473532e-16,-1.0,0,0,1,0,0.1990130159474334
0,34.0,71,1,1,1,1,1,1,1,1,17797500,1271640000,0,1.2246467991473532e-16,-1.0,0,0,0,1,0.19211647423013425
1,37.0,1,-1,-1,1,-1,-1,-1,0,0,8152500,8152500,1,0.4999999999999999,-0.8660254037844387,0,0,1,0,0.6276399631667795
0,28.0,72,1,1,1,1,1,1,1,0,9667500,679200000,0,0.4999999999999999,0.8660254037844387,0,0,1,0,0.04734491016307366
0,18.0,22,-1,-1,-1,-1,-1,1,0,1,12022500,268597500,0,0.8660254037844387,-0.4999999999999998,0,0,0,1,0.8253700465685323
1,38.0,46,0,0,0,0,0,0,1,1,3030000,126840000,0,-0.8660254037844386,0.5000000000000001,1,0,0,0,0.046758061719214955
0,69.0,55,0,0,0,0,0,0,1,0,3150000,181545000,0,-0.8660254037844386,0.5000000000000001,1,0,0,0,0.021460349662040856
1,49.0,1,0,0,0,0,0,0,0,0,3067500,3067500,0,-1.0,-1.8369701987210294e-16,1,0,0,0,0.3797080916387843
0,40.0,12,-1,-1,-1,1,1,1,1,1,11377500,128167500,0,-0.8660254037844386,0.5000000000000001,0,0,1,0,0.4179781500307819
1,37.0,31,-1,1,-1,-1,-1,-1,0,1,12067500,364365000,0,-0.8660254037844385,-0.5000000000000004,0,0,0,1,0.6712349597976816
1,40.0,5,-1,-1,-1,-1,-1,-1,0,1,3742500,15060000,1,0.4999999999999999,0.8660254037844387,0,0,1,0,0.7729628348626508
0,47.0,67,1,-1,-1,-1,1,1,1,1,11325000,784417500,0,-1.0,-1.8369701987210294e-16,0,0,1,0,0.11706519447639986
1,26.0,1,-1,-1,-1,-1,-1,-1,0,0,6667500,6667500,0,-0.8660254037844385,-0.5000000000000004,0,0,1,0,0.6591301248716888
1,53.0,40,1,1,1,-1,-1,-1,1,1,6352500,257467500,1,1.0,6.123233995736766e-17,0,0,1,0,0.1329646107730814
1,49.0,41,1,1,1,-1,1,-1,0,1,11182500,453532500,0,-1.0,-1.8369701987210294e-16,0,1,0,0,0.28119148457161
1,49.0,1,-1,-1,-1,-1,-1,-1,0,1,11295000,11295000,1,-0.4999999999999997,-0.8660254037844388,0,0,0,1,0.8538019697331195
1,45.0,51,1,1,-1,-1,1,-1,1,1,14220000,725640000,1,1.2246467991473532e-16,-1.0,0,0,0,1,0.27593034620346785
1,40.0,42,1,-1,1,1,1,-1,1,0,7222500,304845000,0,0.8660254037844387,-0.4999999999999998,0,0,1,0,0.09502738580592632
1,48.0,23,0,0,0,0,0,0,1,0,2947500,65535000,0,1.0,6.123233995736766e-17,1,0,0,0,0.08221195106541071
0,47.0,1,-1,-1,-1,-1,-1,-1,0,1,10582500,10582500,1,-0.4999999999999997,-0.8660254037844388,0,0,0,1,0.8591866470330429
0,36.0,1,0,0,0,0,0,0,0,0,3022500,3022500,0,1.0,6.123233995736766e-17,1,0,0,0,0.3822715630965068
0,33.0,56,1,1,-1,-1,1,1,0,1,15990000,884092500,0,1.2246467991473532e-16,-1.0,0,0,0,1,0.5751784500605308
1,41.0,15,-1,1,-1,-1,1,-1,0,1,13650000,214507500,0,0.8660254037844387,-0.4999999999999998,0,0,0,1,0.8216578955164816
1,59.0,12,0,0,0,0,0,0,1,1,3810000,46950000,0,0.4999999999999999,0.8660254037844387,1,0,0,0,0.16460471592260478
0,25.0,54,1,-1,1,1,-1,1,1,0,10492500,580777500,0,1.0,6.123233995736766e-17,0,0,1,0,0.060249041833747116
0,22.0,7,-1,-1,-1,-1,1,1,0,1,10027500,68715000,0,0.8660254037844386,0.5000000000000001,0,0,1,0,0.80358497471137
0,42.0,33,-1,-1,-1,-1,-1,1,0,0,12922500,411855000,1,-0.8660254037844385,-0.5000000000000004,0,0,0,1,0.6707064754485895
1,41.0,16,0,0,0,0,0,0,0,0,3022500,51202500,0,-1.0,-1.8369701987210294e-16,1,0,0,0,0.24841223167713844
0,42.0,21,1,-1,1,-1,-1,1,1,0,9727500,200520000,0,0.4999999999999999,-0.8660254037844387,0,0,1,0,0.20928967542656632
1,43.0,30,-1,-1,1,-1,1,1,1,0,11227500,327262500,0,0.8660254037844387,-0.4999999999999998,0,0,1,0,0.3019369161041199
1,37.0,3,-1,-1,-1,1,-1,-1,0,1,7575000,22162500,0,1.0,6.123233995736766e-17,0,0,1,0,0.6299064441693742
1,58.0,11,-1,-1,1,-1,-1,-1,0,0,10935000,122767500,0,-0.8660254037844386,0.5000000000000001,0,0,0,1,0.757879310180252
0,21.0,62,1,1,1,1,1,1,1,1,17257500,1070017500,0,1.2246467991473532e-16,-1.0,0,0,0,1,0.22605299463885528
1,30.0,18,0,0,0,0,0,0,0,0,2850000,52320000,0,-0.4999999999999997,-0.8660254037844388,1,0,0,0,0.23426964655285237
1,39.0,6,0,0,0,0,0,0,0,0,2932500,19290000,0,0.0,1.0,1,0,0,0,0.3454417289759071
0,20.0,46,-1,-1,1,-1,1,1,1,1,15165000,701160000,0,-0.8660254037844386,0.5000000000000001,0,0,0,1,0.5313271410209829
1,38.0,21,-1,-1,-1,-1,-1,1,0,1,12615000,260617500,0,-0.5000000000000004,0.8660254037844384,0,0,0,1,0.8256136015783948
1,60.0,68,0,0,0,0,0,0,1,1,3622500,224827500,0,0.8660254037844387,-0.4999999999999998,1,0,0,0,0.018318135962613384
0,40.0,1,-1,-1,-1,-1,-1,-1,0,1,7515000,7515000,0,-0.4999999999999997,-0.8660254037844388,0,0,1,0,0.7137050727774834
0,43.0,25,-1,-1,1,-1,-1,-1,0,1,11190000,269662500,0,-0.8660254037844385,-0.5000000000000004,0,0,0,1,0.734511555922044
0,25.0,24,0,0,0,0,0,0,1,0,2962500,74715000,0,1.0,6.123233995736766e-17,1,0,0,0,0.07873794746832924
0,33.0,30,-1,-1,-1,-1,-1,1,0,1,12750000,393637500,1,1.2246467991473532e-16,-1.0,0,0,0,1,0.7759392225135554
0,35.0,2,-1,-1,-1,-1,-1,1,0,0,12082500,27615000,1,-1.0,-1.8369701987210294e-16,0,0,0,1,0.8480402854484664
1,36.0,51,-1,1,1,-1,1,1,1,1,16020000,824820000,0,0.0,1.0,0,0,0,1,0.48315805950619356
0,55.0,57,1,-1,1,1,1,1,1,1,12675000,726810000,0,0.4999999999999999,0.8660254037844387,0,1,0,0,0.08942610532386598
0,47.0,15,0,0,0,0,0,0,1,0,3757500,55365000,0,1.0,6.123233995736766e-17,1,0,0,0,0.1021863128296271
0,27.0,72,1,1,1,1,1,1,1,1,12555000,914535000,0,-0.4999999999999997,-0.8660254037844388,0,0,1,0,0.06640575822951221
0,43.0,2,-1,-1,1,-1,-1,-1,0,1,11370000,24112500,1,-1.0,-1.8369701987210294e-16,0,0,0,1,0.849855103813665
1,46.0,28,-1,1,1,-1,1,-1,0,0,14490000,402652500,0,1.2246467991473532e-16,-1.0,0,0,0,1,0.6673845222603543
1,54.0,29,-1,-1,1,-1,1,1,0,1,14775000,450622500,1,-0.8660254037844385,-0.5000000000000004,0,0,0,1,0.8339383897469524
1,59.0,70,1,1,1,1,1,-1,1,1,15165000,1049220000,0,1.2246467991473532e-16,-1.0,0,0,0,1,0.1336505078253393
0,28.0,13,0,0,0,0,0,0,1,0,3030000,40987500,0,0.8660254037844387,-0.4999999999999998,1,0,0,0,0.11707338339206058
0,30.0,59,1,1,1,1,-1,-1,1,1,14107500,822585000,0,0.4999999999999999,-0.8660254037844387,0,0,0,1,0.12055374773205167
1,25.0,13,-1,-1,-1,-1,1,1,0,1,14287500,185047500,1,1.2246467991473532e-16,-1.0,0,0,0,1,0.8854655543749166
1,37.0,7,-1,-1,-1,-1,-1,-1,0,1,11160000,79185000,1,-0.4999999999999997,-0.8660254037844388,0,0,0,1,0.8328603113133171
0,46.0,62,1,-1,1,1,1,1,1,0,12150000,747885000,0,-0.8660254037844386,0.5000000000000001,0,1,0,0,0.05325425721214403
0,52.0,21,1,-1,1,1,-1,-1,1,1,9037500,188752500,0,0.0,1.0,0,0,1,0,0.1558583238636619
0,39.0,2,-1,-1,1,-1,-1,1,0,0,9127500,16710000,0,-0.8660254037844386,0.5000000000000001,0,0,1,0,0.6949645525685919
0,36.0,1,-1,-1,-1,-1,-1,-1,0,0,6592500,6592500,0,1.2246467991473532e-16,-1.0,0,0,1,0,0.6514803474261165
1,42.0,4,-1,-1,1,-1,-1,1,0,0,12907500,46215000,0,-0.4999999999999997,-0.8660254037844388,0,0,0,1,0.8313288495081468
0,30.0,19,0,0,0,0,0,0,1,0,3037500,57547500,0,-0.4999999999999997,-0.8660254037844388,1,0,0,0,0.09068837866478133
0,65.0,30,-1,-1,-1,1,1,-1,0,0,12772500,383385000,1,-0.8660254037844385,-0.5000000000000004,0,0,0,1,0.5979725567019176
1,21.0,67,0,0,0,0,0,0,1,1,2910000,192630000,0,-0.8660254037844385,-0.5000000000000004,1,0,0,0,0.019979091476125463
1,42.0,72,1,1,1,-1,-1,1,1,1,15397500,1132545000,0,-0.4999999999999997,-0.8660254037844388,0,0,0,1,0.19004799132124792
1,64.0,53,0,0,0,0,0,0,1,0,2985000,166507500,0,1.2246467991473532e-16,-1.0,1,0,0,0,0.02369712412412312
0,40.0,5,0,0,0,0,0,0,1,0,2932500,14940000,0,-0.8660254037844386,0.5000000000000001,1,0,0,0,0.1563746188266242
1,38.0,71,-1,1,1,1,-1,1,1,1,14325000,1006072500,0,1.0,6.123233995736766e-17,0,0,0,1,0.20054155549839445
0,36.0,50,-1,1,1,1,1,1,1,1,12622500,624660000,0,-0.5000000000000004,0.8660254037844384,0,1,0,0,0.14229810709619742
1,38.0,56,-1,-1,1,1,1,1,1,1,15480000,881062500,0,1.2246467991473532e-16,-1.0,0,0,0,1,0.37551555327751535
1,56.0,2,-1,-1,-1,1,-1,-1,0,1,7530000,16387500,0,-0.4999999999999997,-0.8660254037844388,0,0,1,0,0.6264064337947942
0,18.0,2,-1,-1,1,-1,-1,1,0,1,13282500,26887500,1,-0.8660254037844386,0.5000000000000001,0,0,0,1,0.8838751894935793
1,58.0,24,1,-1,-1,-1,-1,-1,0,0,8212500,200722500,1,-0.8660254037844385,-0.5000000000000004,0,0,1,0,0.3217190168729432
1,23.0,46,0,0,0,0,0,0,1,0,2992500,129360000,0,0.0,1.0,1,0,0,0,0.03351998590328541
1,37.0,71,1,1,1,1,1,1,1,1,17437500,1284712500,0,-1.0,-1.8369701987210294e-16,0,0,0,1,0.20755609899374325
0,35.0,29,-1,-1,-1,1,-1,-1,0,1,4680000,138930000,0,-1.0,-1.8369701987210294e-16,0,1,0,0,0.3832842487768465
1,47.0,69,0,0,0,0,0,0,1,0,3667500,257730000,0,-0.5000000000000004,0.8660254037844384,1,0,0,0,0.012720599597168687
1,21.0,71,-1,1,1,1,1,1,1,0,12630000,893527500,0,-1.0,-1.8369701987210294e-16,0,0,1,0,0.07201141032872005
0,46.0,1,-1,-1,-1,-1,1,1,0,1,13695000,13695000,1,0.0,1.0,0,0,0,1,0.9185701344552525
1,64.0,56,1,1,1,1,1,1,1,1,12847500,723667500,0,0.4999999999999999,0.8660254037844387,0,0,1,0,0.10494697387887608
1,24.0,56,0,0,0,0,0,0,1,1,3180000,185797500,0,-0.8660254037844385,-0.5000000000000004,1,0,0,0,0.031557817018470755
1,42.0,1,-1,-1,-1,-1,1,-1,0,1,11925000,11925000,1,0.4999999999999999,-0.8660254037844387,0,0,0,1,0.8953857771199244
0,32.0,28,0,0,0,0,0,0,1,0,3832500,100830000,0,1.2246467991473532e-16,-1.0,1,0,0,0,0.060395546804280775
0,45.0,19,0,0,0,0,0,0,0,0,3030000,57330000,0,0.4999999999999999,-0.8660254037844387,1,0,0,0,0.2183938092588264
1,40.0,66,-1,-1,-1,1,-1,1,0,0,9577500,639690000,0,-0.4999999999999997,-0.8660254037844388,0,0,1,0,0.15214928416695564
0,32.0,17,-1,-1,1,1,-1,-1,1,1,9292500,160605000,0,0.0,1.0,0,0,1,0,0.24323194154572905
1,46.0,52,0,0,0,0,0,0,1,0,3862500,201877500,0,0.8660254037844386,0.5000000000000001,1,0,0,0,0.025289227064385814
0,62.0,19,-1,1,-1,-1,1,-1,1,0,8730000,156787500,0,0.8660254037844387,-0.4999999999999998,0,1,0,0,0.24513970662816692
0,38.0,36,1,1,1,1,1,1,1,0,12877500,450532500,0,0.8660254037844386,0.5000000000000001,0,1,0,0,0.09821721950391742
1,49.0,7,-1,-1,-1,-1,-1,-1,0,1,10515000,70132500,1,0.0,1.0,0,0,0,1,0.8458926670643556
1,24.0,72,1,1,1,1,-1,1,1,1,15735000,1130625000,0,1.2246467991473532e-16,-1.0,0,0,0,1,0.13616089170750664
1,29.0,67,1,1,1,-1,1,1,1,1,16695000,1122315000,1,0.4999999999999999,0.8660254037844387,0,0,0,1,0.2943733489152214
1,46.0,34,-1,1,1,-1,1,1,1,1,14977500,501472500,0,0.8660254037844387,-0.4999999999999998,0,0,0,1,0.5860728616137968
1,58.0,57,-1,1,1,-1,-1,1,0,1,14287500,814057500,1,0.4999999999999999,-0.8660254037844387,0,0,0,1,0.5905389589883873
0,44.0,7,-1,-1,1,-1,1,-1,0,1,12937500,88065000,1,0.8660254037844386,0.5000000000000001,0,0,0,1,0.8686914263799255
0,36.0,1,-1,-1,1,-1,1,1,0,1,15120000,15120000,1,-0.5000000000000004,0.8660254037844384,0,0,0,1,0.908153694004462
1,40.0,8,0,0,0,0,0,0,0,1,2932500,24172500,0,-1.0,-1.8369701987210294e-16,1,0,0,0,0.4079847054386605
0,25.0,69,-1,-1,1,1,1,1,1,0,15600000,1054275000,0,0.4999999999999999,0.8660254037844387,0,0,0,1,0.2238847983780585
0,47.0,50,1,-1,1,-1,1,1,1,1,15660000,784935000,0,0.8660254037844386,0.5000000000000001,0,0,0,1,0.39799459731219006
1,51.0,10,0,0,0,0,0,0,1,0,2925000,33877500,0,1.0,6.123233995736766e-17,1,0,0,0,0.1353415566660276
0,35.0,12,0,0,0,0,0,0,1,0,3787500,41205000,0,-0.5000000000000004,0.8660254037844384,1,0,0,0,0.11450554531979353
0,34.0,14,-1,1,-1,-1,-1,1,0,1,12945000,177142500,1,0.4999999999999999,-0.8660254037844387,0,0,0,1,0.8301687966551159
0,43.0,70,1,-1,1,1,-1,1,1,1,7477500,505530000,0,-0.8660254037844385,-0.5000000000000004,0,0,1,0,0.050386034691407525
0,35.0,64,1,-1,1,1,1,1,0,1,16342500,1066695000,0,0.4999999999999999,-0.8660254037844387,0,0,0,1,0.47008838530911523
0,39.0,66,1,1,1,1,1,1,1,0,13485000,893827500,0,0.0,1.0,0,1,0,0,0.04495677080451151
0,65.0,71,1,-1,1,1,1,1,1,1,12300000,899977500,0,0.0,1.0,0,0,1,0,0.07670613796105491
1,37.0,20,-1,-1,-1,-1,1,1,0,0,13492500,247267500,0,-0.5000000000000004,0.8660254037844384,0,0,0,1,0.8216845826143119
1,36.0,72,1,1,-1,1,1,1,1,1,11902500,862987500,0,-0.8660254037844385,-0.5000000000000004,0,0,1,0,0.06687944682010899
0,32.0,71,1,1,1,1,-1,-1,1,0,9607500,673935000,0,0.8660254037844386,0.5000000000000001,0,0,1,0,0.02082478081122413
1,49.0,38,-1,-1,1,-1,1,1,0,1,15172500,593505000,0,-0.8660254037844385,-0.5000000000000004,0,0,0,1,0.7953910087085585
0,38.0,28,-1,1,-1,-1,-1,1,0,1,13492500,393832500,1,1.2246467991473532e-16,-1.0,0,0,0,1,0.7627408399598992
1,32.0,17,-1,1,-1,-1,-1,-1,0,1,11467500,185010000,1,-0.5000000000000004,0.8660254037844384,0,0,0,1,0.7719095793722418
1,56.0,33,-1,1,-1,-1,1,-1,1,1,5865000,196350000,0,0.4999999999999999,-0.8660254037844387,0,0,1,0,0.31285564772714236
0,57.0,23,1,-1,-1,1,-1,-1,1,0,5190000,122017500,0,0.4999999999999999,-0.8660254037844387,0,0,1,0,0.12786893936583144
1,33.0,58,0,0,0,0,0,0,1,1,2932500,166320000,0,0.8660254037844386,0.5000000000000001,1,0,0,0,0.029943569278980117
0,18.0,70,-1,1,-1,1,1,1,1,1,15667500,1102402500,0,-0.8660254037844386,0.5000000000000001,0,0,0,1,0.27651522654485705
1,52.0,4,-1,-1,-1,-1,-1,-1,0,0,10575000,44130000,0,1.0,6.123233995736766e-17,0,0,0,1,0.8013365609487134
1,32.0,45,0,0,0,0,0,0,1,0,3052500,139380000,0,0.4999999999999999,0.8660254037844387,1,0,0,0,0.03515669425564124
1,49.0,10,-1,-1,-1,-1,-1,-1,0,1,10500000,111000000,1,0.0,1.0,0,0,0,1,0.8350848056755417
1,18.0,36,0,0,0,0,0,0,1,0,2917500,113175000,0,-1.0,-1.8369701987210294e-16,1,0,0,0,0.04993495858215946
1,51.0,54,1,1,-1,1,1,-1,0,1,10485000,582495000,0,-0.4999999999999997,-0.8660254037844388,0,0,1,0,0.1843076052311567
1,25.0,23,-1,1,-1,1,-1,-1,1,0,8955000,212130000,0,0.8660254037844387,-0.4999999999999998,0,0,1,0,0.14364471487498542
0,49.0,41,1,1,1,-1,1,-1,1,1,11752500,481680000,0,0.0,1.0,0,0,1,0,0.1454750288471985
1,40.0,5,-1,-1,-1,-1,-1,-1,0,1,10717500,55740000,0,0.4999999999999999,0.8660254037844387,0,0,0,1,0.8539013860538812
1,29.0,27,-1,1,1,-1,-1,1,1,1,6877500,186960000,0,0.0,1.0,0,0,1,0,0.37323260405146425
0,35.0,1,-1,-1,-1,1,1,1,0,1,14377500,14377500,0,0.0,1.0,0,0,0,1,0.8789602117919675
0,48.0,67,1,-1,-1,1,-1,-1,1,0,5355000,381855000,0,1.2246467991473532e-16,-1.0,0,0,1,0,0.02615559450505963
0,41.0,72,1,1,1,1,1,1,1,1,13432500,967327500,0,0.8660254037844387,-0.4999999999999998,0,1,0,0,0.0540870594730775
0,47.0,56,0,0,0,0,0,0,1,1,3742500,220335000,0,1.0,6.123233995736766e-17,1,0,0,0,0.030737320592435488
1,64.0,44,0,0,0,0,0,0,1,0,3727500,152040000,0,0.4999999999999999,0.8660254037844387,1,0,0,0,0.03395486058550913
0,21.0,66,-1,1,-1,-1,1,1,0,1,15120000,1003612500,0,-0.8660254037844386,0.5000000000000001,0,0,0,1,0.6341824677629112
0,59.0,34,1,1,-1,1,-1,-1,1,1,9660000,313312500,1,0.4999999999999999,-0.8660254037844387,0,1,0,0,0.07276153551057526
0,41.0,69,-1,-1,1,1,1,1,1,0,15802500,1086097500,0,1.0,6.123233995736766e-17,0,0,0,1,0.2228996974338603
0,29.0,1,1,-1,1,-1,1,1,0,1,15367500,15367500,1,0.8660254037844386,0.5000000000000001,0,0,0,1,0.8657691531441213
0,24.0,40,0,0,0,0,0,0,1,0,2947500,124537500,0,-1.0,-1.8369701987210294e-16,1,0,0,0,0.04084608505079562
1,38.0,30,1,-1,-1,-1,-1,-1,0,1,8167500,238305000,0,-0.8660254037844385,-0.5000000000000004,0,0,1,0,0.36404489588334915
0,51.0,11,-1,-1,-1,1,1,1,0,0,10575000,124395000,0,-0.8660254037844386,0.5000000000000001,0,0,1,0,0.6043209817028293
0,38.0,15,0,0,0,0,0,0,1,0,3015000,45367500,0,-0.8660254037844386,0.5000000000000001,1,0,0,0,0.10779040747396029
1,58.0,11,-1,-1,1,-1,1,1,0,1,10402500,106837500,0,0.8660254037844386,0.5000000000000001,0,1,0,0,0.7391146374138992
0,23.0,64,0,0,0,0,0,0,1,0,2970000,200497500,0,1.0,6.123233995736766e-17,1,0,0,0,0.01571269631817722
1,40.0,72,1,1,1,1,1,-1,1,0,11160000,804112500,0,1.2246467991473532e-16,-1.0,0,0,1,0,0.03004421847773355
1,25.0,72,1,1,1,1,-1,-1,1,1,13957500,1010257500,0,-0.4999999999999997,-0.8660254037844388,0,0,0,1,0.09198784901717388
0,44.0,1,1,-1,-1,-1,-1,-1,0,0,7680000,7680000,0,-0.5000000000000004,0.8660254037844384,0,0,1,0,0.5314790748863345
0,51.0,15,1,1,1,1,-1,-1,1,0,9840000,151500000,0,-0.8660254037844385,-0.5000000000000004,0,0,1,0,0.11199417740519602
0,35.0,60,-1,-1,1,1,1,1,1,0,12082500,727057500,0,0.0,1.0,0,0,1,0,0.10500882266497162
1,18.0,56,1,-1,1,-1,-1,-1,1,0,7905000,452955000,0,-0.5000000000000004,0.8660254037844384,0,1,0,0,0.0475447954612049
0,42.0,8,0,0,0,0,0,0,1,0,3127500,24247500,0,-0.5000000000000004,0.8660254037844384,1,0,0,0,0.13941163335238735
0,45.0,3,-1,-1,1,1,-1,-1,0,0,12015000,32632500,1,1.0,6.123233995736766e-17,0,0,0,1,0.7079772358972002
0,45.0,49,-1,-1,-1,-1,-1,-1,0,1,7822500,387562500,0,-0.8660254037844386,0.5000000000000001,0,1,0,0,0.2679157109908629
0,55.0,2,-1,-1,-1,-1,1,-1,0,1,12030000,21907500,1,-0.4999999999999997,-0.8660254037844388,0,0,0,1,0.8855447711858789
0,27.0,6,1,1,1,1,-1,1,0,1,14722500,85117500,1,0.4999999999999999,0.8660254037844387,0,0,0,1,0.7133067724398932
1,48.0,70,1,1,1,1,1,1,1,1,17242500,1156687500,0,0.8660254037844386,0.5000000000000001,0,0,0,1,0.19413911296414754
1,54.0,12,-1,1,1,1,1,1,0,1,16942500,207712500,1,-0.4999999999999997,-0.8660254037844388,0,0,0,1,0.7969708144309927
1,19.0,52,1,-1,1,1,1,1,1,1,15667500,822187500,0,-0.8660254037844385,-0.5000000000000004,0,0,0,1,0.3047681132655299
0,44.0,72,1,1,1,1,1,1,1,1,17047500,1218630000,0,0.8660254037844386,0.5000000000000001,0,0,0,1,0.19184456952607004
0,34.0,40,0,0,0,0,0,0,1,1,3090000,124095000,0,-1.0,-1.8369701987210294e-16,1,0,0,0,0.057886996226899086
0,39.0,1,-1,-1,-1,-1,-1,-1,0,0,10635000,10635000,1,-1.0,-1.8369701987210294e-16,0,0,0,1,0.8073980141755258
0,44.0,3,-1,-1,1,-1,1,-1,0,1,13027500,33142500,1,0.8660254037844386,0.5000000000000001,0,0,0,1,0.8796326575557029
0,34.0,40,-1,-1,-1,-1,1,1,0,1,13732500,551040000,0,-0.8660254037844386,0.5000000000000001,0,0,0,1,0.7934064722307038
1,32.0,1,-1,-1,1,-1,-1,-1,0,1,7477500,7477500,0,1.2246467991473532e-16,-1.0,0,0,1,0,0.7267665401569614
1,40.0,30,0,0,0,0,0,0,1,0,2970000,86497500,0,1.2246467991473532e-16,-1.0,1,0,0,0,0.06061101049410287
1,27.0,23,1,-1,-1,1,1,1,0,1,14977500,349695000,1,0.0,1.0,0,0,0,1,0.7286850321379366
1,27.0,1,-1,-1,-1,-1,-1,-1,0,1,11175000,11175000,1,0.0,1.0,0,0,0,1,0.8639754830726112
0,48.0,44,-1,-1,1,1,1,1,0,0,15622500,674347500,0,-1.0,-1.8369701987210294e-16,0,0,0,1,0.5873479089322599
1,26.0,65,-1,1,1,1,1,1,0,1,16372500,1041180000,1,-0.5000000000000004,0.8660254037844384,0,0,0,1,0.5490488165230165
0,48.0,7,1,-1,-1,-1,-1,-1,0,1,7230000,51052500,0,0.4999999999999999,0.8660254037844387,0,1,0,0,0.5357947447298946
1,46.0,72,0,0,0,0,0,0,1,1,3765000,268485000,0,-1.0,-1.8369701987210294e-16,1,0,0,0,0.01595905318358695
0,19.0,8,-1,-1,-1,1,1,1,0,1,15022500,136282500,0,1.0,6.123233995736766e-17,0,0,0,1,0.8535877947408743
0,32.0,16,-1,-1,1,-1,-1,1,0,1,9780000,156502500,1,1.2246467991473532e-16,-1.0,0,0,1,0,0.6621347717292089
1,54.0,66,-1,-1,1,-1,1,1,0,1,14925000,1023322500,1,0.0,1.0,0,0,0,1,0.6741699961094446
1,28.0,1,-1,-1,-1,-1,-1,-1,0,1,10732500,10732500,1,0.8660254037844387,-0.4999999999999998,0,0,0,1,0.8663892948319496
1,34.0,3,1,-1,1,-1,-1,-1,0,0,8385000,23632500,0,0.8660254037844387,-0.4999999999999998,0,0,1,0,0.5064009892701353
1,46.0,53,1,-1,1,-1,-1,1,0,0,14085000,754380000,1,-0.8660254037844386,0.5000000000000001,0,0,0,1,0.4480218037342109
1,49.0,8,-1,-1,1,1,-1,1,0,1,9660000,87255000,0,1.0,6.123233995736766e-17,0,0,1,0,0.6537785895443833
1,37.0,69,-1,1,1,1,1,1,1,1,16260000,1097730000,1,0.4999999999999999,-0.8660254037844387,0,0,0,1,0.2756907520053495
0,33.0,5,-1,1,-1,-1,1,-1,0,1,12795000,63067500,0,-0.4999999999999997,-0.8660254037844388,0,0,0,1,0.860397047640007
0,57.0,72,1,-1,1,1,1,1,1,0,16117500,1136505000,0,1.2246467991473532e-16,-1.0,0,0,0,1,0.13940891344232212
0,61.0,13,-1,-1,1,-1,1,1,0,1,7312500,95010000,1,-0.4999999999999997,-0.8660254037844388,0,0,1,0,0.7999875977939709
0,52.0,4,-1,-1,-1,-1,1,-1,0,1,12847500,48247500,1,-1.0,-1.8369701987210294e-16,0,0,0,1,0.87217983438011
0,41.0,54,1,1,1,1,1,1,1,0,13695000,744750000,0,-1.0,-1.8369701987210294e-16,0,0,1,0,0.07208026632087092
1,30.0,72,-1,1,1,1,1,1,1,0,12892500,922785000,0,0.0,1.0,0,0,1,0,0.07175273255108577
1,30.0,12,-1,1,1,-1,1,1,0,1,16005000,188085000,1,0.8660254037844387,-0.4999999999999998,0,0,0,1,0.8661144454721347
1,46.0,1,-1,-1,-1,-1,-1,-1,0,1,3772500,3772500,1,1.2246467991473532e-16,-1.0,0,0,1,0,0.7915779188679655
1,45.0,1,-1,-1,-1,-1,-1,-1,0,0,6780000,6780000,0,1.0,6.123233995736766e-17,0,0,1,0,0.661027341908633
0,57.0,54,-1,1,1,1,1,1,1,0,16552500,883972500,1,0.4999999999999999,-0.8660254037844387,0,0,0,1,0.26110367537273377
1,48.0,69,-1,-1,1,-1,-1,-1,1,1,11880000,813097500,0,0.4999999999999999,0.8660254037844387,0,0,0,1,0.21593069433217982
0,22.0,48,1,1,-1,-1,-1,-1,1,0,8325000,394102500,0,0.4999999999999999,-0.8660254037844387,0,0,1,0,0.06262677681946253
0,53.0,48,1,1,-1,-1,1,1,1,1,15487500,755632500,1,-0.8660254037844386,0.5000000000000001,0,0,0,1,0.38352990202924964
0,28.0,8,-1,-1,-1,1,-1,1,0,1,13537500,111562500,0,-0.4999999999999997,-0.8660254037844388,0,0,0,1,0.8034963844937512
1,35.0,71,1,1,1,1,1,1,1,1,13687500,988440000,0,-0.8660254037844386,0.5000000000000001,0,0,1,0,0.07171022552218599
1,43.0,2,1,-1,-1,-1,-1,-1,0,1,7170000,13867500,1,-0.8660254037844385,-0.5000000000000004,0,0,1,0,0.6292029492178671
1,64.0,67,1,1,-1,-1,1,1,1,1,15135000,1009972500,0,-0.5000000000000004,0.8660254037844384,0,0,0,1,0.28331833873890067
1,75.0,34,-1,1,-1,-1,1,1,0,1,14655000,511500000,0,-0.8660254037844385,-0.5000000000000004,0,0,0,1,0.7954856421470311
0,47.0,3,-1,-1,-1,-1,-1,-1,0,1,10477500,29977500,0,0.8660254037844386,0.5000000000000001,0,0,0,1,0.8587917836581713
0,38.0,9,-1,1,-1,1,1,-1,1,1,9840000,88995000,0,0.8660254037844386,0.5000000000000001,0,0,1,0,0.3539876132228677
1,46.0,71,1,1,1,-1,1,1,1,1,15697500,1093260000,0,-0.8660254037844385,-0.5000000000000004,0,0,0,1,0.2571101262734413
1,51.0,57,-1,-1,-1,1,1,-1,1,1,13567500,784470000,0,0.4999999999999999,-0.8660254037844387,0,0,0,1,0.2758913815567054
1,36.0,72,1,1,1,1,1,1,1,1,9555000,669720000,0,-0.4999999999999997,-0.8660254037844388,0,0,1,0,0.06648692123757464
0,62.0,48,1,-1,1,1,1,1,0,1,15675000,760207500,0,0.8660254037844386,0.5000000000000001,0,0,0,1,0.5695751179585729
1,43.0,18,0,0,0,0,0,0,1,0,3015000,60277500,0,-0.4999999999999997,-0.8660254037844388,1,0,0,0,0.09691097195547081
1,46.0,43,-1,-1,1,1,1,1,1,1,15645000,667777500,0,0.4999999999999999,0.8660254037844387,0,0,0,1,0.4562619496380347
0,48.0,72,1,1,1,1,1,1,1,1,13987500,1003342500,0,0.8660254037844387,-0.4999999999999998,0,1,0,0,0.05333021356148976
1,45.0,35,-1,-1,-1,1,1,1,1,1,11017500,399165000,0,0.8660254037844387,-0.4999999999999998,0,1,0,0,0.23706951157579592
1,50.0,4,0,0,0,0,0,0,0,0,3105000,10957500,0,0.0,1.0,1,0,0,0,0.3575297378586195
0,33.0,49,0,0,0,0,0,0,1,0,3787500,181747500,0,1.0,6.123233995736766e-17,1,0,0,0,0.027551034054183174
0,33.0,71,1,1,1,-1,1,-1,1,0,15075000,1054597500,0,0.8660254037844387,-0.4999999999999998,0,0,0,1,0.13056631824710377
1,27.0,11,-1,-1,-1,-1,1,1,0,0,13590000,153030000,0,0.0,1.0,0,0,0,1,0.8608640216343034
1,45.0,63,1,1,1,1,1,1,1,1,13410000,839647500,0,0.0,1.0,0,0,1,0,0.08685688667205023
0,49.0,65,-1,1,1,-1,1,-1,0,1,14317500,933495000,0,-0.8660254037844385,-0.5000000000000004,0,0,0,1,0.5235803985981905
0,45.0,49,0,0,0,0,0,0,1,0,3067500,153697500,0,-0.8660254037844385,-0.5000000000000004,1,0,0,0,0.027265053153182978
0,60.0,29,-1,-1,1,-1,1,1,0,1,14790000,439980000,1,0.0,1.0,0,0,0,1,0.8330800154399575
0,40.0,15,-1,-1,1,1,-1,-1,0,1,12457500,188745000,1,-0.5000000000000004,0.8660254037844384,0,0,0,1,0.7101462877774923
0,48.0,4,0,0,0,0,0,0,0,1,2992500,12435000,0,1.2246467991473532e-16,-1.0,1,0,0,0,0.43541734280642536
0,27.0,72,-1,1,1,1,1,1,1,0,16372500,1168440000,0,-0.4999999999999997,-0.8660254037844388,0,0,0,1,0.1905168825643336
0,35.0,26,-1,-1,1,-1,1,-1,0,1,12855000,310050000,0,-1.0,-1.8369701987210294e-16,0,0,0,1,0.7853396788879241
0,48.0,35,-1,-1,1,-1,1,1,0,0,15307500,517882500,0,-0.8660254037844385,-0.5000000000000004,0,0,0,1,0.722064575786708
0,50.0,57,-1,1,-1,1,-1,1,1,0,14205000,820342500,0,0.4999999999999999,0.8660254037844387,0,0,0,1,0.19503829332881434
1,36.0,28,-1,1,-1,-1,-1,1,0,0,9660000,270322500,0,-0.5000000000000004,0.8660254037844384,0,0,1,0,0.46534782235224076
0,39.0,25,0,0,0,0,0,0,1,1,4020000,110032500,0,-0.4999999999999997,-0.8660254037844388,1,0,0,0,0.09699444945600148
0,22.0,47,1,-1,1,-1,1,-1,1,1,9907500,453217500,0,-0.8660254037844386,0.5000000000000001,0,0,1,0,0.14084609009016452
0,36.0,57,1,1,-1,1,-1,-1,0,0,9780000,553177500,0,0.4999999999999999,0.8660254037844387,0,1,0,0,0.069825488545538
1,51.0,16,-1,-1,-1,-1,1,-1,0,1,12757500,208672500,0,-1.0,-1.8369701987210294e-16,0,0,0,1,0.8361652927471449
1,47.0,5,1,-1,1,-1,-1,-1,0,1,8370000,41152500,0,0.0,1.0,0,1,0,0,0.537302522252593
1,46.0,17,-1,-1,-1,-1,-1,-1,0,1,10560000,182107500,1,1.0,6.123233995736766e-17,0,0,0,1,0.7993377758760906
0,41.0,56,-1,1,1,-1,1,1,1,1,15712500,826597500,1,-0.5000000000000004,0.8660254037844384,0,0,0,1,0.42290447348665566
1,40.0,72,0,0,0,0,0,0,1,0,2992500,198427500,0,-0.8660254037844386,0.5000000000000001,1,0,0,0,0.010886378036110055
0,32.0,21,-1,-1,-1,-1,1,1,0,1,14137500,296062500,1,0.4999999999999999,-0.8660254037844387,0,0,0,1,0.8600894866550384
0,48.0,48,1,-1,1,-1,-1,1,1,0,6750000,329445000,0,-0.5000000000000004,0.8660254037844384,0,1,0,0,0.09305315076195363
0,45.0,68,1,1,1,1,1,1,1,0,17235000,1176532500,0,1.0,6.123233995736766e-17,0,0,0,1,0.15014910022166938
0,46.0,30,1,-1,-1,1,1,1,0,0,15960000,481785000,0,0.4999999999999999,-0.8660254037844387,0,0,0,1,0.5657104838382736
0,34.0,3,-1,-1,-1,-1,-1,-1,0,1,6915000,19522500,0,-0.8660254037844385,-0.5000000000000004,0,1,0,0,0.6674353320969904
0,18.0,14,1,-1,1,1,-1,-1,1,0,5955000,103852500,0,0.8660254037844387,-0.4999999999999998,0,0,1,0,0.17617888006153784
0,53.0,4,0,0,0,0,0,0,0,1,3007500,12825000,0,0.4999999999999999,-0.8660254037844387,1,0,0,0,0.4365112399906391
0,34.0,71,-1,1,1,-1,-1,1,1,1,14362500,1027410000,0,1.0,6.123233995736766e-17,0,0,0,1,0.26758225357810506
1,30.0,8,0,0,0,0,0,0,1,0,3660000,30592500,0,0.4999999999999999,-0.8660254037844387,1,0,0,0,0.13551791031897814
1,48.0,61,1,-1,1,-1,-1,-1,0,0,5040000,317580000,0,0.0,1.0,0,0,1,0,0.13149169161044225
1,35.0,72,-1,1,1,1,-1,-1,1,0,13567500,984877500,0,-0.8660254037844385,-0.5000000000000004,0,0,0,1,0.09426144828915545
0,53.0,5,-1,-1,-1,-1,1,-1,0,1,12600000,63712500,0,0.4999999999999999,0.8660254037844387,0,0,0,1,0.8767372930107641
0,47.0,49,1,1,1,1,-1,-1,1,0,10110000,496027500,0,0.8660254037844387,-0.4999999999999998,0,0,1,0,0.04034882890420997
1,48.0,8,0,0,0,0,0,0,0,1,2955000,25335000,0,-0.8660254037844385,-0.5000000000000004,1,0,0,0,0.40359958774927485
1,24.0,3,-1,-1,-1,-1,-1,1,0,1,12052500,38070000,0,-0.5000000000000004,0.8660254037844384,0,0,0,1,0.8958269507397909
1,55.0,9,0,0,0,0,0,0,1,0,2940000,29610000,0,-0.5000000000000004,0.8660254037844384,1,0,0,0,0.13961041142203495
1,43.0,67,1,1,-1,-1,-1,-1,1,1,8130000,575730000,0,1.2246467991473532e-16,-1.0,0,0,1,0,0.05124696915082494
1,36.0,46,-1,-1,-1,-1,-1,-1,0,1,6780000,309772500,0,0.8660254037844386,0.5000000000000001,0,0,1,0,0.3573607456357385
0,42.0,67,1,1,1,-1,-1,1,1,0,11265000,759667500,0,0.0,1.0,0,0,1,0,0.05252973711466043
0,19.0,55,0,0,0,0,0,0,1,0,2955000,171007500,0,-0.5000000000000004,0.8660254037844384,1,0,0,0,0.022855238504663273
1,45.0,33,1,1,1,-1,1,-1,0,1,10912500,367117500,0,-0.8660254037844385,-0.5000000000000004,0,0,1,0,0.3887652675607467
1,28.0,62,0,0,0,0,0,0,1,0,3007500,189585000,0,-1.0,-1.8369701987210294e-16,1,0,0,0,0.016907824953268383
0,24.0,1,-1,-1,-1,-1,-1,-1,0,0,6892500,6892500,1,0.4999999999999999,-0.8660254037844387,0,0,1,0,0.6490628419708195
1,22.0,49,1,-1,-1,-1,-1,1,0,1,5880000,275722500,0,-0.8660254037844386,0.5000000000000001,0,1,0,0,0.2970911599839269
1,53.0,1,-1,-1,-1,-1,-1,-1,0,1,6712500,6712500,0,0.8660254037844386,0.5000000000000001,0,0,1,0,0.7444590776359516
1,32.0,14,-1,1,1,-1,-1,-1,0,1,12397500,177750000,0,0.0,1.0,0,0,0,1,0.7820459381917355
1,58.0,18,-1,-1,1,1,1,-1,0,0,14085000,261585000,0,-0.5000000000000004,0.8660254037844384,0,0,0,1,0.6768881672512231
0,34.0,1,-1,-1,-1,-1,-1,-1,0,1,10522500,10522500,1,0.8660254037844387,-0.4999999999999998,0,0,0,1,0.8645529773818987
0,20.0,1,-1,-1,1,-1,1,-1,0,1,12832500,12832500,1,0.4999999999999999,-0.8660254037844387,0,0,0,1,0.8867083543251706
0,27.0,72,1,1,1,1,1,1,1,1,17572500,1279425000,0,-0.4999999999999997,-0.8660254037844388,0,0,0,1,0.19072932420563685
1,55.0,64,1,-1,1,1,-1,1,1,0,14887500,982417500,0,-0.8660254037844386,0.5000000000000001,0,0,0,1,0.12975430356783607
1,38.0,69,1,1,1,1,1,1,1,1,16882500,1170975000,0,1.2246467991473532e-16,-1.0,0,0,0,1,0.2045628531461146
0,33.0,1,0,0,0,0,0,0,0,1,3855000,3855000,0,-0.8660254037844385,-0.5000000000000004,1,0,0,0,0.4476775274985062
1,42.0,71,1,1,1,1,1,1,1,0,13545000,943095000,0,-0.8660254037844385,-0.5000000000000004,0,1,0,0,0.03754797383455519
0,46.0,66,-1,-1,-1,1,-1,-1,1,1,7410000,487777500,0,0.4999999999999999,0.8660254037844387,0,0,1,0,0.05847178211219936
1,53.0,2,0,0,0,0,0,0,0,0,2910000,7590000,0,-0.4999999999999997,-0.8660254037844388,1,0,0,0,0.37006034565525636
0,57.0,71,1,1,1,1,1,1,1,1,16455000,1185637500,0,-0.8660254037844385,-0.5000000000000004,0,0,0,1,0.19247959432131026
1,36.0,11,-1,1,-1,-1,1,-1,1,1,9187500,109492500,0,0.8660254037844386,0.5000000000000001,0,1,0,0,0.4019962504788055
1,24.0,47,1,1,-1,-1,-1,-1,0,1,8295000,398107500,0,0.4999999999999999,-0.8660254037844387,0,0,1,0,0.23158656585425844
0,35.0,35,-1,-1,-1,-1,-1,-1,0,1,10545000,362482500,1,-0.4999999999999997,-0.8660254037844388,0,0,0,1,0.6762730124067038
1,43.0,32,-1,1,1,-1,1,1,0,0,15952500,528112500,1,-1.0,-1.8369701987210294e-16,0,0,0,1,0.7315435276625799
1,28.0,60,-1,1,-1,1,1,1,0,1,15562500,895492500,0,-1.0,-1.8369701987210294e-16,0,0,0,1,0.565701699913167
1,29.0,11,0,0,0,0,0,0,1,0,2925000,34020000,0,0.8660254037844386,0.5000000000000001,1,0,0,0,0.13345516844135483
0,44.0,29,1,1,-1,1,-1,-1,1,0,5925000,162412500,0,-0.8660254037844386,0.5000000000000001,0,0,1,0,0.09298834430216997
1,39.0,21,-1,-1,-1,-1,-1,-1,0,1,3907500,84862500,0,1.0,6.123233995736766e-17,0,0,1,0,0.6341171459991715
1,40.0,48,-1,-1,1,-1,-1,1,0,1,13657500,655612500,0,0.4999999999999999,0.8660254037844387,0,0,0,1,0.6839455390593566
0,31.0,3,-1,1,-1,-1,-1,-1,0,0,4447500,13507500,0,-0.8660254037844385,-0.5000000000000004,0,0,1,0,0.6659338223197437
0,37.0,43,-1,1,-1,-1,-1,-1,0,0,7530000,325410000,0,0.0,1.0,0,1,0,0,0.22664740781167514
1,29.0,5,-1,1,1,-1,1,1,0,0,15795000,82590000,0,0.0,1.0,0,0,0,1,0.8457010762513153
0,51.0,1,-1,-1,-1,-1,-1,1,0,1,8317500,8317500,0,-0.4999999999999997,-0.8660254037844388,0,1,0,0,0.7435807053885364
1,52.0,71,1,-1,1,1,1,1,1,0,12817500,945127500,0,1.2246467991473532e-16,-1.0,0,0,1,0,0.05337596402399067
0,18.0,8,0,0,0,0,0,0,1,0,2970000,24007500,0,-0.8660254037844385,-0.5000000000000004,1,0,0,0,0.13939237349580486
1,29.0,8,-1,-1,-1,-1,1,-1,0,1,8887500,65490000,0,0.8660254037844386,0.5000000000000001,0,1,0,0,0.6969303721335706
1,22.0,20,-1,-1,1,-1,1,-1,0,1,13605000,267202500,0,0.4999999999999999,-0.8660254037844387,0,0,0,1,0.8144869774498331
0,32.0,33,1,-1,1,-1,1,1,1,1,15555000,520050000,1,1.2246467991473532e-16,-1.0,0,0,0,1,0.4956176113072721
1,39.0,71,-1,1,-1,-1,-1,-1,1,1,11857500,832875000,0,-1.0,-1.8369701987210294e-16,0,0,0,1,0.1842636952234641
0,23.0,31,-1,-1,1,-1,1,-1,1,1,13605000,425325000,0,0.0,1.0,0,0,0,1,0.5411306742468776
0,29.0,38,1,1,-1,-1,-1,1,1,0,14250000,538687500,0,0.8660254037844386,0.5000000000000001,0,0,0,1,0.27755902741216987
1,28.0,1,-1,-1,-1,-1,1,1,0,1,13252500,13252500,1,0.8660254037844386,0.5000000000000001,0,0,0,1,0.9253406311093578
0,42.0,2,-1,1,-1,-1,-1,-1,0,1,4537500,9562500,0,-0.8660254037844386,0.5000000000000001,0,0,1,0,0.7552381100525865
0,41.0,12,-1,-1,1,-1,1,1,0,1,7477500,92572500,0,-0.8660254037844385,-0.5000000000000004,0,0,1,0,0.807447045496923
0,31.0,9,1,-1,1,1,-1,1,0,0,13950000,130537500,0,1.0,6.123233995736766e-17,0,0,0,1,0.643973852329512
1,42.0,11,-1,1,-1,1,-1,-1,0,1,8182500,90187500,0,1.2246467991473532e-16,-1.0,0,0,1,0,0.5162335832548852
1,33.0,6,0,0,0,0,0,0,0,0,2955000,16747500,0,-0.8660254037844385,-0.5000000000000004,1,0,0,0,0.33457427675477924
0,37.0,71,1,1,1,1,1,1,1,1,12720000,906915000,0,-0.8660254037844385,-0.5000000000000004,0,0,1,0,0.06723451710829194
0,60.0,42,1,1,-1,-1,1,-1,1,1,14167500,588570000,0,-0.5000000000000004,0.8660254037844384,0,0,0,1,0.32300781956352836
0,56.0,8,-1,-1,1,-1,1,1,0,1,14130000,116595000,1,0.4999999999999999,-0.8660254037844387,0,0,0,1,0.8971882651156193
0,24.0,5,-1,1,-1,-1,1,1,0,1,14437500,76867500,1,1.2246467991473532e-16,-1.0,0,0,0,1,0.894160928688677
0,50.0,2,-1,-1,-1,-1,-1,-1,0,1,10605000,21217500,1,-0.8660254037844386,0.5000000000000001,0,0,0,1,0.858149886455805
0,50.0,45,0,0,0,0,0,0,1,0,3127500,133822500,0,0.4999999999999999,0.8660254037844387,1,0,0,0,0.03304726615939031
1,26.0,28,-1,1,1,1,1,1,1,1,9000000,252307500,0,0.4999999999999999,-0.8660254037844387,0,0,1,0,0.33519219868316763
0,50.0,43,-1,1,-1,-1,-1,-1,0,0,12067500,509835000,0,-0.8660254037844386,0.5000000000000001,0,0,0,1,0.4872136603258688
1,58.0,60,1,-1,1,1,1,1,1,1,12742500,747727500,0,-1.0,-1.8369701987210294e-16,0,0,1,0,0.09659724765068668
0,27.0,42,-1,1,-1,1,-1,-1,1,0,5032500,216795000,1,-0.4999999999999997,-0.8660254037844388,0,1,0,0,0.07450718777794137
1,29.0,7,1,-1,1,1,-1,1,1,0,7447500,45832500,0,-0.8660254037844386,0.5000000000000001,0,0,1,0,0.2739256391180717
0,52.0,25,0,0,0,0,0,0,1,1,3030000,76185000,0,0.4999999999999999,0.8660254037844387,1,0,0,0,0.10623873375911598
0,43.0,40,-1,-1,-1,-1,1,1,0,1,14182500,546067500,1,0.4999999999999999,-0.8660254037844387,0,0,0,1,0.7804712661242972
1,47.0,27,-1,-1,1,-1,1,1,1,1,15075000,401017500,0,1.0,6.123233995736766e-17,0,0,0,1,0.6501207057113765
1,44.0,10,-1,1,-1,1,-1,-1,0,0,5362500,58470000,0,-0.8660254037844386,0.5000000000000001,0,1,0,0,0.4460693932787557
0,45.0,27,-1,1,1,-1,-1,-1,0,1,12967500,360157500,0,1.0,6.123233995736766e-17,0,0,0,1,0.6929121463122774
0,24.0,11,-1,-1,1,1,-1,-1,1,0,8070000,97732500,0,-0.8660254037844386,0.5000000000000001,0,0,1,0,0.2274271704879967
1,53.0,4,1,-1,-1,-1,1,-1,0,0,5782500,23415000,0,0.8660254037844387,-0.4999999999999998,0,0,1,0,0.6564533702164416
1,54.0,68,-1,-1,1,-1,-1,1,0,1,5985000,419452500,0,-0.4999999999999997,-0.8660254037844388,0,0,1,0,0.2766862800878537
1,37.0,1,-1,-1,-1,-1,-1,-1,0,1,10507500,10507500,0,-0.8660254037844386,0.5000000000000001,0,0,0,1,0.8682661366710679
0,39.0,18,0,0,0,0,0,0,1,0,3015000,61057500,0,-0.4999999999999997,-0.8660254037844388,1,0,0,0,0.09451607702635073
0,22.0,57,1,1,1,-1,1,1,1,1,16942500,969750000,1,-1.0,-1.8369701987210294e-16,0,0,0,1,0.3282326409248088
1,46.0,26,0,0,0,0,0,0,0,1,3045000,76687500,0,0.0,1.0,1,0,0,0,0.2472919750891616
0,47.0,17,-1,1,1,-1,-1,-1,0,1,5347500,96907500,0,-0.5000000000000004,0.8660254037844384,0,0,1,0,0.6211946994170804
1,39.0,1,-1,-1,-1,-1,-1,1,0,0,5385000,5385000,1,0.4999999999999999,-0.8660254037844387,0,0,1,0,0.7772193055403194
1,53.0,38,-1,-1,1,-1,1,1,0,1,14887500,566572500,1,0.4999999999999999,0.8660254037844387,0,0,0,1,0.8019034820718431
1,36.0,59,1,1,1,-1,-1,-1,1,1,12442500,735472500,0,-0.8660254037844385,-0.5000000000000004,0,0,0,1,0.17716305379547181
1,47.0,30,1,-1,1,-1,-1,-1,1,1,8347500,248077500,0,-0.8660254037844385,-0.5000000000000004,0,0,1,0,0.17036329081340126
1,28.0,2,-1,-1,-1,-1,-1,-1,0,1,3667500,7125000,1,1.0,6.123233995736766e-17,0,0,1,0,0.7953634722372487
0,40.0,50,0,0,0,0,0,0,1,0,3780000,195945000,0,0.4999999999999999,0.8660254037844387,1,0,0,0,0.02707623039003497
1,38.0,9,1,-1,1,1,-1,1,1,0,7620000,69540000,0,-1.0,-1.8369701987210294e-16,0,0,1,0,0.254512209627864
0,43.0,3,0,0,0,0,0,0,0,0,2947500,9097500,0,0.8660254037844386,0.5000000000000001,1,0,0,0,0.3653539344295436
0,36.0,14,-1,-1,1,-1,1,-1,0,1,8970000,123727500,0,-0.8660254037844386,0.5000000000000001,0,0,1,0,0.6892366107275608
0,38.0,31,1,-1,-1,-1,-1,-1,0,1,11032500,314197500,0,-0.8660254037844386,0.5000000000000001,0,0,0,1,0.6014746506266037
0,50.0,7,1,1,1,-1,-1,-1,0,0,9210000,65835000,0,-0.5000000000000004,0.8660254037844384,0,1,0,0,0.3732567473201097
0,35.0,8,1,-1,-1,1,1,1,0,1,15502500,127095000,1,1.2246467991473532e-16,-1.0,0,0,0,1,0.7738911982466783
1,21.0,17,0,0,0,0,0,0,1,0,2985000,49462500,0,-1.0,-1.8369701987210294e-16,1,0,0,0,0.10305818289998027
1,61.0,32,0,0,0,0,0,0,0,1,2917500,101182500,0,-0.8660254037844385,-0.5000000000000004,1,0,0,0,0.19703916321851347
0,57.0,2,-1,-1,-1,-1,1,-1,0,0,12225000,24382500,0,-0.5000000000000004,0.8660254037844384,0,0,0,1,0.8425953787319117
1,24.0,7,-1,-1,-1,-1,1,-1,0,1,12720000,82042500,1,-0.8660254037844386,0.5000000000000001,0,0,0,1,0.8713574853994982
0,48.0,72,1,1,1,-1,1,1,1,0,16432500,1183087500,0,-0.8660254037844386,0.5000000000000001,0,0,0,1,0.18824475483667083
0,34.0,31,-1,1,-1,-1,1,1,0,1,14992500,477997500,1,0.8660254037844386,0.5000000000000001,0,0,0,1,0.812574224581685
0,43.0,27,1,-1,-1,-1,-1,-1,0,0,11160000,295852500,0,-0.8660254037844385,-0.5000000000000004,0,0,0,1,0.5344831962339868
0,44.0,18,-1,1,-1,-1,1,-1,0,1,13500000,229102500,1,-0.4999999999999997,-0.8660254037844388,0,0,0,1,0.7961702935403524
1,37.0,7,-1,-1,1,-1,-1,-1,0,1,11235000,73582500,0,0.8660254037844387,-0.4999999999999998,0,0,0,1,0.8369196624429674
0,31.0,14,-1,1,1,-1,1,1,0,1,15727500,229710000,1,-0.4999999999999997,-0.8660254037844388,0,0,0,1,0.8582844290359712
1,32.0,11,-1,-1,1,-1,1,-1,0,1,8947500,102487500,0,0.8660254037844386,0.5000000000000001,0,0,1,0,0.724645758739127
0,29.0,72,1,-1,1,1,1,1,1,1,16567500,1208827500,0,0.4999999999999999,-0.8660254037844387,0,0,0,1,0.2073302414470165
1,30.0,28,1,1,-1,-1,1,1,1,0,15915000,427110000,1,-0.8660254037844386,0.5000000000000001,0,0,0,1,0.40422434426558246
1,39.0,15,-1,-1,-1,-1,-1,-1,0,1,11130000,170085000,1,-1.0,-1.8369701987210294e-16,0,0,0,1,0.7985441591802903
0,31.0,4,-1,-1,-1,-1,-1,-1,0,1,11167500,44167500,0,1.2246467991473532e-16,-1.0,0,0,0,1,0.8418579538868042
0,48.0,71,0,0,0,0,0,0,1,0,3682500,257872500,0,0.4999999999999999,0.8660254037844387,1,0,0,0,0.011367367608859525
0,58.0,5,-1,1,-1,1,-1,1,0,1,13402500,69255000,1,1.2246467991473532e-16,-1.0,0,0,0,1,0.801409034133661
1,33.0,47,0,0,0,0,0,0,1,0,3682500,174067500,0,0.8660254037844387,-0.4999999999999998,1,0,0,0,0.030702806586636353
1,43.0,57,-1,1,1,-1,1,-1,1,1,13597500,779970000,0,0.4999999999999999,0.8660254037844387,0,0,0,1,0.3514389446750742
1,46.0,50,1,-1,1,-1,1,1,1,1,15757500,774495000,0,-0.5000000000000004,0.8660254037844384,0,0,0,1,0.39772572425246233
1,46.0,8,0,0,0,0,0,0,0,1,3067500,24345000,0,0.0,1.0,1,0,0,0,0.41238924391758147
0,41.0,48,0,0,0,0,0,0,1,0,2932500,132502500,0,1.0,6.123233995736766e-17,1,0,0,0,0.029238206335521186
0,49.0,70,0,0,0,0,0,0,1,0,2955000,201225000,0,1.2246467991473532e-16,-1.0,1,0,0,0,0.011276210275416362
1,46.0,1,1,1,-1,1,-1,1,0,1,10567500,10567500,0,0.4999999999999999,-0.8660254037844387,0,1,0,0,0.4998729386593017
1,25.0,8,-1,-1,-1,-1,-1,1,0,1,12847500,98917500,0,-0.5000000000000004,0.8660254037844384,0,0,0,1,0.8720925793307606
0,50.0,1,-1,-1,-1,-1,-1,-1,0,1,11572500,11572500,1,-0.8660254037844386,0.5000000000000001,0,0,0,1,0.8494934217963925
1,51.0,1,-1,-1,-1,-1,-1,1,0,1,5287500,5287500,1,0.8660254037844387,-0.4999999999999998,0,0,1,0,0.8394280139266457
1,31.0,60,0,0,0,0,0,0,1,0,3082500,180757500,0,1.0,6.123233995736766e-17,1,0,0,0,0.018592424554097077
1,40.0,49,-1,-1,-1,1,1,1,1,1,14692500,737685000,0,-1.0,-1.8369701987210294e-16,0,0,0,1,0.42329691173240774
1,48.0,4,-1,1,-1,-1,1,1,0,1,7282500,30150000,1,0.0,1.0,0,0,1,0,0.846802262530101
0,37.0,29,0,0,0,0,0,0,1,0,3000000,89895000,0,0.4999999999999999,0.8660254037844387,1,0,0,0,0.06472378841685403
0,53.0,67,0,0,0,0,0,0,1,1,3787500,259972500,0,-0.5000000000000004,0.8660254037844384,1,0,0,0,0.019549059633254266
0,68.0,53,-1,1,-1,-1,1,1,0,1,14760000,772425000,1,0.4999999999999999,0.8660254037844387,0,0,0,1,0.7015397337168925
1,31.0,67,1,1,1,1,-1,-1,1,0,10635000,701565000,0,0.8660254037844387,-0.4999999999999998,0,1,0,0,0.019077739211272943
0,23.0,6,0,0,0,0,0,0,0,0,2977500,17895000,0,-0.5000000000000004,0.8660254037844384,1,0,0,0,0.33763988608537193
0,44.0,47,-1,1,1,-1,1,1,0,1,15952500,727365000,0,0.8660254037844386,0.5000000000000001,0,0,0,1,0.7269958316507272
0,49.0,53,1,1,1,1,-1,1,1,0,14925000,813637500,0,-0.8660254037844386,0.5000000000000001,0,0,0,1,0.1489021949907227
1,37.0,69,1,1,1,1,1,1,1,1,12705000,881835000,0,0.8660254037844387,-0.4999999999999998,0,0,1,0,0.07481755289377218
1,57.0,3,1,-1,-1,-1,-1,1,0,1,12907500,36727500,0,-0.8660254037844385,-0.5000000000000004,0,0,0,1,0.8284711806328289
1,24.0,4,-1,-1,-1,-1,-1,-1,0,0,6682500,33112500,0,1.0,6.123233995736766e-17,0,1,0,0,0.5941004822735055
1,48.0,56,1,1,-1,1,-1,1,1,1,11377500,639180000,0,-1.0,-1.8369701987210294e-16,0,0,1,0,0.07053941040684898
1,33.0,59,-1,-1,-1,-1,1,1,0,1,14077500,836212500,1,0.8660254037844387,-0.4999999999999998,0,0,0,1,0.7020941528374605
1,61.0,61,0,0,0,0,0,0,1,0,3750000,225262500,0,-0.8660254037844386,0.5000000000000001,1,0,0,0,0.016937907464972417
0,64.0,2,-1,-1,-1,-1,-1,-1,0,1,6750000,13462500,0,0.4999999999999999,-0.8660254037844387,0,1,0,0,0.675836638798561
1,31.0,46,1,1,1,-1,1,-1,0,1,15105000,681180000,1,-0.8660254037844386,0.5000000000000001,0,0,0,1,0.5489213502699727
1,33.0,12,0,0,0,0,0,0,0,0,3075000,38325000,0,-0.8660254037844385,-0.5000000000000004,1,0,0,0,0.2792238223123789
0,50.0,14,-1,-1,1,-1,-1,-1,0,1,12067500,160800000,1,1.2246467991473532e-16,-1.0,0,0,0,1,0.7818725339521954
0,35.0,28,-1,-1,-1,1,-1,1,1,1,13567500,376387500,0,0.0,1.0,0,0,0,1,0.46560842786688134
1,39.0,24,1,1,-1,1,-1,-1,0,0,9067500,216112500,0,-1.0,-1.8369701987210294e-16,0,1,0,0,0.1877568158982296
1,40.0,31,-1,-1,1,1,-1,-1,0,1,8287500,257347500,1,-0.5000000000000004,0.8660254037844384,0,1,0,0,0.3292081581084486
0,18.0,68,1,1,1,1,-1,1,1,1,11767500,800002500,0,1.0,6.123233995736766e-17,0,1,0,0,0.04202644976907696
1,40.0,39,-1,-1,-1,1,1,1,1,0,15082500,584302500,0,0.4999999999999999,0.8660254037844387,0,0,0,1,0.3892692585471495
0,32.0,42,0,0,0,0,0,0,0,0,3052500,130485000,0,1.2246467991473532e-16,-1.0,1,0,0,0,0.09622013854124838
1,34.0,13,1,-1,-1,1,1,1,0,1,8167500,106027500,1,-0.8660254037844385,-0.5000000000000004,0,0,1,0,0.6358220153447871
0,57.0,6,-1,1,-1,-1,-1,1,0,1,13612500,76837500,0,0.8660254037844387,-0.4999999999999998,0,0,0,1,0.850786825220245
1,25.0,35,-1,-1,-1,-1,-1,-1,0,0,11302500,395407500,1,-0.8660254037844385,-0.5000000000000004,0,0,0,1,0.5881457365340997
0,50.0,38,0,0,0,0,0,0,1,1,3037500,122212500,0,1.2246467991473532e-16,-1.0,1,0,0,0,0.06186042718718957
1,37.0,18,0,0,0,0,0,0,1,0,3007500,58290000,0,0.4999999999999999,0.8660254037844387,1,0,0,0,0.10216901429532253
0,37.0,4,0,0,0,0,0,0,0,0,2940000,14017500,0,-1.0,-1.8369701987210294e-16,1,0,0,0,0.3491634172176322
1,49.0,27,-1,1,-1,1,-1,-1,0,1,8070000,208477500,0,-1.0,-1.8369701987210294e-16,0,0,1,0,0.3785405731529367
1,44.0,41,1,1,1,-1,1,-1,1,0,10530000,434182500,0,-0.5000000000000004,0.8660254037844384,0,0,1,0,0.11188182207706146
1,47.0,50,1,-1,-1,1,1,1,1,0,11325000,603840000,0,-0.5000000000000004,0.8660254037844384,0,1,0,0,0.08259756889197248
1,52.0,72,0,0,0,0,0,0,1,0,3052500,203160000,0,0.4999999999999999,-0.8660254037844387,1,0,0,0,0.0106192041746225
0,36.0,70,0,0,0,0,0,0,1,0,3907500,278460000,0,1.0,6.123233995736766e-17,1,0,0,0,0.011915869240357525
1,33.0,44,0,0,0,0,0,0,1,0,3090000,138900000,0,0.0,1.0,1,0,0,0,0.03644511529473382
1,27.0,2,1,-1,-1,-1,-1,-1,0,1,11355000,28380000,1,1.2246467991473532e-16,-1.0,0,0,0,1,0.7927765629936919
0,30.0,34,0,0,0,0,0,0,1,1,3015000,102315000,0,-0.8660254037844385,-0.5000000000000004,1,0,0,0,0.07305851854563962
0,75.0,72,0,0,0,0,0,0,1,0,3645000,266805000,0,-1.0,-1.8369701987210294e-16,1,0,0,0,0.01034614479761073
1,55.0,71,0,0,0,0,0,0,1,1,3675000,272430000,0,0.4999999999999999,-0.8660254037844387,1,0,0,0,0.01680564285106917
0,24.0,64,-1,1,1,1,1,1,1,1,16575000,1060387500,0,-1.0,-1.8369701987210294e-16,0,0,0,1,0.3016599699865686
0,24.0,72,0,0,0,0,0,0,1,1,3787500,276180000,0,-0.4999999999999997,-0.8660254037844388,1,0,0,0,0.015670178576381377
1,46.0,1,-1,-1,-1,-1,-1,-1,0,1,11137500,11137500,1,0.8660254037844387,-0.4999999999999998,0,0,0,1,0.859490080534256
1,47.0,29,1,-1,1,-1,-1,1,1,0,13515000,398505000,0,-0.8660254037844386,0.5000000000000001,0,0,0,1,0.36323627064651026
0,47.0,23,1,-1,1,1,-1,1,1,1,10312500,253417500,0,0.0,1.0,0,0,1,0,0.2035604521880754
1,37.0,52,0,0,0,0,0,0,1,0,2880000,158212500,0,1.0,6.123233995736766e-17,1,0,0,0,0.026319193540105035
0,38.0,25,-1,1,-1,-1,-1,1,0,1,13455000,328132500,1,-1.0,-1.8369701987210294e-16,0,0,0,1,0.7738464464547292
0,44.0,64,1,1,1,1,1,1,1,1,17265000,1100107500,0,1.0,6.123233995736766e-17,0,0,0,1,0.22005702370523209
0,41.0,16,-1,-1,-1,-1,1,1,0,1,14460000,237180000,1,0.8660254037844386,0.5000000000000001,0,0,0,1,0.8767149698967915
1,18.0,1,-1,-1,-1,-1,-1,-1,0,1,10425000,10425000,1,1.2246467991473532e-16,-1.0,0,0,0,1,0.8683793076375503
1,37.0,24,-1,1,-1,-1,1,1,0,1,14947500,360727500,0,-0.8660254037844386,0.5000000000000001,0,0,0,1,0.8374472635999118
1,30.0,2,-1,-1,1,-1,1,-1,0,1,13717500,25717500,0,0.8660254037844387,-0.4999999999999998,0,0,0,1,0.8778996002306997
0,42.0,34,1,1,1,1,1,1,1,0,12712500,425917500,0,0.8660254037844386,0.5000000000000001,0,0,1,0,0.12661011197691116
1,75.0,36,-1,-1,-1,-1,-1,1,0,1,12787500,469912500,1,0.8660254037844386,0.5000000000000001,0,0,0,1,0.7519127768799418
1,44.0,53,-1,-1,1,1,1,1,1,1,11812500,591367500,0,1.0,6.123233995736766e-17,0,0,1,0,0.1717034595440924
0,36.0,47,0,0,0,0,0,0,1,0,3037500,131010000,0,-0.5000000000000004,0.8660254037844384,1,0,0,0,0.030347505371214688
1,51.0,72,0,0,0,0,0,0,1,0,2985000,229447500,0,-0.8660254037844386,0.5000000000000001,1,0,0,0,0.011259497861871809
1,46.0,72,1,1,-1,1,-1,1,1,1,14662500,1048740000,0,0.8660254037844387,-0.4999999999999998,0,0,0,1,0.13449119416529584
1,45.0,1,0,0,0,0,0,0,0,0,2910000,2910000,1,-0.5000000000000004,0.8660254037844384,1,0,0,0,0.3909940259855267
0,47.0,9,-1,-1,-1,-1,-1,1,0,1,12495000,120495000,1,-0.8660254037844386,0.5000000000000001,0,0,0,1,0.867009205264392
0,65.0,8,-1,-1,-1,-1,1,-1,0,1,12015000,101895000,1,0.8660254037844386,0.5000000000000001,0,0,0,1,0.8724897527461646
1,26.0,45,1,-1,1,-1,-1,1,1,0,9405000,418725000,1,0.4999999999999999,-0.8660254037844387,0,0,1,0,0.11330472783000796
0,46.0,7,-1,-1,1,1,1,1,0,1,15060000,107250000,0,0.4999999999999999,-0.8660254037844387,0,0,0,1,0.8495722073968659
0,29.0,71,0,0,0,0,0,0,1,1,3667500,252240000,0,-0.4999999999999997,-0.8660254037844388,1,0,0,0,0.01600204755319326
0,47.0,41,-1,-1,1,1,1,1,1,1,15165000,602430000,0,0.4999999999999999,-0.8660254037844387,0,0,0,1,0.45070168807023475
1,29.0,67,1,-1,-1,-1,1,1,1,0,7635000,492247500,0,-1.0,-1.8369701987210294e-16,0,0,1,0,0.08477542260383225
1,35.0,69,1,1,1,1,-1,1,1,1,16080000,1097565000,0,-0.4999999999999997,-0.8660254037844388,0,0,0,1,0.1413325522175943
0,36.0,70,1,1,1,1,1,1,1,1,13830000,971167500,0,1.2246467991473532e-16,-1.0,0,0,1,0,0.06841758287828013
1,52.0,25,0,0,0,0,0,0,1,0,3795000,101452500,1,0.0,1.0,1,0,0,0,0.0732425911960943
1,51.0,72,1,1,1,1,1,1,1,0,17010000,1224615000,0,0.4999999999999999,0.8660254037844387,0,0,0,1,0.14343921658747727
1,25.0,34,-1,-1,-1,1,1,-1,1,1,6082500,198877500,0,1.0,6.123233995736766e-17,0,0,1,0,0.2512426552292938
0,41.0,65,0,0,0,0,0,0,1,0,3900000,248227500,0,1.0,6.123233995736766e-17,1,0,0,0,0.014317083057445126
0,31.0,70,1,1,1,1,1,1,1,1,16792500,1169392500,0,-0.5000000000000004,0.8660254037844384,0,0,0,1,0.20024544389249185
0,25.0,72,1,-1,1,-1,1,1,1,1,8070000,592867500,0,0.0,1.0,0,0,1,0,0.10919355041825322
1,37.0,35,-1,-1,-1,1,1,1,1,1,10815000,374272500,0,0.0,1.0,0,0,1,0,0.2815707683685726
1,36.0,13,1,-1,-1,-1,1,1,0,0,14722500,184537500,1,0.0,1.0,0,0,0,1,0.7735741272891478
0,69.0,12,1,-1,1,-1,1,1,1,0,11827500,131512500,0,0.0,1.0,0,1,0,0,0.268711676106625
0,45.0,62,1,-1,1,1,1,-1,1,1,10612500,639517500,0,-0.8660254037844386,0.5000000000000001,0,1,0,0,0.05058404193293642
0,23.0,25,1,-1,-1,1,1,1,0,1,11422500,298942500,0,0.4999999999999999,0.8660254037844387,0,1,0,0,0.43545334533894225
0,33.0,52,1,1,-1,1,-1,-1,1,0,5865000,297315000,0,0.0,1.0,0,0,1,0,0.042446101680168435
1,52.0,8,-1,-1,-1,-1,-1,-1,0,1,10492500,84405000,0,0.4999999999999999,0.8660254037844387,0,0,0,1,0.8428281389055008
1,65.0,2,0,0,0,0,0,0,0,0,3007500,5055000,0,1.2246467991473532e-16,-1.0,1,0,0,0,0.3651631988387761
0,21.0,56,0,0,0,0,0,0,1,0,3007500,163515000,0,0.0,1.0,1,0,0,0,0.021677023946008196
0,18.0,12,0,0,0,0,0,0,0,0,2917500,34117500,0,0.4999999999999999,0.8660254037844387,1,0,0,0,0.2880091776889252
0,62.0,47,0,0,0,0,0,0,1,0,4035000,187627500,0,-0.8660254037844385,-0.5000000000000004,1,0,0,0,0.02786381604536691
1,45.0,2,0,0,0,0,0,0,0,0,2880000,5580000,0,0.0,1.0,1,0,0,0,0.38399285113146203
0,30.0,18,-1,-1,1,-1,-1,-1,0,1,7500000,133905000,0,0.4999999999999999,0.8660254037844387,0,1,0,0,0.5427680020999268
0,46.0,8,1,-1,-1,-1,1,-1,0,1,9000000,73162500,0,-0.5000000000000004,0.8660254037844384,0,0,1,0,0.6389564603073508
1,18.0,45,1,-1,1,-1,-1,-1,0,1,12682500,557092500,0,-0.8660254037844386,0.5000000000000001,0,0,0,1,0.4985167183933687
1,40.0,3,-1,-1,-1,-1,-1,-1,0,0,6817500,21255000,0,-0.4999999999999997,-0.8660254037844388,0,1,0,0,0.5844699106943357
0,44.0,38,0,0,0,0,0,0,1,0,3007500,101730000,0,0.8660254037844387,-0.4999999999999998,1,0,0,0,0.04284182640965147
1,51.0,72,1,1,1,1,1,1,1,1,17332500,1263795000,0,0.8660254037844386,0.5000000000000001,0,0,0,1,0.20111104386614284
1,28.0,46,1,1,-1,-1,-1,1,0,1,14055000,623220000,1,0.8660254037844387,-0.4999999999999998,0,0,0,1,0.5598933478911534
0,41.0,71,1,1,1,-1,1,-1,1,1,14850000,1059247500,0,-0.8660254037844386,0.5000000000000001,0,0,0,1,0.18531297540135647
1,29.0,66,-1,-1,-1,1,1,1,1,0,7582500,504682500,0,0.0,1.0,0,1,0,0,0.07959729158973222
1,43.0,25,-1,1,1,-1,1,1,0,0,15892500,398287500,1,-0.8660254037844385,-0.5000000000000004,0,0,0,1,0.758138316252328
1,29.0,18,-1,-1,1,1,1,1,1,1,12300000,213817500,1,0.4999999999999999,-0.8660254037844387,0,0,1,0,0.3676838729207368
0,35.0,13,0,0,0,0,0,0,1,1,3750000,49875000,0,-0.4999999999999997,-0.8660254037844388,1,0,0,0,0.15104033831972388
0,28.0,65,1,1,1,1,1,1,1,0,13732500,894592500,0,0.8660254037844386,0.5000000000000001,0,0,1,0,0.056686654040375505
1,48.0,60,-1,1,1,-1,1,-1,0,1,14362500,861435000,1,0.8660254037844386,0.5000000000000001,0,0,0,1,0.5748965460282689
1,50.0,15,0,0,0,0,0,0,1,0,2902500,41827500,0,0.4999999999999999,0.8660254037844387,1,0,0,0,0.11327485201619045
0,37.0,72,0,0,0,0,0,0,1,0,3727500,280777500,0,0.8660254037844386,0.5000000000000001,1,0,0,0,0.011218167831485932
1,40.0,30,-1,-1,-1,-1,1,1,0,1,14107500,429967500,1,-0.4999999999999997,-0.8660254037844388,0,0,0,1,0.8320139383301643
0,23.0,42,-1,-1,1,1,1,1,1,1,15060000,645547500,0,0.8660254037844387,-0.4999999999999998,0,0,0,1,0.46556661424952034
0,36.0,71,0,0,0,0,0,0,1,0,3750000,262950000,0,-0.8660254037844385,-0.5000000000000004,1,0,0,0,0.010918658624805611
0,39.0,1,-1,-1,-1,-1,-1,1,0,1,8212500,8212500,1,-0.4999999999999997,-0.8660254037844388,0,0,1,0,0.7858203320680611
1,71.0,39,-1,-1,-1,-1,1,1,0,1,14347500,563857500,1,0.8660254037844386,0.5000000000000001,0,0,0,1,0.7969383400197585
0,27.0,35,0,0,0,0,0,0,0,0,2887500,92647500,0,0.4999999999999999,0.8660254037844387,1,0,0,0,0.130739816917466
0,58.0,53,-1,1,1,1,1,1,0,1,16237500,890265000,0,1.2246467991473532e-16,-1.0,0,0,0,1,0.6125865902638624
0,52.0,1,-1,-1,-1,-1,1,1,0,1,14190000,14190000,1,0.4999999999999999,0.8660254037844387,0,0,0,1,0.9144753409038481
0,43.0,31,-1,-1,1,1,1,1,0,1,14835000,436695000,1,0.8660254037844386,0.5000000000000001,0,0,0,1,0.757918871668742
1,61.0,48,0,0,0,0,0,0,1,0,3022500,147442500,0,0.4999999999999999,0.8660254037844387,1,0,0,0,0.030392414289862894
0,44.0,30,-1,-1,-1,1,1,1,0,1,15195000,446175000,0,-0.8660254037844385,-0.5000000000000004,0,0,0,1,0.7495951770485448
1,45.0,10,0,0,0,0,0,0,0,0,3000000,29805000,0,0.8660254037844387,-0.4999999999999998,1,0,0,0,0.3000679948649511
0,39.0,12,-1,1,1,-1,1,1,0,1,15795000,191347500,0,-0.4999999999999997,-0.8660254037844388,0,0,0,1,0.8613081747670288
0,55.0,57,1,-1,1,1,1,-1,1,0,10477500,600450000,0,0.8660254037844387,-0.4999999999999998,0,0,1,0,0.0507878020981761
0,53.0,58,1,1,-1,-1,1,-1,0,1,9787500,568740000,0,0.0,1.0,0,0,1,0,0.2276885239278682
0,32.0,37,0,0,0,0,0,0,1,0,2970000,121995000,0,0.4999999999999999,-0.8660254037844387,1,0,0,0,0.046043589476543724
0,24.0,44,0,0,0,0,0,0,0,0,2940000,117037500,0,1.0,6.123233995736766e-17,1,0,0,0,0.09156508283414988
1,38.0,27,0,0,0,0,0,0,1,0,3007500,82935000,0,-0.8660254037844385,-0.5000000000000004,1,0,0,0,0.0685980519550018
0,30.0,8,-1,-1,-1,1,-1,-1,0,0,7410000,61237500,0,-1.0,-1.8369701987210294e-16,0,0,1,0,0.48192648245305664
1,39.0,3,-1,-1,-1,-1,-1,-1,0,1,11407500,34770000,1,0.8660254037844386,0.5000000000000001,0,0,0,1,0.8523407576634501
0,55.0,25,-1,1,1,-1,-1,1,0,0,13260000,328672500,0,0.4999999999999999,-0.8660254037844387,0,0,0,1,0.7031467403921666
0,35.0,57,-1,1,-1,-1,1,1,0,1,15090000,841755000,0,-1.0,-1.8369701987210294e-16,0,0,0,1,0.6724130103836342
0,39.0,12,0,0,0,0,0,0,0,0,2917500,36937500,0,-0.5000000000000004,0.8660254037844384,1,0,0,0,0.2822443724577871
0,41.0,62,0,0,0,0,0,0,1,0,3045000,194422500,0,0.8660254037844387,-0.4999999999999998,1,0,0,0,0.016445871574177515
0,50.0,65,-1,1,1,1,1,1,1,1,16147500,1062427500,0,-0.8660254037844385,-0.5000000000000004,0,0,0,1,0.2950038117656358
0,18.0,71,-1,-1,1,1,1,1,1,1,12067500,849337500,0,-0.8660254037844386,0.5000000000000001,0,1,0,0,0.09014368469726307
0,33.0,21,-1,1,-1,-1,1,-1,1,1,8827500,182317500,0,1.2246467991473532e-16,-1.0,0,0,1,0,0.35772830009552975
1,43.0,71,1,1,1,-1,1,1,1,1,16440000,1178122500,0,-0.8660254037844385,-0.5000000000000004,0,0,0,1,0.2652326916488749
0,54.0,7,-1,-1,1,-1,-1,-1,0,1,11272500,78750000,0,-1.0,-1.8369701987210294e-16,0,0,0,1,0.8289463232380513
0,34.0,72,1,1,1,1,-1,1,1,1,10950000,789780000,0,0.4999999999999999,0.8660254037844387,0,0,1,0,0.0462578899430834
0,18.0,1,-1,-1,-1,-1,-1,-1,0,0,10515000,10515000,0,1.2246467991473532e-16,-1.0,0,0,0,1,0.8105764208606965
0,47.0,72,-1,1,1,1,-1,1,1,1,14797500,1069417500,0,0.0,1.0,0,0,0,1,0.19452941841844687
0,32.0,64,-1,1,1,1,1,1,1,1,16717500,1090042500,0,0.8660254037844387,-0.4999999999999998,0,0,0,1,0.30844531743310916
0,26.0,72,1,1,1,1,1,1,1,1,17235000,1274505000,0,0.8660254037844386,0.5000000000000001,0,0,0,1,0.20356368110101736
0,33.0,29,-1,-1,1,-1,1,1,0,0,15082500,431812500,0,0.4999999999999999,-0.8660254037844387,0,0,0,1,0.7613094513927493
0,38.0,13,0,0,0,0,0,0,1,1,3060000,39195000,0,-0.8660254037844385,-0.5000000000000004,1,0,0,0,0.1588112249955498
0,33.0,31,1,1,-1,-1,1,1,0,0,15652500,480840000,0,0.8660254037844387,-0.4999999999999998,0,0,0,1,0.6386029897478084
1,18.0,1,-1,-1,-1,-1,-1,-1,0,1,10462500,10462500,1,-0.5000000000000004,0.8660254037844384,0,0,0,1,0.8722660109629337
1,51.0,7,1,-1,-1,1,-1,-1,0,1,5175000,41887500,1,1.0,6.123233995736766e-17,0,0,1,0,0.5493308962487996
1,55.0,61,-1,1,1,-1,1,1,0,1,15832500,942217500,1,-1.0,-1.8369701987210294e-16,0,0,0,1,0.6518714766388208
0,48.0,39,-1,-1,1,-1,-1,-1,0,0,4515000,169695000,1,0.8660254037844387,-0.4999999999999998,0,1,0,0,0.29491211991747973
1,26.0,10,-1,-1,-1,-1,-1,-1,0,1,10545000,110730000,1,0.4999999999999999,-0.8660254037844387,0,0,0,1,0.8319006839169202
0,38.0,14,-1,1,-1,1,1,1,0,0,12067500,170557500,0,0.4999999999999999,0.8660254037844387,0,0,1,0,0.5362522853666923
0,40.0,1,-1,1,-1,-1,-1,-1,0,1,12030000,12030000,1,-0.4999999999999997,-0.8660254037844388,0,0,0,1,0.82911737079294
0,47.0,67,1,-1,-1,1,-1,1,1,1,14152500,951217500,1,0.4999999999999999,-0.8660254037844387,0,0,0,1,0.15784673308097072
0,48.0,72,1,1,1,1,1,1,1,1,13702500,1004580000,0,0.4999999999999999,-0.8660254037844387,0,0,1,0,0.06631154681317195
1,31.0,6,-1,-1,-1,-1,-1,-1,0,1,6690000,39120000,1,1.0,6.123233995736766e-17,0,0,1,0,0.7097896244465695
0,41.0,1,0,0,0,0,0,0,0,1,2940000,2940000,1,-0.8660254037844385,-0.5000000000000004,1,0,0,0,0.46960833502406424
1,45.0,25,0,0,0,0,0,0,1,0,2985000,75817500,0,1.2246467991473532e-16,-1.0,1,0,0,0,0.07378544821325177
0,57.0,33,-1,1,1,1,1,1,0,1,16567500,548317500,1,-0.8660254037844386,0.5000000000000001,0,0,0,1,0.7110287806977592
1,48.0,18,1,-1,1,1,1,-1,0,1,10252500,194970000,0,0.4999999999999999,-0.8660254037844387,0,0,1,0,0.4465324468374417
1,49.0,71,-1,1,1,1,1,1,1,1,11865000,834727500,0,-0.4999999999999997,-0.8660254037844388,0,0,1,0,0.09930272710310875
1,41.0,28,-1,-1,-1,-1,-1,-1,1,1,7650000,207270000,0,0.8660254037844387,-0.4999999999999998,0,1,0,0,0.22114220031405632
0,57.0,2,1,-1,-1,-1,-1,-1,0,0,12082500,28215000,0,1.2246467991473532e-16,-1.0,0,0,0,1,0.6930111318946399
1,45.0,17,-1,1,1,1,-1,-1,0,1,10005000,161557500,0,-0.8660254037844386,0.5000000000000001,0,0,1,0,0.43370299560492787
1,30.0,56,1,1,-1,-1,-1,-1,0,1,12960000,738360000,0,-0.8660254037844386,0.5000000000000001,0,0,0,1,0.3998355379804282
0,57.0,60,1,1,1,-1,-1,1,1,0,7507500,436725000,0,0.0,1.0,0,1,0,0,0.054864832887267775
0,48.0,33,0,0,0,0,0,0,1,0,3855000,123915000,0,-0.4999999999999997,-0.8660254037844388,1,0,0,0,0.04906397090105675
0,35.0,1,1,1,-1,1,-1,-1,0,1,12510000,12510000,0,0.8660254037844386,0.5000000000000001,0,0,0,1,0.6875904746559288
1,34.0,2,-1,-1,-1,-1,-1,-1,0,0,10605000,21105000,1,0.4999999999999999,-0.8660254037844387,0,0,0,1,0.8085498199259791
1,44.0,63,1,-1,-1,1,-1,-1,1,1,12697500,806670000,0,0.8660254037844386,0.5000000000000001,0,0,0,1,0.12770241435550242
1,46.0,7,-1,-1,1,-1,1,1,0,1,14887500,99817500,1,-0.4999999999999997,-0.8660254037844388,0,0,0,1,0.8944573175108541
0,42.0,55,-1,1,1,-1,-1,1,1,1,9712500,542565000,0,-0.8660254037844386,0.5000000000000001,0,0,1,0,0.1558841750835982
0,44.0,65,1,1,-1,1,1,-1,1,1,15022500,996525000,0,0.4999999999999999,-0.8660254037844387,0,0,0,1,0.15155604009898996
1,60.0,1,-1,-1,-1,1,1,-1,0,1,12720000,12720000,1,0.4999999999999999,0.8660254037844387,0,0,0,1,0.8469291143338896
1,53.0,63,0,0,0,0,0,0,1,0,3787500,233895000,0,-0.5000000000000004,0.8660254037844384,1,0,0,0,0.015908590121957483
0,42.0,70,1,1,1,1,1,1,1,1,16950000,1198140000,0,0.8660254037844386,0.5000000000000001,0,0,0,1,0.20395340110272206
0,51.0,36,1,-1,1,1,-1,-1,1,0,6097500,232102500,0,0.8660254037844386,0.5000000000000001,0,0,1,0,0.08286025483391175
1,28.0,52,-1,1,1,1,1,1,1,1,15750000,814027500,1,0.8660254037844386,0.5000000000000001,0,0,0,1,0.38401858053131177
1,45.0,22,1,-1,-1,-1,-1,-1,0,1,8167500,169102500,1,0.8660254037844386,0.5000000000000001,0,0,1,0,0.43976724189397637
1,62.0,22,-1,1,1,1,-1,1,0,1,14242500,321420000,0,0.8660254037844387,-0.4999999999999998,0,0,0,1,0.7189742776494478
0,37.0,5,1,1,-1,1,-1,-1,0,0,8985000,43177500,0,0.0,1.0,0,0,1,0,0.35545310570176203
0,30.0,47,-1,-1,1,-1,-1,1,0,1,12795000,606847500,1,-0.5000000000000004,0.8660254037844384,0,0,0,1,0.6910219489288455
0,32.0,33,-1,-1,-1,-1,-1,1,0,1,12502500,413677500,1,0.4999999999999999,-0.8660254037844387,0,0,0,1,0.7627850532149064
1,27.0,18,-1,1,1,-1,-1,-1,0,1,5025000,90000000,1,0.8660254037844386,0.5000000000000001,0,1,0,0,0.5790631348925227
0,31.0,1,0,0,0,0,0,0,0,0,2970000,2970000,0,-0.8660254037844386,0.5000000000000001,1,0,0,0,0.38154788544870355
1,36.0,56,-1,1,1,1,1,1,1,1,12270000,680167500,0,-0.5000000000000004,0.8660254037844384,0,0,1,0,0.15263804591435143
0,23.0,2,0,0,0,0,0,0,0,1,3000000,6135000,0,1.2246467991473532e-16,-1.0,1,0,0,0,0.46149667467416355
1,40.0,35,1,-1,1,-1,-1,-1,0,1,8940000,314235000,0,1.2246467991473532e-16,-1.0,0,0,1,0,0.32082449313048905
0,51.0,64,0,0,0,0,0,0,1,0,3750000,237720000,0,-0.4999999999999997,-0.8660254037844388,1,0,0,0,0.014282985410277754
0,29.0,15,1,-1,1,-1,-1,-1,0,1,12652500,195397500,0,-1.0,-1.8369701987210294e-16,0,0,0,1,0.696094874965582
1,58.0,24,-1,-1,-1,-1,1,1,0,1,13552500,335775000,1,1.0,6.123233995736766e-17,0,0,0,1,0.8618582473651046
1,46.0,1,-1,-1,-1,-1,-1,1,0,0,8332500,8332500,0,-0.8660254037844385,-0.5000000000000004,0,0,1,0,0.7162959703255287
0,52.0,70,1,-1,-1,1,1,1,1,0,11302500,815662500,0,0.4999999999999999,-0.8660254037844387,0,0,1,0,0.05268802377014433
1,32.0,1,-1,-1,-1,-1,1,1,0,1,13612500,13612500,1,-0.5000000000000004,0.8660254037844384,0,0,0,1,0.9217640290536252
0,50.0,4,-1,1,-1,-1,1,-1,0,0,13440000,54847500,1,-0.5000000000000004,0.8660254037844384,0,0,0,1,0.805453212763334
0,27.0,39,-1,-1,-1,1,-1,1,1,0,8895000,331372500,0,-0.5000000000000004,0.8660254037844384,0,1,0,0,0.11455172271895045
0,51.0,29,1,-1,-1,-1,-1,1,0,1,9915000,286822500,0,0.4999999999999999,0.8660254037844387,0,1,0,0,0.4069313588805157
0,42.0,14,0,0,0,0,0,0,1,0,2820000,38332500,0,0.8660254037844386,0.5000000000000001,1,0,0,0,0.11541206288639687
0,47.0,61,1,-1,1,1,1,1,1,0,12967500,776295000,0,0.8660254037844387,-0.4999999999999998,0,0,1,0,0.06496303397062649
1,26.0,13,1,-1,-1,-1,-1,-1,0,1,7815000,100597500,0,-0.8660254037844385,-0.5000000000000004,0,0,1,0,0.521626385351122
0,29.0,66,1,1,1,1,-1,-1,1,1,7110000,476587500,0,-0.8660254037844386,0.5000000000000001,0,0,1,0,0.03702622232193793
1,47.0,2,-1,-1,1,-1,1,1,0,1,7387500,13552500,1,0.0,1.0,0,0,1,0,0.8666272240149303
0,29.0,59,1,1,1,-1,1,1,1,1,16372500,983662500,0,1.0,6.123233995736766e-17,0,0,0,1,0.3299033189742871
1,46.0,62,1,1,-1,-1,1,-1,1,1,14242500,868777500,0,0.4999999999999999,0.8660254037844387,0,0,0,1,0.2267001263216645
1,24.0,33,1,1,-1,1,-1,1,1,1,14032500,458325000,0,0.4999999999999999,0.8660254037844387,0,0,0,1,0.3184947358522885
1,50.0,66,-1,1,1,1,1,1,1,1,11925000,779415000,0,0.4999999999999999,0.8660254037844387,0,0,1,0,0.11898100652716032
0,25.0,72,1,1,1,1,1,1,1,0,17257500,1260750000,0,0.4999999999999999,-0.8660254037844387,0,0,0,1,0.14016581828458266
1,47.0,1,0,0,0,0,0,0,0,0,2962500,2962500,1,-0.8660254037844385,-0.5000000000000004,1,0,0,0,0.3802893642514786
0,48.0,19,1,1,-1,-1,-1,1,0,1,14272500,268387500,1,0.0,1.0,0,0,0,1,0.7211566830389042
0,32.0,51,1,-1,-1,1,1,-1,1,1,14272500,750007500,0,-1.0,-1.8369701987210294e-16,0,0,0,1,0.22423960502077758
1,47.0,63,-1,1,-1,1,1,1,0,0,15810000,1006980000,0,1.0,6.123233995736766e-17,0,0,0,1,0.4682358896813071
1,43.0,27,0,0,0,0,0,0,1,0,3015000,84390000,0,1.2246467991473532e-16,-1.0,1,0,0,0,0.06836384225644244
1,34.0,22,1,-1,-1,-1,1,1,0,1,15202500,347565000,1,-0.4999999999999997,-0.8660254037844388,0,0,0,1,0.7906013459202107
0,28.0,4,0,0,0,0,0,0,0,0,3007500,13717500,0,-0.5000000000000004,0.8660254037844384,1,0,0,0,0.35558187801389823
1,18.0,42,0,0,0,0,0,0,1,0,3105000,124327500,0,-0.8660254037844386,0.5000000000000001,1,0,0,0,0.038631030810816945
0,44.0,29,0,0,0,0,0,0,1,0,3052500,92602500,0,-0.8660254037844386,0.5000000000000001,1,0,0,0,0.06262243415882641
0,21.0,4,-1,-1,-1,-1,-1,-1,0,1,10507500,40035000,1,-0.8660254037844386,0.5000000000000001,0,0,0,1,0.8544192339633161
1,41.0,30,0,0,0,0,0,0,1,0,2955000,93757500,0,-0.8660254037844385,-0.5000000000000004,1,0,0,0,0.0612528223733
1,37.0,4,-1,-1,-1,-1,-1,-1,0,1,11197500,45210000,1,1.2246467991473532e-16,-1.0,0,0,0,1,0.8451899799843938
1,48.0,71,1,1,1,1,1,1,1,0,12817500,904485000,0,0.4999999999999999,-0.8660254037844387,0,0,1,0,0.0472972147643519
1,36.0,46,1,-1,1,1,-1,-1,1,0,6060000,276405000,0,-0.5000000000000004,0.8660254037844384,0,0,1,0,0.05920187542811112
1,36.0,4,-1,-1,-1,-1,-1,-1,0,0,7560000,30990000,1,-0.8660254037844386,0.5000000000000001,0,0,1,0,0.6165768732163533
0,49.0,7,1,-1,-1,-1,-1,-1,0,1,11947500,90705000,1,1.0,6.123233995736766e-17,0,0,0,1,0.7539186080627923
1,44.0,69,-1,1,-1,1,1,1,1,1,15780000,1107907500,0,-0.8660254037844385,-0.5000000000000004,0,0,0,1,0.28195784054380657
0,44.0,72,1,1,1,-1,1,-1,1,0,15097500,1100107500,0,0.8660254037844387,-0.4999999999999998,0,0,0,1,0.13110090067542857
1,46.0,19,-1,-1,1,-1,-1,-1,0,1,11977500,220762500,1,-0.8660254037844386,0.5000000000000001,0,0,0,1,0.768213120323738
1,22.0,28,-1,-1,1,1,-1,1,0,0,13650000,393922500,0,1.0,6.123233995736766e-17,0,0,0,1,0.6381844552417107
1,49.0,5,-1,1,-1,-1,-1,-1,0,1,11812500,61815000,1,-0.4999999999999997,-0.8660254037844388,0,0,0,1,0.8191351268619125
0,47.0,72,1,1,1,1,1,1,1,1,17512500,1241557500,0,0.4999999999999999,0.8660254037844387,0,0,0,1,0.18936555730479254
1,28.0,8,-1,-1,-1,-1,1,-1,0,1,12067500,87517500,1,1.0,6.123233995736766e-17,0,0,0,1,0.8757430751777375
0,37.0,7,1,-1,-1,-1,-1,1,1,1,8865000,55387500,0,1.2246467991473532e-16,-1.0,0,0,1,0,0.39576169792928484
0,40.0,22,1,-1,-1,-1,-1,-1,0,1,7470000,157357500,0,0.4999999999999999,0.8660254037844387,0,1,0,0,0.3959940815541332
1,38.0,72,0,0,0,0,0,0,1,0,2895000,212220000,0,0.4999999999999999,0.8660254037844387,1,0,0,0,0.011534349441735254
1,44.0,8,0,0,0,0,0,0,0,0,2947500,25462500,0,0.4999999999999999,0.8660254037844387,1,0,0,0,0.32611576215103494
1,57.0,52,1,1,1,1,-1,1,1,1,12210000,653167500,0,-0.8660254037844385,-0.5000000000000004,0,1,0,0,0.06442872291720517
0,53.0,68,1,-1,1,1,-1,-1,1,0,5835000,407880000,0,-0.8660254037844386,0.5000000000000001,0,0,1,0,0.025579845988397652
0,24.0,71,1,1,1,1,1,1,1,0,13192500,954802500,0,1.2246467991473532e-16,-1.0,0,0,1,0,0.04772358383665675
1,47.0,2,0,0,0,0,0,0,0,0,2977500,7740000,0,0.8660254037844386,0.5000000000000001,1,0,0,0,0.3817412370615595
0,56.0,34,-1,1,-1,1,1,-1,0,1,14452500,478537500,0,-0.8660254037844385,-0.5000000000000004,0,0,0,1,0.6180179528266301
0,45.0,35,-1,-1,-1,-1,-1,-1,0,0,3622500,121875000,0,0.8660254037844387,-0.4999999999999998,0,1,0,0,0.3376828285606333
0,53.0,61,0,0,0,0,0,0,1,0,2865000,171570000,0,1.0,6.123233995736766e-17,1,0,0,0,0.017051465912702596
1,64.0,1,-1,-1,-1,-1,-1,-1,0,0,6600000,6600000,0,0.8660254037844386,0.5000000000000001,0,1,0,0,0.6145295887276102
0,52.0,1,-1,-1,-1,-1,-1,-1,0,1,7515000,7515000,1,-1.0,-1.8369701987210294e-16,0,0,1,0,0.7144154018248546
0,43.0,53,-1,-1,1,-1,-1,1,1,0,9090000,494550000,0,-0.8660254037844386,0.5000000000000001,0,0,1,0,0.12952648171606895
0,53.0,72,0,0,0,0,0,0,1,0,3847500,283050000,0,-0.8660254037844385,-0.5000000000000004,1,0,0,0,0.010454579408770228
1,42.0,2,-1,-1,1,-1,-1,-1,0,0,11460000,22770000,1,0.0,1.0,0,0,0,1,0.8024503765886346
1,40.0,3,-1,-1,1,1,1,1,0,1,14805000,44047500,1,0.8660254037844387,-0.4999999999999998,0,0,0,1,0.8707036170019314
0,36.0,13,1,-1,-1,-1,1,1,0,1,15120000,196215000,1,-0.4999999999999997,-0.8660254037844388,0,0,0,1,0.8190456697930467
1,59.0,41,-1,1,1,-1,1,1,0,1,8092500,332310000,0,0.4999999999999999,0.8660254037844387,0,0,1,0,0.5844372375505655
0,30.0,24,0,0,0,0,0,0,1,0,3060000,72420000,0,-0.4999999999999997,-0.8660254037844388,1,0,0,0,0.07455949111475635
0,58.0,28,-1,-1,-1,-1,1,1,1,1,13515000,389842500,1,0.4999999999999999,0.8660254037844387,0,0,0,1,0.6630133763986136
1,46.0,8,1,-1,-1,-1,-1,-1,0,0,4402500,32467500,0,0.4999999999999999,-0.8660254037844387,0,0,1,0,0.5460893247010024
1,23.0,1,0,0,0,0,0,0,0,1,3067500,3067500,0,0.8660254037844386,0.5000000000000001,1,0,0,0,0.4902079569778408
0,44.0,54,-1,-1,1,1,-1,1,1,1,14265000,759727500,0,0.4999999999999999,-0.8660254037844387,0,0,0,1,0.28657071899534753
1,18.0,41,0,0,0,0,0,0,0,1,3787500,149467500,0,-0.8660254037844385,-0.5000000000000004,1,0,0,0,0.14082441748045435
0,48.0,19,-1,-1,-1,-1,-1,-1,0,0,6735000,125947500,0,-1.0,-1.8369701987210294e-16,0,0,1,0,0.4855577964207039
0,51.0,72,1,1,1,1,1,1,1,0,13897500,1009950000,0,-0.4999999999999997,-0.8660254037844388,0,1,0,0,0.03630360840641235
1,33.0,62,1,1,1,1,-1,-1,1,1,6555000,392745000,0,0.0,1.0,0,0,1,0,0.04400758728246074
0,41.0,56,1,-1,-1,1,1,1,1,1,10890000,612652500,0,1.2246467991473532e-16,-1.0,0,1,0,0,0.09100206078946686
1,63.0,15,-1,-1,-1,-1,-1,-1,0,0,7732500,114825000,1,0.4999999999999999,-0.8660254037844387,0,1,0,0,0.45294981253202055
1,34.0,10,-1,-1,-1,-1,-1,1,0,1,11887500,119032500,1,1.2246467991473532e-16,-1.0,0,0,0,1,0.871017739965738
1,27.0,32,0,0,0,0,0,0,1,0,2842500,92092500,0,-0.8660254037844386,0.5000000000000001,1,0,0,0,0.05863640412951586
1,58.0,21,0,0,0,0,0,0,0,0,3075000,60427500,0,0.8660254037844386,0.5000000000000001,1,0,0,0,0.21256201003624764
1,64.0,62,0,0,0,0,0,0,1,0,2992500,186720000,0,0.8660254037844387,-0.4999999999999998,1,0,0,0,0.016553487321735935
0,40.0,2,-1,-1,-1,-1,-1,-1,0,0,3675000,6960000,0,0.4999999999999999,-0.8660254037844387,0,0,1,0,0.709844397506603
1,52.0,27,0,0,0,0,0,0,1,0,3090000,87277500,0,-0.8660254037844386,0.5000000000000001,1,0,0,0,0.0691728750688344
1,56.0,5,-1,-1,-1,-1,1,1,0,1,14227500,69420000,1,-0.8660254037844386,0.5000000000000001,0,0,0,1,0.9053828547606732
0,31.0,25,1,1,1,-1,1,1,1,0,9157500,231030000,0,1.2246467991473532e-16,-1.0,0,0,1,0,0.25576354634930654
0,34.0,2,-1,-1,-1,-1,-1,1,0,1,12855000,25470000,1,-0.5000000000000004,0.8660254037844384,0,0,0,1,0.8863915789415209
1,55.0,49,-1,1,-1,1,1,1,1,1,15997500,775215000,0,-0.8660254037844386,0.5000000000000001,0,0,0,1,0.38249367564280623
0,60.0,63,1,1,1,-1,1,1,0,0,16237500,1017015000,0,-1.0,-1.8369701987210294e-16,0,0,0,1,0.4379485600914418
0,47.0,4,0,0,0,0,0,0,0,0,3060000,14175000,0,0.4999999999999999,0.8660254037844387,1,0,0,0,0.35364984697090196
0,29.0,1,-1,-1,-1,-1,1,-1,0,1,8295000,8295000,0,1.0,6.123233995736766e-17,0,0,1,0,0.7877216997676442
1,64.0,11,0,0,0,0,0,0,0,0,3037500,31200000,0,-0.8660254037844386,0.5000000000000001,1,0,0,0,0.2867045148735406
1,34.0,52,-1,-1,-1,-1,-1,-1,0,1,10942500,574462500,0,1.2246467991473532e-16,-1.0,0,0,0,1,0.5592629287845018
0,36.0,60,-1,1,-1,-1,-1,1,0,0,13417500,794190000,0,-0.5000000000000004,0.8660254037844384,0,0,0,1,0.4745463563530744
1,44.0,64,-1,-1,1,1,1,1,1,1,15697500,1033470000,0,1.0,6.123233995736766e-17,0,0,0,1,0.3411202807647497
0,59.0,43,1,-1,1,-1,1,1,1,0,11280000,488152500,0,0.4999999999999999,-0.8660254037844387,0,0,1,0,0.1544588372582403
0,50.0,61,-1,-1,-1,1,1,1,1,0,15172500,957585000,0,0.8660254037844387,-0.4999999999999998,0,0,0,1,0.26308909987432005
0,45.0,1,-1,-1,-1,-1,-1,-1,0,0,6660000,6660000,1,-0.4999999999999997,-0.8660254037844388,0,0,1,0,0.6472523756384467
1,46.0,5,-1,-1,-1,-1,1,1,0,1,13425000,71655000,1,-0.8660254037844386,0.5000000000000001,0,0,0,1,0.9133640766155997
1,41.0,66,1,1,1,1,-1,-1,1,0,10312500,667132500,0,-0.8660254037844386,0.5000000000000001,0,0,1,0,0.024083080902578834
1,47.0,67,1,1,1,1,1,1,1,1,16657500,1098157500,0,0.4999999999999999,-0.8660254037844387,0,0,0,1,0.20737555997760831
0,18.0,42,-1,-1,1,1,1,1,1,1,14850000,620250000,0,1.0,6.123233995736766e-17,0,0,0,1,0.46690946267996497
1,36.0,1,-1,-1,-1,-1,1,-1,0,1,12907500,12907500,1,-1.0,-1.8369701987210294e-16,0,0,0,1,0.8860036666127553
0,43.0,31,0,0,0,0,0,0,1,0,3150000,104655000,0,-0.8660254037844385,-0.5000000000000004,1,0,0,0,0.05649403390231917
1,26.0,7,0,0,0,0,0,0,0,1,2910000,25297500,0,1.2246467991473532e-16,-1.0,1,0,0,0,0.4206207253443949
1,45.0,4,-1,-1,-1,-1,1,1,0,1,6682500,26145000,1,-0.4999999999999997,-0.8660254037844388,0,1,0,0,0.8305159206720755
1,38.0,34,-1,-1,1,-1,1,1,1,0,11580000,413070000,0,-0.4999999999999997,-0.8660254037844388,0,0,1,0,0.2760333820205585
1,61.0,3,0,0,0,0,0,0,1,1,2917500,10387500,0,-0.8660254037844386,0.5000000000000001,1,0,0,0,0.23277311801787498
0,59.0,19,-1,-1,-1,-1,-1,-1,0,1,3727500,65220000,0,1.2246467991473532e-16,-1.0,0,0,1,0,0.6333337704429302
1,34.0,31,1,-1,-1,1,-1,-1,0,0,5310000,161625000,1,0.0,1.0,0,0,1,0,0.24463933407328017
0,38.0,1,-1,-1,-1,-1,1,1,0,0,14347500,14347500,1,-0.4999999999999997,-0.8660254037844388,0,0,0,1,0.8720386229804868
1,39.0,3,1,-1,1,1,-1,-1,0,0,6202500,16087500,0,0.4999999999999999,-0.8660254037844387,0,1,0,0,0.40976323763874056
1,35.0,46,0,0,0,0,0,0,0,0,2940000,127680000,0,0.8660254037844386,0.5000000000000001,1,0,0,0,0.08788116000394128
0,42.0,1,0,0,0,0,0,0,0,0,3142500,3142500,1,-0.4999999999999997,-0.8660254037844388,1,0,0,0,0.3684464774524776
0,31.0,69,1,-1,1,-1,-1,-1,1,0,12667500,877290000,0,-0.5000000000000004,0.8660254037844384,0,0,0,1,0.10691884629176192
1,26.0,5,0,0,0,0,0,0,0,0,3037500,16470000,0,0.8660254037844386,0.5000000000000001,1,0,0,0,0.35511247800121754
1,47.0,1,0,0,0,0,0,0,0,0,2947500,2947500,0,-1.0,-1.8369701987210294e-16,1,0,0,0,0.38308413585967716
1,48.0,26,0,0,0,0,0,0,1,1,3097500,89325000,0,1.2246467991473532e-16,-1.0,1,0,0,0,0.10148198962629444
0,30.0,10,-1,-1,-1,-1,-1,1,0,1,5205000,49470000,1,0.0,1.0,0,0,1,0,0.7888584537653607
1,51.0,25,-1,-1,1,1,1,1,1,0,14895000,377025000,0,-0.8660254037844385,-0.5000000000000004,0,0,0,1,0.4717607137662637
1,32.0,64,1,1,-1,-1,-1,-1,0,0,12157500,770302500,0,0.8660254037844386,0.5000000000000001,0,0,0,1,0.2655449274678206
1,43.0,30,1,1,1,1,-1,-1,0,0,10140000,300030000,0,0.8660254037844386,0.5000000000000001,0,1,0,0,0.1560473857901057
1,50.0,13,-1,-1,-1,-1,-1,-1,0,1,10522500,139762500,0,-0.4999999999999997,-0.8660254037844388,0,0,0,1,0.8127502779764951
0,40.0,64,1,1,1,1,1,1,1,1,17250000,1109422500,0,0.4999999999999999,0.8660254037844387,0,0,0,1,0.22565112505422213
0,45.0,46,-1,-1,1,1,-1,-1,0,1,12720000,593827500,0,-0.5000000000000004,0.8660254037844384,0,0,0,1,0.4975655136259086
0,34.0,12,0,0,0,0,0,0,1,0,2955000,39135000,0,0.8660254037844386,0.5000000000000001,1,0,0,0,0.12455915049617318
0,38.0,15,0,0,0,0,0,0,0,0,2962500,44595000,1,0.4999999999999999,-0.8660254037844387,1,0,0,0,0.25086650085167594
1,38.0,17,-1,-1,-1,-1,1,1,0,1,13882500,227265000,1,-0.4999999999999997,-0.8660254037844388,0,0,0,1,0.8750400207608566
0,31.0,13,1,-1,1,-1,-1,1,0,1,9472500,122520000,0,1.0,6.123233995736766e-17,0,1,0,0,0.5510386466311606
0,38.0,67,1,1,-1,1,1,-1,1,0,11100000,730260000,0,0.4999999999999999,0.8660254037844387,0,0,1,0,0.03436100298843149
1,21.0,24,-1,-1,1,-1,-1,-1,0,0,4365000,103200000,0,-0.8660254037844385,-0.5000000000000004,0,0,1,0,0.4984119568765704
1,34.0,6,-1,-1,-1,1,-1,-1,0,0,7507500,43252500,0,-1.0,-1.8369701987210294e-16,0,0,1,0,0.5034515143900247
1,37.0,53,1,-1,-1,1,-1,-1,1,1,9007500,484447500,1,0.0,1.0,0,0,1,0,0.06120321890854577
1,37.0,16,-1,1,-1,-1,-1,-1,0,1,11145000,176737500,1,-0.5000000000000004,0.8660254037844384,0,0,0,1,0.7830631692250652
1,37.0,10,0,0,0,0,0,0,0,0,3000000,27810000,0,-0.4999999999999997,-0.8660254037844388,1,0,0,0,0.29529406388515156
0,39.0,13,-1,1,-1,-1,-1,-1,1,1,11197500,144937500,0,1.2246467991473532e-16,-1.0,0,0,0,1,0.5672761383435171
1,46.0,9,-1,-1,-1,-1,1,-1,0,1,12802500,113790000,1,0.0,1.0,0,0,0,1,0.8652737505361254
0,50.0,25,1,1,1,1,1,-1,1,0,11145000,279570000,1,0.8660254037844386,0.5000000000000001,0,0,1,0,0.11739492000321346
1,32.0,7,-1,1,-1,1,-1,1,0,1,6660000,39870000,0,-1.0,-1.8369701987210294e-16,0,0,1,0,0.6941088119109434
1,26.0,38,1,-1,1,1,1,1,1,1,12810000,494550000,0,-0.5000000000000004,0.8660254037844384,0,1,0,0,0.1502735521260776
0,27.0,43,1,1,-1,-1,-1,1,0,1,14115000,616095000,0,0.4999999999999999,0.8660254037844387,0,0,0,1,0.5890758996930441
0,34.0,4,-1,-1,1,1,1,1,0,1,14715000,59445000,1,-0.5000000000000004,0.8660254037844384,0,0,0,1,0.8675459083947297
0,36.0,25,-1,1,1,1,1,1,1,0,16335000,421357500,0,0.4999999999999999,-0.8660254037844387,0,0,0,1,0.42616623624304445
1,31.0,27,1,1,-1,-1,-1,-1,1,0,8430000,235132500,0,-1.0,-1.8369701987210294e-16,0,0,1,0,0.12567848347621258
1,24.0,72,0,0,0,0,0,0,1,0,3915000,277717500,0,-0.5000000000000004,0.8660254037844384,1,0,0,0,0.011333387283996361
1,35.0,71,1,1,-1,-1,-1,-1,1,1,12817500,904342500,0,-0.4999999999999997,-0.8660254037844388,0,0,0,1,0.1281144742029566
0,42.0,24,-1,-1,1,-1,1,-1,0,1,13342500,310912500,0,0.0,1.0,0,0,0,1,0.7974990348043901
0,47.0,50,1,1,-1,1,1,1,1,1,16447500,832672500,1,-0.8660254037844385,-0.5000000000000004,0,0,0,1,0.27696209998553606
1,33.0,57,1,-1,1,-1,1,1,1,1,11152500,647602500,0,-0.8660254037844385,-0.5000000000000004,0,0,1,0,0.157560403568824
0,35.0,15,-1,1,-1,-1,-1,-1,0,0,7327500,110520000,0,-0.8660254037844385,-0.5000000000000004,0,1,0,0,0.4370565349336351
1,29.0,4,1,-1,-1,-1,-1,-1,0,1,12015000,50422500,0,-0.8660254037844385,-0.5000000000000004,0,0,0,1,0.7700422544323109
0,40.0,28,1,1,-1,-1,-1,-1,0,0,8407500,228397500,0,-0.8660254037844385,-0.5000000000000004,0,1,0,0,0.22660355199124183
0,30.0,9,-1,-1,-1,-1,-1,-1,0,1,11182500,93435000,1,-0.5000000000000004,0.8660254037844384,0,0,0,1,0.8244138978883793
0,47.0,55,1,-1,-1,-1,1,-1,0,1,13470000,743940000,0,-0.8660254037844385,-0.5000000000000004,0,0,0,1,0.5087468491063557
1,19.0,3,-1,-1,1,-1,1,1,0,1,15142500,49492500,1,0.0,1.0,0,0,0,1,0.908999196399753
1,36.0,10,-1,-1,1,-1,1,1,0,1,14235000,157327500,1,0.4999999999999999,0.8660254037844387,0,0,0,1,0.9012525614962017
1,44.0,55,0,0,0,0,0,0,1,0,2865000,150225000,0,0.4999999999999999,0.8660254037844387,1,0,0,0,0.022946495891050737
0,42.0,20,0,0,0,0,0,0,0,0,3052500,66390000,0,-1.0,-1.8369701987210294e-16,1,0,0,0,0.21286390200582042
0,72.0,62,-1,1,-1,1,1,1,1,1,15907500,1005525000,0,-0.8660254037844386,0.5000000000000001,0,0,0,1,0.31016804853308366
1,44.0,32,-1,-1,1,1,1,1,0,1,15735000,502732500,1,0.0,1.0,0,0,0,1,0.7546248628008214
0,28.0,43,0,0,0,0,0,0,1,1,2947500,116887500,0,0.8660254037844387,-0.4999999999999998,1,0,0,0,0.051895535310492145
1,39.0,9,-1,-1,-1,-1,-1,-1,1,0,3615000,38970000,1,1.2246467991473532e-16,-1.0,0,1,0,0,0.35459378112567913
0,19.0,60,1,1,-1,1,-1,-1,1,0,8977500,522517500,0,0.4999999999999999,-0.8660254037844387,0,0,1,0,0.02850123365513689
1,39.0,58,1,1,1,-1,1,1,1,1,12915000,733575000,0,1.0,6.123233995736766e-17,0,1,0,0,0.11346133045059797
1,30.0,7,0,0,0,0,0,0,1,0,2917500,20512500,0,-0.8660254037844385,-0.5000000000000004,1,0,0,0,0.1478327764760744
1,51.0,2,1,-1,-1,-1,1,1,0,0,14565000,27622500,0,-0.5000000000000004,0.8660254037844384,0,0,0,1,0.8195913284657071
1,33.0,37,-1,1,1,-1,-1,-1,0,0,5497500,197250000,0,0.4999999999999999,0.8660254037844387,0,0,1,0,0.34489602612273146
0,39.0,65,-1,-1,1,1,1,1,1,1,15585000,1015065000,0,0.4999999999999999,-0.8660254037844387,0,0,0,1,0.3156507522763454
0,32.0,39,0,0,0,0,0,0,1,0,2962500,113692500,0,-0.4999999999999997,-0.8660254037844388,1,0,0,0,0.041174075213914765
1,61.0,66,-1,1,-1,1,1,1,1,1,15607500,1033500000,1,-0.4999999999999997,-0.8660254037844388,0,0,0,1,0.2890467893233534
1,36.0,68,0,0,0,0,0,0,1,0,3682500,248610000,0,-1.0,-1.8369701987210294e-16,1,0,0,0,0.012900976345349204
0,62.0,62,1,1,-1,1,1,-1,1,0,7305000,451282500,0,0.8660254037844386,0.5000000000000001,0,0,1,0,0.04245575355014528
1,50.0,3,-1,-1,1,1,1,-1,0,1,13252500,39307500,1,1.0,6.123233995736766e-17,0,0,0,1,0.833600929098685
0,46.0,72,1,1,1,-1,1,1,1,1,16432500,1224765000,0,0.4999999999999999,-0.8660254037844387,0,0,0,1,0.26402410191713205
0,44.0,41,0,0,0,0,0,0,1,0,3097500,131332500,0,0.4999999999999999,0.8660254037844387,1,0,0,0,0.03970448248537452
1,45.0,29,1,-1,-1,-1,1,1,0,0,14197500,397372500,1,-0.5000000000000004,0.8660254037844384,0,0,0,1,0.6943329531586278
0,18.0,4,1,1,-1,-1,-1,-1,0,0,8280000,33097500,0,1.2246467991473532e-16,-1.0,0,0,1,0,0.4649190673461802
1,37.0,53,0,0,0,0,0,0,1,0,3607500,195285000,0,-1.0,-1.8369701987210294e-16,1,0,0,0,0.023906059993153435
1,50.0,1,-1,-1,-1,-1,-1,-1,0,1,11160000,11160000,1,-0.5000000000000004,0.8660254037844384,0,0,0,1,0.8605387845080331
0,39.0,41,1,1,1,1,-1,1,0,0,11985000,498930000,1,0.4999999999999999,0.8660254037844387,0,0,1,0,0.18705333201576285
1,23.0,39,0,0,0,0,0,0,1,1,3067500,118500000,0,-0.4999999999999997,-0.8660254037844388,1,0,0,0,0.06176102503390857
1,39.0,63,0,0,0,0,0,0,1,0,2887500,185647500,0,0.0,1.0,1,0,0,0,0.0167202464992356
1,60.0,15,0,0,0,0,0,0,0,1,3952500,56790000,0,-0.4999999999999997,-0.8660254037844388,1,0,0,0,0.3118933784152313
0,55.0,13,-1,-1,-1,-1,-1,-1,1,0,6570000,88897500,0,0.0,1.0,0,0,1,0,0.3074425749098792
1,39.0,1,-1,1,-1,-1,-1,-1,0,1,7522500,7522500,0,0.8660254037844386,0.5000000000000001,0,0,1,0,0.7135911856215077
1,51.0,1,0,0,0,0,0,0,1,0,3067500,3067500,0,-0.8660254037844385,-0.5000000000000004,1,0,0,0,0.17762522309334058
1,36.0,8,-1,-1,-1,-1,-1,-1,0,1,10455000,84127500,1,-0.8660254037844385,-0.5000000000000004,0,0,0,1,0.8383402462698718
1,20.0,60,1,1,1,-1,-1,-1,1,0,9210000,545737500,0,0.4999999999999999,-0.8660254037844387,0,0,1,0,0.043406880070119495
0,29.0,12,-1,1,1,-1,1,-1,0,1,14715000,159030000,1,0.4999999999999999,0.8660254037844387,0,0,0,1,0.8177754310066035
1,59.0,40,-1,1,-1,1,1,-1,1,0,10612500,438262500,0,-0.4999999999999997,-0.8660254037844388,0,1,0,0,0.09304467954258608
0,37.0,66,1,1,1,-1,-1,-1,1,1,9172500,602617500,0,1.0,6.123233995736766e-17,0,0,1,0,0.05134698183403802
1,37.0,42,0,0,0,0,0,0,1,0,3037500,128235000,0,0.4999999999999999,0.8660254037844387,1,0,0,0,0.03948696254936956
0,36.0,66,1,1,-1,1,-1,-1,1,1,9577500,626152500,0,-0.4999999999999997,-0.8660254037844388,0,0,1,0,0.03344723833671973
1,63.0,49,-1,1,-1,-1,1,1,0,0,14805000,738082500,0,-0.8660254037844385,-0.5000000000000004,0,0,0,1,0.64146394048342
0,60.0,1,0,0,0,0,0,0,0,0,3075000,3075000,1,0.8660254037844387,-0.4999999999999998,1,0,0,0,0.37268558194183493
0,67.0,41,0,0,0,0,0,0,1,0,3000000,121545000,0,-1.0,-1.8369701987210294e-16,1,0,0,0,0.03730176124914271
0,38.0,41,0,0,0,0,0,0,1,0,2895000,115860000,0,0.8660254037844386,0.5000000000000001,1,0,0,0,0.03975599244072245
0,44.0,23,1,1,-1,1,-1,-1,0,0,12660000,290527500,0,-0.8660254037844386,0.5000000000000001,0,0,0,1,0.42980148759295406
1,22.0,3,-1,-1,-1,-1,-1,-1,0,0,3765000,11970000,0,0.8660254037844386,0.5000000000000001,0,0,1,0,0.7174925866709115
0,58.0,4,1,-1,1,1,-1,1,0,0,7237500,30337500,0,-0.4999999999999997,-0.8660254037844388,0,0,1,0,0.5270389900032886
0,26.0,52,0,0,0,0,0,0,1,0,2977500,160575000,0,0.8660254037844387,-0.4999999999999998,1,0,0,0,0.025229345220997325
0,43.0,4,1,-1,-1,-1,1,1,0,1,14940000,52147500,1,0.4999999999999999,-0.8660254037844387,0,0,0,1,0.8523275616181366
0,27.0,11,-1,1,1,1,-1,1,0,1,14130000,149985000,0,-0.8660254037844385,-0.5000000000000004,0,0,0,1,0.7682441013352468
0,33.0,2,1,-1,-1,-1,-1,1,0,1,9322500,16965000,0,1.0,6.123233995736766e-17,0,0,1,0,0.685165696778942
0,30.0,26,-1,1,-1,-1,-1,-1,0,0,11895000,302370000,0,-0.8660254037844386,0.5000000000000001,0,0,0,1,0.6187913525549957
1,33.0,24,1,-1,1,-1,-1,-1,1,1,8437500,218137500,0,0.4999999999999999,-0.8660254037844387,0,0,1,0,0.20848078284363245
0,34.0,12,0,0,0,0,0,0,0,0,3045000,37005000,0,0.8660254037844387,-0.4999999999999998,1,0,0,0,0.2774971367006884
1,33.0,60,-1,-1,-1,1,1,1,0,1,14850000,902685000,0,0.8660254037844387,-0.4999999999999998,0,0,0,1,0.6088738066047817
0,50.0,64,1,1,1,1,1,1,1,1,13590000,872617500,0,0.4999999999999999,-0.8660254037844387,0,0,1,0,0.07963368401883722
1,27.0,66,1,1,1,1,1,1,1,1,12885000,839295000,0,1.2246467991473532e-16,-1.0,0,0,1,0,0.07807027049668488
0,43.0,60,-1,-1,1,-1,-1,-1,1,1,11880000,714750000,0,-0.8660254037844386,0.5000000000000001,0,0,0,1,0.25650387978573896
1,55.0,17,1,-1,1,-1,1,-1,1,1,10552500,180247500,0,-1.0,-1.8369701987210294e-16,0,1,0,0,0.2515765280384804
1,34.0,42,0,0,0,0,0,0,1,0,2902500,130095000,0,1.0,6.123233995736766e-17,1,0,0,0,0.039690112299283486
1,31.0,1,-1,-1,-1,-1,-1,-1,0,1,7522500,7522500,0,0.8660254037844386,0.5000000000000001,0,1,0,0,0.6880078107089315
0,37.0,47,-1,1,-1,1,-1,1,1,0,9570000,451087500,0,-0.5000000000000004,0.8660254037844384,0,0,1,0,0.0997037598847329
0,54.0,10,0,0,0,0,0,0,0,1,3082500,37912500,0,0.0,1.0,1,0,0,0,0.3848569535981887
1,42.0,70,1,1,1,1,1,1,1,1,13282500,945975000,0,0.4999999999999999,-0.8660254037844387,0,0,1,0,0.07232975114064168
1,34.0,67,-1,-1,1,-1,1,1,0,1,15210000,1026157500,0,0.0,1.0,0,0,0,1,0.6620474271541478
0,46.0,1,-1,-1,-1,-1,-1,1,0,1,12292500,12292500,1,1.0,6.123233995736766e-17,0,0,0,1,0.8938268788779764
1,27.0,7,-1,-1,-1,-1,-1,-1,0,1,10402500,67665000,1,-0.8660254037844385,-0.5000000000000004,0,0,0,1,0.8432991441884502
1,48.0,1,-1,-1,-1,-1,-1,-1,0,0,6690000,6690000,0,1.0,6.123233995736766e-17,0,1,0,0,0.6132548945237266
1,45.0,4,-1,1,-1,1,1,-1,0,1,9562500,33930000,0,-0.5000000000000004,0.8660254037844384,0,0,1,0,0.6523051807370472
0,36.0,66,1,1,1,-1,1,1,1,0,16387500,1062375000,0,0.0,1.0,0,0,0,1,0.21215738844955634
0,30.0,12,-1,1,-1,-1,-1,1,0,1,12690000,152602500,0,1.2246467991473532e-16,-1.0,0,0,0,1,0.8410392854602878
0,29.0,24,0,0,0,0,0,0,1,0,3067500,79102500,0,0.0,1.0,1,0,0,0,0.07889275929185784
1,46.0,26,-1,1,-1,-1,1,-1,0,1,12862500,321975000,0,-0.8660254037844385,-0.5000000000000004,0,0,0,1,0.772546531879531
0,55.0,6,-1,-1,-1,-1,1,1,0,1,13665000,68295000,1,0.4999999999999999,0.8660254037844387,0,0,0,1,0.9060108178727821
1,32.0,57,-1,-1,1,1,1,1,1,0,16192500,895477500,0,0.8660254037844386,0.5000000000000001,0,0,0,1,0.2792335258149981
1,46.0,14,-1,-1,-1,-1,1,-1,0,1,12915000,185332500,1,0.0,1.0,0,0,0,1,0.8475644921551917
0,18.0,42,0,0,0,0,0,0,1,0,3442500,152137500,0,-0.4999999999999997,-0.8660254037844388,1,0,0,0,0.03655318462738715
1,33.0,25,-1,-1,-1,-1,1,1,0,1,14205000,354315000,1,-0.4999999999999997,-0.8660254037844388,0,0,0,1,0.8484476711273831
0,40.0,64,0,0,0,0,0,0,1,0,2917500,183847500,0,-0.8660254037844386,0.5000000000000001,1,0,0,0,0.015020115873840223
1,29.0,22,-1,-1,-1,-1,-1,1,0,1,12765000,281055000,1,-0.4999999999999997,-0.8660254037844388,0,0,0,1,0.8156654549579366
1,29.0,19,0,0,0,0,0,0,1,1,2955000,57975000,0,-0.8660254037844386,0.5000000000000001,1,0,0,0,0.13664753441223476
0,32.0,61,-1,1,-1,-1,1,1,0,1,14872500,901507500,1,-0.5000000000000004,0.8660254037844384,0,0,0,1,0.6615295995251392
1,44.0,22,-1,-1,1,-1,1,-1,0,1,13050000,277597500,0,-0.4999999999999997,-0.8660254037844388,0,0,0,1,0.8064011267097909
1,38.0,70,-1,1,1,-1,1,1,0,1,15442500,1065225000,1,-0.4999999999999997,-0.8660254037844388,0,0,0,1,0.604292946374377
1,18.0,12,-1,-1,-1,-1,-1,1,0,1,11992500,156510000,0,0.8660254037844386,0.5000000000000001,0,0,0,1,0.8721891854064465
0,18.0,31,1,-1,-1,1,-1,1,1,1,9600000,286612500,0,-0.5000000000000004,0.8660254037844384,0,0,1,0,0.1658333092347328
0,33.0,11,-1,-1,-1,-1,1,1,0,1,9735000,107415000,0,-0.4999999999999997,-0.8660254037844388,0,0,1,0,0.7767826490082995
1,45.0,68,0,0,0,0,0,0,1,0,3862500,252922500,0,-0.8660254037844386,0.5000000000000001,1,0,0,0,0.012809597036854173
0,18.0,72,1,1,1,1,1,1,1,1,13522500,1007467500,0,-0.8660254037844385,-0.5000000000000004,0,0,1,0,0.06885195877181519
1,34.0,67,1,1,1,1,1,1,1,1,17415000,1175977500,0,-0.8660254037844385,-0.5000000000000004,0,0,0,1,0.21237194474295065
0,34.0,60,1,-1,1,1,1,1,0,1,15742500,935512500,0,-0.8660254037844386,0.5000000000000001,0,0,0,1,0.49056105016509893
1,57.0,1,-1,-1,-1,-1,-1,-1,0,1,6757500,6757500,1,0.4999999999999999,-0.8660254037844387,0,0,1,0,0.7355735109924258
0,35.0,1,-1,-1,-1,-1,-1,-1,0,1,10650000,10650000,1,-0.4999999999999997,-0.8660254037844388,0,0,0,1,0.8596305902902771
1,45.0,58,1,1,1,-1,1,-1,1,0,7500000,437977500,0,0.4999999999999999,-0.8660254037844387,0,0,1,0,0.07155464699178873
0,42.0,47,-1,-1,-1,-1,-1,-1,0,0,10582500,496387500,1,-0.8660254037844386,0.5000000000000001,0,0,0,1,0.4983335083477228
0,18.0,1,-1,-1,-1,-1,-1,1,0,1,11955000,11955000,1,0.8660254037844387,-0.4999999999999998,0,0,0,1,0.8981460113080378
1,49.0,1,0,0,0,0,0,0,0,0,3067500,3067500,0,0.4999999999999999,0.8660254037844387,1,0,0,0,0.38943207963391024
1,43.0,22,1,1,-1,-1,-1,-1,0,0,8850000,188205000,1,0.0,1.0,0,0,1,0,0.31840838027521795
0,46.0,48,1,-1,1,1,-1,-1,1,1,9052500,434460000,1,-0.5000000000000004,0.8660254037844384,0,1,0,0,0.056313250278368775
0,75.0,37,0,0,0,0,0,0,1,1,2977500,107625000,0,-0.8660254037844385,-0.5000000000000004,1,0,0,0,0.062473604535433255
1,18.0,13,0,0,0,0,0,0,1,1,2992500,38070000,0,1.0,6.123233995736766e-17,1,0,0,0,0.17162323192044707
1,61.0,43,0,0,0,0,0,0,1,0,3967500,166507500,0,0.4999999999999999,-0.8660254037844387,1,0,0,0,0.03401746111303529
0,37.0,6,1,1,1,1,1,1,1,1,9510000,52320000,0,0.4999999999999999,0.8660254037844387,0,1,0,0,0.34791125337535767
1,43.0,71,1,1,1,1,1,-1,1,0,8092500,583297500,0,-1.0,-1.8369701987210294e-16,0,0,1,0,0.03221127097348668
0,39.0,1,-1,-1,-1,-1,-1,-1,0,1,10387500,10387500,1,0.0,1.0,0,0,0,1,0.8685096207881121
0,35.0,72,1,1,-1,-1,1,-1,1,1,14265000,1026472500,0,0.0,1.0,0,0,0,1,0.18247605548552656
0,33.0,6,1,-1,-1,-1,-1,-1,0,1,11115000,67635000,0,-0.4999999999999997,-0.8660254037844388,0,0,0,1,0.7676592567971221
1,44.0,12,-1,1,-1,1,-1,-1,0,0,5325000,64837500,0,1.2246467991473532e-16,-1.0,0,1,0,0,0.42042665323945516
1,22.0,25,-1,-1,-1,-1,-1,-1,0,0,10642500,265102500,1,-0.8660254037844386,0.5000000000000001,0,0,0,1,0.6759570305998948
0,49.0,21,-1,-1,1,1,-1,-1,1,0,11880000,261367500,0,0.4999999999999999,0.8660254037844387,0,0,0,1,0.3462775038494927
0,35.0,6,-1,-1,-1,1,-1,-1,0,1,7320000,44602500,0,-0.8660254037844385,-0.5000000000000004,0,0,1,0,0.5946534319553566
1,26.0,20,-1,-1,-1,-1,1,1,0,1,13350000,273067500,1,0.4999999999999999,0.8660254037844387,0,0,0,1,0.8800834777416621
1,35.0,18,1,-1,-1,-1,1,1,0,1,14910000,261442500,1,-0.8660254037844386,0.5000000000000001,0,0,0,1,0.810359085227728
0,55.0,43,-1,1,-1,1,-1,-1,1,0,8317500,366637500,0,-0.8660254037844386,0.5000000000000001,0,0,1,0,0.07668434892763268
0,34.0,35,0,0,0,0,0,0,1,1,3810000,142470000,0,-1.0,-1.8369701987210294e-16,1,0,0,0,0.06859134881952698
0,44.0,1,-1,-1,1,-1,-1,-1,0,0,11025000,11025000,1,0.8660254037844386,0.5000000000000001,0,0,0,1,0.8089419942511077
1,31.0,32,-1,1,1,-1,-1,1,0,1,14025000,445620000,0,-0.8660254037844385,-0.5000000000000004,0,0,0,1,0.7417406097987451
1,49.0,52,1,1,1,1,1,1,1,0,9585000,500242500,0,0.4999999999999999,0.8660254037844387,0,1,0,0,0.07481601593288795
1,48.0,32,-1,-1,-1,-1,1,1,1,1,9727500,301642500,0,0.8660254037844387,-0.4999999999999998,0,0,1,0,0.39198992111684633
0,62.0,72,1,1,1,1,1,1,1,1,9570000,702645000,0,-1.0,-1.8369701987210294e-16,0,0,1,0,0.0666619456591504
1,38.0,51,1,-1,-1,1,-1,1,0,1,6667500,327232500,0,-0.5000000000000004,0.8660254037844384,0,0,1,0,0.2438709804850423
1,48.0,68,0,0,0,0,0,0,1,1,2992500,195487500,0,1.0,6.123233995736766e-17,1,0,0,0,0.019247649086388485
1,41.0,8,-1,1,1,-1,-1,1,0,1,6502500,55710000,0,0.0,1.0,0,0,1,0,0.7752687061938958
1,56.0,49,-1,1,-1,-1,1,1,1,0,7447500,361485000,0,-0.5000000000000004,0.8660254037844384,0,0,1,0,0.20252708557634078
0,31.0,72,1,1,1,1,1,1,1,0,12765000,923310000,0,-0.8660254037844386,0.5000000000000001,0,0,1,0,0.04653089063270707
1,49.0,9,-1,-1,-1,-1,1,1,0,1,14325000,124365000,1,1.2246467991473532e-16,-1.0,0,0,0,1,0.8929147893212669
0,38.0,28,1,-1,-1,-1,1,1,0,1,13852500,390435000,1,-0.5000000000000004,0.8660254037844384,0,0,0,1,0.7788171081304236
1,39.0,54,1,-1,1,-1,1,-1,0,0,13470000,700050000,0,1.2246467991473532e-16,-1.0,0,0,0,1,0.4221654928958515
1,41.0,11,-1,1,-1,-1,-1,-1,0,1,11182500,123712500,1,0.4999999999999999,0.8660254037844387,0,0,0,1,0.8096175377760918
0,43.0,50,-1,-1,1,1,1,1,1,0,15457500,773025000,0,1.2246467991473532e-16,-1.0,0,0,0,1,0.3086659271780446
0,39.0,69,1,1,1,1,1,1,1,1,17400000,1227427500,0,-0.8660254037844386,0.5000000000000001,0,0,0,1,0.20703053359630547
1,43.0,1,-1,-1,-1,-1,-1,-1,0,1,10485000,10485000,0,-0.4999999999999997,-0.8660254037844388,0,0,0,1,0.8646694070530255
1,59.0,68,1,1,-1,1,-1,1,1,0,14265000,1002510000,0,-1.0,-1.8369701987210294e-16,0,0,0,1,0.1076940563418662
1,52.0,40,1,1,-1,1,-1,-1,1,0,6037500,234607500,0,-0.8660254037844385,-0.5000000000000004,0,0,1,0,0.06309338450427031
1,50.0,31,0,0,0,0,0,0,1,0,3862500,113340000,0,-0.8660254037844386,0.5000000000000001,1,0,0,0,0.05580276797959866
0,35.0,33,-1,1,1,-1,1,1,0,1,15802500,519757500,0,0.4999999999999999,0.8660254037844387,0,0,0,1,0.7969771639086637
1,29.0,55,-1,1,1,1,1,1,1,1,17040000,943905000,0,-1.0,-1.8369701987210294e-16,0,0,0,1,0.3530797519069984
1,51.0,68,0,0,0,0,0,0,1,1,3600000,249645000,0,-0.8660254037844386,0.5000000000000001,1,0,0,0,0.01915972389473564
0,51.0,12,0,0,0,0,0,0,0,0,2910000,29715000,0,1.0,6.123233995736766e-17,1,0,0,0,0.2780668631092263
1,58.0,71,1,1,1,1,1,1,1,1,12915000,906885000,0,-0.8660254037844386,0.5000000000000001,0,0,1,0,0.06831262775017358
1,33.0,40,-1,1,1,-1,1,1,0,1,15397500,616222500,0,1.2246467991473532e-16,-1.0,0,0,0,1,0.7689383682884879
0,37.0,64,-1,1,1,-1,-1,1,1,1,13927500,897112500,0,0.4999999999999999,-0.8660254037844387,0,0,0,1,0.29986549456167944
1,20.0,53,-1,1,-1,1,-1,1,1,0,14662500,756480000,0,-0.5000000000000004,0.8660254037844384,0,0,0,1,0.21020536924019473
1,35.0,12,-1,1,1,1,-1,-1,0,1,12570000,154462500,1,0.0,1.0,0,0,0,1,0.7186893433587198
1,52.0,53,-1,1,1,-1,1,1,0,1,8167500,428182500,1,-0.5000000000000004,0.8660254037844384,0,1,0,0,0.42298464533380903
1,34.0,72,1,1,1,-1,1,-1,1,1,14692500,1067137500,0,0.8660254037844387,-0.4999999999999998,0,0,0,1,0.18819725636199702
1,48.0,46,0,0,0,0,0,0,1,0,2992500,136057500,0,0.8660254037844387,-0.4999999999999998,1,0,0,0,0.032322608679646155
1,38.0,40,0,0,0,0,0,0,1,1,3690000,146092500,0,0.4999999999999999,0.8660254037844387,1,0,0,0,0.05993612840928299
1,44.0,12,1,1,-1,1,1,-1,0,1,7642500,90862500,0,0.8660254037844386,0.5000000000000001,0,0,1,0,0.5334122400352667
1,26.0,9,1,-1,-1,-1,-1,-1,0,0,11340000,99232500,0,-0.5000000000000004,0.8660254037844384,0,0,0,1,0.6825322310345495
0,41.0,51,-1,-1,-1,1,-1,-1,0,1,12112500,617535000,0,-1.0,-1.8369701987210294e-16,0,0,0,1,0.4535641470037026
1,18.0,49,-1,1,1,-1,1,-1,0,1,13560000,674197500,0,-0.8660254037844385,-0.5000000000000004,0,0,0,1,0.6492198685836365
1,38.0,41,-1,-1,1,-1,1,1,0,1,14970000,638895000,1,0.4999999999999999,-0.8660254037844387,0,0,0,1,0.7896063404037938
0,20.0,56,1,-1,1,1,-1,-1,1,1,9037500,492412500,0,0.4999999999999999,-0.8660254037844387,0,1,0,0,0.0425889916110752
1,54.0,4,0,0,0,0,0,0,0,1,3030000,8355000,0,0.8660254037844387,-0.4999999999999998,1,0,0,0,0.44553524356971513
1,49.0,20,1,-1,-1,1,-1,1,1,1,9622500,191167500,0,-1.0,-1.8369701987210294e-16,0,0,1,0,0.2203327796318172
0,46.0,26,0,0,0,0,0,0,0,1,3037500,74092500,0,0.4999999999999999,0.8660254037844387,1,0,0,0,0.24144699614930945
0,58.0,20,-1,1,1,-1,1,1,0,1,15877500,335947500,1,-0.5000000000000004,0.8660254037844384,0,0,0,1,0.8419183478106916
0,29.0,7,-1,-1,-1,-1,-1,-1,0,0,11317500,72112500,1,-0.4999999999999997,-0.8660254037844388,0,0,0,1,0.7619037733437106
1,61.0,7,-1,-1,-1,-1,1,1,0,1,14077500,95340000,1,1.2246467991473532e-16,-1.0,0,0,0,1,0.8992270021409399
1,51.0,51,-1,1,1,-1,1,1,0,1,14850000,755722500,0,0.4999999999999999,-0.8660254037844387,0,0,0,1,0.7187407106897435
0,37.0,4,-1,1,-1,-1,-1,-1,0,1,12045000,48630000,0,1.0,6.123233995736766e-17,0,0,0,1,0.8225043134433172
0,54.0,1,0,0,0,0,0,0,0,0,2932500,2932500,0,0.8660254037844387,-0.4999999999999998,1,0,0,0,0.37742728945924525
1,27.0,27,1,1,-1,1,1,-1,0,0,15112500,419032500,0,1.0,6.123233995736766e-17,0,0,0,1,0.48501069192230345
1,30.0,22,1,-1,-1,-1,1,1,0,1,15112500,314250000,1,-0.8660254037844385,-0.5000000000000004,0,0,0,1,0.7857114472827863
1,33.0,12,-1,1,-1,1,-1,-1,0,1,8062500,97297500,0,0.8660254037844386,0.5000000000000001,0,0,1,0,0.524256950621768
0,34.0,3,-1,-1,-1,1,-1,-1,0,1,4650000,14257500,1,-0.8660254037844386,0.5000000000000001,0,1,0,0,0.6396649278325165
0,27.0,34,0,0,0,0,0,0,1,1,3840000,137572500,0,0.4999999999999999,-0.8660254037844387,1,0,0,0,0.07131455216605687
1,55.0,24,1,-1,-1,1,-1,-1,1,1,8752500,202035000,0,1.0,6.123233995736766e-17,0,0,1,0,0.14444905676353834
1,37.0,51,-1,-1,1,-1,-1,-1,0,0,12000000,636352500,1,1.2246467991473532e-16,-1.0,0,0,0,1,0.47072044234305943
0,44.0,14,-1,-1,-1,-1,1,1,0,1,6952500,100905000,0,0.8660254037844387,-0.4999999999999998,0,0,1,0,0.8038561665634794
1,33.0,59,1,1,1,1,1,1,1,0,17062500,984187500,0,0.8660254037844387,-0.4999999999999998,0,0,0,1,0.1770790572974202
1,18.0,3,-1,1,1,-1,-1,1,0,0,13560000,40267500,0,-0.8660254037844386,0.5000000000000001,0,0,0,1,0.8219042976285232
0,43.0,65,1,-1,1,1,1,1,1,0,16395000,1100632500,0,0.0,1.0,0,0,0,1,0.18031657041325055
1,18.0,5,-1,-1,-1,-1,-1,-1,0,1,10537500,49785000,1,0.0,1.0,0,0,0,1,0.857228251998474
0,39.0,59,1,1,1,1,1,1,1,0,13545000,779107500,0,0.4999999999999999,-0.8660254037844387,0,0,1,0,0.0616746025039168
1,24.0,72,1,1,1,1,1,1,1,1,9787500,671827500,0,0.4999999999999999,-0.8660254037844387,0,0,1,0,0.06664261856623087
0,64.0,62,-1,1,1,-1,1,1,0,1,15022500,942495000,1,-1.0,-1.8369701987210294e-16,0,0,0,1,0.6517203413457091
1,51.0,28,1,1,-1,-1,-1,1,0,1,14175000,398910000,1,-0.5000000000000004,0.8660254037844384,0,0,0,1,0.6779857786821063
1,41.0,3,-1,-1,-1,1,-1,1,0,0,9097500,29535000,0,0.8660254037844386,0.5000000000000001,0,0,1,0,0.6118040992568229
1,55.0,19,0,0,0,0,0,0,0,1,3615000,65880000,0,0.4999999999999999,-0.8660254037844387,1,0,0,0,0.28691564984901435
1,30.0,1,0,0,0,0,0,0,0,1,2925000,2925000,0,0.8660254037844387,-0.4999999999999998,1,0,0,0,0.48632572125818824
1,47.0,24,-1,1,1,1,-1,-1,0,1,12892500,316072500,0,1.0,6.123233995736766e-17,0,0,0,1,0.6343539933207132
1,42.0,57,-1,-1,1,1,-1,-1,1,1,8025000,455370000,0,1.2246467991473532e-16,-1.0,0,1,0,0,0.0639552355653081
0,43.0,72,0,0,0,0,0,0,1,0,3817500,279967500,0,0.0,1.0,1,0,0,0,0.011046792390929497
1,55.0,67,0,0,0,0,0,0,1,0,3075000,214642500,0,0.0,1.0,1,0,0,0,0.014015733414257209
1,49.0,52,0,0,0,0,0,0,1,1,3127500,160740000,0,-1.0,-1.8369701987210294e-16,1,0,0,0,0.03626968052186436
1,43.0,71,1,1,1,1,1,1,1,0,13485000,968572500,0,-0.4999999999999997,-0.8660254037844388,0,1,0,0,0.03890587496636814
0,20.0,26,0,0,0,0,0,0,1,0,3900000,102607500,0,0.4999999999999999,-0.8660254037844387,1,0,0,0,0.06686633255194686
0,28.0,35,1,1,1,1,1,1,1,1,16980000,587107500,0,0.8660254037844386,0.5000000000000001,0,0,0,1,0.3590070094658147
0,39.0,55,-1,-1,-1,-1,-1,-1,1,1,10357500,576390000,0,0.0,1.0,0,0,0,1,0.2984979553186803
0,41.0,33,0,0,0,0,0,0,1,0,3015000,100552500,0,-1.0,-1.8369701987210294e-16,1,0,0,0,0.05277440088726956
1,26.0,72,1,1,1,-1,1,1,1,1,16447500,1182037500,0,-0.5000000000000004,0.8660254037844384,0,0,0,1,0.26746239969831614
1,69.0,1,0,0,0,0,0,0,0,1,2880000,2880000,0,-0.8660254037844386,0.5000000000000001,1,0,0,0,0.47901715074743323
1,58.0,10,-1,-1,-1,-1,-1,1,0,1,5085000,44767500,1,-0.4999999999999997,-0.8660254037844388,0,1,0,0,0.7438657584096506
0,47.0,37,-1,-1,1,1,1,-1,0,0,13500000,505762500,0,0.8660254037844387,-0.4999999999999998,0,0,0,1,0.5555453608051641
1,41.0,12,-1,1,-1,1,-1,-1,0,0,5100000,66367500,0,1.2246467991473532e-16,-1.0,0,0,1,0,0.480297844757156
1,37.0,1,0,0,0,0,0,0,1,0,3060000,3060000,0,0.8660254037844387,-0.4999999999999998,1,0,0,0,0.18303101939851002
1,29.0,62,1,1,-1,1,-1,-1,1,1,5790000,351832500,0,-0.8660254037844386,0.5000000000000001,0,0,1,0,0.04341956009892189
0,41.0,1,-1,-1,-1,-1,-1,-1,0,0,3787500,3787500,0,1.2246467991473532e-16,-1.0,0,0,1,0,0.713779487613949
0,43.0,18,1,-1,1,-1,-1,-1,0,1,9090000,173452500,0,0.4999999999999999,0.8660254037844387,0,1,0,0,0.4084231594965604
1,25.0,69,-1,1,-1,-1,1,-1,0,1,13492500,921472500,1,0.4999999999999999,-0.8660254037844387,0,0,0,1,0.5062232501231595
1,44.0,2,-1,1,-1,-1,-1,-1,0,1,11212500,21720000,0,-0.8660254037844385,-0.5000000000000004,0,0,0,1,0.8409930226758235
1,38.0,19,0,0,0,0,0,0,0,0,3090000,62242500,0,-0.4999999999999997,-0.8660254037844388,1,0,0,0,0.22279820644170145
1,18.0,12,-1,-1,-1,-1,1,-1,0,1,12667500,158932500,1,0.4999999999999999,0.8660254037844387,0,0,0,1,0.8613187403359017
1,30.0,9,0,0,0,0,0,0,0,0,3060000,27270000,0,-0.4999999999999997,-0.8660254037844388,1,0,0,0,0.30484928131656736
1,35.0,27,1,-1,1,1,1,1,1,0,12255000,331882500,0,-0.8660254037844386,0.5000000000000001,0,0,1,0,0.16944932626110867
1,63.0,27,-1,-1,-1,1,-1,-1,0,1,11925000,327082500,1,-1.0,-1.8369701987210294e-16,0,0,0,1,0.6352374257779131
1,47.0,1,-1,-1,-1,-1,1,1,0,0,13372500,13372500,1,0.0,1.0,0,0,0,1,0.8906056287724775
0,24.0,24,0,0,0,0,0,0,0,1,3045000,68992500,0,1.0,6.123233995736766e-17,1,0,0,0,0.25836017811597184
1,46.0,14,-1,-1,-1,-1,-1,-1,0,1,11242500,155512500,1,-0.5000000000000004,0.8660254037844384,0,0,0,1,0.80420756094356
0,21.0,32,-1,1,-1,-1,-1,-1,0,1,11160000,341542500,1,-1.0,-1.8369701987210294e-16,0,0,0,1,0.6734706877192508
0,53.0,11,0,0,0,0,0,0,1,0,3000000,31792500,0,-1.0,-1.8369701987210294e-16,1,0,0,0,0.12209847360776949
1,34.0,1,0,0,0,0,0,0,0,1,3750000,3750000,0,0.0,1.0,1,0,0,0,0.4700886302482792
1,39.0,38,1,-1,-1,-1,-1,-1,0,1,12067500,474397500,0,-1.0,-1.8369701987210294e-16,0,0,0,1,0.554277387693203
0,56.0,9,0,0,0,0,0,0,1,0,2962500,31597500,0,0.8660254037844387,-0.4999999999999998,1,0,0,0,0.1340052590489332
1,25.0,54,1,1,-1,1,-1,-1,1,1,9847500,535005000,0,-0.8660254037844385,-0.5000000000000004,0,0,1,0,0.05132799242602159
0,23.0,29,-1,-1,-1,-1,1,1,1,1,10650000,312015000,0,-1.0,-1.8369701987210294e-16,0,0,1,0,0.39985255559561395
1,33.0,44,-1,-1,1,-1,1,-1,0,1,13380000,606030000,0,1.2246467991473532e-16,-1.0,0,0,0,1,0.6989164209348993
1,52.0,59,1,1,1,1,1,1,1,1,13012500,777900000,0,0.4999999999999999,0.8660254037844387,0,0,1,0,0.09851704463631951
0,22.0,3,-1,-1,-1,-1,-1,1,0,1,8295000,29422500,1,1.0,6.123233995736766e-17,0,1,0,0,0.7447265349867332
0,18.0,18,1,1,-1,1,-1,-1,1,1,9225000,163117500,0,-0.4999999999999997,-0.8660254037844388,0,0,1,0,0.150644881056417
1,35.0,67,0,0,0,0,0,0,1,0,3765000,250822500,0,0.0,1.0,1,0,0,0,0.013949253789415483
0,47.0,22,-1,1,-1,1,-1,-1,0,0,8272500,180907500,1,1.2246467991473532e-16,-1.0,0,0,1,0,0.31946103296607903
1,54.0,33,1,-1,-1,1,-1,-1,1,0,5107500,167092500,0,-0.4999999999999997,-0.8660254037844388,0,0,1,0,0.0919201784311538
1,34.0,5,0,0,0,0,0,0,0,0,2992500,16057500,0,0.8660254037844387,-0.4999999999999998,1,0,0,0,0.34892728787949373
0,35.0,2,0,0,0,0,0,0,0,0,2992500,5722500,0,-0.4999999999999997,-0.8660254037844388,1,0,0,0,0.3636567320394674
1,54.0,72,1,1,1,1,1,1,1,0,13455000,950895000,0,0.8660254037844386,0.5000000000000001,0,0,1,0,0.04655046081436462
1,18.0,9,0,0,0,0,0,0,0,0,3060000,27615000,0,0.4999999999999999,-0.8660254037844387,1,0,0,0,0.3100964710370822
1,35.0,67,0,0,0,0,0,0,1,0,3945000,253335000,0,0.4999999999999999,0.8660254037844387,1,0,0,0,0.013784384660922588
0,42.0,16,-1,-1,-1,-1,1,-1,0,1,12742500,206737500,1,-1.0,-1.8369701987210294e-16,0,0,0,1,0.8326570063360046
0,45.0,8,0,0,0,0,0,0,0,1,3105000,20640000,0,0.8660254037844386,0.5000000000000001,1,0,0,0,0.4024948171565735
1,34.0,5,1,1,1,1,-1,-1,0,1,6487500,32850000,1,1.2246467991473532e-16,-1.0,0,0,1,0,0.5126164582318021
1,40.0,23,-1,-1,-1,-1,-1,-1,1,1,7252500,160072500,1,0.4999999999999999,0.8660254037844387,0,0,1,0,0.30824596917359165
1,18.0,1,-1,-1,-1,-1,1,-1,0,1,11932500,11932500,1,-0.8660254037844385,-0.5000000000000004,0,0,0,1,0.8964237290699505
0,32.0,50,-1,-1,-1,-1,-1,-1,0,1,10657500,516727500,1,-1.0,-1.8369701987210294e-16,0,0,0,1,0.5648636086992018
1,45.0,17,0,0,0,0,0,0,1,0,2917500,55357500,0,1.2246467991473532e-16,-1.0,1,0,0,0,0.10151394523991415
0,28.0,68,1,1,1,-1,1,1,1,1,16620000,1133040000,0,0.4999999999999999,0.8660254037844387,0,0,0,1,0.2830917212372103
1,41.0,1,-1,-1,-1,-1,1,-1,0,0,12675000,12675000,1,0.8660254037844387,-0.4999999999999998,0,0,0,1,0.8445051787355139
0,45.0,25,-1,-1,-1,-1,-1,-1,0,1,10395000,271965000,0,-0.8660254037844386,0.5000000000000001,0,0,0,1,0.752001480551748
1,36.0,67,1,-1,1,1,1,-1,1,1,7402500,498202500,0,-1.0,-1.8369701987210294e-16,0,1,0,0,0.047681135392505215
1,42.0,32,0,0,0,0,0,0,1,0,3052500,106125000,0,-0.8660254037844385,-0.5000000000000004,1,0,0,0,0.05645321067532653
0,28.0,67,1,1,-1,-1,1,1,1,1,15840000,1066822500,0,1.0,6.123233995736766e-17,0,0,0,1,0.28403529274928646
1,38.0,72,1,1,1,1,1,1,1,1,9667500,696165000,0,0.8660254037844386,0.5000000000000001,0,1,0,0,0.058354577839960224
1,47.0,71,-1,1,1,1,1,1,1,1,16290000,1153635000,1,0.8660254037844386,0.5000000000000001,0,0,0,1,0.27785775411644587
1,42.0,1,-1,1,-1,-1,-1,-1,0,1,7485000,7485000,0,-0.5000000000000004,0.8660254037844384,0,0,1,0,0.7118937757510325
1,33.0,46,-1,1,-1,-1,-1,-1,0,0,4545000,207015000,1,-0.8660254037844386,0.5000000000000001,0,0,1,0,0.2710133721473513
0,43.0,2,-1,-1,1,-1,-1,-1,0,1,4560000,11797500,1,-0.8660254037844386,0.5000000000000001,0,0,1,0,0.7736257887744399
0,49.0,1,-1,-1,-1,-1,-1,-1,0,1,6810000,6810000,1,0.4999999999999999,-0.8660254037844387,0,0,1,0,0.7295668437686329
0,18.0,48,-1,1,1,-1,-1,1,1,1,9847500,464197500,0,1.0,6.123233995736766e-17,0,0,1,0,0.18945895599358084
0,54.0,61,-1,-1,1,1,1,1,1,1,15495000,977752500,0,0.8660254037844387,-0.4999999999999998,0,0,0,1,0.34741050698025727
0,36.0,32,-1,1,-1,-1,-1,1,0,0,12622500,387892500,1,0.0,1.0,0,0,0,1,0.6737121915306602
0,45.0,2,-1,-1,-1,-1,-1,-1,0,0,6667500,12405000,0,0.4999999999999999,-0.8660254037844387,0,0,1,0,0.6413615603436857
0,54.0,3,0,0,0,0,0,0,0,0,2962500,8827500,1,-0.8660254037844385,-0.5000000000000004,1,0,0,0,0.3517328016149713
0,24.0,5,-1,-1,-1,1,-1,1,0,1,12810000,63885000,1,0.0,1.0,0,0,0,1,0.8338771293885783
0,31.0,71,1,1,1,1,1,1,1,0,13485000,951405000,0,-0.5000000000000004,0.8660254037844384,0,1,0,0,0.038770450179379974
1,37.0,37,1,-1,-1,-1,-1,-1,0,1,8257500,304612500,0,-0.4999999999999997,-0.8660254037844388,0,0,1,0,0.30946301399401255
1,31.0,65,-1,-1,1,1,1,1,1,1,15615000,1005007500,0,0.4999999999999999,0.8660254037844387,0,0,0,1,0.32967216400624644
0,61.0,67,-1,1,-1,1,1,1,1,1,15990000,1086705000,0,-0.4999999999999997,-0.8660254037844388,0,0,0,1,0.2798521478184836
1,30.0,49,-1,-1,-1,-1,-1,-1,0,0,11280000,551745000,1,0.8660254037844386,0.5000000000000001,0,0,0,1,0.4925402551618078
1,33.0,50,1,-1,-1,1,1,-1,1,1,10575000,522997500,0,0.4999999999999999,0.8660254037844387,0,0,1,0,0.09378953341065228
1,42.0,25,0,0,0,0,0,0,1,0,2940000,61672500,0,0.8660254037844386,0.5000000000000001,1,0,0,0,0.07625974447557993
0,26.0,17,-1,-1,1,-1,-1,-1,1,1,8377500,140625000,1,0.4999999999999999,-0.8660254037844387,0,0,1,0,0.32739597973359924
0,35.0,64,0,0,0,0,0,0,1,1,3607500,233872500,0,1.2246467991473532e-16,-1.0,1,0,0,0,0.02155036479171376
1,44.0,25,-1,-1,1,-1,1,-1,1,1,5715000,145560000,0,1.2246467991473532e-16,-1.0,0,1,0,0,0.35863467790187
1,36.0,23,-1,1,1,-1,1,1,0,1,15960000,372525000,1,0.8660254037844386,0.5000000000000001,0,0,0,1,0.8371482096717241
1,39.0,24,-1,-1,1,1,-1,-1,0,0,5137500,124230000,0,-0.8660254037844386,0.5000000000000001,0,0,1,0,0.3941753606376682
0,34.0,37,-1,-1,1,-1,1,1,0,1,15007500,571582500,0,-1.0,-1.8369701987210294e-16,0,0,0,1,0.7993766244497421
0,22.0,21,-1,-1,-1,-1,-1,-1,0,1,10297500,223980000,0,0.4999999999999999,0.8660254037844387,0,0,0,1,0.7834785935439822
1,44.0,1,-1,-1,-1,-1,-1,-1,0,1,6870000,6870000,0,-0.8660254037844385,-0.5000000000000004,0,0,1,0,0.7336916798093763
0,61.0,10,-1,-1,-1,-1,-1,-1,0,1,11362500,116595000,0,-0.5000000000000004,0.8660254037844384,0,0,0,1,0.8154266537517461
1,40.0,6,-1,1,-1,-1,-1,1,0,1,12660000,83452500,1,0.4999999999999999,-0.8660254037844387,0,0,0,1,0.868121773097224
1,43.0,51,1,1,-1,-1,-1,1,1,1,14460000,736657500,0,0.8660254037844386,0.5000000000000001,0,0,0,1,0.2900652991272543
0,48.0,10,0,0,0,0,0,0,0,1,3082500,28102500,0,-0.8660254037844385,-0.5000000000000004,1,0,0,0,0.3716522699434884
0,25.0,6,1,1,-1,1,-1,1,0,0,7642500,46140000,0,0.4999999999999999,0.8660254037844387,0,0,1,0,0.4942891890666682
1,60.0,47,1,1,1,1,1,1,1,1,13575000,647752500,0,1.2246467991473532e-16,-1.0,0,1,0,0,0.10242243690438133
0,42.0,61,1,1,1,1,-1,1,1,1,11910000,723082500,0,-0.4999999999999997,-0.8660254037844388,0,1,0,0,0.04803367941697251
0,60.0,52,1,1,1,-1,1,1,1,1,8812500,455782500,0,1.0,6.123233995736766e-17,0,0,1,0,0.17256541857609806
0,31.0,35,1,1,-1,-1,-1,-1,0,1,8917500,320535000,0,-0.8660254037844386,0.5000000000000001,0,0,1,0,0.3013521257285184
1,62.0,71,-1,1,1,-1,1,1,1,1,15855000,1120822500,0,-0.5000000000000004,0.8660254037844384,0,0,0,1,0.3546689636937566
0,49.0,6,1,1,-1,-1,-1,-1,0,0,8437500,58365000,1,-1.0,-1.8369701987210294e-16,0,0,1,0,0.442319309694011
1,47.0,45,1,-1,1,-1,-1,-1,1,0,7995000,344437500,0,1.0,6.123233995736766e-17,0,0,1,0,0.07863553651505205
0,43.0,2,-1,-1,-1,-1,1,-1,0,1,12832500,28117500,1,0.0,1.0,0,0,0,1,0.884147258222231
0,37.0,4,-1,1,-1,-1,1,1,0,1,10297500,39187500,1,-0.4999999999999997,-0.8660254037844388,0,0,1,0,0.7907026185773041
1,54.0,2,-1,-1,-1,-1,-1,-1,0,0,3645000,5767500,0,0.4999999999999999,-0.8660254037844387,0,0,1,0,0.7142195955567384
1,42.0,4,-1,-1,-1,-1,1,-1,0,0,11677500,44880000,1,-0.5000000000000004,0.8660254037844384,0,0,0,1,0.8477542449573241
1,18.0,51,1,-1,-1,1,-1,-1,1,0,8985000,456540000,0,-0.8660254037844386,0.5000000000000001,0,0,1,0,0.044272994705670636
1,27.0,60,0,0,0,0,0,0,1,0,3592500,225960000,0,0.4999999999999999,0.8660254037844387,1,0,0,0,0.019085133495135805
1,38.0,9,0,0,0,0,0,0,1,1,3022500,24555000,0,0.8660254037844387,-0.4999999999999998,1,0,0,0,0.19115820442344061
1,44.0,3,-1,1,1,-1,1,1,0,1,15802500,48487500,1,0.8660254037844386,0.5000000000000001,0,0,0,1,0.8931340156279968
1,39.0,17,-1,-1,1,1,-1,1,0,1,14347500,246000000,0,-0.8660254037844386,0.5000000000000001,0,0,0,1,0.7615032359757345
0,55.0,8,-1,-1,-1,-1,1,-1,0,1,13057500,114315000,1,-0.8660254037844386,0.5000000000000001,0,0,0,1,0.8600634314607747
1,18.0,46,1,-1,1,1,1,1,1,0,12150000,576952500,0,0.8660254037844387,-0.4999999999999998,0,0,1,0,0.10870779086346626
0,42.0,68,1,1,1,1,1,1,1,1,12367500,846990000,0,1.0,6.123233995736766e-17,0,1,0,0,0.061929941646690585
1,18.0,1,-1,-1,-1,-1,1,-1,0,1,8025000,8025000,1,0.4999999999999999,0.8660254037844387,0,0,1,0,0.8015124378202739
0,49.0,4,0,0,0,0,0,0,1,0,3075000,11857500,0,-0.8660254037844385,-0.5000000000000004,1,0,0,0,0.1556888911131602
0,39.0,1,-1,-1,-1,-1,-1,-1,0,1,3765000,3765000,1,-0.5000000000000004,0.8660254037844384,0,0,1,0,0.793724506548311
1,45.0,28,-1,1,-1,1,-1,-1,1,1,8160000,227490000,0,1.2246467991473532e-16,-1.0,0,0,1,0,0.17336107826256508
0,30.0,39,-1,1,-1,-1,1,-1,1,1,8790000,333675000,0,0.8660254037844386,0.5000000000000001,0,1,0,0,0.20293108361466616
1,55.0,11,-1,-1,1,-1,-1,1,0,0,12720000,133312500,0,-0.4999999999999997,-0.8660254037844388,0,0,0,1,0.8021755442177883
0,53.0,71,-1,1,1,1,1,1,1,1,9210000,646552500,0,0.0,1.0,0,0,1,0,0.10249098426798958
1,47.0,2,0,0,0,0,0,0,0,0,3060000,6435000,0,1.0,6.123233995736766e-17,1,0,0,0,0.3768409174486953
1,38.0,30,-1,1,1,-1,-1,-1,0,1,11947500,354772500,1,0.8660254037844386,0.5000000000000001,0,0,0,1,0.6950813675858475
0,47.0,17,0,0,0,0,0,0,1,0,3022500,53047500,0,-0.5000000000000004,0.8660254037844384,1,0,0,0,0.1005987378410205
0,32.0,55,-1,1,1,-1,1,-1,0,1,14167500,760965000,0,-0.4999999999999997,-0.8660254037844388,0,0,0,1,0.5854422773911278
0,50.0,58,1,-1,-1,-1,-1,-1,0,1,11970000,679027500,0,-0.5000000000000004,0.8660254037844384,0,0,0,1,0.3944449398317529
0,60.0,5,1,-1,-1,1,-1,-1,0,0,8130000,46237500,1,0.8660254037844386,0.5000000000000001,0,0,1,0,0.39243093049532674
0,53.0,1,0,0,0,0,0,0,0,1,2917500,2917500,1,-0.8660254037844386,0.5000000000000001,1,0,0,0,0.47354201742923624
1,31.0,9,-1,-1,-1,-1,-1,-1,0,1,11107500,101767500,0,-0.5000000000000004,0.8660254037844384,0,0,0,1,0.8316671313783819
1,44.0,26,-1,-1,-1,1,-1,-1,0,0,7372500,185595000,0,0.4999999999999999,-0.8660254037844387,0,0,1,0,0.3294666130863002
0,24.0,50,0,0,0,0,0,0,1,0,2910000,153592500,0,0.8660254037844386,0.5000000000000001,1,0,0,0,0.02824639983198242
0,47.0,72,1,1,1,1,1,1,1,1,17047500,1227412500,0,-0.4999999999999997,-0.8660254037844388,0,0,0,1,0.18544140125709432
0,45.0,43,1,1,-1,1,1,1,1,1,15900000,679845000,0,0.8660254037844387,-0.4999999999999998,0,0,0,1,0.31764548591843245
1,18.0,56,0,0,0,0,0,0,1,1,3892500,216607500,0,0.8660254037844387,-0.4999999999999998,1,0,0,0,0.03143940530220758
0,26.0,1,0,0,0,0,0,0,0,0,2865000,2865000,0,0.8660254037844386,0.5000000000000001,1,0,0,0,0.3907234129304706
1,37.0,72,-1,1,1,-1,1,1,1,1,15510000,1105897500,1,-0.4999999999999997,-0.8660254037844388,0,0,0,1,0.34328538207206305
1,36.0,72,1,1,-1,1,-1,1,1,1,15082500,1098765000,0,-1.0,-1.8369701987210294e-16,0,0,0,1,0.13695780828152568
1,25.0,36,-1,-1,-1,-1,1,1,0,1,14310000,521130000,0,-0.5000000000000004,0.8660254037844384,0,0,0,1,0.8149406535329133
1,45.0,5,-1,-1,1,1,1,1,0,0,11272500,58897500,0,0.4999999999999999,-0.8660254037844387,0,0,1,0,0.640555735811114
0,43.0,13,-1,1,1,-1,-1,-1,0,1,12667500,158790000,1,-0.4999999999999997,-0.8660254037844388,0,0,0,1,0.7640686800948661
0,38.0,44,-1,1,1,-1,-1,1,1,0,13372500,598612500,0,0.4999999999999999,-0.8660254037844387,0,0,0,1,0.3386345863223929
0,31.0,70,-1,1,1,1,1,1,1,1,16185000,1121377500,0,-1.0,-1.8369701987210294e-16,0,0,0,1,0.2693936575559391
1,53.0,44,0,0,0,0,0,0,1,0,2925000,125325000,0,0.4999999999999999,-0.8660254037844387,1,0,0,0,0.0344743618575008
0,60.0,32,-1,-1,-1,-1,1,-1,0,1,12892500,394290000,1,1.0,6.123233995736766e-17,0,0,0,1,0.7537515677342073
0,34.0,69,0,0,0,0,0,0,1,1,3742500,257752500,0,0.4999999999999999,0.8660254037844387,1,0,0,0,0.01842088776386883
0,33.0,16,-1,-1,-1,1,1,-1,0,0,8910000,153585000,1,0.8660254037844387,-0.4999999999999998,0,0,1,0,0.49132133694440216
1,46.0,68,0,0,0,0,0,0,1,0,2925000,179032500,0,-1.0,-1.8369701987210294e-16,1,0,0,0,0.012579982328163744
1,36.0,16,-1,-1,-1,-1,-1,-1,0,1,10492500,180825000,0,-0.8660254037844385,-0.5000000000000004,0,0,0,1,0.8030745268740893
1,38.0,68,1,1,-1,1,1,1,1,0,12427500,866467500,0,-1.0,-1.8369701987210294e-16,0,0,1,0,0.05296546787469526
1,49.0,4,0,0,0,0,0,0,0,0,2850000,11835000,0,0.8660254037844387,-0.4999999999999998,1,0,0,0,0.35856125164149505
0,18.0,26,1,1,-1,1,-1,-1,0,0,5827500,153772500,0,1.0,6.123233995736766e-17,0,1,0,0,0.2161871203486622
0,56.0,29,-1,1,-1,-1,-1,-1,0,1,4590000,128452500,1,-0.8660254037844385,-0.5000000000000004,0,1,0,0,0.44645305406683516
1,41.0,5,0,0,0,0,0,0,0,0,3052500,18300000,0,0.0,1.0,1,0,0,0,0.3523676701085699
1,35.0,70,-1,1,1,-1,1,-1,1,1,14250000,990435000,0,-1.0,-1.8369701987210294e-16,0,0,0,1,0.2639374553920818
1,39.0,24,1,-1,-1,1,1,1,1,0,11160000,256935000,0,-0.8660254037844385,-0.5000000000000004,0,1,0,0,0.15470887244922774
0,40.0,72,1,1,1,1,-1,1,1,0,11767500,852337500,0,0.8660254037844387,-0.4999999999999998,0,0,1,0,0.03075893178900314
1,19.0,1,-1,-1,-1,1,-1,-1,0,1,11145000,11145000,0,-0.8660254037844385,-0.5000000000000004,0,0,0,1,0.8072206950457248
1,58.0,70,-1,1,1,1,-1,1,1,1,7657500,545272500,0,-0.4999999999999997,-0.8660254037844388,0,1,0,0,0.05919597074820642
0,40.0,36,0,0,0,0,0,0,0,0,2880000,105435000,0,-0.4999999999999997,-0.8660254037844388,1,0,0,0,0.12035146311344723
0,45.0,38,-1,-1,-1,1,1,1,0,1,14932500,560137500,1,-0.4999999999999997,-0.8660254037844388,0,0,0,1,0.712396229120048
0,51.0,17,-1,-1,-1,-1,-1,-1,0,1,10500000,171675000,1,-0.8660254037844386,0.5000000000000001,0,0,0,1,0.7898800699678081
0,28.0,41,-1,1,1,1,1,1,1,1,16365000,668137500,0,-0.5000000000000004,0.8660254037844384,0,0,0,1,0.43231487039084954
0,46.0,1,-1,-1,-1,-1,-1,-1,0,1,6795000,6795000,1,1.2246467991473532e-16,-1.0,0,0,1,0,0.7284380352308254
1,37.0,2,-1,-1,-1,1,-1,-1,0,0,4477500,11340000,1,0.4999999999999999,0.8660254037844387,0,0,1,0,0.6256601992391563
1,50.0,14,-1,-1,1,-1,-1,-1,0,0,11467500,167632500,0,0.8660254037844387,-0.4999999999999998,0,0,0,1,0.7338767916301229
1,18.0,2,-1,1,1,1,-1,1,0,1,14265000,27037500,1,0.4999999999999999,0.8660254037844387,0,0,0,1,0.8208446802459142
1,39.0,1,0,0,0,0,0,0,0,0,2970000,2970000,1,-0.8660254037844386,0.5000000000000001,1,0,0,0,0.38750760346024
1,33.0,13,-1,1,1,1,1,-1,0,1,10920000,139507500,0,-0.4999999999999997,-0.8660254037844388,0,1,0,0,0.4971388780693213
1,45.0,6,0,0,0,0,0,0,0,0,2842500,16522500,0,1.2246467991473532e-16,-1.0,1,0,0,0,0.3346702616826754
0,46.0,4,-1,1,-1,-1,-1,-1,0,1,11497500,50040000,1,0.8660254037844387,-0.4999999999999998,0,0,0,1,0.8279753687331416
0,32.0,5,-1,1,-1,1,1,1,0,1,14872500,69757500,1,0.4999999999999999,0.8660254037844387,0,0,0,1,0.851154032964629
0,31.0,15,1,-1,1,-1,1,1,0,0,15262500,250410000,0,0.4999999999999999,0.8660254037844387,0,0,0,1,0.7620488978548529
0,39.0,47,1,-1,-1,-1,-1,-1,0,0,11317500,531765000,0,0.8660254037844386,0.5000000000000001,0,0,0,1,0.3949751137928064
0,29.0,8,-1,-1,1,1,-1,1,0,0,9615000,75607500,0,0.8660254037844386,0.5000000000000001,0,0,1,0,0.5569643168626213
1,50.0,17,-1,-1,-1,-1,-1,-1,0,1,3847500,66030000,0,0.0,1.0,0,0,1,0,0.6718009908160383
1,36.0,15,1,-1,-1,-1,-1,-1,0,0,11265000,172732500,0,0.4999999999999999,0.8660254037844387,0,0,0,1,0.6461087597020801
0,18.0,26,1,-1,1,1,-1,1,1,1,14377500,371302500,0,0.8660254037844386,0.5000000000000001,0,0,0,1,0.3723134314171766
0,36.0,23,1,-1,-1,-1,-1,-1,0,0,8160000,187387500,0,0.8660254037844387,-0.4999999999999998,0,0,1,0,0.33138828219522254
0,28.0,4,-1,1,-1,-1,-1,-1,0,0,10912500,47662500,0,-0.4999999999999997,-0.8660254037844388,0,0,0,1,0.7733894373926893
1,20.0,29,0,0,0,0,0,0,1,0,2977500,80257500,0,0.4999999999999999,-0.8660254037844387,1,0,0,0,0.06440119576153323
0,25.0,25,0,0,0,0,0,0,0,0,2857500,69195000,0,0.8660254037844387,-0.4999999999999998,1,0,0,0,0.18441194447552686
1,41.0,9,-1,-1,-1,-1,-1,-1,0,0,6742500,64650000,1,-0.5000000000000004,0.8660254037844384,0,0,1,0,0.5952868059716742
1,56.0,18,-1,-1,1,-1,-1,-1,0,1,7432500,131752500,1,-0.4999999999999997,-0.8660254037844388,0,0,1,0,0.5849266430252412
1,44.0,3,-1,-1,-1,-1,1,1,0,1,14227500,50362500,0,0.0,1.0,0,0,0,1,0.9136592549347479
0,33.0,69,1,1,1,1,-1,-1,1,0,6937500,468210000,0,-0.4999999999999997,-0.8660254037844388,0,1,0,0,0.017510827251200102
1,45.0,14,0,0,0,0,0,0,1,0,2902500,48720000,0,0.8660254037844386,0.5000000000000001,1,0,0,0,0.11907141083120243
1,34.0,19,-1,-1,-1,-1,1,1,0,0,10440000,209182500,0,-0.5000000000000004,0.8660254037844384,0,0,1,0,0.6514039266186933
1,32.0,39,-1,1,-1,-1,-1,1,0,0,13605000,511987500,0,0.8660254037844386,0.5000000000000001,0,0,0,1,0.6235550388594854
1,26.0,31,-1,1,1,-1,1,1,0,1,15210000,471547500,0,-0.8660254037844386,0.5000000000000001,0,0,0,1,0.8129060865098575
1,19.0,24,0,0,0,0,0,0,1,0,3037500,65962500,0,1.0,6.123233995736766e-17,1,0,0,0,0.08002357592444599
1,35.0,14,-1,-1,-1,1,-1,-1,0,0,7320000,99660000,0,-0.5000000000000004,0.8660254037844384,0,0,1,0,0.4422708025532691
0,42.0,64,1,1,1,1,-1,1,1,1,11152500,713932500,0,0.8660254037844386,0.5000000000000001,0,0,1,0,0.0576860417387417
0,39.0,50,0,0,0,0,0,0,1,1,2902500,154950000,0,-0.8660254037844385,-0.5000000000000004,1,0,0,0,0.03897522356943054
1,35.0,52,-1,1,1,1,1,-1,1,1,10312500,522427500,0,0.4999999999999999,0.8660254037844387,0,1,0,0,0.09988466880543541
1,29.0,28,-1,1,-1,-1,1,1,1,0,15030000,403267500,0,1.0,6.123233995736766e-17,0,0,0,1,0.5258893396262009
0,47.0,21,0,0,0,0,0,0,1,1,3127500,65287500,0,-0.4999999999999997,-0.8660254037844388,1,0,0,0,0.11705065500017306
1,24.0,25,-1,1,-1,-1,1,1,0,1,14385000,367312500,1,-0.5000000000000004,0.8660254037844384,0,0,0,1,0.8438324340235854
0,49.0,17,0,0,0,0,0,0,1,0,2902500,46050000,0,-0.8660254037844385,-0.5000000000000004,1,0,0,0,0.09732295302984265
1,28.0,58,-1,-1,-1,-1,1,1,1,1,6750000,403402500,0,1.0,6.123233995736766e-17,0,0,1,0,0.239433891837886
1,31.0,17,-1,-1,-1,-1,-1,1,0,0,12225000,199380000,1,-0.8660254037844385,-0.5000000000000004,0,0,0,1,0.7813350776184306
0,22.0,51,0,0,0,0,0,0,1,0,3825000,192187500,0,0.8660254037844387,-0.4999999999999998,1,0,0,0,0.02533344872705716
1,34.0,72,1,-1,1,1,1,-1,1,0,7335000,529050000,0,-0.5000000000000004,0.8660254037844384,0,0,1,0,0.034747513755910904
1,52.0,52,1,-1,-1,-1,1,-1,0,0,12615000,652297500,1,0.4999999999999999,0.8660254037844387,0,0,0,1,0.45637911818738236
0,46.0,27,0,0,0,0,0,0,1,1,2940000,84172500,0,0.8660254037844387,-0.4999999999999998,1,0,0,0,0.09756911938402206
0,52.0,3,0,0,0,0,0,0,0,0,3000000,9540000,0,-0.8660254037844385,-0.5000000000000004,1,0,0,0,0.35146174504188
0,46.0,64,1,1,1,1,-1,1,1,1,12195000,769395000,0,0.0,1.0,0,0,1,0,0.055744053792546704
0,27.0,45,-1,-1,-1,1,1,1,1,1,14280000,642870000,0,0.4999999999999999,0.8660254037844387,0,0,0,1,0.45222975966584733
1,36.0,3,-1,-1,-1,-1,1,-1,0,1,5467500,14055000,1,0.4999999999999999,0.8660254037844387,0,0,1,0,0.8271905630565979
0,31.0,71,-1,1,1,1,1,1,1,1,12495000,884175000,0,-0.8660254037844385,-0.5000000000000004,0,0,1,0,0.09839124196545247
0,56.0,1,-1,-1,-1,-1,-1,-1,0,0,3757500,3757500,1,0.4999999999999999,-0.8660254037844387,0,0,1,0,0.713716457688268
0,26.0,58,0,0,0,0,0,0,1,0,3045000,174112500,0,-0.5000000000000004,0.8660254037844384,1,0,0,0,0.019725294932426238
1,51.0,34,-1,1,1,-1,1,-1,0,1,13477500,463762500,0,-0.8660254037844386,0.5000000000000001,0,0,0,1,0.7352997124621151
0,51.0,8,1,-1,-1,-1,-1,-1,0,1,7477500,54832500,1,-0.5000000000000004,0.8660254037844384,0,1,0,0,0.5150054031940552
0,62.0,15,0,0,0,0,0,0,0,0,2970000,40942500,0,0.8660254037844386,0.5000000000000001,1,0,0,0,0.2528663440049444
1,35.0,66,-1,-1,1,1,1,1,1,0,8197500,544800000,0,-0.8660254037844385,-0.5000000000000004,0,0,1,0,0.0928923729307166
1,49.0,12,-1,1,-1,-1,-1,-1,0,1,4402500,57180000,0,0.8660254037844387,-0.4999999999999998,0,1,0,0,0.6353933287287545
1,67.0,58,0,0,0,0,0,0,1,1,2872500,155325000,0,0.4999999999999999,-0.8660254037844387,1,0,0,0,0.027780078511920353
0,33.0,3,0,0,0,0,0,0,1,0,2865000,7800000,0,1.0,6.123233995736766e-17,1,0,0,0,0.1713209275364149
0,22.0,43,-1,1,1,-1,1,1,0,0,8332500,351330000,1,-0.8660254037844386,0.5000000000000001,0,0,1,0,0.4580180416339496
0,18.0,9,-1,1,1,-1,-1,-1,0,0,12082500,98085000,0,1.2246467991473532e-16,-1.0,0,0,0,1,0.7256316670942101
0,49.0,3,0,0,0,0,0,0,1,0,3037500,10680000,0,0.0,1.0,1,0,0,0,0.16880593914504832
0,18.0,22,-1,1,-1,-1,1,1,1,1,10425000,224730000,1,0.4999999999999999,0.8660254037844387,0,0,1,0,0.4457122978776286
1,36.0,40,-1,1,1,-1,1,1,1,1,15900000,626797500,0,0.4999999999999999,-0.8660254037844387,0,0,0,1,0.5353145341228215
0,45.0,68,0,0,0,0,0,0,1,0,3825000,273270000,0,-0.5000000000000004,0.8660254037844384,1,0,0,0,0.01298371894473157
1,42.0,54,-1,1,1,-1,1,1,0,1,15645000,791722500,1,0.4999999999999999,0.8660254037844387,0,0,0,1,0.6931826085179454
0,45.0,50,-1,1,-1,1,1,1,1,1,11940000,603630000,0,0.4999999999999999,0.8660254037844387,0,0,1,0,0.17474513528297622
1,43.0,1,-1,-1,-1,-1,-1,1,0,1,8287500,8287500,0,-1.0,-1.8369701987210294e-16,0,1,0,0,0.7542603738514426
0,55.0,72,1,1,1,1,1,1,1,0,13207500,978120000,0,0.0,1.0,0,1,0,0,0.03909420558588054
1,29.0,40,0,0,0,0,0,0,1,1,3060000,128235000,0,1.2246467991473532e-16,-1.0,1,0,0,0,0.059826044504284054
0,32.0,72,1,1,1,1,1,1,1,1,17640000,1246335000,0,0.8660254037844387,-0.4999999999999998,0,0,0,1,0.18608382908371057
0,31.0,6,0,0,0,0,0,0,0,0,3000000,16380000,0,1.2246467991473532e-16,-1.0,1,0,0,0,0.326553781439405
0,50.0,5,0,0,0,0,0,0,0,1,2947500,13807500,0,0.4999999999999999,0.8660254037844387,1,0,0,0,0.43796029859570346
1,51.0,48,-1,1,1,-1,-1,1,1,1,10582500,513075000,0,0.4999999999999999,-0.8660254037844387,0,0,1,0,0.1842043233836531
0,45.0,1,-1,-1,-1,-1,1,1,0,1,14077500,14077500,1,-0.8660254037844386,0.5000000000000001,0,0,0,1,0.9137518582188942
0,54.0,64,1,-1,-1,1,1,-1,1,0,9870000,610200000,0,-0.8660254037844386,0.5000000000000001,0,1,0,0,0.03216014691666294
0,26.0,17,0,0,0,0,0,0,1,0,3007500,50685000,0,0.4999999999999999,-0.8660254037844387,1,0,0,0,0.09957783660194523
1,60.0,40,-1,1,1,-1,-1,-1,0,1,12000000,475312500,0,-0.8660254037844385,-0.5000000000000004,0,0,0,1,0.611933957730403
0,58.0,41,1,-1,1,-1,-1,-1,1,0,5310000,211860000,0,0.4999999999999999,0.8660254037844387,0,0,1,0,0.09939744004653998
1,49.0,51,-1,1,-1,-1,-1,-1,1,1,11940000,596205000,0,-0.8660254037844386,0.5000000000000001,0,0,0,1,0.29036894628506754
1,61.0,41,-1,1,-1,-1,-1,-1,0,1,12037500,515850000,0,-0.8660254037844385,-0.5000000000000004,0,0,0,1,0.6088848362249192
0,20.0,1,-1,-1,1,-1,-1,-1,0,0,7567500,7567500,1,0.0,1.0,0,1,0,0,0.5964732446506417
0,34.0,2,0,0,0,0,0,0,0,1,3067500,6367500,0,-0.4999999999999997,-0.8660254037844388,1,0,0,0,0.4564989835595725
1,31.0,68,-1,1,1,-1,-1,-1,1,0,11940000,819217500,0,1.0,6.123233995736766e-17,0,0,0,1,0.15243410797416562
0,49.0,24,0,0,0,0,0,0,1,0,3705000,85762500,0,-0.5000000000000004,0.8660254037844384,1,0,0,0,0.07286649243894475
1,27.0,70,1,-1,1,1,-1,1,1,0,11595000,824730000,0,-0.8660254037844385,-0.5000000000000004,0,1,0,0,0.029703458737916074
1,49.0,3,-1,-1,-1,1,-1,-1,0,1,4462500,14527500,0,1.2246467991473532e-16,-1.0,0,1,0,0,0.6430099764055199
1,56.0,2,-1,-1,-1,-1,-1,-1,0,0,6735000,16657500,0,-0.4999999999999997,-0.8660254037844388,0,0,1,0,0.6431604940582073
1,48.0,3,-1,1,-1,-1,-1,-1,0,0,4470000,14160000,0,1.2246467991473532e-16,-1.0,0,0,1,0,0.6693148250692279
0,43.0,7,-1,-1,-1,1,1,1,0,1,11197500,78165000,1,0.4999999999999999,0.8660254037844387,0,0,1,0,0.7118462011362807
0,28.0,13,1,-1,-1,-1,1,1,0,1,10792500,138577500,0,0.0,1.0,0,0,1,0,0.6736826373529698
1,30.0,7,0,0,0,0,0,0,0,0,3112500,21165000,0,0.4999999999999999,-0.8660254037844387,1,0,0,0,0.3247075399611384
1,55.0,12,-1,-1,-1,-1,1,-1,0,1,8445000,94297500,0,1.0,6.123233995736766e-17,0,0,1,0,0.7138714541408966
1,49.0,53,-1,1,1,-1,1,1,1,1,15787500,836445000,0,-0.5000000000000004,0.8660254037844384,0,0,0,1,0.4648324018958725
0,40.0,12,-1,-1,-1,-1,1,1,0,1,14130000,156915000,1,0.4999999999999999,-0.8660254037844387,0,0,0,1,0.8842564674509745
1,35.0,63,0,0,0,0,0,0,1,0,2932500,186840000,0,-0.8660254037844386,0.5000000000000001,1,0,0,0,0.016342258538743253
0,18.0,15,1,1,1,1,1,1,0,0,12667500,193177500,0,0.4999999999999999,-0.8660254037844387,0,0,1,0,0.41185665710333935
1,27.0,36,1,1,-1,-1,-1,-1,1,0,8047500,290902500,0,-0.5000000000000004,0.8660254037844384,0,0,1,0,0.0990684374114105
1,63.0,4,-1,-1,1,-1,-1,-1,0,1,4485000,17737500,0,0.8660254037844386,0.5000000000000001,0,1,0,0,0.7264293529878019
0,25.0,24,0,0,0,0,0,0,1,0,2955000,67882500,0,0.8660254037844386,0.5000000000000001,1,0,0,0,0.07885224617819978
0,42.0,61,1,1,1,1,-1,-1,1,0,6555000,404482500,0,-0.8660254037844385,-0.5000000000000004,0,0,1,0,0.029448988092618193
1,52.0,16,-1,1,-1,-1,-1,-1,0,0,8295000,131302500,0,-1.0,-1.8369701987210294e-16,0,0,1,0,0.46707454637311485
1,25.0,65,0,0,0,0,0,0,1,1,2977500,190057500,0,0.8660254037844386,0.5000000000000001,1,0,0,0,0.022597734983002517
0,42.0,26,0,0,0,0,0,0,1,0,2947500,74235000,0,-0.8660254037844386,0.5000000000000001,1,0,0,0,0.0704644695944804
1,51.0,16,-1,-1,-1,1,-1,-1,0,1,7417500,119850000,0,0.0,1.0,0,1,0,0,0.4666580027826022
0,40.0,54,1,1,-1,-1,1,1,1,0,15982500,864495000,1,-0.4999999999999997,-0.8660254037844388,0,0,0,1,0.2570454277452123
1,74.0,1,0,0,0,0,0,0,0,0,3015000,3015000,1,-0.8660254037844386,0.5000000000000001,1,0,0,0,0.3790083749348219
1,20.0,5,0,0,0,0,0,0,1,0,3067500,16035000,0,1.2246467991473532e-16,-1.0,1,0,0,0,0.15807693037641235
0,53.0,19,-1,1,-1,-1,-1,1,0,1,5955000,106507500,0,1.2246467991473532e-16,-1.0,0,1,0,0,0.630452399208656
1,38.0,10,1,-1,-1,-1,-1,-1,0,1,8175000,85230000,0,0.0,1.0,0,1,0,0,0.4974354293568785
0,49.0,23,-1,1,1,1,-1,-1,0,0,12570000,285037500,1,1.2246467991473532e-16,-1.0,0,0,0,1,0.5312880858274723
1,45.0,3,-1,-1,-1,-1,1,-1,0,0,8272500,23872500,1,1.0,6.123233995736766e-17,0,1,0,0,0.6583235124405408
0,31.0,72,-1,1,1,1,1,1,1,1,16740000,1201912500,0,-1.0,-1.8369701987210294e-16,0,0,0,1,0.26170003588770024
1,43.0,10,-1,-1,-1,-1,-1,1,0,1,12997500,128497500,1,0.0,1.0,0,0,0,1,0.8636608352810907
0,18.0,10,-1,1,1,-1,-1,-1,0,1,8332500,82695000,0,1.0,6.123233995736766e-17,0,0,1,0,0.6245129156486925
1,47.0,11,0,0,0,0,0,0,1,1,3082500,27742500,0,0.4999999999999999,0.8660254037844387,1,0,0,0,0.17989479706175204
0,44.0,37,1,1,-1,-1,1,1,0,1,16012500,608512500,1,0.0,1.0,0,0,0,1,0.697751096733661
1,48.0,17,1,-1,-1,1,-1,-1,1,1,9315000,164497500,0,-0.5000000000000004,0.8660254037844384,0,0,1,0,0.1737787934787011
0,53.0,36,1,-1,1,-1,1,1,0,1,15675000,552742500,0,-0.8660254037844385,-0.5000000000000004,0,0,0,1,0.708381986466228
1,44.0,17,-1,1,1,-1,1,1,0,1,15270000,262867500,0,-1.0,-1.8369701987210294e-16,0,0,0,1,0.8571067653097453
0,42.0,66,1,1,-1,1,1,1,1,1,16590000,1081627500,0,-0.4999999999999997,-0.8660254037844388,0,0,0,1,0.20268825377126143
1,29.0,61,1,1,1,1,1,1,1,0,12735000,789675000,0,-0.4999999999999997,-0.8660254037844388,0,0,1,0,0.06375980689786354
1,31.0,22,-1,1,-1,-1,1,1,0,1,13980000,323595000,0,1.0,6.123233995736766e-17,0,0,0,1,0.8582845107700999
1,54.0,1,-1,-1,-1,-1,-1,-1,0,1,3660000,3660000,0,0.8660254037844387,-0.4999999999999998,0,0,1,0,0.7962110720937039
0,57.0,6,-1,-1,-1,-1,-1,-1,0,0,10582500,65092500,0,-0.4999999999999997,-0.8660254037844388,0,0,0,1,0.7777228555429825
1,37.0,31,-1,1,-1,1,-1,-1,0,1,11767500,365272500,1,1.2246467991473532e-16,-1.0,0,0,0,1,0.5907992695446361
0,41.0,68,1,1,1,1,1,1,1,1,12750000,841162500,0,0.8660254037844386,0.5000000000000001,0,0,1,0,0.07299117848925206
0,29.0,34,-1,-1,1,-1,1,-1,0,0,13117500,431122500,1,-0.8660254037844385,-0.5000000000000004,0,0,0,1,0.6616578252325762
0,54.0,52,-1,1,1,1,-1,-1,0,0,12870000,664995000,0,-0.8660254037844386,0.5000000000000001,0,0,0,1,0.33134081854548253
0,48.0,10,-1,-1,1,1,1,-1,0,1,13665000,144652500,0,0.4999999999999999,-0.8660254037844387,0,0,0,1,0.7911013083642269
1,63.0,29,-1,-1,-1,-1,-1,-1,0,1,10612500,296220000,1,0.8660254037844386,0.5000000000000001,0,0,0,1,0.7259554900707708
0,29.0,72,0,0,0,0,0,0,1,0,3015000,219127500,0,0.4999999999999999,0.8660254037844387,1,0,0,0,0.011226327154377175
1,35.0,47,0,0,0,0,0,0,1,0,3007500,142732500,0,0.4999999999999999,-0.8660254037844387,1,0,0,0,0.031070482463510875
1,43.0,24,1,-1,-1,-1,1,1,1,0,11220000,273180000,0,-0.8660254037844386,0.5000000000000001,0,0,1,0,0.25565203708680573
1,48.0,65,0,0,0,0,0,0,1,0,3720000,240142500,0,-0.5000000000000004,0.8660254037844384,1,0,0,0,0.014814047150968667
0,37.0,4,-1,-1,-1,1,1,1,0,1,15127500,59887500,0,0.0,1.0,0,0,0,1,0.8612543218644834
1,30.0,12,-1,1,-1,-1,1,1,0,1,15202500,182782500,1,0.4999999999999999,-0.8660254037844387,0,0,0,1,0.8713338667795235
1,51.0,1,1,-1,-1,-1,-1,-1,0,1,12255000,12255000,1,0.0,1.0,0,0,0,1,0.785393293889512
1,49.0,33,-1,-1,-1,-1,-1,-1,0,0,10237500,325672500,1,0.4999999999999999,0.8660254037844387,0,0,0,1,0.6211949191818017
0,29.0,34,-1,1,1,1,1,1,0,1,15765000,545220000,0,0.4999999999999999,0.8660254037844387,0,0,0,1,0.7284595372866934
0,56.0,14,0,0,0,0,0,0,1,0,3060000,43860000,0,-0.8660254037844385,-0.5000000000000004,1,0,0,0,0.10771859833171367
0,54.0,4,-1,-1,-1,-1,-1,1,0,1,11872500,47587500,1,-0.4999999999999997,-0.8660254037844388,0,0,0,1,0.88459177444547
1,42.0,13,0,0,0,0,0,0,1,0,3000000,32782500,0,-0.5000000000000004,0.8660254037844384,1,0,0,0,0.11981149997030939
0,41.0,65,-1,1,-1,1,1,1,1,1,11910000,760785000,0,0.4999999999999999,-0.8660254037844387,0,0,1,0,0.11262878488820996
1,47.0,23,1,-1,-1,1,-1,-1,1,0,8580000,213502500,0,1.0,6.123233995736766e-17,0,0,1,0,0.11082137116440248
1,30.0,55,1,1,1,-1,-1,-1,1,0,8790000,460290000,0,-0.8660254037844386,0.5000000000000001,0,0,1,0,0.050705182209638024
1,40.0,49,-1,1,-1,-1,1,1,1,1,14220000,703597500,0,0.0,1.0,0,0,0,1,0.5064091166525365
1,18.0,60,-1,1,1,-1,1,1,1,0,15375000,923640000,0,-0.5000000000000004,0.8660254037844384,0,0,0,1,0.33983612874382546
0,51.0,69,0,0,0,0,0,0,1,1,3052500,216397500,0,1.2246467991473532e-16,-1.0,1,0,0,0,0.017512611175755234
1,21.0,40,-1,-1,-1,-1,1,-1,0,1,12735000,505357500,0,0.8660254037844387,-0.4999999999999998,0,0,0,1,0.7255754204520152
1,58.0,67,1,1,-1,1,-1,1,1,1,10380000,700747500,0,1.0,6.123233995736766e-17,0,0,1,0,0.05319258911950089
1,36.0,35,-1,-1,-1,-1,1,1,0,1,14317500,521107500,1,-1.0,-1.8369701987210294e-16,0,0,0,1,0.8161514136688286
1,37.0,19,-1,-1,-1,1,1,1,1,1,15142500,281332500,1,0.4999999999999999,-0.8660254037844387,0,0,0,1,0.5989526392377023
0,32.0,13,0,0,0,0,0,0,1,0,3127500,40852500,0,-0.8660254037844385,-0.5000000000000004,1,0,0,0,0.11326666802900072
0,37.0,41,-1,1,-1,-1,1,-1,0,1,13275000,546757500,0,0.8660254037844387,-0.4999999999999998,0,0,0,1,0.6889894885112308
0,57.0,4,1,-1,1,-1,-1,-1,0,0,5250000,20362500,0,0.8660254037844387,-0.4999999999999998,0,1,0,0,0.5099474560609674
0,18.0,24,1,-1,-1,1,-1,-1,0,0,8272500,197977500,0,-0.8660254037844385,-0.5000000000000004,0,1,0,0,0.20664430008474108
0,55.0,5,-1,1,-1,-1,1,1,0,1,7642500,34410000,0,0.8660254037844386,0.5000000000000001,0,0,1,0,0.8309300678855408
0,44.0,5,-1,1,-1,-1,-1,1,0,1,9600000,55537500,0,-0.8660254037844385,-0.5000000000000004,0,0,1,0,0.7208513009775089
0,26.0,1,-1,-1,-1,-1,-1,-1,0,1,10365000,10365000,1,-0.8660254037844385,-0.5000000000000004,0,0,0,1,0.8645874818578194
0,27.0,72,1,1,1,1,1,-1,1,0,12030000,857130000,0,-0.8660254037844386,0.5000000000000001,0,0,1,0,0.02962605986208499
0,60.0,24,-1,-1,1,-1,-1,-1,0,1,7395000,184987500,0,0.4999999999999999,0.8660254037844387,0,1,0,0,0.4871890906656024
0,29.0,42,1,-1,1,1,1,1,1,0,12652500,535740000,0,0.8660254037844386,0.5000000000000001,0,0,1,0,0.11435023559896838
0,26.0,4,0,0,0,0,0,0,0,0,3007500,12495000,0,0.8660254037844386,0.5000000000000001,1,0,0,0,0.3577874152685081
1,54.0,68,1,1,1,1,1,1,1,1,17580000,1205392500,0,1.0,6.123233995736766e-17,0,0,0,1,0.21176911003113158
0,44.0,33,0,0,0,0,0,0,1,0,3015000,86910000,0,-0.8660254037844385,-0.5000000000000004,1,0,0,0,0.05120154197238294
0,29.0,1,-1,-1,-1,-1,-1,-1,0,1,10440000,10440000,1,0.0,1.0,0,0,0,1,0.8689034795633561
1,43.0,31,-1,1,1,-1,1,1,1,1,15517500,459967500,1,-0.5000000000000004,0.8660254037844384,0,0,0,1,0.5961149446303899
0,28.0,4,-1,1,-1,-1,-1,-1,0,0,11692500,45832500,1,-0.5000000000000004,0.8660254037844384,0,0,0,1,0.7657313608825836
1,53.0,69,-1,1,1,1,1,1,1,1,16492500,1145137500,0,-0.4999999999999997,-0.8660254037844388,0,0,0,1,0.2784068253559402
1,53.0,38,-1,-1,-1,-1,1,1,0,0,14212500,547950000,0,-1.0,-1.8369701987210294e-16,0,0,0,1,0.7297715770978523
0,46.0,3,-1,1,-1,1,-1,-1,0,1,12000000,36195000,0,0.8660254037844386,0.5000000000000001,0,0,0,1,0.7668138401176852
0,44.0,48,-1,1,-1,1,1,1,1,0,11947500,580545000,0,0.0,1.0,0,0,1,0,0.1316584065989178
0,61.0,15,0,0,0,0,0,0,1,0,3780000,58185000,0,0.8660254037844387,-0.4999999999999998,1,0,0,0,0.09992939028112333
0,40.0,25,0,0,0,0,0,0,1,0,2985000,79125000,0,0.8660254037844386,0.5000000000000001,1,0,0,0,0.07548524321332817
0,26.0,1,-1,-1,-1,-1,1,-1,0,0,11767500,11767500,1,-0.8660254037844386,0.5000000000000001,0,0,0,1,0.854306196107186
0,45.0,48,1,1,-1,-1,1,-1,0,1,6720000,315682500,0,1.0,6.123233995736766e-17,0,0,1,0,0.3124121831390803
1,65.0,1,0,0,0,0,0,0,0,0,3045000,3045000,0,0.4999999999999999,-0.8660254037844387,1,0,0,0,0.37672249146274295
1,28.0,1,0,0,0,0,0,0,0,0,2880000,2880000,0,0.0,1.0,1,0,0,0,0.39774692973015874
0,36.0,37,-1,1,1,-1,-1,-1,1,0,12007500,452865000,0,0.4999999999999999,-0.8660254037844387,0,0,0,1,0.297385561978295
1,45.0,66,-1,1,1,1,1,1,1,1,16102500,1057792500,0,-0.5000000000000004,0.8660254037844384,0,0,0,1,0.30058487888867175
0,39.0,26,1,1,1,-1,1,-1,1,0,7177500,178575000,0,-1.0,-1.8369701987210294e-16,0,1,0,0,0.16160515097458805
1,28.0,63,1,1,-1,1,1,-1,1,0,10620000,667320000,0,0.4999999999999999,0.8660254037844387,0,0,1,0,0.04125094822050579
1,53.0,10,-1,-1,1,-1,-1,-1,0,0,4425000,38287500,1,1.2246467991473532e-16,-1.0,0,1,0,0,0.5752419528198379
0,68.0,2,1,-1,-1,-1,1,1,0,1,10612500,22035000,1,0.4999999999999999,-0.8660254037844387,0,0,1,0,0.7345101053800094
1,42.0,18,1,-1,-1,-1,-1,1,0,1,8865000,151657500,0,1.0,6.123233995736766e-17,0,0,1,0,0.5734687930521125
0,29.0,64,0,0,0,0,0,0,1,0,3832500,257242500,0,0.4999999999999999,-0.8660254037844387,1,0,0,0,0.01502651753236863
0,21.0,9,-1,-1,-1,-1,-1,1,0,1,12667500,114375000,1,0.0,1.0,0,0,0,1,0.8693209562191887
0,43.0,28,0,0,0,0,0,0,0,0,3037500,80302500,0,-0.5000000000000004,0.8660254037844384,1,0,0,0,0.16372033975431072
0,53.0,1,-1,-1,1,-1,-1,-1,0,0,11332500,11332500,0,1.2246467991473532e-16,-1.0,0,0,0,1,0.7949691976369261
1,46.0,4,-1,-1,-1,-1,-1,1,0,1,12847500,50835000,1,-0.8660254037844386,0.5000000000000001,0,0,0,1,0.8813848201968953
1,40.0,38,-1,1,1,1,1,-1,1,1,10522500,374602500,1,-0.8660254037844386,0.5000000000000001,0,0,1,0,0.16861417173538773
1,33.0,66,-1,1,1,-1,-1,1,1,0,14295000,941010000,0,0.8660254037844387,-0.4999999999999998,0,0,0,1,0.2209674855746136
0,27.0,1,-1,-1,-1,-1,-1,-1,0,1,10537500,10537500,0,-1.0,-1.8369701987210294e-16,0,0,0,1,0.863575325526964
0,50.0,18,-1,-1,-1,1,-1,-1,0,1,7545000,136312500,0,0.8660254037844386,0.5000000000000001,0,1,0,0,0.4381382703228324
1,51.0,51,-1,-1,1,-1,1,1,0,1,14670000,736995000,1,1.2246467991473532e-16,-1.0,0,0,0,1,0.7321647418647703
1,21.0,0,0,0,0,0,0,0,1,0,2977500,0,0,-0.4999999999999997,-0.8660254037844388,1,0,0,0,0.18876577103071182
1,59.0,1,-1,-1,-1,-1,-1,-1,0,0,6945000,6945000,1,-0.4999999999999997,-0.8660254037844388,0,1,0,0,0.5947147879766895
1,47.0,12,0,0,0,0,0,0,1,0,2902500,31845000,0,-0.5000000000000004,0.8660254037844384,1,0,0,0,0.1252820133058292
0,57.0,41,-1,1,1,-1,1,1,0,1,15945000,666517500,1,-0.8660254037844385,-0.5000000000000004,0,0,0,1,0.7529957982702312
1,24.0,12,0,0,0,0,0,0,0,0,3750000,47430000,0,-0.5000000000000004,0.8660254037844384,1,0,0,0,0.27666132832279683
0,24.0,55,0,0,0,0,0,0,1,0,3045000,161857500,0,0.4999999999999999,0.8660254037844387,1,0,0,0,0.022561095926141608
0,38.0,7,-1,-1,-1,-1,-1,-1,0,1,11302500,84697500,0,0.8660254037844386,0.5000000000000001,0,0,0,1,0.8343492949055721
0,46.0,12,-1,-1,1,1,-1,1,0,1,13410000,164347500,1,-0.8660254037844386,0.5000000000000001,0,0,0,1,0.7924448717196214
0,62.0,68,1,1,1,1,1,1,1,0,13200000,924285000,0,0.8660254037844387,-0.4999999999999998,0,1,0,0,0.04223289687065223
0,48.0,5,-1,-1,-1,-1,1,-1,0,1,12472500,66907500,1,0.8660254037844386,0.5000000000000001,0,0,0,1,0.8787193143922055
0,37.0,49,-1,-1,-1,-1,-1,-1,0,0,6570000,315907500,0,0.4999999999999999,0.8660254037844387,0,1,0,0,0.20928758949211762
1,28.0,40,1,1,1,-1,1,1,1,0,9307500,376732500,0,0.0,1.0,0,1,0,0,0.153573407368092
0,55.0,16,0,0,0,0,0,0,1,0,3015000,47790000,0,-0.8660254037844385,-0.5000000000000004,1,0,0,0,0.10012584315035707
1,28.0,10,-1,-1,-1,-1,-1,-1,0,1,11122500,121770000,1,0.8660254037844386,0.5000000000000001,0,0,0,1,0.8305547436574251
0,60.0,72,-1,1,1,-1,1,1,1,1,15202500,1098472500,0,-1.0,-1.8369701987210294e-16,0,0,0,1,0.33958080411156316
0,37.0,2,-1,-1,-1,-1,-1,1,0,1,12607500,27907500,0,-0.8660254037844385,-0.5000000000000004,0,0,0,1,0.8852752115951079
1,59.0,23,0,0,0,0,0,0,1,0,3135000,68100000,0,0.4999999999999999,-0.8660254037844387,1,0,0,0,0.07824774157876128
0,48.0,71,-1,1,1,-1,1,1,1,1,15885000,1128292500,0,1.2246467991473532e-16,-1.0,0,0,0,1,0.34309173463096465
0,38.0,11,-1,-1,1,-1,1,1,0,1,14925000,158542500,1,-1.0,-1.8369701987210294e-16,0,0,0,1,0.8827154757353299
1,34.0,1,-1,-1,-1,-1,-1,-1,0,1,6622500,6622500,1,0.4999999999999999,-0.8660254037844387,0,0,1,0,0.7422544468178143
0,36.0,16,-1,1,-1,1,-1,-1,0,1,8085000,125122500,1,0.0,1.0,0,0,1,0,0.4783779938798557
0,45.0,1,-1,-1,-1,-1,-1,1,0,1,12817500,12817500,1,-1.0,-1.8369701987210294e-16,0,0,0,1,0.8859128858126076
1,41.0,12,-1,1,-1,-1,-1,1,0,1,12757500,149970000,0,-0.4999999999999997,-0.8660254037844388,0,0,0,1,0.8421351758105775
0,33.0,54,1,-1,-1,1,-1,1,1,0,6615000,355455000,0,0.4999999999999999,-0.8660254037844387,0,0,1,0,0.0627982051466426
0,38.0,68,-1,1,1,1,-1,-1,1,0,13530000,944647500,0,-0.8660254037844385,-0.5000000000000004,0,0,0,1,0.10300558773026029
0,41.0,4,-1,-1,-1,-1,-1,-1,0,0,7627500,35932500,1,-0.8660254037844385,-0.5000000000000004,0,0,1,0,0.6020045358871645
0,18.0,1,-1,-1,1,-1,-1,1,0,0,8880000,8880000,1,1.0,6.123233995736766e-17,0,0,1,0,0.7143962473227197
1,45.0,27,1,-1,-1,1,-1,-1,0,0,8017500,219217500,0,0.8660254037844386,0.5000000000000001,0,0,1,0,0.23892493379670848
1,28.0,21,0,0,0,0,0,0,0,1,2992500,62460000,0,1.2246467991473532e-16,-1.0,1,0,0,0,0.28335912533230656
1,26.0,13,-1,-1,1,-1,1,-1,0,1,12480000,159090000,1,-0.8660254037844385,-0.5000000000000004,0,0,0,1,0.8531396133623641
0,20.0,64,-1,1,1,1,-1,1,0,0,11197500,730402500,0,0.0,1.0,0,0,1,0,0.15453386468530597
0,18.0,1,1,1,-1,-1,-1,-1,0,1,8235000,8235000,1,0.8660254037844386,0.5000000000000001,0,0,1,0,0.6005545162845106
1,24.0,57,-1,1,1,1,1,1,1,1,8625000,489892500,0,-1.0,-1.8369701987210294e-16,0,0,1,0,0.1602591747200636
0,31.0,21,1,-1,1,-1,1,1,0,1,15585000,338130000,1,-0.8660254037844386,0.5000000000000001,0,0,0,1,0.7921148456192028
1,63.0,19,0,0,0,0,0,0,1,0,2947500,53722500,0,-0.8660254037844386,0.5000000000000001,1,0,0,0,0.0936273545769972
1,34.0,31,-1,-1,1,-1,1,1,1,1,14070000,440970000,0,-0.8660254037844386,0.5000000000000001,0,0,0,1,0.6444217263923335
1,42.0,52,1,1,1,1,1,1,1,1,13387500,697860000,0,-0.5000000000000004,0.8660254037844384,0,0,1,0,0.11457593976813105
0,45.0,46,-1,1,1,-1,-1,1,1,1,14122500,661267500,0,0.8660254037844386,0.5000000000000001,0,0,0,1,0.41789681148083185
0,42.0,11,1,-1,-1,-1,-1,-1,0,1,8340000,87120000,0,-1.0,-1.8369701987210294e-16,0,0,1,0,0.5171559488315269
0,39.0,53,1,1,1,-1,-1,1,0,1,7305000,374280000,0,-0.8660254037844385,-0.5000000000000004,0,0,1,0,0.27194614578407283
0,26.0,11,0,0,0,0,0,0,0,1,2887500,27045000,1,0.8660254037844387,-0.4999999999999998,1,0,0,0,0.3753373236088081
1,57.0,57,-1,1,-1,1,1,1,0,1,15735000,887092500,0,-0.8660254037844386,0.5000000000000001,0,0,0,1,0.5893837675204731
0,62.0,2,-1,-1,-1,-1,-1,-1,0,1,11317500,23760000,1,-0.8660254037844385,-0.5000000000000004,0,0,0,1,0.844660416771723
0,20.0,2,1,1,-1,-1,-1,-1,0,0,8227500,15630000,1,1.2246467991473532e-16,-1.0,0,0,1,0,0.4829109092749246
0,28.0,71,0,0,0,0,0,0,1,0,2985000,208402500,0,-0.8660254037844385,-0.5000000000000004,1,0,0,0,0.011051605399113958
0,37.0,1,0,0,0,0,0,0,0,1,2910000,2910000,0,-0.8660254037844386,0.5000000000000001,1,0,0,0,0.4773013781304871
1,28.0,68,0,0,0,0,0,0,1,0,3757500,244380000,0,0.8660254037844386,0.5000000000000001,1,0,0,0,0.013295242358513298
1,46.0,72,1,1,1,1,1,1,1,0,12667500,904965000,0,-0.5000000000000004,0.8660254037844384,0,0,1,0,0.04731388298989239
0,31.0,2,0,0,0,0,0,0,0,0,2895000,6660000,0,-0.5000000000000004,0.8660254037844384,1,0,0,0,0.37695289734809256
1,66.0,1,-1,-1,-1,-1,1,1,0,1,14265000,14265000,1,-0.4999999999999997,-0.8660254037844388,0,0,0,1,0.9110284336924566
0,54.0,41,1,-1,1,1,1,1,1,1,11977500,498112500,0,1.2246467991473532e-16,-1.0,0,0,1,0,0.15968003509079104
1,43.0,72,0,0,0,0,0,0,1,0,3832500,280155000,0,-0.8660254037844386,0.5000000000000001,1,0,0,0,0.01112661433832149
1,52.0,6,-1,-1,-1,-1,-1,-1,0,1,11325000,65700000,1,-0.5000000000000004,0.8660254037844384,0,0,0,1,0.8381638990544867
0,53.0,4,-1,-1,1,-1,-1,-1,0,1,11062500,48817500,1,-1.0,-1.8369701987210294e-16,0,0,0,1,0.8453651774226792
1,33.0,12,-1,-1,-1,-1,1,1,0,1,14407500,172215000,1,0.0,1.0,0,0,0,1,0.8911189586668409
0,30.0,58,1,-1,-1,1,-1,1,1,1,10260000,595837500,0,0.8660254037844387,-0.4999999999999998,0,0,1,0,0.07364136535821299
0,41.0,7,0,0,0,0,0,0,0,0,3097500,23385000,0,-0.5000000000000004,0.8660254037844384,1,0,0,0,0.322718193926705
0,50.0,65,1,-1,1,-1,-1,-1,0,1,8272500,550972500,0,1.0,6.123233995736766e-17,0,0,1,0,0.14877046074221043
1,42.0,1,-1,-1,-1,-1,-1,-1,0,1,10590000,10590000,0,1.0,6.123233995736766e-17,0,0,0,1,0.8682586986960615
1,21.0,56,0,0,0,0,0,0,1,0,2992500,169012500,0,-1.0,-1.8369701987210294e-16,1,0,0,0,0.021761014697808098
1,30.0,4,0,0,0,0,0,0,0,0,2850000,11017500,0,0.8660254037844387,-0.4999999999999998,1,0,0,0,0.36221126795728276
0,39.0,58,-1,-1,-1,-1,-1,-1,1,1,6615000,361957500,0,0.4999999999999999,-0.8660254037844387,0,0,1,0,0.10381365322018642
1,39.0,62,-1,-1,1,1,1,1,1,1,16140000,1036905000,0,0.4999999999999999,0.8660254037844387,0,0,0,1,0.3568687052572621
1,64.0,26,1,1,-1,-1,-1,-1,1,0,9232500,237292500,0,-1.0,-1.8369701987210294e-16,0,0,1,0,0.11870852652037232
1,23.0,62,1,1,1,-1,-1,-1,0,0,13605000,837967500,0,0.8660254037844386,0.5000000000000001,0,0,0,1,0.27733868864749023
0,46.0,58,1,1,-1,-1,1,1,1,0,14887500,876997500,0,-0.4999999999999997,-0.8660254037844388,0,0,0,1,0.24620892298758537
0,58.0,68,1,1,1,1,1,1,1,1,13755000,963705000,0,0.4999999999999999,-0.8660254037844387,0,0,1,0,0.07373348899485849
0,67.0,61,1,1,1,-1,-1,1,1,1,15105000,902797500,0,0.4999999999999999,-0.8660254037844387,0,0,0,1,0.21933973153041708
0,35.0,42,-1,-1,1,1,1,1,1,1,11767500,506010000,0,0.4999999999999999,0.8660254037844387,0,0,1,0,0.23365056371861992
1,46.0,18,-1,-1,-1,-1,1,-1,0,0,12645000,230685000,0,-1.0,-1.8369701987210294e-16,0,0,0,1,0.7672801690277885
0,47.0,56,0,0,0,0,0,0,1,1,2932500,162082500,0,0.4999999999999999,0.8660254037844387,1,0,0,0,0.031305376309597975
0,42.0,4,-1,1,-1,-1,-1,1,0,1,13342500,53280000,1,0.4999999999999999,0.8660254037844387,0,0,0,1,0.8665456495205364
0,39.0,4,0,0,0,0,0,0,0,0,3067500,12427500,0,-1.0,-1.8369701987210294e-16,1,0,0,0,0.3452019043048709
0,45.0,35,1,1,-1,-1,-1,-1,1,0,8340000,302467500,0,0.8660254037844386,0.5000000000000001,0,0,1,0,0.09840993568407656
0,18.0,64,1,-1,-1,1,-1,-1,0,1,13020000,799087500,0,-1.0,-1.8369701987210294e-16,0,0,0,1,0.2632757734241313
0,48.0,31,0,0,0,0,0,0,1,0,3142500,102487500,0,0.4999999999999999,0.8660254037844387,1,0,0,0,0.05892326835046327
0,42.0,67,0,0,0,0,0,0,1,1,3007500,189457500,0,-0.5000000000000004,0.8660254037844384,1,0,0,0,0.0194403443253345
0,37.0,4,-1,1,-1,-1,-1,-1,0,0,7605000,22695000,1,-1.0,-1.8369701987210294e-16,0,0,1,0,0.5811015364711591
0,65.0,70,1,1,1,1,1,1,1,1,17047500,1157197500,0,-0.4999999999999997,-0.8660254037844388,0,0,0,1,0.1822938459860629
1,32.0,3,-1,-1,-1,-1,1,-1,0,0,8010000,28305000,1,-0.4999999999999997,-0.8660254037844388,0,1,0,0,0.6593222088212987
1,35.0,53,-1,1,-1,-1,1,1,0,1,15285000,832410000,1,-1.0,-1.8369701987210294e-16,0,0,0,1,0.7116070331088231
1,64.0,2,1,1,-1,1,-1,-1,1,0,8925000,19575000,0,-0.8660254037844386,0.5000000000000001,0,0,1,0,0.17832042767155973
0,30.0,29,-1,-1,-1,-1,1,1,0,1,13170000,393262500,0,-0.4999999999999997,-0.8660254037844388,0,0,0,1,0.8417146824276136
0,33.0,47,1,-1,1,1,-1,-1,1,0,6285000,281287500,0,-0.4999999999999997,-0.8660254037844388,0,0,1,0,0.05212331196963928
0,38.0,68,-1,-1,-1,-1,1,-1,1,1,12450000,852870000,1,0.0,1.0,0,0,0,1,0.2963464372818908
1,50.0,12,1,-1,-1,-1,1,1,0,1,10477500,125625000,0,-0.5000000000000004,0.8660254037844384,0,0,1,0,0.6876720522946869
0,42.0,8,-1,1,-1,1,-1,-1,0,0,8445000,60225000,0,-0.4999999999999997,-0.8660254037844388,0,0,1,0,0.42740230267551726
1,24.0,54,1,1,1,-1,1,1,0,0,16432500,917842500,0,1.2246467991473532e-16,-1.0,0,0,0,1,0.5157205235743351
1,34.0,69,-1,1,-1,1,1,-1,1,1,13822500,972135000,0,0.8660254037844386,0.5000000000000001,0,0,0,1,0.21107766699938454
0,33.0,26,1,1,-1,-1,1,-1,0,1,10425000,270007500,0,0.4999999999999999,-0.8660254037844387,0,0,1,0,0.4398999934068397
0,39.0,72,1,1,1,1,-1,-1,1,1,14550000,1065630000,0,-1.0,-1.8369701987210294e-16,0,0,0,1,0.090632205684073
0,45.0,70,1,-1,1,1,1,1,1,1,8752500,632137500,0,0.8660254037844386,0.5000000000000001,0,0,1,0,0.0815644979423869
1,45.0,1,1,-1,-1,-1,-1,-1,0,0,7590000,7590000,1,0.0,1.0,0,0,1,0,0.5441023098221687
1,19.0,10,-1,-1,-1,-1,1,1,0,1,13425000,129465000,1,0.0,1.0,0,0,0,1,0.9048138621812083
0,53.0,28,-1,-1,-1,-1,-1,-1,1,1,10560000,298830000,0,-0.8660254037844386,0.5000000000000001,0,0,0,1,0.4883432854790269
1,43.0,1,-1,-1,-1,-1,-1,-1,0,1,10470000,10470000,1,-1.0,-1.8369701987210294e-16,0,0,0,1,0.8665033283268959
0,57.0,21,-1,-1,-1,-1,1,1,0,1,14145000,292252500,0,-0.8660254037844386,0.5000000000000001,0,0,0,1,0.8584222660352223
1,45.0,51,1,-1,1,-1,1,-1,0,1,14070000,712642500,1,1.0,6.123233995736766e-17,0,0,0,1,0.5504896360787156
0,53.0,53,0,0,0,0,0,0,1,0,2932500,151185000,0,-1.0,-1.8369701987210294e-16,1,0,0,0,0.023068400478105048
1,46.0,53,1,1,1,-1,-1,1,1,0,14392500,755535000,0,0.8660254037844386,0.5000000000000001,0,0,0,1,0.20910621425018222
1,56.0,24,-1,-1,1,-1,1,1,0,1,15157500,358770000,1,0.4999999999999999,0.8660254037844387,0,0,0,1,0.8490261804332561
0,46.0,70,1,1,1,1,1,1,1,1,14220000,1028857500,0,-0.8660254037844386,0.5000000000000001,0,0,1,0,0.07198000586781982
1,39.0,61,1,1,1,-1,1,1,1,1,16162500,978285000,0,-0.8660254037844385,-0.5000000000000004,0,0,0,1,0.3099526665916734
0,67.0,11,1,-1,-1,1,-1,-1,1,1,8190000,92677500,0,0.8660254037844386,0.5000000000000001,0,0,1,0,0.21388689871881644
1,51.0,2,-1,-1,-1,-1,-1,-1,0,1,10695000,23662500,0,1.2246467991473532e-16,-1.0,0,0,0,1,0.85823807926193
1,47.0,25,0,0,0,0,0,0,1,1,2925000,77445000,0,-0.4999999999999997,-0.8660254037844388,1,0,0,0,0.10570475434828307
0,25.0,41,-1,1,-1,-1,-1,-1,1,1,8445000,354600000,0,0.8660254037844386,0.5000000000000001,0,0,1,0,0.16722271627012789
1,25.0,18,-1,-1,-1,-1,1,1,0,1,14205000,253192500,1,1.2246467991473532e-16,-1.0,0,0,0,1,0.8717992243653775
1,44.0,72,-1,1,1,-1,1,1,1,1,15622500,1153492500,1,-1.0,-1.8369701987210294e-16,0,0,0,1,0.35743939869014624
0,42.0,71,1,1,1,1,1,1,1,1,13582500,935857500,0,0.4999999999999999,0.8660254037844387,0,0,1,0,0.06697862772413678
0,33.0,34,1,1,1,-1,-1,-1,1,1,9120000,306307500,0,0.0,1.0,0,0,1,0,0.1387765149294689
1,42.0,29,-1,-1,1,1,1,1,0,1,14820000,421065000,0,0.4999999999999999,0.8660254037844387,0,0,0,1,0.7774714203023062
1,59.0,40,1,1,1,1,1,-1,1,1,14722500,617520000,0,-0.4999999999999997,-0.8660254037844388,0,0,0,1,0.26202373080133873
1,48.0,36,1,-1,1,-1,-1,-1,1,0,5302500,197692500,0,-0.5000000000000004,0.8660254037844384,0,0,1,0,0.12310870935029679
0,26.0,46,-1,1,-1,1,1,1,1,1,15472500,689197500,0,1.2246467991473532e-16,-1.0,0,0,0,1,0.39293452035421755
0,39.0,58,1,1,1,-1,1,1,1,1,16162500,949912500,0,0.4999999999999999,-0.8660254037844387,0,0,0,1,0.326611253306464
1,30.0,39,-1,1,-1,-1,-1,-1,1,0,12210000,482062500,0,0.8660254037844386,0.5000000000000001,0,0,0,1,0.29408013126499283
1,35.0,4,-1,-1,-1,1,-1,1,0,0,9217500,34432500,1,-1.0,-1.8369701987210294e-16,0,1,0,0,0.5392432933932847
0,35.0,52,-1,1,1,-1,1,-1,1,1,14355000,746422500,0,1.0,6.123233995736766e-17,0,0,0,1,0.3665322645319104
1,34.0,70,-1,1,1,-1,1,1,1,1,15720000,1096342500,0,0.8660254037844386,0.5000000000000001,0,0,0,1,0.3687813811199119
1,25.0,65,-1,-1,-1,-1,-1,-1,1,1,10642500,683280000,0,0.8660254037844386,0.5000000000000001,0,0,0,1,0.23956615459042152
1,38.0,1,-1,-1,-1,-1,-1,-1,0,1,6742500,6742500,0,0.4999999999999999,0.8660254037844387,0,0,1,0,0.7471488037248863
0,33.0,70,-1,-1,1,-1,1,1,1,1,14647500,1047375000,0,0.8660254037844386,0.5000000000000001,0,0,0,1,0.39194124928112895
0,18.0,29,-1,1,1,-1,-1,-1,0,1,5347500,153772500,0,0.4999999999999999,0.8660254037844387,0,1,0,0,0.4609137619761644
1,65.0,1,-1,-1,-1,-1,1,1,0,1,13582500,13582500,1,0.4999999999999999,-0.8660254037844387,0,0,0,1,0.9177242050183696
0,53.0,67,1,-1,1,1,1,1,1,1,12787500,857130000,0,-0.8660254037844385,-0.5000000000000004,0,1,0,0,0.06510489212666509
0,35.0,1,0,0,0,0,0,0,0,1,2925000,2925000,0,0.4999999999999999,0.8660254037844387,1,0,0,0,0.4841483258006017
0,40.0,26,-1,-1,-1,-1,1,1,0,1,13320000,341152500,1,-0.4999999999999997,-0.8660254037844388,0,0,0,1,0.8472057285099139
0,26.0,30,0,0,0,0,0,0,1,1,3765000,118432500,0,0.0,1.0,1,0,0,0,0.08621678350345344
0,60.0,48,-1,-1,1,1,1,1,0,1,15007500,725100000,0,-0.8660254037844385,-0.5000000000000004,0,0,0,1,0.6622742884286391
0,63.0,55,1,1,-1,-1,-1,-1,0,0,8355000,469770000,0,-1.0,-1.8369701987210294e-16,0,1,0,0,0.1045125149664398
1,42.0,7,-1,-1,-1,-1,-1,1,0,1,12780000,90382500,1,-0.5000000000000004,0.8660254037844384,0,0,0,1,0.8750122065792709
1,52.0,37,1,-1,-1,-1,1,-1,0,1,13672500,505387500,0,-0.4999999999999997,-0.8660254037844388,0,0,0,1,0.6318422492838197
0,42.0,31,-1,1,-1,-1,-1,1,0,1,12577500,401122500,0,0.4999999999999999,-0.8660254037844387,0,0,0,1,0.7580502897522039
1,24.0,4,-1,-1,-1,-1,-1,-1,0,1,6885000,29962500,0,0.4999999999999999,-0.8660254037844387,0,1,0,0,0.6723279668016217
1,35.0,72,0,0,0,0,0,0,1,1,3765000,268620000,0,-0.5000000000000004,0.8660254037844384,1,0,0,0,0.01656131038212192
1,42.0,5,-1,-1,-1,-1,1,1,0,1,13710000,67462500,1,1.2246467991473532e-16,-1.0,0,0,0,1,0.9087475607250837
1,35.0,1,0,0,0,0,0,0,0,0,2955000,2955000,0,-0.8660254037844385,-0.5000000000000004,1,0,0,0,0.3830035342237002
0,37.0,15,-1,-1,-1,-1,1,1,0,1,13725000,210045000,0,-0.8660254037844386,0.5000000000000001,0,0,0,1,0.8837389582850332
1,39.0,8,1,-1,-1,-1,-1,-1,0,1,7695000,61740000,0,1.2246467991473532e-16,-1.0,0,1,0,0,0.5128301213862371
0,39.0,35,0,0,0,0,0,0,1,0,3165000,111150000,0,-0.4999999999999997,-0.8660254037844388,1,0,0,0,0.04770957512811007
0,41.0,56,-1,1,1,-1,1,1,0,0,15712500,876202500,0,0.4999999999999999,0.8660254037844387,0,0,0,1,0.6010797681078155
1,27.0,42,-1,-1,1,1,1,1,0,1,15922500,676905000,1,0.0,1.0,0,0,0,1,0.7104219412648967
1,31.0,65,1,1,-1,-1,-1,-1,0,1,12862500,853267500,0,0.8660254037844386,0.5000000000000001,0,0,0,1,0.3473241516534228
0,25.0,2,0,0,0,0,0,0,1,0,3045000,4785000,0,0.8660254037844386,0.5000000000000001,1,0,0,0,0.17715308118672404
1,52.0,65,1,-1,-1,-1,1,1,1,1,15112500,1001197500,0,-0.4999999999999997,-0.8660254037844388,0,0,0,1,0.31174878683688273
0,18.0,18,-1,-1,-1,-1,-1,-1,0,1,11122500,201862500,0,0.8660254037844386,0.5000000000000001,0,0,0,1,0.7869686701680777
0,54.0,23,1,-1,1,-1,1,1,1,1,11782500,276457500,0,1.2246467991473532e-16,-1.0,0,0,1,0,0.3241333942138971
0,57.0,4,-1,-1,-1,-1,-1,-1,0,1,6795000,29542500,1,-0.4999999999999997,-0.8660254037844388,0,0,1,0,0.7039109504263734
1,36.0,70,0,0,0,0,0,0,1,0,2977500,215070000,0,-0.5000000000000004,0.8660254037844384,1,0,0,0,0.012436990137532238
0,18.0,4,-1,-1,-1,-1,-1,-1,0,0,7605000,32182500,0,-1.0,-1.8369701987210294e-16,0,0,1,0,0.6086908854096381
1,36.0,19,-1,-1,-1,-1,-1,-1,0,1,6750000,129877500,0,0.4999999999999999,-0.8660254037844387,0,0,1,0,0.5937787133800858
0,39.0,18,-1,1,1,-1,-1,-1,0,0,11670000,203790000,0,0.8660254037844386,0.5000000000000001,0,0,0,1,0.6846333768823023
0,28.0,38,1,-1,-1,-1,-1,1,0,1,12517500,472072500,0,-1.0,-1.8369701987210294e-16,0,0,0,1,0.6463447199354707
1,34.0,2,-1,-1,-1,-1,-1,-1,0,1,10987500,19657500,1,0.8660254037844386,0.5000000000000001,0,0,0,1,0.861439507219474
1,58.0,47,1,1,-1,-1,1,-1,1,0,14220000,680377500,0,-0.8660254037844386,0.5000000000000001,0,0,0,1,0.2278442377009889
0,48.0,52,0,0,0,0,0,0,1,0,3015000,161812500,0,0.8660254037844386,0.5000000000000001,1,0,0,0,0.02528498388211823
1,29.0,9,-1,-1,-1,-1,-1,1,0,0,8985000,81360000,0,0.4999999999999999,0.8660254037844387,0,0,1,0,0.6580176813110945
0,21.0,26,1,1,1,1,1,1,1,1,13515000,346882500,0,-0.4999999999999997,-0.8660254037844388,0,1,0,0,0.166560810595326
1,36.0,8,-1,-1,1,-1,-1,-1,0,1,7657500,62257500,1,-0.4999999999999997,-0.8660254037844388,0,0,1,0,0.6690584364428729
1,37.0,44,-1,1,1,1,1,-1,1,1,10642500,487567500,0,-0.5000000000000004,0.8660254037844384,0,0,1,0,0.15280323103879226
0,46.0,3,-1,1,-1,-1,-1,-1,0,0,4380000,14775000,0,1.2246467991473532e-16,-1.0,0,0,1,0,0.664835499147452
1,34.0,2,-1,-1,-1,-1,-1,-1,0,1,6990000,13185000,0,0.0,1.0,0,0,1,0,0.7349706271574219
0,46.0,9,-1,-1,-1,-1,1,-1,0,1,12802500,113197500,1,-0.8660254037844385,-0.5000000000000004,0,0,0,1,0.8555451190539586
1,63.0,1,-1,-1,-1,-1,-1,-1,0,1,11302500,11302500,1,1.0,6.123233995736766e-17,0,0,0,1,0.8572380403903964
1,50.0,25,1,-1,-1,-1,-1,-1,0,0,11145000,292837500,0,-0.4999999999999997,-0.8660254037844388,0,0,0,1,0.5622711472707306
0,39.0,2,-1,-1,-1,-1,-1,-1,0,1,10395000,23070000,0,0.8660254037844387,-0.4999999999999998,0,0,0,1,0.862207347441383
1,38.0,43,1,-1,-1,-1,-1,-1,0,1,11280000,479790000,1,0.4999999999999999,-0.8660254037844387,0,0,0,1,0.5192845921526105
0,36.0,1,0,0,0,0,0,0,0,0,3135000,3135000,1,-1.0,-1.8369701987210294e-16,1,0,0,0,0.3731918403477502
0,54.0,58,-1,1,1,-1,-1,1,1,1,14145000,841522500,0,0.0,1.0,0,0,0,1,0.34367034523286377
0,32.0,59,1,-1,1,1,1,-1,1,1,11467500,677925000,0,-0.8660254037844385,-0.5000000000000004,0,1,0,0,0.05505612969217458
1,41.0,44,1,-1,1,-1,1,1,1,1,8100000,366037500,0,0.4999999999999999,-0.8660254037844387,0,0,1,0,0.24228597901838822
1,41.0,66,-1,1,-1,1,1,1,1,1,15637500,1029090000,0,1.0,6.123233995736766e-17,0,0,0,1,0.29935571903343344
1,34.0,68,0,0,0,0,0,0,1,0,2992500,206655000,0,-0.8660254037844385,-0.5000000000000004,1,0,0,0,0.012979784172931398
1,24.0,9,-1,-1,-1,-1,-1,-1,0,1,3742500,28537500,0,0.4999999999999999,0.8660254037844387,0,1,0,0,0.7024939790654866
1,44.0,19,1,-1,1,-1,-1,-1,0,1,12712500,247792500,0,0.4999999999999999,0.8660254037844387,0,0,0,1,0.6834981168190282
1,39.0,4,0,0,0,0,0,0,0,0,2962500,11745000,0,-0.8660254037844386,0.5000000000000001,1,0,0,0,0.35805062770689233
0,46.0,70,1,1,1,1,1,1,1,1,17047500,1190887500,0,-0.5000000000000004,0.8660254037844384,0,0,0,1,0.19857050714131344
1,34.0,1,-1,-1,-1,-1,-1,-1,0,1,6735000,6735000,0,-0.8660254037844385,-0.5000000000000004,0,0,1,0,0.7381653296786157
0,55.0,8,-1,-1,-1,-1,-1,-1,0,1,11287500,86505000,0,-0.8660254037844385,-0.5000000000000004,0,0,0,1,0.8193426494913039
1,29.0,53,0,0,0,0,0,0,1,0,3690000,191850000,0,1.0,6.123233995736766e-17,1,0,0,0,0.024390012197050157
1,61.0,51,0,0,0,0,0,0,1,0,3750000,189105000,0,-0.5000000000000004,0.8660254037844384,1,0,0,0,0.025725818877686654
1,19.0,11,0,0,0,0,0,0,0,0,3142500,40102500,0,0.8660254037844387,-0.4999999999999998,1,0,0,0,0.29507749087781066
1,45.0,60,1,-1,1,1,1,1,1,1,16590000,988027500,0,1.2246467991473532e-16,-1.0,0,0,0,1,0.2523424206039046
1,46.0,17,1,1,-1,-1,-1,-1,0,1,8325000,140122500,0,-0.8660254037844385,-0.5000000000000004,0,1,0,0,0.3980484337874792
1,30.0,3,-1,-1,-1,-1,-1,-1,0,1,6495000,18547500,1,0.4999999999999999,-0.8660254037844387,0,1,0,0,0.6867766289186072
1,45.0,70,1,1,1,1,1,1,1,1,16425000,1130197500,1,1.0,6.123233995736766e-17,0,0,0,1,0.2008005993267803
1,55.0,1,0,0,0,0,0,0,0,0,2917500,2917500,0,-0.5000000000000004,0.8660254037844384,1,0,0,0,0.38868324458584014
1,18.0,43,-1,-1,-1,-1,1,-1,0,1,12727500,546840000,0,1.2246467991473532e-16,-1.0,0,0,0,1,0.7048844073851089
0,46.0,16,0,0,0,0,0,0,0,0,2940000,47167500,0,0.0,1.0,1,0,0,0,0.24914555499087124
0,18.0,57,1,1,-1,-1,-1,-1,1,0,8017500,457950000,0,-0.8660254037844386,0.5000000000000001,0,1,0,0,0.03927592660646937
1,28.0,37,0,0,0,0,0,0,1,0,2970000,101557500,0,0.8660254037844386,0.5000000000000001,1,0,0,0,0.04808012894076407
0,60.0,72,1,1,1,1,1,1,1,0,16815000,1194892500,0,0.4999999999999999,-0.8660254037844387,0,0,0,1,0.13125522889316946
0,33.0,11,-1,-1,-1,-1,-1,1,0,1,12720000,136027500,1,1.0,6.123233995736766e-17,0,0,0,1,0.8588045611034603
0,26.0,50,-1,1,1,-1,1,-1,0,1,14257500,733305000,1,-0.8660254037844385,-0.5000000000000004,0,0,0,1,0.6313892476422694
1,38.0,5,-1,-1,1,-1,-1,-1,0,0,7552500,35587500,1,0.4999999999999999,-0.8660254037844387,0,0,1,0,0.6076454154107587
1,65.0,1,-1,-1,-1,-1,-1,-1,0,1,11190000,11190000,1,0.4999999999999999,-0.8660254037844387,0,0,0,1,0.8550595987473047
1,18.0,16,0,0,0,0,0,0,0,1,2955000,51360000,1,1.0,6.123233995736766e-17,1,0,0,0,0.34049620805298214
1,27.0,2,-1,-1,1,-1,-1,-1,0,1,11130000,21015000,0,-0.8660254037844386,0.5000000000000001,0,0,0,1,0.8599697247806778
0,58.0,17,-1,-1,1,1,1,-1,0,1,10350000,166200000,0,0.0,1.0,0,0,1,0,0.5487541913755772
0,62.0,16,0,0,0,0,0,0,1,0,2902500,44332500,0,-0.8660254037844385,-0.5000000000000004,1,0,0,0,0.10020148675723138
0,39.0,15,-1,-1,1,-1,-1,1,0,1,8917500,133897500,1,0.4999999999999999,0.8660254037844387,0,1,0,0,0.6481525205853786
0,25.0,10,0,0,0,0,0,0,1,1,2970000,29737500,0,1.2246467991473532e-16,-1.0,1,0,0,0,0.17938397130261552
0,65.0,46,1,1,-1,1,1,1,1,1,15780000,723427500,1,-0.8660254037844385,-0.5000000000000004,0,0,0,1,0.2949361575737475
1,59.0,64,-1,1,1,1,1,1,1,1,16380000,1011172500,0,-0.8660254037844386,0.5000000000000001,0,0,0,1,0.29478951615253685
0,48.0,1,-1,1,-1,-1,-1,-1,0,1,11872500,11872500,0,1.0,6.123233995736766e-17,0,0,0,1,0.8361371594370621
1,30.0,25,-1,1,1,-1,-1,-1,1,0,8047500,203317500,0,-0.5000000000000004,0.8660254037844384,0,0,1,0,0.19986734131231265
1,39.0,71,1,1,1,1,1,-1,1,0,15030000,1081350000,0,-1.0,-1.8369701987210294e-16,0,0,0,1,0.0980464264401431
1,38.0,8,-1,-1,-1,-1,-1,-1,0,1,6772500,65760000,1,0.4999999999999999,0.8660254037844387,0,0,1,0,0.6980278520517206
0,44.0,72,1,1,1,1,1,1,1,1,16297500,1158952500,0,0.4999999999999999,-0.8660254037844387,0,0,0,1,0.18548600059301215
0,57.0,49,1,-1,-1,-1,1,-1,0,0,6097500,310612500,0,-1.0,-1.8369701987210294e-16,0,0,1,0,0.24584490909834683
1,51.0,29,1,1,1,1,-1,1,1,1,8302500,245542500,0,0.0,1.0,0,0,1,0,0.18298886713595103
1,27.0,72,1,1,1,1,-1,1,1,0,15840000,1137225000,0,-0.8660254037844385,-0.5000000000000004,0,0,0,1,0.09595931403834441
1,57.0,31,-1,1,1,-1,1,-1,0,0,14070000,452925000,1,0.4999999999999999,-0.8660254037844387,0,0,0,1,0.6618993491672204
0,44.0,50,-1,-1,-1,-1,1,1,0,1,14355000,709462500,0,0.0,1.0,0,0,0,1,0.7410246266354819
1,48.0,71,1,-1,1,1,1,1,1,0,12480000,918915000,0,1.0,6.123233995736766e-17,0,1,0,0,0.04527453144781479
1,58.0,70,1,1,1,1,1,1,1,0,13507500,950010000,0,-0.4999999999999997,-0.8660254037844388,0,0,1,0,0.047944146915866896
1,27.0,71,1,-1,-1,1,-1,1,1,0,14647500,1003177500,0,0.4999999999999999,-0.8660254037844387,0,0,0,1,0.1014817971517732
1,40.0,61,1,1,1,1,-1,-1,1,1,10207500,623737500,0,-0.8660254037844386,0.5000000000000001,0,0,1,0,0.04199707886472839
1,34.0,32,-1,-1,-1,1,1,1,0,1,14430000,477510000,1,0.0,1.0,0,0,0,1,0.7715977903851345
0,21.0,1,-1,-1,-1,-1,-1,1,0,1,11940000,11940000,1,-0.5000000000000004,0.8660254037844384,0,0,0,1,0.8993759589472805
1,44.0,68,1,1,1,-1,-1,1,1,1,15315000,1072402500,0,0.4999999999999999,-0.8660254037844387,0,0,0,1,0.20956749818553225
1,70.0,62,0,0,0,0,0,0,1,0,3510000,214447500,0,1.0,6.123233995736766e-17,1,0,0,0,0.016429070968727196
0,18.0,7,-1,-1,-1,-1,-1,-1,0,1,10657500,70897500,0,-0.5000000000000004,0.8660254037844384,0,0,0,1,0.8421269741758732
1,40.0,20,-1,-1,-1,-1,1,-1,0,1,12787500,260175000,1,0.4999999999999999,-0.8660254037844387,0,0,0,1,0.820844600497649
1,48.0,6,0,0,0,0,0,0,1,0,2917500,17025000,0,-0.5000000000000004,0.8660254037844384,1,0,0,0,0.15599091148230818
0,41.0,33,1,1,1,-1,1,1,0,1,8917500,282697500,0,-0.4999999999999997,-0.8660254037844388,0,1,0,0,0.4633793503257675
1,39.0,28,-1,-1,-1,-1,1,1,1,0,13830000,385222500,0,-0.4999999999999997,-0.8660254037844388,0,0,0,1,0.5596669975621793
1,24.0,27,0,0,0,0,0,0,1,0,2977500,70500000,0,-1.0,-1.8369701987210294e-16,1,0,0,0,0.06915426265325979
1,43.0,7,-1,-1,-1,-1,-1,-1,0,0,6585000,41760000,0,1.0,6.123233995736766e-17,0,0,1,0,0.6132161962269127
1,31.0,26,-1,-1,-1,1,-1,-1,0,1,12075000,313320000,1,0.4999999999999999,0.8660254037844387,0,0,0,1,0.6537976353405665
1,18.0,5,-1,1,-1,-1,-1,1,0,1,13470000,75390000,1,-0.8660254037844386,0.5000000000000001,0,0,0,1,0.8662516555417429
1,54.0,30,1,-1,-1,-1,-1,1,0,1,13575000,389377500,0,0.0,1.0,0,0,0,1,0.6886230414821614
1,52.0,63,-1,1,-1,-1,-1,1,1,0,13567500,873825000,0,1.2246467991473532e-16,-1.0,0,0,0,1,0.23216920941152272
1,41.0,1,-1,1,-1,-1,-1,-1,0,1,7612500,7612500,1,0.8660254037844386,0.5000000000000001,0,0,1,0,0.711301062166874
0,43.0,53,-1,1,1,1,1,1,1,1,12690000,667462500,0,0.8660254037844387,-0.4999999999999998,0,1,0,0,0.12966850022556742
0,53.0,14,-1,1,-1,1,-1,1,0,1,13447500,181252500,1,0.8660254037844387,-0.4999999999999998,0,0,0,1,0.7608113723157168
0,43.0,21,-1,1,-1,1,1,1,0,1,14872500,293460000,0,-1.0,-1.8369701987210294e-16,0,0,0,1,0.7794050363516952
1,51.0,17,0,0,0,0,0,0,1,0,2992500,46590000,0,0.4999999999999999,0.8660254037844387,1,0,0,0,0.10394022713255538
1,36.0,16,0,0,0,0,0,0,1,0,3075000,43582500,0,0.8660254037844387,-0.4999999999999998,1,0,0,0,0.10570031785012407
0,56.0,35,-1,-1,1,-1,-1,1,0,1,9315000,314415000,0,0.4999999999999999,-0.8660254037844387,0,0,1,0,0.512372253398126
0,44.0,32,-1,-1,-1,-1,-1,1,0,1,11925000,399750000,0,-0.4999999999999997,-0.8660254037844388,0,0,0,1,0.7741511111579351
0,42.0,28,0,0,0,0,0,0,0,1,2932500,81570000,0,-1.0,-1.8369701987210294e-16,1,0,0,0,0.2221011973148076
0,25.0,1,0,0,0,0,0,0,0,1,3052500,3052500,0,-0.5000000000000004,0.8660254037844384,1,0,0,0,0.4796995239717575
1,43.0,59,-1,-1,-1,1,1,1,0,1,7755000,450870000,0,0.4999999999999999,0.8660254037844387,0,0,1,0,0.35639995978770905
0,30.0,72,0,0,0,0,0,0,1,1,3495000,243472500,0,-1.0,-1.8369701987210294e-16,1,0,0,0,0.015582732977669513
1,32.0,36,-1,1,-1,1,-1,1,1,1,9810000,374760000,1,0.0,1.0,0,0,1,0,0.20032729824023612
0,30.0,40,1,1,-1,-1,1,-1,0,0,9765000,387900000,0,0.4999999999999999,0.8660254037844387,0,0,1,0,0.26827146294063164
1,27.0,40,-1,-1,1,-1,-1,-1,0,1,12180000,493845000,0,0.4999999999999999,0.8660254037844387,0,0,0,1,0.6518926569902597
0,65.0,9,-1,-1,1,1,1,1,0,1,10935000,97710000,1,0.8660254037844386,0.5000000000000001,0,0,1,0,0.7028683565515771
1,56.0,63,1,1,1,1,1,-1,1,0,11175000,701182500,0,-0.8660254037844386,0.5000000000000001,0,1,0,0,0.03212653716729335
0,63.0,3,-1,-1,-1,-1,1,-1,0,1,12075000,34852500,0,1.2246467991473532e-16,-1.0,0,0,0,1,0.8817649024336811
1,25.0,40,-1,1,1,1,1,1,1,0,9045000,367275000,0,-0.5000000000000004,0.8660254037844384,0,0,1,0,0.19033983617342914
1,41.0,8,1,-1,-1,-1,-1,-1,0,1,11250000,98715000,0,0.8660254037844387,-0.4999999999999998,0,0,0,1,0.7656243619779713
1,24.0,34,1,-1,-1,1,1,-1,1,0,13522500,469320000,0,1.0,6.123233995736766e-17,0,0,0,1,0.25181324357262425
1,32.0,5,1,-1,1,1,-1,-1,0,0,6000000,33517500,1,0.4999999999999999,-0.8660254037844387,0,0,1,0,0.45210661251399914
1,29.0,9,-1,1,-1,-1,1,1,0,1,14917500,137910000,1,1.0,6.123233995736766e-17,0,0,0,1,0.8857595066740374
1,55.0,9,-1,1,1,-1,-1,1,0,1,10357500,98092500,0,-0.4999999999999997,-0.8660254037844388,0,0,1,0,0.6854433267316659
1,35.0,31,-1,-1,-1,-1,-1,1,0,0,8955000,273825000,0,-0.5000000000000004,0.8660254037844384,0,0,1,0,0.47173511895669723
0,53.0,50,0,0,0,0,0,0,1,1,2977500,141465000,0,0.8660254037844386,0.5000000000000001,1,0,0,0,0.039286065332207576
0,47.0,2,1,1,-1,1,-1,-1,0,1,12937500,27247500,1,-1.0,-1.8369701987210294e-16,0,0,0,1,0.6614866877372376
0,68.0,1,-1,-1,-1,-1,-1,-1,0,1,6847500,6847500,1,0.0,1.0,0,0,1,0,0.7329996695132877
1,22.0,8,-1,-1,-1,-1,-1,-1,0,1,10515000,82702500,1,-0.4999999999999997,-0.8660254037844388,0,0,0,1,0.8383753479710445
0,55.0,9,-1,1,-1,-1,-1,1,0,0,6112500,53910000,0,-0.5000000000000004,0.8660254037844384,0,1,0,0,0.6348675608775067
0,54.0,2,-1,-1,-1,-1,-1,-1,0,1,10530000,17392500,1,-1.0,-1.8369701987210294e-16,0,0,0,1,0.8563342094824052
0,28.0,3,1,1,-1,-1,-1,-1,0,0,8302500,24780000,1,-1.0,-1.8369701987210294e-16,0,1,0,0,0.420688731868266
1,52.0,25,-1,-1,-1,1,1,1,0,1,14355000,350752500,0,-0.4999999999999997,-0.8660254037844388,0,0,0,1,0.7867821415981539
1,44.0,1,-1,-1,-1,-1,-1,-1,0,0,6945000,6945000,0,-0.8660254037844386,0.5000000000000001,0,0,1,0,0.6544231920009435
0,37.0,45,1,1,1,1,1,-1,0,0,12195000,531165000,0,0.4999999999999999,0.8660254037844387,0,1,0,0,0.13309030982602132
1,30.0,51,-1,1,1,-1,-1,-1,0,1,12630000,621907500,1,0.4999999999999999,0.8660254037844387,0,0,0,1,0.540155109776233
0,31.0,55,0,0,0,0,0,0,0,0,3000000,163087500,0,-1.0,-1.8369701987210294e-16,1,0,0,0,0.058419462826769436
0,65.0,38,1,1,1,-1,-1,-1,0,1,9922500,378360000,0,0.8660254037844387,-0.4999999999999998,0,1,0,0,0.2257164588648651
1,40.0,2,-1,-1,-1,-1,-1,-1,0,0,6877500,12150000,1,-0.5000000000000004,0.8660254037844384,0,0,1,0,0.6511063738205174
1,49.0,38,0,0,0,0,0,0,0,0,2940000,107595000,0,-0.5000000000000004,0.8660254037844384,1,0,0,0,0.11722227278392258
1,31.0,34,-1,1,-1,-1,-1,-1,0,1,7470000,260130000,0,-0.5000000000000004,0.8660254037844384,0,0,1,0,0.43484169566114933
0,31.0,70,-1,-1,1,-1,1,1,1,1,15262500,1060395000,0,-0.8660254037844385,-0.5000000000000004,0,0,0,1,0.3701070587288198
0,53.0,13,1,-1,-1,1,-1,-1,1,0,8272500,111435000,0,-1.0,-1.8369701987210294e-16,0,1,0,0,0.1185272970117256
1,24.0,39,-1,-1,-1,-1,-1,-1,0,0,11287500,452647500,1,-0.8660254037844386,0.5000000000000001,0,0,0,1,0.5688414757120264
0,35.0,61,-1,1,1,-1,1,1,1,1,15592500,963450000,0,-0.4999999999999997,-0.8660254037844388,0,0,0,1,0.40705131801215355
0,40.0,12,-1,-1,1,-1,1,1,0,1,15022500,174645000,1,0.8660254037844386,0.5000000000000001,0,0,0,1,0.8828300621306604
1,41.0,41,-1,1,-1,1,1,1,1,1,14947500,633052500,0,0.8660254037844386,0.5000000000000001,0,0,0,1,0.4603358163186093
1,38.0,21,-1,-1,-1,-1,-1,-1,0,1,11055000,233805000,0,-0.4999999999999997,-0.8660254037844388,0,0,0,1,0.7653711919490255
1,45.0,55,-1,-1,1,-1,1,1,1,1,7507500,411517500,0,-0.4999999999999997,-0.8660254037844388,0,0,1,0,0.2452878686146682
1,48.0,69,1,-1,1,1,1,1,1,0,9037500,608325000,0,1.0,6.123233995736766e-17,0,1,0,0,0.04637128134369534
1,49.0,26,-1,1,1,-1,1,1,0,0,15862500,406537500,1,-1.0,-1.8369701987210294e-16,0,0,0,1,0.7531929249093792
0,28.0,69,1,1,-1,-1,-1,1,1,0,13095000,908332500,0,0.4999999999999999,0.8660254037844387,0,0,0,1,0.14773146884848803
0,37.0,18,-1,-1,1,-1,1,1,0,1,7252500,121605000,1,0.8660254037844387,-0.4999999999999998,0,1,0,0,0.7374756963832454
1,54.0,47,-1,1,-1,-1,-1,-1,0,0,8137500,380730000,0,1.0,6.123233995736766e-17,0,0,1,0,0.23504163302325462
0,51.0,72,1,1,1,1,1,1,1,0,12795000,919380000,0,0.4999999999999999,0.8660254037844387,0,1,0,0,0.03794790381148272
1,24.0,33,-1,1,1,1,1,-1,0,1,7500000,262627500,0,0.8660254037844387,-0.4999999999999998,0,0,1,0,0.4609108471410585
0,44.0,2,-1,-1,-1,-1,-1,-1,0,1,3660000,5482500,1,0.4999999999999999,-0.8660254037844387,0,0,1,0,0.7827581855442239
0,18.0,72,1,1,1,1,1,1,1,0,13642500,997867500,0,1.2246467991473532e-16,-1.0,0,1,0,0,0.0378433188920047
1,41.0,37,-1,-1,-1,-1,-1,-1,0,1,10837500,386317500,0,-0.8660254037844386,0.5000000000000001,0,0,0,1,0.6684655937826063
0,63.0,62,-1,1,1,-1,-1,1,0,1,14415000,902902500,0,0.0,1.0,0,0,0,1,0.5612008925274863
0,29.0,71,0,0,0,0,0,0,1,0,2977500,206940000,0,-0.8660254037844385,-0.5000000000000004,1,0,0,0,0.011028321928401287
1,30.0,23,-1,1,-1,1,-1,-1,0,1,8295000,192630000,0,-1.0,-1.8369701987210294e-16,0,0,1,0,0.4159963192552051
0,49.0,16,0,0,0,0,0,0,1,0,3015000,44422500,0,0.4999999999999999,-0.8660254037844387,1,0,0,0,0.10104896290284887
1,21.0,9,1,-1,1,1,1,-1,0,1,10425000,97987500,0,0.4999999999999999,-0.8660254037844387,0,0,1,0,0.5183594767014563
1,32.0,17,0,0,0,0,0,0,1,1,3772500,61890000,0,1.2246467991473532e-16,-1.0,1,0,0,0,0.13481786250220654
0,47.0,4,0,0,0,0,0,0,0,0,3142500,12825000,1,1.2246467991473532e-16,-1.0,1,0,0,0,0.3395202186292735
0,32.0,1,1,-1,-1,-1,-1,-1,0,1,7432500,7432500,1,0.4999999999999999,0.8660254037844387,0,0,1,0,0.6381397764952431
0,37.0,24,-1,-1,1,-1,-1,-1,0,1,11947500,289305000,0,0.8660254037844387,-0.4999999999999998,0,0,0,1,0.738814335360319
0,49.0,1,-1,-1,-1,-1,-1,-1,0,1,10687500,10687500,0,0.4999999999999999,-0.8660254037844387,0,0,0,1,0.8592714291721495
1,45.0,72,1,1,1,1,1,1,1,0,17070000,1176870000,0,-0.8660254037844386,0.5000000000000001,0,0,0,1,0.1322098161647704
0,43.0,72,0,0,0,0,0,0,1,0,3682500,262605000,0,0.0,1.0,1,0,0,0,0.010939667003163938
0,36.0,11,0,0,0,0,0,0,0,0,2955000,32430000,0,0.8660254037844386,0.5000000000000001,1,0,0,0,0.2921342523595893
1,44.0,9,0,0,0,0,0,0,0,0,3037500,26775000,1,0.8660254037844386,0.5000000000000001,1,0,0,0,0.3135099881235185
0,39.0,2,-1,1,-1,-1,-1,-1,0,0,7522500,17265000,1,0.0,1.0,0,0,1,0,0.6122953682887411
0,45.0,60,-1,-1,1,-1,1,1,1,1,15075000,904350000,0,1.2246467991473532e-16,-1.0,0,0,0,1,0.4308652493581342
1,34.0,29,-1,1,1,-1,-1,1,0,1,14385000,411780000,1,0.8660254037844387,-0.4999999999999998,0,0,0,1,0.755759044016071
0,38.0,49,-1,-1,1,1,1,1,1,1,11167500,558285000,0,0.8660254037844386,0.5000000000000001,0,1,0,0,0.1685031205637865
0,28.0,30,-1,1,1,-1,1,1,0,1,15615000,468165000,0,0.8660254037844386,0.5000000000000001,0,0,0,1,0.8110718466632059
0,40.0,53,0,0,0,0,0,0,1,0,2857500,148567500,0,-0.4999999999999997,-0.8660254037844388,1,0,0,0,0.023106917871212086
1,30.0,39,0,0,0,0,0,0,1,0,3750000,150652500,0,-1.0,-1.8369701987210294e-16,1,0,0,0,0.041826395256940936
0,27.0,9,0,0,0,0,0,0,0,0,2857500,23647500,0,1.2246467991473532e-16,-1.0,1,0,0,0,0.30278017843044663
1,43.0,39,-1,-1,1,1,-1,-1,1,0,12285000,482962500,0,0.8660254037844387,-0.4999999999999998,0,0,0,1,0.2323951246068231
1,43.0,8,-1,-1,-1,-1,-1,-1,0,1,10455000,85927500,0,-0.8660254037844386,0.5000000000000001,0,0,0,1,0.841086634140571
0,49.0,51,-1,-1,1,-1,-1,1,1,1,13522500,683227500,0,-0.5000000000000004,0.8660254037844384,0,0,0,1,0.40182022944326357
1,35.0,71,0,0,0,0,0,0,1,0,3802500,277132500,0,-0.8660254037844385,-0.5000000000000004,1,0,0,0,0.011442364278587138
1,45.0,71,0,0,0,0,0,0,1,1,3697500,265012500,0,0.8660254037844387,-0.4999999999999998,1,0,0,0,0.016971799785757836
0,47.0,70,0,0,0,0,0,0,1,1,2932500,219307500,0,0.8660254037844387,-0.4999999999999998,1,0,0,0,0.017472872229608336
0,45.0,1,-1,-1,-1,-1,-1,-1,0,0,3787500,3787500,1,-0.4999999999999997,-0.8660254037844388,0,0,1,0,0.7123351765692346
1,30.0,38,1,1,-1,1,1,1,1,1,9000000,328980000,0,0.4999999999999999,-0.8660254037844387,0,1,0,0,0.15525848856803467
0,42.0,28,-1,1,1,-1,-1,1,0,0,13485000,365025000,0,-1.0,-1.8369701987210294e-16,0,0,0,1,0.6818737908797261
0,44.0,32,0,0,0,0,0,0,0,0,2910000,96172500,0,1.2246467991473532e-16,-1.0,1,0,0,0,0.1394488775188396
1,40.0,49,-1,1,-1,-1,-1,-1,1,0,7470000,359760000,0,-1.0,-1.8369701987210294e-16,0,0,1,0,0.09318509821388643
0,18.0,37,0,0,0,0,0,0,1,1,3615000,129277500,0,0.0,1.0,1,0,0,0,0.06617207810783401
0,42.0,10,-1,-1,1,1,-1,-1,0,0,8137500,87450000,0,0.0,1.0,0,0,1,0,0.4599188074522464
1,67.0,67,1,1,1,-1,1,1,1,0,16485000,1099860000,0,-1.0,-1.8369701987210294e-16,0,0,0,1,0.20595379689521312
1,36.0,7,-1,-1,1,1,-1,-1,1,1,5325000,37432500,0,1.0,6.123233995736766e-17,0,1,0,0,0.35005784603114815
0,31.0,51,-1,-1,-1,-1,1,1,1,0,13132500,671385000,0,-0.5000000000000004,0.8660254037844384,0,0,0,1,0.41631456659947524
0,44.0,9,-1,-1,-1,-1,-1,-1,0,0,6772500,62467500,1,-0.8660254037844386,0.5000000000000001,0,0,1,0,0.581975568246348
0,44.0,9,-1,-1,-1,-1,1,1,0,1,13260000,118290000,0,-0.8660254037844385,-0.5000000000000004,0,0,0,1,0.9000353837065347
1,54.0,4,-1,-1,-1,1,-1,-1,0,1,7620000,30345000,0,-1.0,-1.8369701987210294e-16,0,1,0,0,0.5588360676242331
1,25.0,71,1,1,1,-1,1,-1,1,1,14850000,1049190000,0,-0.4999999999999997,-0.8660254037844388,0,0,0,1,0.18600319949927974
0,49.0,50,-1,-1,-1,-1,1,-1,0,1,12660000,617422500,1,-0.8660254037844385,-0.5000000000000004,0,0,0,1,0.6438072640944735
0,47.0,24,-1,-1,1,-1,1,1,1,1,14482500,339517500,0,-0.5000000000000004,0.8660254037844384,0,0,0,1,0.669119193742335
1,38.0,22,1,-1,-1,-1,1,-1,1,1,8962500,206152500,0,1.2246467991473532e-16,-1.0,0,0,1,0,0.2854275269463002
1,44.0,44,1,1,1,-1,1,1,0,1,16725000,737272500,0,1.0,6.123233995736766e-17,0,0,0,1,0.658225668510734
0,52.0,33,0,0,0,0,0,0,0,0,3637500,125775000,0,0.8660254037844387,-0.4999999999999998,1,0,0,0,0.13176620348293597
0,50.0,1,-1,-1,-1,-1,-1,-1,0,1,11265000,11265000,1,-0.5000000000000004,0.8660254037844384,0,0,0,1,0.8552624846047404
0,26.0,54,-1,-1,-1,-1,1,1,1,1,10522500,557347500,1,-0.5000000000000004,0.8660254037844384,0,0,1,0,0.23411745816046897
1,50.0,42,-1,1,-1,-1,1,1,0,1,15262500,641017500,1,-0.4999999999999997,-0.8660254037844388,0,0,0,1,0.7543132518794952
0,39.0,1,-1,-1,-1,-1,-1,-1,0,0,6870000,6870000,1,-0.4999999999999997,-0.8660254037844388,0,0,1,0,0.6434632087366166
0,41.0,1,0,0,0,0,0,0,0,0,3075000,3075000,0,0.4999999999999999,-0.8660254037844387,1,0,0,0,0.3734358604287523
1,41.0,30,1,1,-1,1,1,-1,1,0,10560000,306712500,0,-0.8660254037844386,0.5000000000000001,0,0,1,0,0.10430010505395637
0,38.0,1,-1,-1,-1,1,-1,-1,0,0,4582500,4582500,0,-0.8660254037844385,-0.5000000000000004,0,0,1,0,0.6118046129833791
1,54.0,16,1,1,-1,1,1,1,0,0,12735000,209737500,0,1.2246467991473532e-16,-1.0,0,1,0,0,0.34794646126171813
1,39.0,1,0,0,0,0,0,0,0,1,3015000,3015000,1,-0.8660254037844386,0.5000000000000001,1,0,0,0,0.4821892916181131
1,27.0,9,-1,-1,-1,1,1,-1,0,0,6097500,49342500,1,0.4999999999999999,-0.8660254037844387,0,0,1,0,0.6144694282440043
1,35.0,46,-1,-1,1,-1,1,1,0,1,15150000,702007500,1,0.4999999999999999,0.8660254037844387,0,0,0,1,0.7692435051999876
1,42.0,1,-1,-1,-1,-1,-1,-1,0,1,10365000,10365000,1,0.0,1.0,0,0,0,1,0.8721207467184309
1,55.0,71,1,-1,-1,1,-1,-1,1,0,8175000,566730000,0,0.0,1.0,0,0,1,0,0.02254481004038674
1,47.0,43,-1,-1,-1,-1,-1,-1,0,1,11302500,474210000,0,0.4999999999999999,-0.8660254037844387,0,0,0,1,0.6168482135178822
1,30.0,50,1,-1,-1,1,1,-1,1,1,6667500,328267500,0,1.0,6.123233995736766e-17,0,1,0,0,0.08700856912560119
0,70.0,13,-1,-1,-1,-1,-1,-1,0,1,11250000,149917500,1,-0.5000000000000004,0.8660254037844384,0,0,0,1,0.8016771106480567
1,43.0,19,-1,1,-1,1,1,1,1,0,15000000,283297500,1,1.2246467991473532e-16,-1.0,0,0,0,1,0.4820079542350392
0,55.0,41,-1,-1,1,-1,1,1,0,0,14707500,598590000,0,0.4999999999999999,-0.8660254037844387,0,0,0,1,0.7017329458231165
0,38.0,1,-1,-1,-1,-1,-1,-1,0,1,10672500,10672500,1,-0.5000000000000004,0.8660254037844384,0,0,0,1,0.8640140279484927
0,46.0,24,-1,1,1,-1,1,1,0,1,8122500,186037500,1,-1.0,-1.8369701987210294e-16,0,1,0,0,0.6563293236848153
0,50.0,40,-1,1,-1,-1,1,-1,1,0,9585000,395250000,0,-0.8660254037844386,0.5000000000000001,0,1,0,0,0.13642702898996317
0,55.0,3,-1,1,1,-1,1,-1,0,1,10372500,35250000,0,-0.4999999999999997,-0.8660254037844388,0,1,0,0,0.6664223553357744
0,53.0,37,1,-1,-1,-1,1,-1,1,0,9697500,352177500,0,1.0,6.123233995736766e-17,0,0,1,0,0.13159313233996434
0,50.0,67,1,-1,1,1,1,1,1,1,16312500,1073430000,1,0.0,1.0,0,0,0,1,0.22252822937833439
0,36.0,32,-1,1,-1,-1,1,1,0,1,14827500,463440000,0,-0.5000000000000004,0.8660254037844384,0,0,0,1,0.8031960039910547
0,33.0,6,-1,-1,-1,1,-1,-1,0,1,7372500,40620000,1,-0.5000000000000004,0.8660254037844384,0,1,0,0,0.5494087398382281
0,44.0,32,1,-1,-1,-1,1,-1,0,0,13440000,435270000,0,0.8660254037844386,0.5000000000000001,0,0,0,1,0.5827156973983173
0,51.0,59,-1,1,1,-1,-1,-1,0,1,12487500,742365000,0,1.2246467991473532e-16,-1.0,0,0,0,1,0.4675032921860175
0,37.0,30,-1,1,1,1,-1,1,1,0,10537500,329835000,0,-0.5000000000000004,0.8660254037844384,0,0,1,0,0.1590130467864829
1,53.0,20,0,0,0,0,0,0,0,1,2910000,56175000,1,1.0,6.123233995736766e-17,1,0,0,0,0.29603348513963856
0,57.0,27,0,0,0,0,0,0,1,0,3675000,114292500,0,-1.0,-1.8369701987210294e-16,1,0,0,0,0.06449749799419054
0,29.0,20,1,-1,-1,-1,-1,-1,0,1,11872500,228135000,1,-0.5000000000000004,0.8660254037844384,0,0,0,1,0.6758425668885009
1,30.0,9,0,0,0,0,0,0,1,0,3015000,28537500,0,1.0,6.123233995736766e-17,1,0,0,0,0.141076997059688
0,38.0,68,1,1,1,-1,1,-1,1,1,10950000,774450000,0,1.0,6.123233995736766e-17,0,0,1,0,0.07372065245329215
0,44.0,69,1,-1,-1,1,-1,-1,1,0,9210000,608977500,0,-0.5000000000000004,0.8660254037844384,0,1,0,0,0.018459605748617377
1,34.0,26,-1,-1,1,1,-1,-1,0,1,12645000,342240000,0,-0.8660254037844386,0.5000000000000001,0,0,0,1,0.6465159308651356
1,56.0,69,0,0,0,0,0,0,1,0,2985000,203505000,0,-1.0,-1.8369701987210294e-16,1,0,0,0,0.012241623077890397
1,45.0,11,0,0,0,0,0,0,1,0,3060000,34717500,0,-0.4999999999999997,-0.8660254037844388,1,0,0,0,0.12458495027372171
1,40.0,1,-1,-1,-1,-1,-1,-1,0,0,7612500,7612500,0,1.0,6.123233995736766e-17,0,0,1,0,0.6423235889648153
1,23.0,10,0,0,0,0,0,0,1,0,3067500,36360000,0,0.4999999999999999,-0.8660254037844387,1,0,0,0,0.13368240312977714
0,24.0,55,1,1,-1,1,-1,1,1,1,11362500,639637500,0,0.4999999999999999,-0.8660254037844387,0,1,0,0,0.059799981889599785
1,43.0,44,1,-1,-1,1,1,-1,1,0,9810000,416182500,0,-0.8660254037844386,0.5000000000000001,0,1,0,0,0.06305258268476305
1,18.0,46,-1,-1,-1,-1,-1,1,0,1,12060000,540780000,1,-0.8660254037844385,-0.5000000000000004,0,0,0,1,0.6951526612606994
1,52.0,69,1,1,1,-1,-1,-1,1,1,8962500,610485000,0,0.8660254037844386,0.5000000000000001,0,0,1,0,0.047738049435589465
1,38.0,11,-1,-1,-1,-1,-1,1,0,1,11775000,131130000,0,1.2246467991473532e-16,-1.0,0,0,0,1,0.8686166868627776
0,75.0,11,-1,1,-1,-1,1,1,0,1,15300000,171802500,1,-0.4999999999999997,-0.8660254037844388,0,0,0,1,0.8638460407169682
1,68.0,29,-1,-1,1,-1,-1,-1,0,0,7342500,198555000,0,-1.0,-1.8369701987210294e-16,0,1,0,0,0.33946474577049096
0,38.0,57,1,-1,-1,-1,1,1,0,1,14947500,824557500,0,0.4999999999999999,-0.8660254037844387,0,0,0,1,0.5924320338230213
1,39.0,28,0,0,0,0,0,0,1,0,2737500,80205000,0,1.2246467991473532e-16,-1.0,1,0,0,0,0.06714865113641683
0,52.0,42,1,-1,1,-1,-1,-1,0,0,8182500,368257500,0,-0.8660254037844386,0.5000000000000001,0,1,0,0,0.17618041655764008
0,60.0,2,0,0,0,0,0,0,0,0,3097500,5805000,1,-0.8660254037844386,0.5000000000000001,1,0,0,0,0.36244450711331594
1,20.0,23,1,1,-1,1,-1,-1,1,0,6097500,142110000,0,0.8660254037844387,-0.4999999999999998,0,1,0,0,0.09914407583051647
0,19.0,18,0,0,0,0,0,0,0,0,3067500,53550000,0,-0.8660254037844385,-0.5000000000000004,1,0,0,0,0.22719285631741923
1,33.0,62,0,0,0,0,0,0,1,0,3720000,221437500,0,-0.8660254037844385,-0.5000000000000004,1,0,0,0,0.01616279369944648
0,47.0,1,-1,-1,-1,-1,-1,-1,0,1,10620000,10620000,1,1.0,6.123233995736766e-17,0,0,0,1,0.8636243651087814
1,46.0,16,-1,-1,-1,1,-1,1,0,1,13357500,217290000,1,0.0,1.0,0,0,0,1,0.7810134566224122
0,53.0,3,-1,-1,-1,-1,1,1,0,1,14490000,43785000,1,-0.4999999999999997,-0.8660254037844388,0,0,0,1,0.90291933177204
1,26.0,67,1,1,1,1,1,1,1,1,13320000,885472500,0,-0.5000000000000004,0.8660254037844384,0,0,1,0,0.0788714707698739
1,18.0,62,0,0,0,0,0,0,1,1,3007500,180247500,0,0.0,1.0,1,0,0,0,0.025627055470075318
0,50.0,57,-1,1,1,-1,1,1,0,1,15675000,888202500,1,1.0,6.123233995736766e-17,0,0,0,1,0.6798876864941936
1,30.0,2,-1,-1,-1,-1,-1,-1,0,1,10470000,21997500,0,-0.5000000000000004,0.8660254037844384,0,0,0,1,0.8675333224771878
0,18.0,23,1,-1,1,1,1,-1,1,1,11572500,263910000,0,0.8660254037844387,-0.4999999999999998,0,0,1,0,0.18069989705543665
0,42.0,25,1,-1,-1,1,-1,-1,1,0,5257500,126667500,0,-0.4999999999999997,-0.8660254037844388,0,0,1,0,0.11780962988784019
0,50.0,72,-1,1,1,1,1,1,1,1,16215000,1166107500,0,-0.5000000000000004,0.8660254037844384,0,0,0,1,0.264886977218856
0,39.0,2,-1,-1,-1,-1,1,-1,0,1,12607500,20107500,0,0.4999999999999999,-0.8660254037844387,0,0,0,1,0.8818622491616305
0,35.0,8,0,0,0,0,0,0,1,1,3030000,21142500,0,1.2246467991473532e-16,-1.0,1,0,0,0,0.18922297263923643
0,38.0,5,-1,-1,-1,-1,-1,-1,0,1,7590000,37492500,1,-0.8660254037844385,-0.5000000000000004,0,0,1,0,0.6829844037108966
1,36.0,35,-1,-1,1,-1,1,1,0,0,7380000,255247500,0,0.8660254037844386,0.5000000000000001,0,1,0,0,0.5208615983406345
1,24.0,24,0,0,0,0,0,0,1,0,3690000,88897500,0,-0.8660254037844385,-0.5000000000000004,1,0,0,0,0.07441373357372741
0,31.0,2,-1,-1,-1,-1,-1,-1,0,1,10747500,20362500,0,0.8660254037844386,0.5000000000000001,0,0,0,1,0.8610464494161437
1,46.0,72,1,1,1,1,-1,1,1,1,15735000,1159897500,0,0.8660254037844386,0.5000000000000001,0,0,0,1,0.14447100300393628
0,44.0,41,1,1,1,1,1,-1,0,1,15975000,642360000,0,-0.8660254037844386,0.5000000000000001,0,0,0,1,0.46482587544599613
1,42.0,4,1,-1,-1,-1,-1,-1,0,0,7402500,32947500,1,-1.0,-1.8369701987210294e-16,0,0,1,0,0.5144941932078886
1,28.0,26,-1,1,-1,-1,-1,-1,1,0,11325000,302715000,0,1.0,6.123233995736766e-17,0,0,0,1,0.39236836635084477
1,38.0,7,-1,1,-1,-1,1,1,0,1,14137500,100350000,1,-0.8660254037844385,-0.5000000000000004,0,0,0,1,0.8933952322601936
0,18.0,1,-1,-1,-1,-1,-1,-1,0,1,10342500,10342500,1,0.0,1.0,0,0,0,1,0.8711649422622927
0,42.0,4,-1,1,-1,1,-1,-1,0,1,8775000,33727500,0,0.4999999999999999,0.8660254037844387,0,0,1,0,0.566526416112982
1,57.0,48,-1,1,1,1,1,1,1,0,11835000,565725000,0,1.0,6.123233995736766e-17,0,0,1,0,0.1338764520422053
1,22.0,2,-1,-1,-1,-1,1,1,0,1,14077500,29512500,1,-1.0,-1.8369701987210294e-16,0,0,0,1,0.9148567614576543
0,33.0,12,1,-1,1,1,1,1,1,1,11880000,141577500,0,-0.8660254037844386,0.5000000000000001,0,0,1,0,0.31895934768024187
1,44.0,60,1,-1,1,1,1,1,0,1,16417500,985927500,0,-0.5000000000000004,0.8660254037844384,0,0,0,1,0.49952039049129293
1,55.0,55,1,-1,1,1,-1,-1,1,1,8880000,476377500,0,-0.5000000000000004,0.8660254037844384,0,0,1,0,0.05578278239727741
1,35.0,1,-1,-1,-1,1,-1,-1,0,0,4372500,4372500,0,0.0,1.0,0,0,1,0,0.6363842797421344
1,32.0,1,0,0,0,0,0,0,0,0,3007500,3007500,0,0.8660254037844386,0.5000000000000001,1,0,0,0,0.39360715198171053
1,18.0,4,-1,-1,-1,-1,-1,-1,0,1,11407500,47835000,1,-0.4999999999999997,-0.8660254037844388,0,0,0,1,0.8445248670962318
1,41.0,1,-1,-1,-1,-1,-1,-1,0,1,3667500,3667500,1,-0.8660254037844386,0.5000000000000001,0,0,1,0,0.7981025692553605
0,65.0,42,-1,-1,1,1,-1,1,1,0,9975000,414412500,0,-0.8660254037844386,0.5000000000000001,0,1,0,0,0.09862101941723911
0,43.0,1,1,-1,-1,-1,-1,-1,0,0,7432500,7432500,0,0.8660254037844387,-0.4999999999999998,0,1,0,0,0.4811588135984587
1,40.0,7,-1,-1,1,-1,1,-1,0,1,13402500,94777500,1,0.0,1.0,0,0,0,1,0.8682906367580295
1,44.0,3,-1,-1,1,-1,-1,-1,0,1,11040000,34875000,0,-1.0,-1.8369701987210294e-16,0,0,0,1,0.8542601906831679
0,40.0,72,1,1,1,-1,1,1,1,1,12397500,887902500,0,1.0,6.123233995736766e-17,0,1,0,0,0.07808493956244056
1,30.0,15,-1,-1,-1,-1,-1,-1,0,1,7350000,112387500,0,0.8660254037844387,-0.4999999999999998,0,0,1,0,0.6215984523125333
1,50.0,4,-1,-1,-1,-1,1,-1,0,1,12052500,46110000,1,-0.8660254037844385,-0.5000000000000004,0,0,0,1,0.8834287528167079
0,43.0,11,0,0,0,0,0,0,1,0,3780000,36772500,0,-0.4999999999999997,-0.8660254037844388,1,0,0,0,0.11369572225777402
0,40.0,5,0,0,0,0,0,0,0,0,3817500,20212500,0,-1.0,-1.8369701987210294e-16,1,0,0,0,0.3195320133696871
0,28.0,1,1,-1,1,-1,-1,-1,0,1,8370000,8370000,1,1.0,6.123233995736766e-17,0,0,1,0,0.6169912589637769
1,56.0,72,1,-1,1,1,1,1,1,1,16635000,1236127500,0,0.8660254037844387,-0.4999999999999998,0,0,0,1,0.21613765694579798
0,48.0,55,-1,1,-1,-1,-1,-1,0,1,11662500,639960000,0,-1.0,-1.8369701987210294e-16,0,0,0,1,0.49888813529359605
0,33.0,40,0,0,0,0,0,0,0,1,3930000,161625000,0,0.4999999999999999,-0.8660254037844387,1,0,0,0,0.14227838289184871
0,52.0,57,0,0,0,0,0,0,1,0,2985000,167340000,0,0.0,1.0,1,0,0,0,0.020313998538058608
1,34.0,1,-1,-1,-1,-1,1,-1,0,1,11857500,11857500,1,1.0,6.123233995736766e-17,0,0,0,1,0.8992398927590954
1,31.0,1,1,-1,-1,-1,1,1,0,1,14250000,14250000,1,0.0,1.0,0,0,0,1,0.8801335465642478
0,31.0,1,-1,-1,-1,-1,-1,-1,0,0,3780000,3780000,1,0.4999999999999999,0.8660254037844387,0,0,1,0,0.7261795777063818
1,19.0,52,-1,1,1,-1,1,1,1,1,12127500,611932500,0,-1.0,-1.8369701987210294e-16,0,0,1,0,0.2241131019735039
1,46.0,41,-1,-1,1,-1,1,1,0,1,14760000,628162500,1,0.8660254037844386,0.5000000000000001,0,0,0,1,0.795860385475886
1,18.0,43,-1,-1,-1,-1,1,-1,1,1,8452500,358672500,0,1.0,6.123233995736766e-17,0,1,0,0,0.20328660186552877
0,25.0,47,0,0,0,0,0,0,1,0,2895000,133575000,0,-0.4999999999999997,-0.8660254037844388,1,0,0,0,0.0299562190495709
1,18.0,3,-1,-1,-1,-1,-1,-1,0,0,7560000,20587500,0,0.4999999999999999,-0.8660254037844387,0,0,1,0,0.6244251653352064
1,39.0,66,1,1,1,1,1,-1,1,0,11910000,773190000,1,-1.0,-1.8369701987210294e-16,0,0,1,0,0.035324444070071855
1,38.0,55,-1,-1,1,1,-1,-1,1,1,8287500,467985000,0,-1.0,-1.8369701987210294e-16,0,0,1,0,0.08524174621768058
1,36.0,29,0,0,0,0,0,0,1,0,2865000,79425000,0,0.0,1.0,1,0,0,0,0.06653020888098432
0,27.0,12,-1,-1,-1,-1,1,-1,0,1,12607500,144982500,0,-0.8660254037844385,-0.5000000000000004,0,0,0,1,0.8483237116787946
0,26.0,66,-1,1,1,-1,1,1,0,1,15780000,1040527500,0,1.2246467991473532e-16,-1.0,0,0,0,1,0.6272907427112234
1,46.0,35,-1,-1,1,-1,1,1,0,1,15210000,524445000,1,0.8660254037844387,-0.4999999999999998,0,0,0,1,0.8057742053245467
1,33.0,10,-1,-1,1,-1,-1,1,0,1,13470000,137145000,1,-0.5000000000000004,0.8660254037844384,0,0,0,1,0.8611671116600528
1,44.0,27,-1,-1,-1,-1,-1,-1,0,1,11362500,289350000,0,-0.8660254037844385,-0.5000000000000004,0,0,0,1,0.7206218630434664
0,29.0,58,-1,-1,-1,1,1,1,0,1,14295000,872655000,0,0.8660254037844387,-0.4999999999999998,0,0,0,1,0.6279573341941951
1,42.0,54,1,1,1,1,1,1,1,0,16462500,916530000,1,1.0,6.123233995736766e-17,0,0,0,1,0.20927577073042955
1,56.0,9,0,0,0,0,0,0,0,0,2977500,26820000,0,0.0,1.0,1,0,0,0,0.3126762641009164
1,47.0,2,0,0,0,0,0,0,1,0,2895000,4245000,1,1.2246467991473532e-16,-1.0,1,0,0,0,0.1742437144355135
1,35.0,6,-1,-1,-1,-1,-1,-1,0,1,10365000,65250000,0,-0.8660254037844385,-0.5000000000000004,0,0,0,1,0.848487538478813
0,43.0,26,-1,-1,-1,-1,1,1,0,1,13687500,352770000,1,1.2246467991473532e-16,-1.0,0,0,0,1,0.8443477955497504
0,37.0,9,0,0,0,0,0,0,0,0,3037500,27922500,0,-0.5000000000000004,0.8660254037844384,1,0,0,0,0.3062381493376694
1,40.0,8,-1,1,1,-1,-1,-1,0,1,8212500,66877500,0,1.2246467991473532e-16,-1.0,0,0,1,0,0.6381199267187267
1,36.0,12,-1,-1,-1,-1,1,-1,0,1,12217500,136800000,0,-0.8660254037844386,0.5000000000000001,0,0,0,1,0.8581281669959906
0,38.0,15,-1,-1,-1,-1,-1,-1,0,1,7365000,101932500,1,0.0,1.0,0,1,0,0,0.5626111491547517
1,43.0,43,1,-1,1,-1,1,1,1,1,12030000,537240000,0,-0.4999999999999997,-0.8660254037844388,0,0,1,0,0.21640446607088334
1,28.0,42,-1,-1,-1,1,1,1,0,1,15045000,633442500,0,0.4999999999999999,-0.8660254037844387,0,0,0,1,0.7052910443110771
0,28.0,31,1,-1,1,1,-1,-1,0,0,9787500,299145000,1,1.2246467991473532e-16,-1.0,0,0,1,0,0.18738297538804585
0,23.0,66,1,-1,1,1,-1,-1,1,1,13642500,889507500,0,-0.8660254037844385,-0.5000000000000004,0,0,0,1,0.11023756787067615
0,21.0,18,-1,1,-1,1,-1,-1,0,1,12817500,225877500,1,0.4999999999999999,0.8660254037844387,0,0,0,1,0.6679005871424507
1,25.0,1,0,0,0,0,0,0,0,0,3000000,3000000,0,-0.4999999999999997,-0.8660254037844388,1,0,0,0,0.38307805177366744
1,42.0,61,-1,1,-1,1,1,-1,1,1,14115000,845745000,1,0.8660254037844386,0.5000000000000001,0,0,0,1,0.23840564330982422
1,29.0,10,-1,1,-1,-1,-1,-1,0,0,11977500,119587500,0,-1.0,-1.8369701987210294e-16,0,0,0,1,0.7275984876388426
1,46.0,1,-1,-1,-1,-1,-1,-1,0,1,10747500,10747500,1,0.8660254037844386,0.5000000000000001,0,0,0,1,0.8671414551892483
0,40.0,18,-1,1,-1,-1,-1,-1,0,1,11032500,203917500,0,-1.0,-1.8369701987210294e-16,0,0,0,1,0.7645781469417011
1,18.0,24,-1,1,1,-1,1,1,0,1,15697500,381367500,1,0.4999999999999999,-0.8660254037844387,0,0,0,1,0.8332761004899936
0,48.0,3,0,0,0,0,0,0,0,0,2895000,8205000,0,-0.8660254037844385,-0.5000000000000004,1,0,0,0,0.35438967011800626
1,50.0,50,0,0,0,0,0,0,1,0,3022500,148357500,0,0.4999999999999999,0.8660254037844387,1,0,0,0,0.02807817388425467
1,28.0,1,-1,-1,-1,-1,-1,-1,0,0,6682500,6682500,0,-0.8660254037844386,0.5000000000000001,0,0,1,0,0.663788822569885
1,45.0,2,1,-1,-1,1,-1,-1,0,1,8167500,13095000,0,0.4999999999999999,0.8660254037844387,0,0,1,0,0.5231741324788024
1,30.0,17,0,0,0,0,0,0,1,1,2947500,52732500,0,0.0,1.0,1,0,0,0,0.150025533197568
1,41.0,69,-1,1,1,-1,1,1,1,1,15750000,1094662500,0,0.8660254037844387,-0.4999999999999998,0,0,0,1,0.3712113932213113
1,25.0,72,1,1,1,1,1,1,1,1,13305000,945255000,0,-0.4999999999999997,-0.8660254037844388,0,0,1,0,0.0662506659778566
0,18.0,3,-1,-1,-1,-1,-1,-1,0,1,11137500,31545000,1,0.4999999999999999,0.8660254037844387,0,0,0,1,0.8541463940510502
1,35.0,50,1,1,1,-1,-1,1,1,1,11272500,573367500,0,0.4999999999999999,0.8660254037844387,0,0,1,0,0.1266363071934685
0,39.0,53,0,0,0,0,0,0,1,0,3037500,157267500,0,0.0,1.0,1,0,0,0,0.02416242436978844
0,35.0,58,1,1,-1,1,1,1,1,1,16365000,959047500,0,0.4999999999999999,-0.8660254037844387,0,0,0,1,0.2449531276565212
1,26.0,46,1,-1,-1,-1,-1,-1,1,1,4612500,223395000,0,-0.4999999999999997,-0.8660254037844388,0,0,1,0,0.12271584491547206
1,35.0,72,1,1,1,1,1,1,0,1,16935000,1209225000,0,1.0,6.123233995736766e-17,0,0,0,1,0.4062516337355395
0,43.0,1,-1,-1,-1,-1,-1,-1,0,1,11130000,11130000,1,0.4999999999999999,0.8660254037844387,0,0,0,1,0.8593947826614363
0,39.0,6,-1,1,1,-1,1,-1,0,1,14107500,77812500,0,0.8660254037844386,0.5000000000000001,0,0,0,1,0.8478596062063986
1,42.0,72,1,1,1,1,-1,1,1,0,11827500,864472500,0,0.8660254037844386,0.5000000000000001,0,0,1,0,0.032763885587048874
1,32.0,4,-1,-1,-1,-1,-1,1,0,1,8295000,35775000,0,1.0,6.123233995736766e-17,0,0,1,0,0.7807665023436462
0,54.0,52,0,0,0,0,0,0,1,0,2902500,154755000,0,-0.8660254037844386,0.5000000000000001,1,0,0,0,0.024638633963384303
1,26.0,0,0,0,0,0,0,0,1,0,3802500,0,0,0.8660254037844386,0.5000000000000001,1,0,0,0,0.18266519973334044
0,46.0,2,0,0,0,0,0,0,1,0,3067500,5220000,0,0.4999999999999999,-0.8660254037844387,1,0,0,0,0.16879279405633607
0,54.0,65,0,0,0,0,0,0,1,0,2902500,197992500,0,0.8660254037844387,-0.4999999999999998,1,0,0,0,0.01446145579528896
1,46.0,43,-1,1,-1,-1,1,1,0,1,15150000,658260000,1,0.8660254037844387,-0.4999999999999998,0,0,0,1,0.7580557209974145
1,38.0,4,-1,1,-1,-1,1,1,0,1,15030000,63030000,1,-0.4999999999999997,-0.8660254037844388,0,0,0,1,0.8923292927392982
1,34.0,25,1,-1,-1,-1,-1,1,1,1,13357500,326617500,1,-0.8660254037844386,0.5000000000000001,0,0,0,1,0.4814202380227335
0,52.0,51,-1,1,-1,1,1,1,1,1,11797500,592627500,0,0.8660254037844386,0.5000000000000001,0,1,0,0,0.1391135332327583
1,23.0,12,-1,-1,1,-1,1,1,0,0,11212500,124057500,0,1.2246467991473532e-16,-1.0,0,0,1,0,0.6767858799532059
0,28.0,57,1,-1,-1,-1,1,1,1,1,10515000,586995000,1,-0.5000000000000004,0.8660254037844384,0,1,0,0,0.1284447085455455
0,35.0,24,0,0,0,0,0,0,1,0,2985000,80025000,0,-0.5000000000000004,0.8660254037844384,1,0,0,0,0.07850762058396478
0,55.0,64,-1,-1,1,1,-1,-1,1,0,8752500,563467500,0,0.8660254037844387,-0.4999999999999998,0,1,0,0,0.034025979513291976
0,45.0,4,-1,1,1,1,1,1,1,1,15847500,66585000,1,0.4999999999999999,-0.8660254037844387,0,0,0,1,0.6496146045142135
0,28.0,26,-1,-1,1,-1,1,1,0,1,15075000,389992500,0,0.4999999999999999,-0.8660254037844387,0,0,0,1,0.8371616295200432
0,36.0,15,0,0,0,0,0,0,0,0,3007500,42645000,0,0.4999999999999999,-0.8660254037844387,1,0,0,0,0.24980014132351797
1,33.0,64,0,0,0,0,0,0,1,0,3847500,261120000,0,-0.4999999999999997,-0.8660254037844388,1,0,0,0,0.015312035883766026
1,31.0,36,-1,1,-1,-1,1,1,0,1,14475000,515415000,1,-0.8660254037844385,-0.5000000000000004,0,0,0,1,0.7907429732359161
0,52.0,27,-1,-1,-1,-1,1,1,0,0,14250000,369382500,0,-1.0,-1.8369701987210294e-16,0,0,0,1,0.7720022178457335
1,24.0,1,-1,-1,-1,-1,-1,-1,0,0,10627500,10627500,1,-0.5000000000000004,0.8660254037844384,0,0,0,1,0.81866696033537
0,59.0,35,1,-1,1,1,1,1,1,1,12892500,466515000,1,-1.0,-1.8369701987210294e-16,0,0,1,0,0.17990477163542157
1,50.0,4,-1,-1,1,-1,-1,-1,0,1,11085000,42127500,1,-0.5000000000000004,0.8660254037844384,0,0,0,1,0.8519118975504951
0,53.0,8,-1,-1,-1,-1,-1,-1,0,1,6817500,61762500,0,1.2246467991473532e-16,-1.0,0,1,0,0,0.626331790669339
1,34.0,10,0,0,0,0,0,0,0,1,3000000,29790000,0,0.4999999999999999,-0.8660254037844387,1,0,0,0,0.3870549777868178
0,38.0,2,-1,1,-1,-1,-1,-1,0,0,7380000,15555000,0,0.4999999999999999,0.8660254037844387,0,0,1,0,0.616340241295584
0,23.0,58,1,1,1,-1,1,1,1,1,16417500,921682500,1,-0.5000000000000004,0.8660254037844384,0,0,0,1,0.32146144793705667
1,34.0,51,1,1,1,1,1,1,1,1,12487500,613417500,0,1.2246467991473532e-16,-1.0,0,0,1,0,0.11386310146109148
0,46.0,46,0,0,0,0,0,0,1,1,2887500,129630000,0,1.0,6.123233995736766e-17,1,0,0,0,0.046424171012894984
1,56.0,1,0,0,0,0,0,0,0,1,2947500,2947500,0,-0.8660254037844385,-0.5000000000000004,1,0,0,0,0.47413075275083677
1,27.0,46,-1,-1,-1,-1,-1,-1,0,0,10920000,487410000,0,1.0,6.123233995736766e-17,0,0,0,1,0.5125586178540471
0,36.0,50,1,1,-1,1,1,1,0,1,16447500,810870000,0,-0.8660254037844386,0.5000000000000001,0,0,0,1,0.5184343447085342
1,38.0,53,-1,1,-1,1,1,-1,0,0,9750000,504570000,0,0.4999999999999999,0.8660254037844387,0,0,1,0,0.20120183947571438
1,23.0,61,-1,1,1,1,1,1,0,1,17115000,1069822500,0,1.0,6.123233995736766e-17,0,0,0,1,0.5855029085228179
1,47.0,5,0,0,0,0,0,0,0,0,3097500,14032500,0,-0.5000000000000004,0.8660254037844384,1,0,0,0,0.34645571043858453
1,31.0,47,1,1,1,1,1,1,1,1,13042500,620835000,0,0.0,1.0,0,0,1,0,0.13424890188360297
0,38.0,54,-1,1,1,-1,1,-1,1,1,14212500,768262500,0,1.0,6.123233995736766e-17,0,0,0,1,0.35501596872359986
1,35.0,19,-1,-1,-1,-1,-1,-1,0,1,3802500,84915000,0,0.4999999999999999,-0.8660254037844387,0,0,1,0,0.6524234098051752
0,31.0,26,-1,1,1,1,1,1,1,1,15817500,407295000,0,-1.0,-1.8369701987210294e-16,0,0,0,1,0.5219292697880763
1,40.0,70,0,0,0,0,0,0,1,0,3810000,267307500,0,-0.4999999999999997,-0.8660254037844388,1,0,0,0,0.011711337815257785
1,37.0,17,-1,1,1,-1,1,1,0,1,15382500,261375000,0,1.2246467991473532e-16,-1.0,0,0,0,1,0.8548347124148986
0,36.0,30,-1,1,-1,-1,1,1,0,1,15030000,447570000,1,-0.4999999999999997,-0.8660254037844388,0,0,0,1,0.8043588089563558
0,31.0,1,0,0,0,0,0,0,0,0,3600000,3600000,0,0.8660254037844386,0.5000000000000001,1,0,0,0,0.3715806538887254
0,44.0,19,0,0,0,0,0,0,1,0,3840000,72885000,0,1.2246467991473532e-16,-1.0,1,0,0,0,0.08487933892401453
0,60.0,26,-1,1,1,-1,1,1,1,1,11025000,285855000,0,-1.0,-1.8369701987210294e-16,0,0,1,0,0.3911410270456003
0,42.0,21,-1,1,-1,-1,-1,-1,0,1,11107500,234855000,1,-1.0,-1.8369701987210294e-16,0,0,0,1,0.7450151298864164
1,52.0,50,-1,1,-1,-1,1,1,1,1,14737500,728805000,0,-0.5000000000000004,0.8660254037844384,0,0,0,1,0.48473644837579155
0,23.0,68,1,-1,1,-1,1,1,1,1,8160000,558547500,0,1.0,6.123233995736766e-17,0,1,0,0,0.10034892853893788
1,42.0,3,-1,-1,1,-1,1,1,0,1,15232500,44752500,1,1.2246467991473532e-16,-1.0,0,0,0,1,0.901722807523178
1,27.0,9,-1,-1,1,1,1,1,0,0,15465000,145567500,0,0.8660254037844387,-0.4999999999999998,0,0,0,1,0.7893195694394104
0,22.0,51,1,-1,-1,1,-1,-1,1,0,5130000,267300000,0,0.4999999999999999,-0.8660254037844387,0,1,0,0,0.03948548320267064
0,31.0,9,-1,-1,-1,-1,-1,-1,0,1,6562500,60855000,0,0.4999999999999999,0.8660254037844387,0,1,0,0,0.6381456964021703
1,54.0,41,-1,1,1,1,1,1,1,1,16792500,680235000,1,-0.8660254037844385,-0.5000000000000004,0,0,0,1,0.41833251667307425
1,51.0,22,-1,1,-1,-1,1,1,0,1,15097500,362392500,0,1.0,6.123233995736766e-17,0,0,0,1,0.8479992725590306
0,43.0,21,1,-1,1,-1,1,1,1,1,8392500,173557500,1,0.4999999999999999,-0.8660254037844387,0,0,1,0,0.3996576082712131
1,22.0,71,1,1,1,1,1,1,1,1,17407500,1244625000,0,1.2246467991473532e-16,-1.0,0,0,0,1,0.19947620947713252
1,38.0,1,-1,-1,-1,-1,-1,-1,0,0,6862500,6862500,1,-0.8660254037844386,0.5000000000000001,0,0,1,0,0.6575754284437219
1,44.0,26,-1,-1,1,1,1,1,1,1,12300000,312465000,0,-0.5000000000000004,0.8660254037844384,0,0,1,0,0.3184722340561329
1,42.0,71,1,1,-1,1,-1,-1,1,0,9772500,702262500,0,0.8660254037844386,0.5000000000000001,0,0,1,0,0.02138998762477987
1,18.0,4,-1,-1,-1,-1,-1,-1,0,1,6720000,26430000,0,1.2246467991473532e-16,-1.0,0,0,1,0,0.7191493981642841
0,29.0,12,1,-1,-1,-1,-1,-1,0,1,11970000,150180000,0,0.8660254037844387,-0.4999999999999998,0,0,0,1,0.7255533936470573
0,39.0,18,-1,-1,-1,1,1,-1,0,1,13327500,239212500,0,-0.8660254037844386,0.5000000000000001,0,0,0,1,0.7563305718827719
0,46.0,3,-1,-1,-1,-1,-1,-1,0,1,11242500,31860000,0,0.0,1.0,0,0,0,1,0.849199650934725
0,18.0,72,1,1,-1,-1,1,1,1,1,16027500,1151610000,0,0.4999999999999999,-0.8660254037844387,0,0,0,1,0.2540850336343939
1,38.0,11,-1,1,-1,-1,-1,-1,0,0,11242500,122325000,1,-0.8660254037844386,0.5000000000000001,0,0,0,1,0.7356540491573385
0,42.0,1,-1,-1,-1,-1,-1,1,0,0,12022500,12022500,1,0.4999999999999999,-0.8660254037844387,0,0,0,1,0.8511087972259838
1,50.0,13,0,0,0,0,0,0,1,0,2895000,38947500,0,0.4999999999999999,0.8660254037844387,1,0,0,0,0.12257741914555828
0,48.0,72,-1,1,1,1,1,1,1,1,16387500,1216470000,1,-0.8660254037844385,-0.5000000000000004,0,0,0,1,0.26793880663995534
1,47.0,42,1,-1,-1,-1,-1,-1,1,0,8415000,358027500,0,1.2246467991473532e-16,-1.0,0,0,1,0,0.08293681951732142
0,30.0,17,0,0,0,0,0,0,0,0,2955000,51052500,0,1.0,6.123233995736766e-17,1,0,0,0,0.24193091549091836
0,18.0,7,-1,1,-1,-1,-1,-1,0,1,7695000,62902500,0,-0.8660254037844386,0.5000000000000001,0,0,1,0,0.6585208115527489
0,35.0,68,1,1,1,1,1,1,1,0,17790000,1198507500,0,0.4999999999999999,0.8660254037844387,0,0,0,1,0.14950945188747639
1,52.0,56,0,0,0,0,0,0,1,0,3622500,210337500,0,0.0,1.0,1,0,0,0,0.021776365826643267
0,57.0,38,0,0,0,0,0,0,1,0,3045000,112402500,0,0.8660254037844387,-0.4999999999999998,1,0,0,0,0.04281127114406973
0,49.0,72,1,1,1,1,1,1,1,1,17325000,1263772500,0,0.4999999999999999,0.8660254037844387,0,0,0,1,0.1969884683027394
0,45.0,48,0,0,0,0,0,0,1,0,3757500,175725000,0,-0.4999999999999997,-0.8660254037844388,1,0,0,0,0.02726680438555399
0,45.0,52,1,1,1,-1,1,1,0,1,16365000,847192500,0,0.4999999999999999,-0.8660254037844387,0,0,0,1,0.6021989837901173
0,33.0,35,0,0,0,0,0,0,1,0,2947500,106320000,0,-0.4999999999999997,-0.8660254037844388,1,0,0,0,0.04870275891840586
1,38.0,67,-1,1,1,1,1,1,1,1,16695000,1135080000,0,1.0,6.123233995736766e-17,0,0,0,1,0.301407905835486
0,60.0,1,1,-1,-1,-1,-1,-1,0,0,4485000,4485000,0,0.8660254037844387,-0.4999999999999998,0,0,1,0,0.6060132692468273
1,29.0,53,-1,1,-1,1,-1,-1,0,1,12090000,652215000,0,0.0,1.0,0,0,0,1,0.44223434311301607
1,59.0,34,0,0,0,0,0,0,0,0,3120000,95385000,0,0.8660254037844386,0.5000000000000001,1,0,0,0,0.1336517075556528
0,36.0,3,-1,-1,-1,-1,1,-1,0,0,5280000,16342500,1,-0.5000000000000004,0.8660254037844384,0,0,1,0,0.7598496198658721
0,56.0,1,-1,-1,-1,-1,1,-1,0,0,11820000,11820000,1,0.0,1.0,0,0,0,1,0.8532383845967512
1,23.0,19,-1,-1,1,1,1,-1,0,0,13492500,252360000,0,-0.8660254037844385,-0.5000000000000004,0,0,0,1,0.6761961714214578
0,47.0,60,1,1,1,1,1,1,1,1,17407500,1038885000,0,1.0,6.123233995736766e-17,0,0,0,1,0.23454867593780784
1,31.0,11,0,0,0,0,0,0,1,0,2932500,33472500,0,-0.5000000000000004,0.8660254037844384,1,0,0,0,0.13197442647265653
0,23.0,47,-1,1,1,-1,1,1,0,1,15960000,769192500,1,0.4999999999999999,-0.8660254037844387,0,0,0,1,0.7345062539519698
1,43.0,18,1,-1,-1,-1,-1,-1,0,0,7410000,131220000,1,0.4999999999999999,-0.8660254037844387,0,0,1,0,0.38778244969017234
0,52.0,60,1,1,1,1,1,1,1,0,17287500,1013767500,0,-1.0,-1.8369701987210294e-16,0,0,0,1,0.1641595121411151
1,30.0,72,0,0,0,0,0,0,1,0,3720000,281145000,0,0.4999999999999999,0.8660254037844387,1,0,0,0,0.01171461491983106
1,22.0,39,0,0,0,0,0,0,1,0,2985000,118672500,0,0.4999999999999999,0.8660254037844387,1,0,0,0,0.04535520046628945
0,39.0,59,1,-1,1,-1,-1,-1,1,1,12187500,695917500,0,-1.0,-1.8369701987210294e-16,0,0,0,1,0.1818203153021533
1,39.0,2,-1,-1,-1,-1,-1,-1,0,0,10492500,21585000,0,-0.8660254037844386,0.5000000000000001,0,0,0,1,0.8120436293861911
1,47.0,1,-1,-1,-1,-1,-1,-1,0,0,10365000,10365000,1,-1.0,-1.8369701987210294e-16,0,0,0,1,0.8155598844885591
1,51.0,20,-1,-1,-1,-1,1,1,0,1,13530000,266482500,1,-0.5000000000000004,0.8660254037844384,0,0,0,1,0.8731674802933029
0,39.0,6,-1,-1,-1,-1,1,1,0,1,14032500,80460000,1,-1.0,-1.8369701987210294e-16,0,0,0,1,0.9017763078100108
1,62.0,71,-1,-1,1,1,-1,-1,1,1,12960000,925800000,0,0.8660254037844386,0.5000000000000001,0,0,0,1,0.14991270150549788
0,43.0,24,1,1,1,-1,-1,-1,0,0,9945000,233917500,0,0.8660254037844386,0.5000000000000001,0,0,1,0,0.2847851833626011
1,36.0,67,-1,-1,-1,-1,1,1,0,1,14197500,911850000,0,-0.8660254037844386,0.5000000000000001,0,0,0,1,0.6404181485410392
1,21.0,1,-1,-1,-1,-1,-1,1,0,1,12127500,12127500,1,-0.8660254037844386,0.5000000000000001,0,0,0,1,0.8992852258197345
0,37.0,48,-1,-1,-1,-1,-1,1,1,1,12307500,604492500,1,0.8660254037844386,0.5000000000000001,0,0,0,1,0.4408986057495443
0,36.0,37,-1,1,-1,1,-1,1,1,0,10815000,398760000,0,-0.8660254037844385,-0.5000000000000004,0,1,0,0,0.10046300982937073
1,52.0,11,-1,1,1,-1,-1,-1,0,0,5205000,57532500,0,0.8660254037844386,0.5000000000000001,0,0,1,0,0.5936745810621114
1,46.0,3,0,0,0,0,0,0,0,1,3082500,7672500,1,0.8660254037844387,-0.4999999999999998,1,0,0,0,0.4571699993387574
0,26.0,18,-1,-1,1,-1,1,1,0,1,14392500,261825000,0,0.8660254037844386,0.5000000000000001,0,0,0,1,0.8745437887069715
1,42.0,50,-1,-1,-1,-1,-1,-1,1,1,6720000,334627500,0,-0.8660254037844385,-0.5000000000000004,0,1,0,0,0.11636009358611882
0,48.0,67,1,-1,1,1,1,1,1,1,16410000,1092240000,0,0.8660254037844386,0.5000000000000001,0,0,0,1,0.22551508177852375
0,58.0,25,1,1,-1,1,-1,1,0,1,10657500,275655000,0,0.8660254037844387,-0.4999999999999998,0,1,0,0,0.31365507526182523
0,51.0,2,-1,-1,1,-1,-1,-1,0,1,11782500,22432500,1,-0.8660254037844385,-0.5000000000000004,0,0,0,1,0.8415873991681556
1,49.0,9,0,0,0,0,0,0,0,0,2955000,27105000,0,1.2246467991473532e-16,-1.0,1,0,0,0,0.30429636430414264
0,41.0,10,1,1,-1,1,-1,-1,1,0,6037500,61717500,0,0.4999999999999999,-0.8660254037844387,0,1,0,0,0.14497498473949752
0,45.0,70,0,0,0,0,0,0,1,0,2977500,199252500,0,-0.8660254037844386,0.5000000000000001,1,0,0,0,0.011536031237447598
1,55.0,9,1,-1,1,1,-1,1,0,1,10237500,86542500,0,0.0,1.0,0,0,1,0,0.5288315027515472
0,24.0,4,0,0,0,0,0,0,0,1,3022500,10267500,0,-0.4999999999999997,-0.8660254037844388,1,0,0,0,0.43831194646050925
0,36.0,2,1,-1,-1,-1,-1,-1,0,0,7642500,18457500,0,-0.8660254037844386,0.5000000000000001,0,0,1,0,0.5230008404099453
0,31.0,1,-1,-1,-1,-1,-1,1,0,0,11797500,11797500,1,0.4999999999999999,0.8660254037844387,0,0,0,1,0.8603824060960396
1,45.0,19,-1,-1,-1,-1,-1,-1,0,1,3772500,70252500,0,-0.8660254037844385,-0.5000000000000004,0,1,0,0,0.593987513550431
1,55.0,7,0,0,0,0,0,0,0,1,3037500,26205000,0,-0.4999999999999997,-0.8660254037844388,1,0,0,0,0.4105150661077798
1,33.0,1,-1,-1,-1,-1,-1,-1,0,1,6435000,6435000,1,0.4999999999999999,-0.8660254037844387,0,0,1,0,0.7461493374291356
1,18.0,1,-1,-1,-1,-1,-1,-1,0,0,6600000,6600000,0,1.0,6.123233995736766e-17,0,0,1,0,0.670572765928214
0,35.0,9,0,0,0,0,0,0,1,0,3037500,25852500,0,1.0,6.123233995736766e-17,1,0,0,0,0.13595766876122015
0,51.0,3,1,-1,-1,1,-1,-1,0,0,5137500,20902500,1,-1.0,-1.8369701987210294e-16,0,0,1,0,0.4769389466983632
0,46.0,9,1,-1,1,1,1,1,0,0,8775000,80977500,1,-0.4999999999999997,-0.8660254037844388,0,0,1,0,0.5556067926471805
0,45.0,5,1,-1,1,-1,-1,-1,0,0,8370000,45060000,0,0.8660254037844386,0.5000000000000001,0,0,1,0,0.48657611777922505
0,37.0,56,-1,-1,-1,-1,1,1,1,0,13335000,745200000,0,0.8660254037844386,0.5000000000000001,0,0,0,1,0.3812394438816078
0,25.0,18,1,-1,-1,-1,-1,-1,0,0,8647500,148905000,0,1.2246467991473532e-16,-1.0,0,1,0,0,0.30944573892100097
1,46.0,49,-1,-1,-1,-1,1,1,0,1,14430000,707737500,1,0.0,1.0,0,0,0,1,0.7535905718944635
1,30.0,70,1,1,1,1,1,-1,1,0,11872500,830475000,0,0.8660254037844386,0.5000000000000001,0,0,1,0,0.03344623024077032
0,66.0,72,-1,1,1,1,1,1,1,1,16207500,1170990000,0,-1.0,-1.8369701987210294e-16,0,0,0,1,0.25825151827404874
0,47.0,6,-1,-1,1,-1,-1,-1,0,0,11160000,65115000,1,-0.5000000000000004,0.8660254037844384,0,0,0,1,0.7790496963450058
1,33.0,17,-1,-1,-1,-1,1,1,0,1,14220000,234585000,0,1.0,6.123233995736766e-17,0,0,0,1,0.877214463325357
1,33.0,29,-1,-1,-1,-1,1,1,0,1,6885000,199860000,0,1.0,6.123233995736766e-17,0,0,1,0,0.7142576213659769
0,39.0,6,-1,1,1,-1,1,1,0,1,15795000,81780000,1,-0.8660254037844386,0.5000000000000001,0,0,0,1,0.8786865201644104
1,37.0,63,-1,-1,1,-1,1,1,1,0,15390000,944512500,0,-1.0,-1.8369701987210294e-16,0,0,0,1,0.323905946993662
1,53.0,16,-1,-1,-1,-1,-1,-1,0,1,11077500,192630000,1,-1.0,-1.8369701987210294e-16,0,0,0,1,0.7949878565636923
1,42.0,59,-1,-1,1,-1,-1,1,1,1,9202500,546825000,0,-0.8660254037844386,0.5000000000000001,0,0,1,0,0.1547267379883613
0,31.0,3,-1,-1,1,-1,1,-1,0,0,8632500,24217500,0,0.8660254037844387,-0.4999999999999998,0,0,1,0,0.6934017989653836
0,63.0,8,-1,1,-1,-1,-1,-1,0,1,4387500,34042500,0,1.2246467991473532e-16,-1.0,0,1,0,0,0.6551296339691083
0,41.0,7,-1,-1,-1,-1,-1,1,0,1,12682500,97027500,1,-0.4999999999999997,-0.8660254037844388,0,0,0,1,0.869016680466028
0,49.0,68,0,0,0,0,0,0,1,0,2940000,216247500,0,0.8660254037844386,0.5000000000000001,1,0,0,0,0.013246365152695262
0,33.0,68,1,-1,1,1,1,1,1,0,16762500,1126695000,0,-0.8660254037844385,-0.5000000000000004,0,0,0,1,0.15514369485149435
0,44.0,52,-1,1,1,-1,1,1,1,1,15975000,843277500,0,-0.8660254037844385,-0.5000000000000004,0,0,0,1,0.45743426908755996
1,44.0,72,1,1,-1,1,1,1,1,1,16155000,1187970000,0,-1.0,-1.8369701987210294e-16,0,0,0,1,0.1963768942301288
0,18.0,32,0,0,0,0,0,0,1,0,2895000,88980000,0,0.4999999999999999,-0.8660254037844387,1,0,0,0,0.05600013233177704
0,64.0,72,0,0,0,0,0,0,1,0,3007500,213547500,0,1.2246467991473532e-16,-1.0,1,0,0,0,0.010269787783848303
1,55.0,1,-1,-1,-1,-1,-1,-1,0,1,10492500,10492500,0,-0.5000000000000004,0.8660254037844384,0,0,0,1,0.8681804081669653
1,35.0,42,1,-1,-1,1,-1,1,1,0,9555000,414502500,0,1.0,6.123233995736766e-17,0,0,1,0,0.0896806804116585
0,27.0,25,0,0,0,0,0,0,1,0,3712500,103815000,1,0.0,1.0,1,0,0,0,0.07337911162664947
1,44.0,45,1,-1,-1,-1,-1,-1,0,1,7635000,344782500,0,1.2246467991473532e-16,-1.0,0,0,1,0,0.2583678442007148
0,41.0,43,1,-1,1,1,1,1,1,1,9060000,396082500,0,0.4999999999999999,0.8660254037844387,0,1,0,0,0.14972890998407942
1,44.0,37,1,-1,1,-1,1,1,1,0,11887500,436770000,0,-0.4999999999999997,-0.8660254037844388,0,0,1,0,0.17867158834807306
0,42.0,20,-1,-1,-1,-1,-1,1,0,1,12870000,259125000,1,0.8660254037844386,0.5000000000000001,0,0,0,1,0.8243030614853109
0,46.0,4,-1,-1,-1,-1,-1,-1,0,1,3667500,12990000,1,-0.4999999999999997,-0.8660254037844388,0,1,0,0,0.7251128713723107
1,57.0,63,1,1,1,1,1,1,1,1,16515000,1005855000,0,0.4999999999999999,0.8660254037844387,0,0,0,1,0.22517602093405395
1,47.0,3,-1,-1,-1,-1,1,1,0,0,13605000,35647500,0,0.4999999999999999,0.8660254037844387,0,0,0,1,0.8822713032527976
1,27.0,66,0,0,0,0,0,0,1,1,3795000,250852500,0,-0.8660254037844385,-0.5000000000000004,1,0,0,0,0.020540947560072673
1,56.0,28,-1,1,1,-1,1,1,0,1,15855000,446925000,1,0.4999999999999999,-0.8660254037844387,0,0,0,1,0.8121700937679882
0,60.0,8,-1,-1,-1,-1,-1,1,0,0,12780000,104362500,0,-0.8660254037844386,0.5000000000000001,0,0,0,1,0.8124054605391221
1,75.0,71,0,0,0,0,0,0,1,0,3652500,248190000,0,1.0,6.123233995736766e-17,1,0,0,0,0.011185975001702805
1,27.0,1,-1,-1,-1,-1,-1,-1,0,1,3637500,3637500,1,-0.4999999999999997,-0.8660254037844388,0,0,1,0,0.7960904215413224
0,43.0,72,0,0,0,0,0,0,1,0,3765000,278677500,0,1.0,6.123233995736766e-17,1,0,0,0,0.010971098748053448
1,18.0,16,1,1,-1,-1,-1,-1,0,1,8182500,123765000,0,0.4999999999999999,0.8660254037844387,0,0,1,0,0.47876814156132597
1,47.0,66,1,1,1,1,-1,-1,1,0,14490000,963637500,0,-0.8660254037844386,0.5000000000000001,0,0,0,1,0.07478180768484599
0,33.0,11,-1,-1,-1,-1,-1,-1,0,1,11475000,125692500,1,-1.0,-1.8369701987210294e-16,0,0,0,1,0.8080575320822666
1,63.0,51,1,1,1,1,1,-1,1,1,12172500,618930000,0,1.0,6.123233995736766e-17,0,0,1,0,0.07888693490718571
0,31.0,8,1,-1,-1,-1,-1,1,0,1,5775000,49620000,0,0.4999999999999999,0.8660254037844387,0,1,0,0,0.6731579609922144
1,20.0,14,-1,-1,-1,-1,1,1,0,1,13935000,200617500,0,1.0,6.123233995736766e-17,0,0,0,1,0.8908913818813781
0,34.0,4,-1,1,-1,1,-1,1,0,1,14025000,54330000,1,0.8660254037844387,-0.4999999999999998,0,0,0,1,0.8021924241789652
0,18.0,70,1,1,1,-1,1,1,1,0,12705000,898657500,0,0.0,1.0,0,0,1,0,0.07304464372491988
0,49.0,70,1,1,-1,1,-1,-1,1,0,9900000,733725000,0,-0.4999999999999997,-0.8660254037844388,0,0,1,0,0.021112055697870995
0,18.0,54,-1,1,-1,-1,1,1,1,1,15225000,805965000,1,-0.8660254037844386,0.5000000000000001,0,0,0,1,0.4485628664087098
1,40.0,28,1,-1,-1,-1,-1,-1,0,1,11235000,310282500,1,-0.8660254037844386,0.5000000000000001,0,0,0,1,0.6351377516848065
1,18.0,24,0,0,0,0,0,0,1,0,3112500,73057500,0,0.0,1.0,1,0,0,0,0.08102558343009052
0,36.0,69,-1,1,-1,-1,-1,1,1,1,9217500,619680000,0,-1.0,-1.8369701987210294e-16,0,0,1,0,0.09931042946320387
1,60.0,42,1,1,-1,-1,-1,-1,0,0,8175000,345172500,0,0.4999999999999999,-0.8660254037844387,0,0,1,0,0.18970538182586164
0,44.0,2,-1,-1,-1,-1,-1,-1,0,1,10440000,19747500,1,0.8660254037844387,-0.4999999999999998,0,0,0,1,0.86055457388903
0,30.0,39,-1,-1,1,-1,1,1,0,1,14962500,605400000,0,-1.0,-1.8369701987210294e-16,0,0,0,1,0.7933191723265499
1,40.0,45,-1,1,1,1,1,1,1,1,16462500,735097500,0,-1.0,-1.8369701987210294e-16,0,0,0,1,0.40587059377949863
1,40.0,72,1,1,1,1,1,-1,1,1,12127500,859117500,0,0.0,1.0,0,0,1,0,0.044748651983089395
0,46.0,38,0,0,0,0,0,0,1,0,3045000,111457500,0,1.2246467991473532e-16,-1.0,1,0,0,0,0.042192311333246725
1,24.0,72,1,1,1,1,-1,-1,1,1,10170000,720697500,0,1.2246467991473532e-16,-1.0,0,0,1,0,0.0290689695319503
1,47.0,1,0,0,0,0,0,0,0,1,3607500,3607500,1,0.8660254037844387,-0.4999999999999998,1,0,0,0,0.4647785001852393
1,18.0,72,0,0,0,0,0,0,1,1,2970000,212197500,0,0.4999999999999999,-0.8660254037844387,1,0,0,0,0.01643875432305914
1,32.0,55,0,0,0,0,0,0,1,0,3855000,216547500,0,0.4999999999999999,0.8660254037844387,1,0,0,0,0.02290612400461529
0,34.0,51,-1,-1,1,1,1,1,1,1,8422500,434842500,0,1.0,6.123233995736766e-17,0,0,1,0,0.20369516713974534
1,48.0,63,1,1,1,1,1,1,1,1,13005000,796425000,0,-1.0,-1.8369701987210294e-16,0,0,1,0,0.082401905633218
0,40.0,1,0,0,0,0,0,0,0,0,3060000,3060000,0,-1.0,-1.8369701987210294e-16,1,0,0,0,0.3741874836919633
0,23.0,23,0,0,0,0,0,0,1,1,2947500,67732500,0,0.8660254037844387,-0.4999999999999998,1,0,0,0,0.11483629884162215
0,28.0,1,-1,1,-1,-1,-1,-1,0,0,7582500,7582500,1,-1.0,-1.8369701987210294e-16,0,0,1,0,0.6120018751716665
0,42.0,2,-1,-1,-1,1,-1,-1,0,1,8152500,17557500,0,0.4999999999999999,-0.8660254037844387,0,0,1,0,0.6097474164327106
0,39.0,52,1,1,1,-1,1,1,0,0,16215000,875895000,0,-0.4999999999999997,-0.8660254037844388,0,0,0,1,0.5177617110342859
0,33.0,36,1,-1,-1,-1,-1,-1,1,0,8167500,284025000,0,-0.4999999999999997,-0.8660254037844388,0,0,1,0,0.0975249335464183
0,34.0,1,-1,-1,-1,-1,-1,-1,0,0,6802500,6802500,0,-0.5000000000000004,0.8660254037844384,0,0,1,0,0.6556068459022153
0,48.0,28,1,-1,1,-1,-1,-1,1,0,8850000,248167500,0,-0.4999999999999997,-0.8660254037844388,0,0,1,0,0.12220075238396692
0,34.0,7,1,1,1,-1,1,-1,1,0,10417500,71557500,0,1.0,6.123233995736766e-17,0,0,1,0,0.2665339679645868
1,39.0,14,-1,1,-1,-1,1,1,0,1,15082500,212332500,1,0.0,1.0,0,0,0,1,0.870365448453243
1,66.0,72,1,1,1,1,1,1,1,1,9742500,681900000,0,-0.4999999999999997,-0.8660254037844388,0,1,0,0,0.05288903049160639
0,23.0,1,0,0,0,0,0,0,0,1,3075000,3075000,1,0.4999999999999999,-0.8660254037844387,1,0,0,0,0.47247709073726235
0,18.0,10,0,0,0,0,0,0,0,0,2827500,24480000,0,-0.5000000000000004,0.8660254037844384,1,0,0,0,0.3037058651837021
1,49.0,42,0,0,0,0,0,0,1,0,2970000,127485000,0,-0.8660254037844385,-0.5000000000000004,1,0,0,0,0.03741740513788627
0,32.0,7,-1,-1,-1,-1,-1,-1,0,0,3757500,28492500,0,1.0,6.123233995736766e-17,0,0,1,0,0.6723676607763126
1,36.0,4,-1,-1,1,-1,-1,-1,0,1,11220000,48285000,1,0.8660254037844386,0.5000000000000001,0,0,0,1,0.853957804065318
1,31.0,72,1,1,1,1,1,1,1,1,17145000,1208782500,0,-0.8660254037844386,0.5000000000000001,0,0,0,1,0.191326732174922
0,37.0,20,-1,-1,-1,-1,-1,-1,0,1,3667500,72420000,1,0.8660254037844387,-0.4999999999999998,0,0,1,0,0.6364359007217784
1,59.0,63,1,1,1,1,1,1,1,0,16380000,1057462500,0,1.0,6.123233995736766e-17,0,0,0,1,0.1740825185992863
0,50.0,56,1,1,1,1,-1,-1,1,0,6757500,384015000,0,0.8660254037844387,-0.4999999999999998,0,0,1,0,0.035666765634123486
0,50.0,5,-1,-1,-1,1,-1,-1,0,1,7650000,43020000,0,0.8660254037844387,-0.4999999999999998,0,0,1,0,0.5992569987954167
0,23.0,72,-1,1,1,1,1,1,1,1,16567500,1197375000,0,-0.8660254037844386,0.5000000000000001,0,0,0,1,0.2681183034218611
1,26.0,68,-1,1,1,-1,-1,-1,0,1,12697500,852540000,0,1.0,6.123233995736766e-17,0,0,0,1,0.4196838593549282
1,18.0,67,1,1,-1,1,-1,-1,1,0,9007500,599107500,0,1.2246467991473532e-16,-1.0,0,1,0,0,0.0190711741004342
1,30.0,8,-1,-1,-1,-1,-1,-1,0,0,6697500,55372500,0,-0.8660254037844386,0.5000000000000001,0,1,0,0,0.5514570478776197
1,51.0,52,-1,1,-1,1,-1,1,0,1,13987500,694755000,0,0.8660254037844387,-0.4999999999999998,0,0,0,1,0.5216925800283588
0,46.0,18,0,0,0,0,0,0,0,1,3037500,60292500,0,-0.8660254037844385,-0.5000000000000004,1,0,0,0,0.30057107299882335
0,37.0,59,0,0,0,0,0,0,1,0,3817500,230107500,0,0.4999999999999999,0.8660254037844387,1,0,0,0,0.018844224038097494
0,40.0,60,0,0,0,0,0,0,1,0,3090000,163950000,0,-0.4999999999999997,-0.8660254037844388,1,0,0,0,0.01676032169030739
1,32.0,7,-1,-1,-1,-1,1,1,0,1,14115000,105195000,0,-0.5000000000000004,0.8660254037844384,0,0,0,1,0.905736274428321
1,42.0,59,1,-1,1,-1,-1,-1,1,0,5220000,297045000,0,1.2246467991473532e-16,-1.0,0,1,0,0,0.04192991958299315
1,49.0,46,1,-1,1,1,1,1,1,1,9112500,434010000,0,-1.0,-1.8369701987210294e-16,0,0,1,0,0.16370364652659963
1,21.0,5,-1,1,-1,-1,-1,-1,0,1,7702500,39345000,0,0.8660254037844387,-0.4999999999999998,0,1,0,0,0.6297315063764591
1,44.0,59,1,-1,1,1,1,1,1,1,9607500,583027500,0,0.8660254037844387,-0.4999999999999998,0,1,0,0,0.09323983448432611
0,51.0,70,-1,1,1,1,1,1,1,1,12720000,887632500,0,1.2246467991473532e-16,-1.0,0,1,0,0,0.08167910856419408
0,35.0,14,-1,-1,-1,-1,-1,-1,0,1,10650000,137100000,1,1.0,6.123233995736766e-17,0,0,0,1,0.8063732739838049
0,48.0,44,-1,-1,-1,-1,-1,-1,0,1,7522500,320865000,0,1.0,6.123233995736766e-17,0,0,1,0,0.35192641871343383
0,74.0,64,1,-1,1,-1,1,-1,1,1,14190000,892305000,0,0.4999999999999999,0.8660254037844387,0,0,0,1,0.2250473429103812
0,39.0,58,1,-1,1,1,1,1,1,0,8962500,543652500,0,0.0,1.0,0,1,0,0,0.06853776959362796
0,45.0,46,-1,-1,-1,1,1,1,1,0,15037500,713077500,0,1.2246467991473532e-16,-1.0,0,0,0,1,0.33634124271826926
1,31.0,58,-1,1,-1,-1,1,1,0,1,14835000,867105000,0,0.8660254037844386,0.5000000000000001,0,0,0,1,0.6916919385442021
0,42.0,72,-1,1,-1,-1,1,1,1,1,14655000,1030455000,0,0.4999999999999999,0.8660254037844387,0,0,0,1,0.340159300839353
0,46.0,30,-1,-1,1,-1,1,-1,0,1,6045000,175942500,1,-0.4999999999999997,-0.8660254037844388,0,0,1,0,0.5986806932361016
1,42.0,11,1,1,-1,-1,-1,-1,0,0,9037500,99442500,0,0.4999999999999999,-0.8660254037844387,0,1,0,0,0.3439894687218661
0,28.0,34,-1,1,1,-1,1,1,0,1,8437500,264892500,0,-0.8660254037844386,0.5000000000000001,0,0,1,0,0.6232530678420802
1,42.0,54,1,1,-1,-1,-1,1,1,0,6930000,364792500,0,0.8660254037844387,-0.4999999999999998,0,1,0,0,0.06887302638346765
0,58.0,3,-1,1,-1,-1,1,1,0,1,7590000,23302500,1,-0.8660254037844385,-0.5000000000000004,0,1,0,0,0.8039761350193054
0,45.0,72,0,0,0,0,0,0,1,0,3735000,278880000,0,-1.0,-1.8369701987210294e-16,1,0,0,0,0.010700765076024287
0,52.0,40,-1,-1,1,1,-1,-1,0,1,12727500,495457500,1,-0.4999999999999997,-0.8660254037844388,0,0,0,1,0.520666609574933
0,37.0,2,-1,-1,-1,-1,1,1,0,0,9855000,20152500,1,1.0,6.123233995736766e-17,0,0,1,0,0.7643017575938778
1,49.0,54,-1,-1,1,-1,-1,1,1,0,9502500,511365000,0,1.0,6.123233995736766e-17,0,0,1,0,0.1265552175827886
0,43.0,14,1,-1,-1,-1,-1,-1,0,0,7515000,106425000,0,1.2246467991473532e-16,-1.0,0,0,1,0,0.411170395823538
0,29.0,1,-1,-1,-1,-1,-1,-1,0,0,10575000,10575000,1,0.8660254037844386,0.5000000000000001,0,0,0,1,0.8154095961153017
0,44.0,10,-1,1,1,-1,-1,1,0,1,14227500,143017500,1,0.4999999999999999,-0.8660254037844387,0,0,0,1,0.8317619964930046
0,28.0,1,1,-1,-1,-1,-1,-1,0,0,7522500,7522500,0,0.4999999999999999,0.8660254037844387,0,0,1,0,0.5424614075487447
1,32.0,1,0,0,0,0,0,0,0,0,2962500,2962500,1,0.8660254037844387,-0.4999999999999998,1,0,0,0,0.38897215043060124
1,42.0,56,1,1,-1,1,-1,-1,1,1,9697500,549832500,0,0.4999999999999999,0.8660254037844387,0,0,1,0,0.05036122580603194
0,44.0,68,1,1,-1,1,1,1,1,1,11940000,827370000,0,0.4999999999999999,0.8660254037844387,0,0,1,0,0.07643125254619283
0,26.0,14,0,0,0,0,0,0,1,1,2925000,40800000,0,-0.8660254037844386,0.5000000000000001,1,0,0,0,0.15948574418299774
1,53.0,68,1,-1,-1,1,1,1,1,1,14932500,1000200000,0,-0.8660254037844386,0.5000000000000001,0,0,0,1,0.2200795770109846
1,47.0,55,-1,-1,-1,-1,-1,-1,0,1,11100000,607860000,0,-0.8660254037844386,0.5000000000000001,0,0,0,1,0.53541216863478
0,32.0,16,1,-1,-1,-1,1,-1,0,1,5835000,99660000,0,0.8660254037844387,-0.4999999999999998,0,0,1,0,0.6386483091990134
1,22.0,9,-1,-1,-1,-1,-1,1,0,1,11932500,107782500,0,-0.4999999999999997,-0.8660254037844388,0,0,0,1,0.8746996975879012
1,38.0,14,1,1,-1,-1,1,-1,0,1,9817500,140640000,1,0.8660254037844387,-0.4999999999999998,0,0,1,0,0.5598619288272582
1,35.0,58,-1,-1,1,-1,1,1,0,1,14805000,871890000,1,1.2246467991473532e-16,-1.0,0,0,0,1,0.7044815320115339
1,41.0,53,1,1,-1,-1,-1,1,0,1,6945000,382027500,0,0.4999999999999999,-0.8660254037844387,0,1,0,0,0.24464112650546485
1,36.0,70,1,1,1,-1,1,-1,1,1,14902500,1041675000,0,0.0,1.0,0,0,0,1,0.19720206880183055
0,18.0,14,-1,-1,-1,-1,1,1,0,1,14370000,201945000,0,-0.5000000000000004,0.8660254037844384,0,0,0,1,0.8834932029936208
1,35.0,22,1,-1,1,1,1,-1,1,1,10125000,231607500,1,-1.0,-1.8369701987210294e-16,0,1,0,0,0.17271105437182085
0,36.0,10,1,-1,-1,-1,-1,-1,0,1,11722500,114772500,0,1.2246467991473532e-16,-1.0,0,0,0,1,0.7333822476887321
0,48.0,29,0,0,0,0,0,0,1,0,3915000,103882500,0,-0.8660254037844386,0.5000000000000001,1,0,0,0,0.05813648385362967
0,32.0,1,-1,-1,-1,-1,-1,-1,0,1,10440000,10440000,1,-0.8660254037844386,0.5000000000000001,0,0,0,1,0.8658666899646185
1,60.0,49,1,-1,1,1,1,1,1,0,12652500,608902500,1,0.0,1.0,0,0,1,0,0.09408972333488051
0,18.0,68,-1,1,-1,-1,1,1,0,1,15030000,1027747500,1,1.2246467991473532e-16,-1.0,0,0,0,1,0.6174332964652016
0,56.0,1,-1,-1,-1,-1,1,-1,0,0,11707500,11707500,1,-1.0,-1.8369701987210294e-16,0,0,0,1,0.8499703465620315
0,37.0,30,-1,-1,-1,1,-1,1,1,1,6052500,178057500,0,-0.8660254037844385,-0.5000000000000004,0,1,0,0,0.23216876514307044
0,50.0,72,1,1,1,1,1,-1,1,0,11880000,810285000,0,0.8660254037844387,-0.4999999999999998,0,0,1,0,0.02766105585782593
0,41.0,10,0,0,0,0,0,0,0,1,3135000,37050000,0,0.4999999999999999,0.8660254037844387,1,0,0,0,0.3868350248751655
1,54.0,7,-1,-1,-1,-1,-1,-1,0,0,11040000,78000000,1,1.0,6.123233995736766e-17,0,0,0,1,0.7776039698067857
0,35.0,9,-1,-1,-1,-1,-1,-1,0,1,11212500,105990000,1,-0.4999999999999997,-0.8660254037844388,0,0,0,1,0.8197290546872145
0,27.0,1,1,-1,-1,-1,-1,-1,0,0,7485000,7485000,0,-0.4999999999999997,-0.8660254037844388,0,0,1,0,0.5299086511877197
0,57.0,20,-1,1,-1,1,-1,1,0,1,10335000,205552500,0,-0.4999999999999997,-0.8660254037844388,0,0,1,0,0.497436087695516
0,39.0,1,0,0,0,0,0,0,0,1,3037500,3037500,0,0.8660254037844387,-0.4999999999999998,1,0,0,0,0.47332089639029384
0,43.0,29,-1,-1,-1,-1,-1,-1,0,1,11400000,332287500,0,-1.0,-1.8369701987210294e-16,0,0,0,1,0.7087693817762573
1,55.0,1,-1,-1,-1,1,-1,-1,0,0,11100000,11100000,0,-0.8660254037844386,0.5000000000000001,0,0,0,1,0.7383719570093304
1,28.0,3,1,-1,-1,1,-1,-1,0,1,12345000,32160000,0,-0.8660254037844385,-0.5000000000000004,0,0,0,1,0.6934823527610179
0,47.0,20,1,-1,1,-1,1,-1,0,1,13410000,280672500,0,0.4999999999999999,-0.8660254037844387,0,0,0,1,0.7401845147876457
1,33.0,64,-1,1,-1,1,1,1,0,1,14872500,925680000,0,0.8660254037844386,0.5000000000000001,0,0,0,1,0.5564068142982003
1,38.0,1,0,0,0,0,0,0,0,1,3030000,3030000,1,1.0,6.123233995736766e-17,1,0,0,0,0.4852706095381784
0,41.0,6,1,-1,-1,-1,-1,-1,0,0,4417500,24217500,0,0.4999999999999999,0.8660254037844387,0,0,1,0,0.5691759400069882
1,22.0,50,0,0,0,0,0,0,1,0,2970000,151980000,0,-0.8660254037844385,-0.5000000000000004,1,0,0,0,0.027651043964692566
1,31.0,6,1,-1,-1,-1,-1,1,0,1,8872500,50505000,0,0.8660254037844386,0.5000000000000001,0,0,1,0,0.6749897400185684
1,56.0,7,-1,-1,-1,-1,-1,-1,0,0,6712500,50047500,0,-0.8660254037844386,0.5000000000000001,0,1,0,0,0.5549497499448394
1,51.0,72,-1,-1,1,-1,-1,1,1,1,13620000,976770000,0,-0.8660254037844386,0.5000000000000001,0,0,0,1,0.2775535594528469
1,39.0,8,-1,1,-1,-1,-1,-1,0,1,7432500,59017500,0,-0.8660254037844386,0.5000000000000001,0,0,1,0,0.6561760206318477
0,43.0,67,1,-1,-1,1,1,1,1,0,16005000,1051425000,0,0.4999999999999999,-0.8660254037844387,0,0,0,1,0.15573109893682313
0,36.0,24,-1,-1,-1,-1,1,1,0,1,14032500,339607500,1,-0.8660254037844385,-0.5000000000000004,0,0,0,1,0.8501188194487556
0,56.0,72,1,1,-1,-1,-1,1,1,1,14167500,1038255000,0,0.4999999999999999,0.8660254037844387,0,0,0,1,0.18874715660749922
1,38.0,33,0,0,0,0,0,0,1,1,2917500,90037500,0,-1.0,-1.8369701987210294e-16,1,0,0,0,0.07830652574037307
1,43.0,2,-1,-1,-1,-1,-1,-1,0,1,3757500,8452500,1,-0.8660254037844385,-0.5000000000000004,0,1,0,0,0.7475811430840549
1,54.0,70,1,1,-1,1,-1,1,1,0,10192500,699622500,0,0.4999999999999999,0.8660254037844387,0,0,1,0,0.03313758122126328
0,31.0,22,-1,1,1,-1,1,-1,1,0,9787500,216270000,0,-1.0,-1.8369701987210294e-16,0,0,1,0,0.25986310201932195
0,59.0,59,1,1,1,-1,-1,1,0,1,14917500,843555000,0,-0.8660254037844385,-0.5000000000000004,0,0,0,1,0.44718554603592187
1,22.0,36,0,0,0,0,0,0,1,1,3052500,104377500,0,0.8660254037844387,-0.4999999999999998,1,0,0,0,0.07098546498436481
0,60.0,51,0,0,0,0,0,0,1,0,2992500,154312500,0,-1.0,-1.8369701987210294e-16,1,0,0,0,0.025049750407341528
1,36.0,53,1,-1,1,1,1,-1,1,0,11610000,623392500,0,-0.8660254037844386,0.5000000000000001,0,0,1,0,0.0583968550151628
0,37.0,20,0,0,0,0,0,0,1,0,2955000,59340000,0,-0.8660254037844385,-0.5000000000000004,1,0,0,0,0.08764650203933283
1,18.0,63,1,-1,1,-1,1,1,1,0,14955000,949560000,0,0.8660254037844387,-0.4999999999999998,0,0,0,1,0.2553896720593968
0,35.0,40,-1,1,-1,-1,-1,-1,0,0,11220000,445755000,0,-0.8660254037844386,0.5000000000000001,0,0,0,1,0.5254358995959553
1,28.0,35,0,0,0,0,0,0,1,1,2872500,95700000,0,-1.0,-1.8369701987210294e-16,1,0,0,0,0.07332488091881194
1,33.0,26,-1,-1,-1,-1,-1,1,1,0,11842500,305137500,0,1.0,6.123233995736766e-17,0,0,0,1,0.5123801052100112
1,38.0,27,-1,1,1,-1,-1,1,0,1,14332500,376530000,1,0.4999999999999999,0.8660254037844387,0,0,0,1,0.7691142755725039
1,51.0,53,1,1,-1,1,-1,-1,1,0,9427500,512925000,0,1.2246467991473532e-16,-1.0,0,1,0,0,0.0297359190993319
1,42.0,34,-1,-1,-1,-1,-1,-1,0,0,10732500,364102500,0,-0.5000000000000004,0.8660254037844384,0,0,0,1,0.6087716191829016
0,44.0,19,-1,-1,-1,-1,1,1,0,1,14242500,264037500,0,-0.4999999999999997,-0.8660254037844388,0,0,0,1,0.861635628943868
1,27.0,43,1,1,1,-1,-1,-1,0,1,12915000,532747500,0,0.8660254037844386,0.5000000000000001,0,0,0,1,0.4898057959440762
1,29.0,6,0,0,0,0,0,0,0,0,2932500,18435000,0,-0.4999999999999997,-0.8660254037844388,1,0,0,0,0.3355493874769761
1,62.0,56,0,0,0,0,0,0,1,1,3720000,213630000,0,0.8660254037844387,-0.4999999999999998,1,0,0,0,0.030681115635202184
1,31.0,57,-1,1,-1,-1,1,-1,0,1,5895000,316717500,1,1.2246467991473532e-16,-1.0,0,0,1,0,0.333403412794726
1,60.0,34,-1,-1,1,-1,1,-1,0,1,12607500,436492500,0,-0.4999999999999997,-0.8660254037844388,0,0,0,1,0.7547349868231856
0,37.0,10,-1,1,-1,1,-1,-1,0,0,5437500,56100000,0,-0.8660254037844386,0.5000000000000001,0,1,0,0,0.4368723763801499
0,40.0,1,0,0,0,0,0,0,0,1,3037500,3037500,1,-0.4999999999999997,-0.8660254037844388,1,0,0,0,0.46632131747489625
0,53.0,13,-1,-1,-1,-1,-1,-1,0,1,3585000,45120000,1,0.4999999999999999,-0.8660254037844387,0,0,1,0,0.6957293472269787
1,55.0,56,-1,1,-1,-1,1,1,0,0,14790000,837157500,0,-0.5000000000000004,0.8660254037844384,0,0,0,1,0.6086585516331381
0,39.0,55,-1,1,1,-1,1,1,0,1,15547500,851497500,0,-0.4999999999999997,-0.8660254037844388,0,0,0,1,0.6850651188635445
0,35.0,36,1,1,1,1,1,1,1,1,13935000,506887500,0,-0.5000000000000004,0.8660254037844384,0,0,1,0,0.16073764148311248
1,39.0,47,0,0,0,0,0,0,1,0,2985000,141442500,0,-0.5000000000000004,0.8660254037844384,1,0,0,0,0.03184459249039095
0,44.0,12,0,0,0,0,0,0,0,1,3015000,34860000,0,-0.8660254037844385,-0.5000000000000004,1,0,0,0,0.35486675657700884
0,51.0,1,-1,-1,1,-1,1,-1,0,1,12817500,12817500,1,1.0,6.123233995736766e-17,0,0,0,1,0.8868608028724727
1,40.0,24,-1,1,-1,-1,-1,-1,0,1,12075000,313267500,0,0.4999999999999999,0.8660254037844387,0,0,0,1,0.7340054228217515
0,47.0,63,-1,1,-1,-1,1,1,1,0,14985000,920550000,1,0.8660254037844387,-0.4999999999999998,0,0,0,1,0.2979832736182178
0,60.0,35,-1,-1,1,-1,1,-1,0,1,5977500,215190000,0,-0.4999999999999997,-0.8660254037844388,0,1,0,0,0.5009676267110624
0,45.0,67,1,1,-1,1,-1,-1,1,0,9075000,580500000,0,-0.8660254037844385,-0.5000000000000004,0,0,1,0,0.021546589376684765
1,44.0,25,-1,-1,-1,-1,-1,1,0,1,12720000,306517500,1,-0.5000000000000004,0.8660254037844384,0,0,0,1,0.8048388233540048
1,22.0,21,1,-1,1,-1,1,1,0,0,15577500,332250000,0,-0.8660254037844385,-0.5000000000000004,0,0,0,1,0.7221855296519047
0,18.0,13,1,1,-1,1,-1,1,0,0,10170000,126337500,0,0.4999999999999999,-0.8660254037844387,0,0,1,0,0.3685035703949376
1,45.0,35,-1,-1,-1,-1,-1,-1,0,1,11280000,386430000,1,0.8660254037844387,-0.4999999999999998,0,0,0,1,0.677620026775805
1,39.0,71,0,0,0,0,0,0,1,0,3727500,285150000,0,1.0,6.123233995736766e-17,1,0,0,0,0.012053693995225446
0,34.0,29,0,0,0,0,0,0,0,0,2902500,90240000,0,0.0,1.0,1,0,0,0,0.1636852009313198
1,43.0,71,-1,1,-1,-1,1,1,1,0,7402500,527287500,1,-0.8660254037844386,0.5000000000000001,0,0,1,0,0.10367504502750961
1,39.0,7,-1,-1,-1,-1,1,1,0,1,13350000,90817500,0,1.0,6.123233995736766e-17,0,0,0,1,0.9102395506433312
0,54.0,57,-1,1,1,-1,1,1,0,1,8250000,464107500,0,0.4999999999999999,0.8660254037844387,0,1,0,0,0.38334758400745117
1,41.0,65,1,-1,1,1,-1,1,1,0,11422500,739432500,0,0.8660254037844387,-0.4999999999999998,0,0,1,0,0.04186344741731833
1,31.0,27,0,0,0,0,0,0,1,0,3045000,89257500,0,0.4999999999999999,-0.8660254037844387,1,0,0,0,0.06992584369517313
1,52.0,6,-1,-1,-1,-1,-1,-1,0,1,11235000,70470000,1,0.0,1.0,0,0,0,1,0.8416737454641712
0,37.0,72,1,1,1,1,1,1,1,1,17602500,1265437500,0,0.8660254037844387,-0.4999999999999998,0,0,0,1,0.19006106816070825
1,46.0,1,0,0,0,0,0,0,0,1,2962500,2962500,0,0.8660254037844387,-0.4999999999999998,1,0,0,0,0.481779210929891
1,34.0,11,-1,-1,-1,-1,-1,-1,0,0,6780000,73800000,0,-0.8660254037844386,0.5000000000000001,0,0,1,0,0.5730786670896297
1,32.0,39,0,0,0,0,0,0,1,0,3780000,148192500,0,-1.0,-1.8369701987210294e-16,1,0,0,0,0.041491933914194756
0,41.0,59,1,1,1,-1,-1,-1,0,1,13462500,824535000,0,1.2246467991473532e-16,-1.0,0,0,0,1,0.3711381861960563
1,40.0,26,1,-1,-1,1,1,1,1,0,11250000,286252500,0,-0.5000000000000004,0.8660254037844384,0,0,1,0,0.1810882463171058
1,46.0,2,-1,-1,1,-1,-1,-1,0,0,7492500,16065000,0,0.8660254037844386,0.5000000000000001,0,0,1,0,0.6425467614468583
0,37.0,72,1,1,1,1,1,1,1,0,9855000,686302500,0,0.8660254037844387,-0.4999999999999998,0,0,1,0,0.045309673426569975
1,18.0,65,1,1,1,-1,-1,-1,1,0,10057500,646432500,0,1.2246467991473532e-16,-1.0,0,0,1,0,0.03618275194739329
1,35.0,72,-1,1,1,1,1,1,1,0,16635000,1188412500,0,1.0,6.123233995736766e-17,0,0,0,1,0.20094668448519654
1,50.0,6,-1,-1,-1,1,-1,1,0,1,13192500,78352500,0,-1.0,-1.8369701987210294e-16,0,0,0,1,0.8202700893218863
1,36.0,32,0,0,0,0,0,0,1,0,2970000,88155000,0,0.4999999999999999,0.8660254037844387,1,0,0,0,0.05864823011613102
0,37.0,50,-1,-1,1,-1,1,1,1,0,11355000,581430000,0,-0.8660254037844385,-0.5000000000000004,0,0,1,0,0.18612004721998196
1,52.0,61,1,-1,1,1,1,1,1,1,9322500,566827500,0,0.8660254037844387,-0.4999999999999998,0,0,1,0,0.1040203077416002
0,31.0,15,-1,1,1,-1,1,1,0,1,15187500,218587500,1,-0.5000000000000004,0.8660254037844384,0,0,0,1,0.8627427196239027
1,21.0,72,1,1,1,1,1,1,1,0,17272500,1252417500,0,1.0,6.123233995736766e-17,0,0,0,1,0.1463479916071298
1,38.0,9,0,0,0,0,0,0,0,1,2842500,27840000,1,-1.0,-1.8369701987210294e-16,1,0,0,0,0.4007735812891229
0,34.0,1,0,0,0,0,0,0,0,0,2925000,2925000,0,0.8660254037844386,0.5000000000000001,1,0,0,0,0.3875364487828706
0,28.0,12,-1,-1,-1,-1,-1,1,0,1,12982500,160035000,0,-0.8660254037844385,-0.5000000000000004,0,0,0,1,0.8496629381906632
0,38.0,37,-1,-1,-1,1,-1,-1,0,0,4290000,146032500,1,-0.8660254037844386,0.5000000000000001,0,1,0,0,0.2359039762414011
1,46.0,61,0,0,0,0,0,0,1,0,3060000,183967500,0,1.2246467991473532e-16,-1.0,1,0,0,0,0.01701107669941557
1,40.0,18,0,0,0,0,0,0,1,0,2970000,51345000,0,0.8660254037844387,-0.4999999999999998,1,0,0,0,0.09887425979457286
1,44.0,21,-1,-1,-1,-1,-1,-1,0,0,6847500,147757500,0,-0.8660254037844386,0.5000000000000001,0,0,1,0,0.47944339266321295
1,62.0,68,1,1,1,1,-1,1,1,1,8460000,592267500,0,0.8660254037844387,-0.4999999999999998,0,0,1,0,0.0535180900557275
1,36.0,12,-1,-1,-1,-1,-1,-1,0,1,10995000,124207500,0,-1.0,-1.8369701987210294e-16,0,0,0,1,0.8129723458630912
0,43.0,2,-1,-1,-1,-1,-1,-1,0,0,3652500,6277500,1,1.0,6.123233995736766e-17,0,0,1,0,0.7152503109648701
0,34.0,62,-1,-1,1,-1,1,1,0,1,15202500,924705000,0,-0.8660254037844385,-0.5000000000000004,0,0,0,1,0.6645709564540696
0,30.0,29,-1,-1,-1,1,1,1,0,0,14797500,429412500,1,1.0,6.123233995736766e-17,0,0,0,1,0.6942325316120227
1,33.0,1,-1,1,-1,1,-1,-1,0,0,5040000,5040000,0,1.0,6.123233995736766e-17,0,0,1,0,0.5979092237701209
1,34.0,5,-1,-1,1,-1,-1,-1,0,1,11985000,51592500,1,0.4999999999999999,-0.8660254037844387,0,0,0,1,0.8330239576887157
0,44.0,1,0,0,0,0,0,0,0,0,3105000,3105000,0,0.4999999999999999,-0.8660254037844387,1,0,0,0,0.3720773469469001
1,68.0,62,-1,-1,1,1,1,1,1,1,15607500,988575000,0,-0.5000000000000004,0.8660254037844384,0,0,0,1,0.3454311894173359
0,31.0,36,0,0,0,0,0,0,1,0,3037500,107692500,0,-0.8660254037844386,0.5000000000000001,1,0,0,0,0.0475988259562629
0,35.0,28,-1,-1,1,1,1,1,0,1,15495000,433597500,1,-0.8660254037844386,0.5000000000000001,0,0,0,1,0.766756314082224
0,39.0,69,1,1,-1,1,1,-1,1,0,11055000,732877500,0,0.8660254037844387,-0.4999999999999998,0,1,0,0,0.025021100567608073
0,45.0,11,1,-1,-1,1,1,-1,0,1,14430000,183307500,1,-0.8660254037844386,0.5000000000000001,0,0,0,1,0.6985123495680476
0,43.0,63,-1,1,1,1,1,1,0,1,16312500,1030755000,0,0.8660254037844386,0.5000000000000001,0,0,0,1,0.5605460633361393
1,55.0,23,0,0,0,0,0,0,1,0,3022500,60840000,0,-0.5000000000000004,0.8660254037844384,1,0,0,0,0.08071872029728756
1,18.0,10,0,0,0,0,0,0,0,0,2962500,31237500,0,0.4999999999999999,0.8660254037844387,1,0,0,0,0.31242113010182493
0,18.0,71,0,0,0,0,0,0,1,1,3892500,270285000,0,0.4999999999999999,-0.8660254037844387,1,0,0,0,0.01639331142038422
0,34.0,45,1,-1,-1,1,-1,1,0,1,10507500,459367500,0,0.4999999999999999,-0.8660254037844387,0,1,0,0,0.20641141352631104
0,53.0,70,0,0,0,0,0,0,1,0,3607500,264712500,0,1.2246467991473532e-16,-1.0,1,0,0,0,0.011452108644311725
0,21.0,22,-1,-1,-1,-1,-1,1,0,1,12712500,272512500,0,0.4999999999999999,-0.8660254037844387,0,0,0,1,0.8129349528831769
0,18.0,52,0,0,0,0,0,0,1,0,3457500,188265000,0,-0.8660254037844386,0.5000000000000001,1,0,0,0,0.0251247135952059
1,47.0,55,-1,-1,1,1,1,1,1,1,15622500,861457500,1,-0.8660254037844386,0.5000000000000001,0,0,0,1,0.38035335654906155
0,43.0,65,1,-1,1,1,1,1,1,0,8992500,588165000,0,0.8660254037844386,0.5000000000000001,0,0,1,0,0.06504000214480465
0,27.0,72,0,0,0,0,0,0,1,0,2932500,219517500,0,-1.0,-1.8369701987210294e-16,1,0,0,0,0.010897780527144761
1,28.0,10,0,0,0,0,0,0,1,0,2940000,28417500,0,1.2246467991473532e-16,-1.0,1,0,0,0,0.13230108233480636
0,28.0,7,0,0,0,0,0,0,1,0,3007500,14520000,0,0.4999999999999999,-0.8660254037844387,1,0,0,0,0.14300365744188748
1,41.0,5,-1,1,-1,-1,-1,1,0,1,12832500,61275000,0,1.2246467991473532e-16,-1.0,0,0,0,1,0.8665600187363122
0,32.0,24,1,-1,1,-1,1,1,1,0,11790000,276997500,0,0.0,1.0,0,0,1,0,0.24890044936504183
0,46.0,72,1,1,1,1,1,1,1,1,17520000,1268512500,0,-0.8660254037844386,0.5000000000000001,0,0,0,1,0.19095977954917429
1,18.0,21,1,-1,-1,1,1,-1,0,1,6532500,151725000,0,-0.4999999999999997,-0.8660254037844388,0,0,1,0,0.49374132449990005
1,30.0,69,-1,1,1,1,1,1,1,1,9120000,639510000,0,-0.8660254037844385,-0.5000000000000004,0,0,1,0,0.1118041886205019
1,26.0,44,-1,1,-1,1,-1,-1,0,1,8235000,382365000,0,-0.8660254037844385,-0.5000000000000004,0,1,0,0,0.22052009746449788
0,37.0,61,-1,-1,1,-1,1,-1,1,1,9780000,594757500,0,-1.0,-1.8369701987210294e-16,0,1,0,0,0.11199449253171574
1,34.0,24,-1,1,1,-1,1,1,0,1,15442500,374505000,1,0.4999999999999999,0.8660254037844387,0,0,0,1,0.8394313596730921
0,50.0,1,-1,-1,-1,-1,1,1,0,0,13590000,13590000,1,-0.5000000000000004,0.8660254037844384,0,0,0,1,0.8838369680249524
0,18.0,6,-1,-1,-1,1,-1,-1,0,1,7620000,43207500,1,0.0,1.0,0,1,0,0,0.5496018597440967
1,41.0,4,-1,1,-1,-1,-1,1,0,1,13507500,55215000,1,0.8660254037844386,0.5000000000000001,0,0,0,1,0.868218320927957
1,47.0,72,-1,1,1,1,1,1,1,1,16230000,1176090000,0,0.0,1.0,0,0,0,1,0.27618438794708117
1,62.0,72,1,1,1,1,1,1,1,0,13800000,994912500,0,0.8660254037844386,0.5000000000000001,0,0,1,0,0.04733532150914629
1,34.0,14,-1,-1,-1,-1,-1,-1,0,1,11265000,152002500,0,0.8660254037844386,0.5000000000000001,0,0,0,1,0.806244165421449
1,44.0,7,0,0,0,0,0,0,0,1,3757500,22942500,0,1.2246467991473532e-16,-1.0,1,0,0,0,0.39431794140293047
0,18.0,48,-1,1,-1,-1,-1,-1,1,0,11272500,565897500,0,0.8660254037844387,-0.4999999999999998,0,0,0,1,0.24548582615447367
1,18.0,55,0,0,0,0,0,0,1,0,2925000,153952500,0,0.8660254037844386,0.5000000000000001,1,0,0,0,0.023356687205942573
1,50.0,1,0,0,0,0,0,0,0,0,2895000,2895000,0,-0.4999999999999997,-0.8660254037844388,1,0,0,0,0.3803940039994166
1,40.0,45,1,1,1,1,1,1,1,0,16830000,754777500,0,0.8660254037844387,-0.4999999999999998,0,0,0,1,0.23362094188940394
1,54.0,3,-1,-1,-1,-1,-1,-1,0,1,10545000,33060000,0,0.8660254037844387,-0.4999999999999998,0,0,0,1,0.8586783802428022
0,24.0,71,0,0,0,0,0,0,1,0,2940000,212475000,0,0.4999999999999999,0.8660254037844387,1,0,0,0,0.011789211679567974
1,46.0,8,0,0,0,0,0,0,0,0,3037500,23752500,0,0.0,1.0,1,0,0,0,0.32235453889433785
0,62.0,3,-1,-1,-1,-1,-1,-1,0,1,11377500,38490000,1,-0.8660254037844385,-0.5000000000000004,0,0,0,1,0.8403864383362363
1,45.0,69,1,1,-1,1,1,1,1,0,12097500,831382500,0,1.2246467991473532e-16,-1.0,0,0,1,0,0.049225681788824534
1,43.0,1,-1,-1,-1,-1,-1,-1,0,1,10275000,10275000,1,-0.8660254037844386,0.5000000000000001,0,0,0,1,0.8704133736787686
0,40.0,72,1,1,1,1,1,1,1,1,17362500,1266555000,0,-0.4999999999999997,-0.8660254037844388,0,0,0,1,0.18960659366601956
1,21.0,11,1,-1,-1,-1,-1,-1,0,1,11025000,118762500,1,0.8660254037844387,-0.4999999999999998,0,0,0,1,0.7529229081225816
1,56.0,71,1,1,1,1,-1,1,1,0,12090000,856230000,0,0.4999999999999999,0.8660254037844387,0,0,1,0,0.03271773611254365
0,33.0,1,-1,-1,-1,-1,-1,-1,0,1,10492500,10492500,1,-0.8660254037844386,0.5000000000000001,0,0,0,1,0.8651249076664091
0,46.0,33,1,-1,1,1,1,1,1,0,8932500,302445000,0,-0.8660254037844386,0.5000000000000001,0,1,0,0,0.14029187954782174
0,21.0,16,0,0,0,0,0,0,1,0,2857500,48997500,0,0.8660254037844387,-0.4999999999999998,1,0,0,0,0.10680144668295138
0,26.0,56,1,1,1,1,-1,-1,1,0,14347500,820762500,0,0.8660254037844386,0.5000000000000001,0,0,0,1,0.0974557472096026
0,57.0,1,0,0,0,0,0,0,0,0,2992500,2992500,0,0.4999999999999999,0.8660254037844387,1,0,0,0,0.3819341489735194
1,36.0,5,-1,-1,1,-1,1,1,0,1,10507500,51960000,1,0.4999999999999999,-0.8660254037844387,0,1,0,0,0.7709669253173383
1,57.0,57,0,0,0,0,0,0,1,0,2910000,159240000,0,0.8660254037844387,-0.4999999999999998,1,0,0,0,0.020312917575649767
1,39.0,56,-1,1,1,-1,-1,-1,1,1,5415000,295725000,0,0.0,1.0,0,1,0,0,0.09644967086846884
1,18.0,8,-1,1,1,-1,1,-1,0,1,14100000,116047500,1,0.4999999999999999,0.8660254037844387,0,0,0,1,0.8499443941119976
0,51.0,22,1,1,1,-1,-1,-1,0,0,9172500,213307500,1,0.8660254037844386,0.5000000000000001,0,1,0,0,0.26976059735132935
0,33.0,1,0,0,0,0,0,0,0,0,2962500,2962500,0,0.8660254037844386,0.5000000000000001,1,0,0,0,0.38681983482171467
0,48.0,40,1,-1,-1,1,1,-1,0,1,9615000,369052500,0,0.8660254037844387,-0.4999999999999998,0,1,0,0,0.23596299845295068
1,40.0,46,0,0,0,0,0,0,1,0,2962500,128475000,0,0.8660254037844386,0.5000000000000001,1,0,0,0,0.03307973731356291
1,21.0,63,0,0,0,0,0,0,1,0,2955000,191377500,0,-0.8660254037844385,-0.5000000000000004,1,0,0,0,0.01621854326329371
1,42.0,68,1,1,1,-1,1,1,1,1,16530000,1120125000,0,1.2246467991473532e-16,-1.0,0,0,0,1,0.27496355740252576
1,66.0,69,1,1,-1,1,1,1,1,1,15952500,1089262500,0,-0.8660254037844386,0.5000000000000001,0,0,0,1,0.19915152425171023
0,46.0,56,-1,1,1,1,-1,-1,0,0,13582500,767490000,0,0.4999999999999999,0.8660254037844387,0,0,0,1,0.3130191885141207
0,39.0,10,-1,1,1,-1,-1,1,1,1,9885000,99007500,0,-0.8660254037844385,-0.5000000000000004,0,1,0,0,0.3837737513433958
1,53.0,63,1,1,1,1,1,-1,1,0,15675000,988620000,0,0.4999999999999999,-0.8660254037844387,0,0,0,1,0.11317318263808725
0,43.0,24,1,1,1,1,-1,1,1,1,7875000,181222500,0,0.8660254037844386,0.5000000000000001,0,1,0,0,0.17539062171063646
0,43.0,19,-1,-1,1,-1,-1,-1,0,1,8415000,155085000,0,0.4999999999999999,0.8660254037844387,0,0,1,0,0.5645839883496142
1,27.0,22,-1,-1,1,-1,1,-1,0,1,13312500,282772500,0,1.2246467991473532e-16,-1.0,0,0,0,1,0.806104889043406
1,43.0,29,1,1,-1,-1,-1,-1,0,1,12667500,370065000,1,0.8660254037844387,-0.4999999999999998,0,0,0,1,0.5870224967647037
1,52.0,13,-1,-1,1,-1,1,1,1,1,11295000,148417500,1,0.0,1.0,0,1,0,0,0.4720838400011448
0,30.0,70,0,0,0,0,0,0,1,1,3900000,301042500,0,-0.5000000000000004,0.8660254037844384,1,0,0,0,0.01819252502255538
0,57.0,49,-1,1,1,-1,1,1,0,0,14910000,753750000,0,0.4999999999999999,-0.8660254037844387,0,0,0,1,0.6440319754655068
0,39.0,43,1,-1,1,1,1,1,1,1,16432500,724537500,1,0.8660254037844387,-0.4999999999999998,0,0,0,1,0.34273342621758907
0,29.0,3,0,0,0,0,0,0,0,1,2940000,8962500,1,0.4999999999999999,0.8660254037844387,1,0,0,0,0.46407556435883285
1,52.0,42,-1,-1,1,1,1,1,1,0,10972500,463237500,0,-0.8660254037844385,-0.5000000000000004,0,0,1,0,0.16957692873707045
1,37.0,57,-1,1,-1,1,-1,-1,1,1,8197500,470205000,0,1.0,6.123233995736766e-17,0,1,0,0,0.06057669919642578
1,49.0,2,1,-1,1,-1,1,-1,0,0,9960000,14182500,1,0.4999999999999999,-0.8660254037844387,0,0,1,0,0.5728246981846778
0,36.0,72,1,1,1,1,1,1,1,1,17332500,1246860000,0,-0.8660254037844385,-0.5000000000000004,0,0,0,1,0.1870531123709635
0,39.0,46,-1,1,1,-1,1,1,0,1,15667500,729577500,0,-1.0,-1.8369701987210294e-16,0,0,0,1,0.7361953259230419
1,46.0,66,-1,-1,-1,1,1,1,0,1,15007500,1030785000,1,1.2246467991473532e-16,-1.0,0,0,0,1,0.5721360562189101
1,43.0,62,1,1,-1,1,-1,1,1,0,15300000,979387500,1,-0.8660254037844386,0.5000000000000001,0,0,0,1,0.12456609227765508
0,18.0,72,1,1,1,1,1,1,1,1,13672500,995685000,0,-0.8660254037844385,-0.5000000000000004,0,0,1,0,0.06681373202614037
1,27.0,35,-1,1,-1,1,1,-1,1,1,13455000,474840000,0,-0.8660254037844386,0.5000000000000001,0,0,0,1,0.3984004701056884
1,51.0,17,1,1,1,-1,-1,-1,0,0,13530000,218122500,1,-0.8660254037844385,-0.5000000000000004,0,0,0,1,0.5502530651237878
0,38.0,72,1,1,1,1,1,1,1,1,13860000,1017915000,0,-0.5000000000000004,0.8660254037844384,0,0,1,0,0.06878046399401874
0,34.0,28,0,0,0,0,0,0,1,0,2985000,81450000,0,0.0,1.0,1,0,0,0,0.06689902724604585
1,24.0,56,0,0,0,0,0,0,1,1,3772500,199072500,1,0.4999999999999999,0.8660254037844387,1,0,0,0,0.03177728447150874
0,27.0,31,-1,-1,-1,1,-1,-1,0,1,11977500,360622500,1,-0.5000000000000004,0.8660254037844384,0,0,0,1,0.6077630195234452
1,18.0,45,0,0,0,0,0,0,1,0,2827500,130095000,0,0.0,1.0,1,0,0,0,0.03583828671523358
0,39.0,1,0,0,0,0,0,0,0,1,3862500,3862500,0,1.0,6.123233995736766e-17,1,0,0,0,0.45536066025273797
0,33.0,2,-1,1,-1,-1,-1,-1,0,1,7440000,17205000,1,1.0,6.123233995736766e-17,0,1,0,0,0.6542809601406655
0,28.0,6,0,0,0,0,0,0,0,1,3142500,16425000,0,0.4999999999999999,0.8660254037844387,1,0,0,0,0.42724078601363646
0,39.0,48,-1,1,1,-1,1,1,1,1,14557500,703942500,0,-0.8660254037844386,0.5000000000000001,0,0,0,1,0.49989241034745296
1,44.0,25,0,0,0,0,0,0,0,1,3810000,82027500,0,-0.8660254037844386,0.5000000000000001,1,0,0,0,0.23827166136666791
1,65.0,64,0,0,0,0,0,0,1,1,2955000,191107500,0,0.0,1.0,1,0,0,0,0.02292885834628473
1,22.0,50,1,1,-1,-1,-1,-1,0,1,5250000,267360000,0,0.8660254037844387,-0.4999999999999998,0,1,0,0,0.19843249236600968
0,54.0,52,-1,-1,1,-1,1,1,1,0,15187500,795165000,0,0.4999999999999999,-0.8660254037844387,0,0,0,1,0.3868590642045458
1,52.0,4,-1,-1,-1,-1,-1,-1,0,1,10530000,42052500,0,-0.5000000000000004,0.8660254037844384,0,0,0,1,0.8567453657153697
0,31.0,32,-1,-1,-1,-1,1,1,0,0,13642500,434692500,0,0.8660254037844387,-0.4999999999999998,0,0,0,1,0.7639972588348135
1,42.0,45,1,1,-1,1,1,-1,1,0,11077500,505650000,0,0.4999999999999999,-0.8660254037844387,0,0,1,0,0.0666562687263863
1,35.0,9,1,-1,-1,-1,-1,1,0,1,13207500,120195000,0,1.0,6.123233995736766e-17,0,0,0,1,0.8081255782324364
0,42.0,66,-1,-1,1,1,1,1,1,1,15892500,1046287500,1,-0.8660254037844386,0.5000000000000001,0,0,0,1,0.310593234808495
1,58.0,3,-1,-1,1,-1,-1,1,0,0,13777500,38557500,1,-0.8660254037844385,-0.5000000000000004,0,0,0,1,0.8217723734895436
0,47.0,54,0,0,0,0,0,0,1,0,3015000,161917500,0,0.8660254037844386,0.5000000000000001,1,0,0,0,0.023122014469231452
0,46.0,1,-1,-1,-1,1,1,-1,0,0,6015000,6015000,1,0.8660254037844386,0.5000000000000001,0,0,1,0,0.6843844948491149
0,35.0,64,1,1,-1,1,1,1,1,0,16545000,1049595000,0,-0.4999999999999997,-0.8660254037844388,0,0,0,1,0.15425318326928145
0,22.0,31,-1,-1,-1,-1,-1,-1,0,1,11085000,332572500,1,1.0,6.123233995736766e-17,0,0,0,1,0.7060107713145479
0,37.0,14,-1,-1,-1,-1,1,1,0,1,13470000,169365000,1,0.4999999999999999,-0.8660254037844387,0,0,0,1,0.883958719685314
0,54.0,12,1,-1,-1,-1,1,-1,1,1,12772500,146857500,0,-0.8660254037844385,-0.5000000000000004,0,0,0,1,0.5586529440606047
1,22.0,67,1,1,-1,1,-1,-1,1,1,9142500,617910000,0,-0.8660254037844386,0.5000000000000001,0,1,0,0,0.028854071041601783
0,27.0,35,1,-1,1,1,1,-1,0,0,10837500,385282500,1,-1.0,-1.8369701987210294e-16,0,1,0,0,0.19505709203332158
0,42.0,45,1,-1,-1,1,-1,1,1,0,11032500,502365000,0,0.8660254037844386,0.5000000000000001,0,0,1,0,0.07453663513403856
1,28.0,10,-1,-1,-1,-1,-1,-1,0,0,6900000,73815000,0,-0.8660254037844386,0.5000000000000001,0,0,1,0,0.5825995925891256
0,30.0,29,1,1,-1,-1,-1,-1,0,1,8782500,257842500,0,-0.8660254037844386,0.5000000000000001,0,0,1,0,0.34642757997587664
0,35.0,24,0,0,0,0,0,0,1,0,3690000,90787500,0,0.8660254037844386,0.5000000000000001,1,0,0,0,0.07496086390060927
1,24.0,66,0,0,0,0,0,0,1,1,2962500,201675000,0,0.4999999999999999,0.8660254037844387,1,0,0,0,0.022078088876871287
1,28.0,51,1,-1,-1,-1,1,-1,1,0,12952500,640072500,0,-0.8660254037844385,-0.5000000000000004,0,0,0,1,0.22428564405260526
0,48.0,45,0,0,0,0,0,0,1,0,3825000,168157500,0,1.2246467991473532e-16,-1.0,1,0,0,0,0.030701351903608985
0,24.0,49,0,0,0,0,0,0,1,0,2850000,137805000,0,0.0,1.0,1,0,0,0,0.02911494240359624
0,21.0,29,0,0,0,0,0,0,1,1,2932500,78270000,0,-0.8660254037844385,-0.5000000000000004,1,0,0,0,0.0890265320496684
1,32.0,40,1,1,-1,1,1,1,0,1,16515000,670365000,0,-0.8660254037844386,0.5000000000000001,0,0,0,1,0.5916225872357893
0,49.0,37,-1,-1,-1,-1,1,1,0,1,14482500,537045000,1,0.4999999999999999,0.8660254037844387,0,0,0,1,0.8021289936751111
1,38.0,25,-1,-1,-1,-1,-1,-1,0,0,10462500,259402500,0,0.4999999999999999,0.8660254037844387,0,0,0,1,0.6811981117532826
0,34.0,22,-1,-1,1,-1,1,1,0,1,7590000,160995000,0,-1.0,-1.8369701987210294e-16,0,0,1,0,0.7445628237078583
1,41.0,72,1,1,1,1,1,1,1,1,9840000,684975000,0,-0.4999999999999997,-0.8660254037844388,0,1,0,0,0.05371114894875109
0,19.0,7,-1,1,-1,-1,-1,1,0,1,6015000,43995000,1,1.2246467991473532e-16,-1.0,0,0,1,0,0.7757325224906129
1,46.0,33,-1,1,1,1,1,1,1,0,12315000,390465000,0,-0.8660254037844385,-0.5000000000000004,0,0,1,0,0.18337244454569185
0,45.0,23,-1,1,-1,1,-1,-1,0,1,11865000,267562500,0,-1.0,-1.8369701987210294e-16,0,0,0,1,0.6371771669515912
1,35.0,24,-1,1,-1,-1,1,1,0,1,15187500,366022500,1,0.8660254037844386,0.5000000000000001,0,0,0,1,0.838405077306563
0,52.0,1,-1,-1,-1,-1,1,-1,0,0,11932500,11932500,1,-1.0,-1.8369701987210294e-16,0,0,0,1,0.84741396291295
1,26.0,69,1,1,1,1,1,1,1,0,13597500,948315000,0,0.4999999999999999,0.8660254037844387,0,0,1,0,0.05364385814401216
0,54.0,3,0,0,0,0,0,0,1,1,3082500,8610000,0,-1.0,-1.8369701987210294e-16,1,0,0,0,0.22225178893281938
1,42.0,56,-1,1,-1,1,1,1,1,1,11362500,642697500,0,0.4999999999999999,0.8660254037844387,0,0,1,0,0.15709049823420349
1,36.0,65,1,-1,1,1,1,1,1,1,16500000,1070797500,0,-0.4999999999999997,-0.8660254037844388,0,0,0,1,0.23348005713658665
1,40.0,71,0,0,0,0,0,0,1,0,3127500,230962500,0,1.0,6.123233995736766e-17,1,0,0,0,0.011902803261211528
0,39.0,14,-1,-1,1,-1,-1,-1,0,1,12052500,158715000,0,1.0,6.123233995736766e-17,0,0,0,1,0.7896350819398623
0,55.0,2,-1,-1,-1,-1,-1,-1,0,1,10522500,18570000,0,-0.4999999999999997,-0.8660254037844388,0,0,0,1,0.8547695273033468
0,27.0,32,-1,-1,-1,-1,1,-1,1,0,12607500,417277500,1,-0.5000000000000004,0.8660254037844384,0,0,0,1,0.4477268376442019
1,31.0,40,1,-1,1,-1,-1,1,0,0,10117500,409650000,0,-1.0,-1.8369701987210294e-16,0,0,1,0,0.2915809143581219
1,52.0,1,0,0,0,0,0,0,0,0,3112500,3112500,0,0.0,1.0,1,0,0,0,0.3868525182729882
1,33.0,1,-1,-1,-1,-1,1,1,0,1,13365000,13365000,1,-0.8660254037844386,0.5000000000000001,0,0,0,1,0.9225659467265673
0,51.0,7,-1,-1,-1,-1,-1,-1,0,1,10485000,74595000,0,-1.0,-1.8369701987210294e-16,0,0,0,1,0.8375895855418336
0,60.0,15,-1,-1,-1,-1,-1,-1,0,1,7665000,106672500,0,-0.5000000000000004,0.8660254037844384,0,1,0,0,0.5490962159249967
0,35.0,17,1,-1,1,-1,1,-1,0,0,14160000,241080000,1,1.2246467991473532e-16,-1.0,0,0,0,1,0.6595190318487221
1,48.0,19,-1,1,1,-1,-1,-1,0,1,11737500,223642500,1,0.4999999999999999,0.8660254037844387,0,0,0,1,0.7629085755904497
1,26.0,71,0,0,0,0,0,0,1,0,3832500,284715000,0,-0.4999999999999997,-0.8660254037844388,1,0,0,0,0.011572989065368178
0,49.0,54,1,-1,-1,1,-1,-1,1,0,9000000,491092500,0,1.0,6.123233995736766e-17,0,0,1,0,0.03872802367127714
1,42.0,31,1,1,-1,1,-1,-1,0,1,13582500,439462500,0,-0.8660254037844385,-0.5000000000000004,0,0,0,1,0.4643659704843427
0,46.0,11,1,-1,-1,-1,-1,-1,0,0,11460000,125805000,0,0.4999999999999999,-0.8660254037844387,0,0,0,1,0.6498554651686747
0,32.0,18,-1,-1,1,-1,-1,1,0,1,12742500,216547500,0,0.8660254037844386,0.5000000000000001,0,0,0,1,0.834748395686419
0,20.0,72,1,1,-1,1,1,1,1,1,16515000,1162005000,0,-0.8660254037844386,0.5000000000000001,0,0,0,1,0.18538818910146665
0,46.0,71,-1,1,-1,-1,1,1,0,1,14947500,1042672500,0,-0.4999999999999997,-0.8660254037844388,0,0,0,1,0.5843401627771057
1,18.0,5,-1,-1,1,1,1,-1,0,0,6810000,32212500,0,-0.4999999999999997,-0.8660254037844388,0,0,1,0,0.6375859841800389
1,36.0,38,-1,-1,1,1,-1,1,1,0,10350000,400417500,0,1.0,6.123233995736766e-17,0,0,1,0,0.1416602381691933
1,51.0,5,-1,-1,-1,1,-1,-1,0,1,7297500,35280000,0,1.0,6.123233995736766e-17,0,0,1,0,0.6163783276243949
1,42.0,2,-1,-1,-1,-1,-1,-1,0,1,6622500,13897500,1,1.0,6.123233995736766e-17,0,0,1,0,0.7392329416279078
0,63.0,52,1,-1,1,-1,-1,-1,1,0,8977500,465487500,0,1.0,6.123233995736766e-17,0,0,1,0,0.05909436721748548
0,52.0,8,-1,-1,-1,-1,-1,-1,0,1,11362500,90937500,1,1.2246467991473532e-16,-1.0,0,0,0,1,0.8194128050051214
0,32.0,68,-1,1,1,-1,1,1,1,1,12097500,799530000,0,-0.8660254037844386,0.5000000000000001,0,1,0,0,0.12313636108916898
1,40.0,69,0,0,0,0,0,0,1,1,3082500,210465000,0,1.0,6.123233995736766e-17,1,0,0,0,0.018728020795288524
0,39.0,42,1,1,-1,1,-1,-1,0,1,9960000,409170000,0,-0.8660254037844385,-0.5000000000000004,0,0,1,0,0.1732631983393583
0,21.0,50,-1,1,-1,1,1,1,1,1,15030000,755767500,0,0.4999999999999999,0.8660254037844387,0,0,0,1,0.39537246171938395
0,29.0,1,0,0,0,0,0,0,0,1,2865000,2865000,1,-0.4999999999999997,-0.8660254037844388,1,0,0,0,0.4732525623320092
1,33.0,1,1,-1,-1,-1,-1,-1,0,1,12045000,12045000,1,-0.8660254037844386,0.5000000000000001,0,0,0,1,0.7877889009362562
1,18.0,33,-1,-1,-1,-1,-1,-1,0,1,6682500,219390000,0,0.8660254037844387,-0.4999999999999998,0,0,1,0,0.4730800207733775
0,41.0,7,0,0,0,0,0,0,0,0,3052500,22590000,0,-1.0,-1.8369701987210294e-16,1,0,0,0,0.31749744319277545
1,37.0,64,1,1,1,-1,-1,-1,0,1,13770000,894075000,0,-0.8660254037844386,0.5000000000000001,0,0,0,1,0.3465078366155632
0,20.0,1,-1,-1,1,-1,-1,-1,0,1,11235000,11235000,1,0.8660254037844386,0.5000000000000001,0,0,0,1,0.8622251937688119
1,45.0,59,0,0,0,0,0,0,1,1,3030000,178845000,0,-0.5000000000000004,0.8660254037844384,1,0,0,0,0.028263120362962035
0,49.0,6,-1,-1,-1,-1,-1,-1,0,0,7552500,47182500,0,-0.5000000000000004,0.8660254037844384,0,1,0,0,0.5403889519703583
0,43.0,3,0,0,0,0,0,0,0,0,2820000,8400000,0,-0.5000000000000004,0.8660254037844384,1,0,0,0,0.3660473101275437
0,36.0,15,0,0,0,0,0,0,0,0,3067500,49620000,0,-0.4999999999999997,-0.8660254037844388,1,0,0,0,0.24791283337921588
1,47.0,13,-1,-1,-1,-1,1,1,1,1,9712500,131602500,0,1.2246467991473532e-16,-1.0,0,1,0,0,0.49259867947399505
0,48.0,23,-1,1,-1,-1,1,1,0,1,14805000,337365000,0,-0.8660254037844385,-0.5000000000000004,0,0,0,1,0.8322961566891337
1,44.0,31,1,-1,-1,-1,1,-1,0,0,13417500,421147500,0,0.4999999999999999,-0.8660254037844387,0,0,0,1,0.5884191469108817
1,30.0,29,1,1,-1,1,-1,-1,1,1,8812500,254430000,0,-0.5000000000000004,0.8660254037844384,0,0,1,0,0.11864446550353647
0,43.0,49,0,0,0,0,0,0,1,0,3105000,154807500,0,0.4999999999999999,-0.8660254037844387,1,0,0,0,0.027501766226060608
0,54.0,56,-1,-1,-1,-1,1,-1,0,1,12840000,735420000,0,0.8660254037844386,0.5000000000000001,0,0,0,1,0.6228846422091473
0,33.0,63,1,1,1,1,-1,1,1,1,12045000,749302500,0,-0.8660254037844385,-0.5000000000000004,0,0,1,0,0.05563958329869772
1,65.0,63,-1,-1,1,1,1,1,1,0,11970000,755107500,0,-0.5000000000000004,0.8660254037844384,0,0,1,0,0.0966215314351421
1,34.0,24,1,-1,-1,-1,-1,-1,0,1,11977500,278662500,0,0.4999999999999999,0.8660254037844387,0,0,0,1,0.6569633317918703
1,40.0,36,-1,-1,1,1,-1,-1,1,0,8115000,298927500,0,1.2246467991473532e-16,-1.0,0,0,1,0,0.10782818662987594
0,32.0,9,-1,-1,-1,-1,1,-1,0,1,12127500,112747500,1,0.4999999999999999,0.8660254037844387,0,0,0,1,0.8714000938960189
1,43.0,3,-1,-1,-1,-1,-1,-1,0,0,3712500,10042500,1,0.8660254037844386,0.5000000000000001,0,0,1,0,0.7142618166732378
0,19.0,21,1,-1,1,1,1,1,1,0,12135000,257242500,0,-0.4999999999999997,-0.8660254037844388,0,0,1,0,0.1902103763482254
1,33.0,13,0,0,0,0,0,0,1,0,3675000,51540000,0,0.8660254037844387,-0.4999999999999998,1,0,0,0,0.11444485867655675
1,27.0,1,0,0,0,0,0,0,0,1,3022500,3022500,0,0.4999999999999999,-0.8660254037844387,1,0,0,0,0.4810168627535217
0,42.0,25,0,0,0,0,0,0,1,0,3007500,78015000,0,1.2246467991473532e-16,-1.0,1,0,0,0,0.071829635846937
1,52.0,71,0,0,0,0,0,0,1,1,2940000,208117500,0,0.4999999999999999,0.8660254037844387,1,0,0,0,0.017357436352874945
1,48.0,66,1,1,1,1,1,1,1,1,17145000,1107555000,0,0.8660254037844387,-0.4999999999999998,0,0,0,1,0.2108016755177829
0,18.0,45,1,1,-1,-1,1,1,1,1,15045000,672592500,0,0.8660254037844386,0.5000000000000001,0,0,0,1,0.4134721867361843
0,65.0,22,-1,-1,-1,-1,1,-1,0,1,12000000,255967500,0,-0.8660254037844386,0.5000000000000001,0,0,0,1,0.8125708220171814
0,44.0,67,0,0,0,0,0,0,1,1,3127500,199110000,0,0.4999999999999999,-0.8660254037844387,1,0,0,0,0.018886705783934418
0,31.0,68,-1,-1,1,-1,1,-1,1,1,13492500,896145000,0,1.0,6.123233995736766e-17,0,0,0,1,0.288771162595373
0,42.0,0,0,0,0,0,0,0,1,0,3000000,0,0,-0.8660254037844385,-0.5000000000000004,1,0,0,0,0.18129565496716782
0,42.0,49,-1,-1,1,-1,-1,1,0,1,13627500,677377500,1,1.0,6.123233995736766e-17,0,0,0,1,0.6705626770560507
0,32.0,4,-1,-1,-1,-1,-1,-1,0,0,7312500,26977500,0,-0.4999999999999997,-0.8660254037844388,0,0,1,0,0.6079750297790791
1,42.0,63,1,1,1,1,-1,1,1,0,12000000,756030000,0,0.4999999999999999,-0.8660254037844387,0,0,1,0,0.04012067957515955
0,33.0,2,-1,1,1,-1,-1,-1,0,0,11955000,24750000,1,-0.5000000000000004,0.8660254037844384,0,0,0,1,0.7744268486698419
1,35.0,21,0,0,0,0,0,0,1,1,3052500,63405000,0,-0.8660254037844385,-0.5000000000000004,1,0,0,0,0.12256309447786105
1,32.0,55,1,1,-1,1,-1,-1,1,0,8632500,456960000,1,-0.4999999999999997,-0.8660254037844388,0,1,0,0,0.027703143867648113
1,23.0,1,0,0,0,0,0,0,0,1,3037500,3037500,0,1.2246467991473532e-16,-1.0,1,0,0,0,0.4790321974189521
0,42.0,17,0,0,0,0,0,0,1,0,2910000,53707500,0,-0.8660254037844386,0.5000000000000001,1,0,0,0,0.10091738905273408
1,47.0,30,1,-1,-1,-1,1,1,0,1,15060000,440437500,0,0.4999999999999999,-0.8660254037844387,0,0,0,1,0.7509711034844587
1,46.0,22,1,1,-1,1,-1,-1,0,1,8692500,190770000,0,0.8660254037844386,0.5000000000000001,0,0,1,0,0.3247949498654854
0,50.0,9,-1,-1,-1,1,1,-1,0,1,8925000,79507500,0,-0.5000000000000004,0.8660254037844384,0,1,0,0,0.589580386448582
1,44.0,1,0,0,0,0,0,0,0,0,2880000,2880000,0,0.8660254037844386,0.5000000000000001,1,0,0,0,0.39422484566927324
0,34.0,21,-1,-1,-1,-1,-1,1,0,1,12975000,271305000,1,-0.5000000000000004,0.8660254037844384,0,0,0,1,0.8180038581125273
1,50.0,19,-1,-1,1,1,-1,-1,0,0,8932500,171690000,0,0.4999999999999999,0.8660254037844387,0,0,1,0,0.3737725408817954
0,24.0,69,-1,1,1,-1,1,1,0,1,15592500,1117035000,1,-0.8660254037844385,-0.5000000000000004,0,0,0,1,0.6247976338459607
1,29.0,1,-1,-1,-1,-1,-1,-1,0,1,3765000,3765000,1,0.8660254037844386,0.5000000000000001,0,0,1,0,0.8019152875583628
0,28.0,72,1,1,1,1,1,-1,1,1,15592500,1133535000,0,0.8660254037844386,0.5000000000000001,0,0,0,1,0.13628024201876066
1,53.0,70,1,-1,1,-1,1,-1,1,0,10342500,728805000,0,-0.5000000000000004,0.8660254037844384,0,0,1,0,0.05166398501730696
0,51.0,66,1,1,1,1,-1,1,0,1,15465000,989250000,0,-0.4999999999999997,-0.8660254037844388,0,0,0,1,0.31697981354892607
0,46.0,7,-1,-1,-1,-1,-1,-1,0,1,3705000,22357500,0,0.0,1.0,0,0,1,0,0.7512648647904437
0,53.0,46,1,1,-1,1,1,1,0,1,16530000,745815000,0,1.2246467991473532e-16,-1.0,0,0,0,1,0.530020280210515
1,29.0,39,1,1,-1,1,1,-1,0,1,7342500,282127500,1,-0.4999999999999997,-0.8660254037844388,0,1,0,0,0.25514474697727246
0,44.0,32,-1,1,1,-1,-1,-1,0,0,9367500,306832500,0,-0.4999999999999997,-0.8660254037844388,0,1,0,0,0.2733255791125066
1,38.0,24,-1,1,1,-1,-1,1,0,1,13432500,328072500,0,0.4999999999999999,-0.8660254037844387,0,0,0,1,0.7905641894898404
1,50.0,6,-1,1,-1,-1,-1,1,0,1,12532500,71632500,1,-1.0,-1.8369701987210294e-16,0,0,0,1,0.8668430918975715
0,39.0,37,1,1,1,1,1,-1,0,1,11835000,446542500,0,-0.8660254037844386,0.5000000000000001,0,1,0,0,0.22785121379723808
1,35.0,8,0,0,0,0,0,0,0,0,3052500,26805000,0,0.8660254037844387,-0.4999999999999998,1,0,0,0,0.3197150274396316
0,46.0,72,1,-1,1,-1,1,-1,1,1,10717500,753877500,0,-0.4999999999999997,-0.8660254037844388,0,0,1,0,0.06391620476051257
1,51.0,71,1,1,1,1,-1,-1,1,0,6952500,503010000,0,1.0,6.123233995736766e-17,0,0,1,0,0.021832870277832272
0,32.0,16,-1,1,-1,-1,1,1,0,1,14197500,219172500,0,0.4999999999999999,0.8660254037844387,0,0,0,1,0.8689852046570354
0,39.0,57,1,-1,1,1,-1,1,0,1,7485000,417360000,0,0.8660254037844386,0.5000000000000001,0,0,1,0,0.20156333849696859
1,27.0,66,0,0,0,0,0,0,1,0,3817500,254872500,0,0.8660254037844386,0.5000000000000001,1,0,0,0,0.014699207863118225
0,18.0,17,-1,1,1,-1,1,-1,0,1,13372500,224535000,1,-0.5000000000000004,0.8660254037844384,0,0,0,1,0.8174290768390567
0,42.0,21,0,0,0,0,0,0,0,0,3112500,67830000,0,0.0,1.0,1,0,0,0,0.21068001958607882
1,47.0,66,1,1,1,-1,-1,-1,1,1,9915000,664267500,0,-0.4999999999999997,-0.8660254037844388,0,0,1,0,0.05083633494628575
0,43.0,17,-1,1,-1,-1,1,1,0,1,11310000,198382500,0,-0.4999999999999997,-0.8660254037844388,0,0,1,0,0.6975261624142599
1,18.0,1,-1,-1,-1,-1,-1,-1,0,1,10567500,10567500,1,0.4999999999999999,-0.8660254037844387,0,0,0,1,0.8678168368678976
1,36.0,58,1,1,1,-1,-1,-1,1,0,9045000,534570000,1,0.8660254037844387,-0.4999999999999998,0,1,0,0,0.03870725138039102
0,18.0,8,0,0,0,0,0,0,0,0,3157500,20962500,0,0.4999999999999999,-0.8660254037844387,1,0,0,0,0.3089118937039038
1,56.0,27,1,-1,1,1,1,-1,1,0,10402500,289095000,0,0.4999999999999999,-0.8660254037844387,0,0,1,0,0.125115891054274
1,27.0,34,-1,1,-1,-1,-1,1,0,0,13327500,450037500,0,1.0,6.123233995736766e-17,0,0,0,1,0.6623556155667617
1,55.0,30,-1,1,-1,-1,1,1,1,1,14550000,453195000,0,-0.8660254037844385,-0.5000000000000004,0,0,0,1,0.6134760273275646
1,51.0,33,-1,1,1,-1,1,-1,0,1,9960000,336810000,0,1.0,6.123233995736766e-17,0,0,1,0,0.5137705418231852
1,29.0,1,-1,-1,-1,-1,-1,-1,0,0,3712500,3712500,1,-0.4999999999999997,-0.8660254037844388,0,0,1,0,0.7233617314796831
1,26.0,14,1,1,-1,-1,-1,1,0,0,10380000,141697500,0,1.0,6.123233995736766e-17,0,0,1,0,0.4615853040597027
0,44.0,16,-1,-1,-1,1,-1,-1,1,1,11925000,189630000,0,0.8660254037844387,-0.4999999999999998,0,0,0,1,0.4604483409924723
0,30.0,49,-1,-1,1,1,1,1,1,0,15097500,737662500,0,0.4999999999999999,-0.8660254037844387,0,0,0,1,0.320924309800842
1,41.0,19,-1,-1,1,1,1,1,0,0,15495000,301905000,1,-0.4999999999999997,-0.8660254037844388,0,0,0,1,0.7372652651536646
0,34.0,70,1,1,1,1,1,-1,1,0,11955000,861495000,0,-1.0,-1.8369701987210294e-16,0,0,1,0,0.032218034882486674
0,19.0,32,1,1,-1,1,-1,-1,0,0,9210000,279697500,0,0.8660254037844387,-0.4999999999999998,0,0,1,0,0.17509194199423758
0,18.0,18,-1,-1,-1,-1,-1,-1,0,1,10470000,183247500,0,-0.8660254037844385,-0.5000000000000004,0,0,0,1,0.7862447593224998
1,43.0,37,1,1,-1,1,-1,-1,1,1,6082500,208627500,0,-0.8660254037844386,0.5000000000000001,0,0,1,0,0.10189078425986715
0,33.0,4,-1,-1,-1,-1,-1,-1,0,1,11347500,45352500,0,1.0,6.123233995736766e-17,0,0,0,1,0.8442957658977377
0,33.0,16,1,1,1,-1,-1,-1,0,0,13605000,206235000,0,0.8660254037844386,0.5000000000000001,0,0,0,1,0.5633516153971442
1,48.0,17,-1,1,-1,-1,-1,-1,0,1,12075000,200535000,0,0.8660254037844386,0.5000000000000001,0,0,0,1,0.7634507054589043
0,54.0,19,1,1,1,-1,-1,-1,0,1,9090000,194670000,0,0.0,1.0,0,0,1,0,0.43255365996870915
1,37.0,60,-1,-1,1,-1,1,1,1,0,15172500,910110000,0,0.8660254037844387,-0.4999999999999998,0,0,0,1,0.3523657820250602
1,36.0,51,0,0,0,0,0,0,1,1,3742500,183337500,0,0.4999999999999999,0.8660254037844387,1,0,0,0,0.038626644824574424
1,46.0,28,0,0,0,0,0,0,1,1,3045000,73192500,0,0.4999999999999999,-0.8660254037844387,1,0,0,0,0.0929050280847308
1,24.0,43,-1,1,-1,-1,-1,1,1,1,9000000,382282500,0,-0.8660254037844385,-0.5000000000000004,0,0,1,0,0.2185390945534805
1,43.0,42,0,0,0,0,0,0,1,0,3037500,125325000,0,-0.4999999999999997,-0.8660254037844388,1,0,0,0,0.037105270972335486
1,47.0,3,-1,-1,-1,-1,1,-1,0,1,11775000,36307500,1,1.0,6.123233995736766e-17,0,0,0,1,0.8935205492326304
0,48.0,1,-1,-1,-1,-1,-1,-1,0,0,6712500,6712500,0,0.0,1.0,0,0,1,0,0.6571509746343416
0,18.0,3,0,0,0,0,0,0,0,0,2977500,9562500,1,-0.4999999999999997,-0.8660254037844388,1,0,0,0,0.35806760206797905
0,31.0,63,1,1,1,-1,1,-1,1,0,14700000,932767500,0,0.8660254037844387,-0.4999999999999998,0,0,0,1,0.1606899337828311
1,29.0,3,-1,-1,-1,-1,1,-1,0,1,11985000,39135000,1,-0.8660254037844385,-0.5000000000000004,0,0,0,1,0.8897166993140214
1,41.0,68,1,1,-1,1,1,1,0,1,16155000,1098135000,0,-0.8660254037844385,-0.5000000000000004,0,0,0,1,0.41909120253267124
0,46.0,30,-1,1,-1,-1,1,1,0,1,14955000,445102500,1,1.2246467991473532e-16,-1.0,0,0,0,1,0.8042102278804862
0,58.0,60,-1,1,1,-1,1,1,1,0,15705000,950070000,0,-0.4999999999999997,-0.8660254037844388,0,0,0,1,0.3160278315042642
1,34.0,15,-1,1,-1,1,-1,-1,0,1,8790000,140955000,1,1.2246467991473532e-16,-1.0,0,0,1,0,0.47328821508204494
1,34.0,45,-1,-1,-1,-1,1,1,0,1,14085000,630037500,0,-0.5000000000000004,0.8660254037844384,0,0,0,1,0.7742520900707501
0,54.0,70,1,1,1,1,1,1,1,0,12967500,892530000,0,0.0,1.0,0,0,1,0,0.047956296394963405
1,44.0,10,-1,-1,1,-1,1,1,0,1,14775000,155662500,1,-0.8660254037844385,-0.5000000000000004,0,0,0,1,0.8902495319094802
1,55.0,4,0,0,0,0,0,0,0,0,2910000,14010000,0,0.4999999999999999,0.8660254037844387,1,0,0,0,0.3630342145958886
0,43.0,1,-1,-1,1,-1,-1,-1,0,1,7567500,7567500,1,-0.8660254037844386,0.5000000000000001,0,0,1,0,0.7213813430652105
0,26.0,68,0,0,0,0,0,0,1,1,3742500,242235000,0,0.4999999999999999,0.8660254037844387,1,0,0,0,0.01900703466635126
1,24.0,22,1,-1,-1,-1,-1,-1,0,0,11250000,236092500,0,0.0,1.0,0,0,0,1,0.5925374426286215
1,21.0,38,-1,1,1,-1,1,-1,0,1,14197500,543645000,1,0.4999999999999999,-0.8660254037844387,0,0,0,1,0.7075175157620806
0,48.0,1,-1,1,-1,-1,1,1,0,1,15037500,15037500,1,-0.8660254037844386,0.5000000000000001,0,0,0,1,0.8978083848429727
1,54.0,18,-1,-1,1,1,-1,-1,0,0,11730000,220312500,0,-0.5000000000000004,0.8660254037844384,0,0,0,1,0.6239793854118584
1,62.0,29,-1,-1,-1,1,1,1,0,1,14130000,391140000,0,-0.8660254037844386,0.5000000000000001,0,0,0,1,0.7719473519797565
0,50.0,16,-1,-1,1,-1,-1,1,0,1,13267500,213315000,1,-0.8660254037844385,-0.5000000000000004,0,0,0,1,0.8304487868581011
1,54.0,1,-1,-1,-1,-1,-1,-1,0,1,10477500,10477500,1,-0.8660254037844385,-0.5000000000000004,0,0,0,1,0.8640689340970251
1,33.0,12,1,-1,1,-1,-1,-1,0,0,12255000,128790000,1,0.8660254037844387,-0.4999999999999998,0,0,0,1,0.6382560208341674
1,26.0,31,-1,-1,1,-1,1,1,1,1,7507500,228510000,0,0.4999999999999999,-0.8660254037844387,0,0,1,0,0.44136051486176525
1,50.0,4,-1,-1,-1,-1,-1,1,0,1,11985000,48645000,1,0.8660254037844386,0.5000000000000001,0,0,0,1,0.8922072997940275
0,45.0,48,-1,-1,1,1,-1,1,1,1,10432500,515340000,0,-0.8660254037844386,0.5000000000000001,0,0,1,0,0.14478017906919213
0,41.0,15,0,0,0,0,0,0,0,1,3810000,59940000,1,-0.8660254037844386,0.5000000000000001,1,0,0,0,0.31883822043630716
1,45.0,50,1,1,1,1,-1,-1,1,1,13515000,682417500,0,0.8660254037844386,0.5000000000000001,0,0,0,1,0.16172890520419428
1,44.0,7,-1,-1,-1,-1,-1,-1,0,1,6697500,48375000,0,1.2246467991473532e-16,-1.0,0,0,1,0,0.6922965353332321
1,55.0,41,1,-1,1,-1,-1,-1,0,1,12562500,491032500,1,0.8660254037844387,-0.4999999999999998,0,0,0,1,0.5165931009449484
1,56.0,68,1,-1,1,-1,-1,-1,1,0,12052500,806272500,0,-0.8660254037844386,0.5000000000000001,0,0,0,1,0.10777319907798613
0,47.0,26,-1,-1,1,-1,1,1,0,1,14715000,376605000,0,1.0,6.123233995736766e-17,0,0,0,1,0.8412281887294796
1,50.0,57,-1,-1,1,1,1,1,1,0,8002500,463507500,0,-0.4999999999999997,-0.8660254037844388,0,1,0,0,0.10110568402910577
0,46.0,3,0,0,0,0,0,0,0,0,2932500,9157500,0,0.4999999999999999,0.8660254037844387,1,0,0,0,0.366029075914613
0,34.0,1,0,0,0,0,0,0,0,0,3135000,3135000,1,-0.5000000000000004,0.8660254037844384,1,0,0,0,0.3801010967629454
1,49.0,19,1,-1,-1,-1,-1,-1,1,1,7342500,143340000,0,-0.5000000000000004,0.8660254037844384,0,0,1,0,0.25078830744603886
0,23.0,3,-1,-1,-1,-1,1,-1,0,1,8130000,21060000,0,-0.8660254037844386,0.5000000000000001,0,1,0,0,0.7374058555574289
0,53.0,59,0,0,0,0,0,0,1,0,3667500,223965000,0,0.8660254037844386,0.5000000000000001,1,0,0,0,0.018644002118685336
0,26.0,1,-1,-1,-1,-1,-1,-1,0,1,10410000,10410000,1,-0.4999999999999997,-0.8660254037844388,0,0,0,1,0.8635754994679432
1,43.0,42,1,-1,-1,-1,1,-1,0,1,6022500,243907500,0,1.2246467991473532e-16,-1.0,0,1,0,0,0.33860639518657576
0,30.0,7,-1,-1,-1,-1,-1,-1,0,1,11235000,81172500,1,-0.8660254037844385,-0.5000000000000004,0,0,0,1,0.8290220313756214
1,47.0,67,0,0,0,0,0,0,1,0,3840000,267735000,0,-0.8660254037844386,0.5000000000000001,1,0,0,0,0.013692101214783217
1,40.0,1,-1,-1,-1,-1,-1,-1,0,1,10552500,10552500,0,1.2246467991473532e-16,-1.0,0,0,0,1,0.8645665861290819
1,21.0,66,1,1,1,1,1,1,1,0,13755000,911385000,0,0.4999999999999999,-0.8660254037844387,0,1,0,0,0.04521077657334457
0,45.0,61,-1,-1,1,-1,-1,1,0,0,13380000,825090000,0,0.4999999999999999,0.8660254037844387,0,0,0,1,0.5015972250118066
1,33.0,4,0,0,0,0,0,0,1,0,3615000,10965000,0,-0.4999999999999997,-0.8660254037844388,1,0,0,0,0.1536433398420153
0,51.0,42,1,-1,-1,-1,-1,-1,0,1,11122500,484410000,1,-1.0,-1.8369701987210294e-16,0,0,0,1,0.5258284727344634
0,40.0,64,-1,1,-1,-1,-1,-1,1,1,8077500,509977500,0,0.8660254037844386,0.5000000000000001,0,0,1,0,0.08092250400417013
0,45.0,54,1,1,1,1,1,1,1,1,17340000,964657500,0,-0.8660254037844386,0.5000000000000001,0,0,0,1,0.26658855460940095
1,29.0,1,0,0,0,0,0,0,0,1,2962500,2962500,0,0.8660254037844387,-0.4999999999999998,1,0,0,0,0.48557125977167676
1,33.0,54,0,0,0,0,0,0,1,1,3607500,184635000,0,-0.8660254037844385,-0.5000000000000004,1,0,0,0,0.03273436117355527
0,34.0,18,0,0,0,0,0,0,1,0,3795000,68197500,0,-1.0,-1.8369701987210294e-16,1,0,0,0,0.0900031086651346
1,50.0,3,-1,1,-1,-1,-1,1,0,0,12645000,35257500,0,-0.5000000000000004,0.8660254037844384,0,0,0,1,0.8300980196497507
0,60.0,1,-1,-1,-1,-1,-1,-1,0,1,10515000,10515000,1,-1.0,-1.8369701987210294e-16,0,0,0,1,0.8603477007359814
0,30.0,72,1,1,1,1,1,1,1,0,13462500,989385000,0,0.8660254037844386,0.5000000000000001,0,1,0,0,0.03949379095994375
1,53.0,60,-1,1,1,-1,1,1,1,1,14692500,880050000,0,0.4999999999999999,-0.8660254037844387,0,0,0,1,0.4204656222614687
0,18.0,11,0,0,0,0,0,0,1,1,3000000,29452500,0,0.4999999999999999,-0.8660254037844387,1,0,0,0,0.17447693701460582
0,26.0,12,1,-1,-1,-1,-1,-1,0,1,11745000,136387500,1,-0.8660254037844385,-0.5000000000000004,0,0,0,1,0.7223594831159477
1,28.0,61,-1,1,1,1,1,1,1,0,15585000,967372500,0,-1.0,-1.8369701987210294e-16,0,0,0,1,0.25210305418389173
0,24.0,39,0,0,0,0,0,0,1,0,3105000,114367500,0,-0.4999999999999997,-0.8660254037844388,1,0,0,0,0.04089918235499926
1,21.0,55,-1,-1,-1,-1,1,1,0,1,14520000,792592500,1,0.4999999999999999,0.8660254037844387,0,0,0,1,0.7259229602911229
0,45.0,17,1,1,-1,-1,1,-1,0,1,14160000,242625000,1,1.0,6.123233995736766e-17,0,0,0,1,0.7272815860565721
1,37.0,37,0,0,0,0,0,0,1,0,3022500,117862500,0,-1.0,-1.8369701987210294e-16,1,0,0,0,0.04681033761656747
0,45.0,72,0,0,0,0,0,0,1,1,3900000,266400000,0,0.4999999999999999,0.8660254037844387,1,0,0,0,0.015841370004888056
1,48.0,72,-1,1,1,1,1,-1,1,0,11602500,809437500,0,1.2246467991473532e-16,-1.0,0,0,1,0,0.042945389234359185
0,43.0,8,1,-1,-1,1,-1,1,0,0,9907500,86175000,0,0.4999999999999999,-0.8660254037844387,0,0,1,0,0.43217941391902476
0,48.0,22,0,0,0,0,0,0,0,0,2985000,60045000,0,-0.8660254037844386,0.5000000000000001,1,0,0,0,0.1988354022303977
0,39.0,1,-1,1,-1,-1,1,-1,0,0,12645000,12645000,1,0.8660254037844387,-0.4999999999999998,0,0,0,1,0.8292565829177444
0,26.0,38,-1,1,-1,1,-1,1,0,0,10222500,398445000,0,-0.5000000000000004,0.8660254037844384,0,0,1,0,0.2919114277170142
1,53.0,17,-1,1,1,1,1,1,1,0,12127500,216892500,0,-0.4999999999999997,-0.8660254037844388,0,1,0,0,0.23194698477045886
0,33.0,70,-1,1,1,1,1,-1,1,1,11325000,781897500,0,-1.0,-1.8369701987210294e-16,0,1,0,0,0.05464277816446216
0,29.0,72,1,1,1,1,1,1,1,0,13867500,966037500,1,0.4999999999999999,0.8660254037844387,0,0,1,0,0.045295071331009004
0,38.0,28,-1,-1,-1,-1,-1,1,0,1,12090000,336742500,0,0.4999999999999999,-0.8660254037844387,0,0,0,1,0.7910153173716946
0,29.0,15,-1,1,-1,-1,1,-1,0,1,12480000,169500000,0,0.4999999999999999,0.8660254037844387,0,0,0,1,0.8313555621585484
1,35.0,72,1,1,1,1,1,1,1,1,13132500,969472500,0,0.4999999999999999,-0.8660254037844387,0,0,1,0,0.06982682955617649
0,44.0,11,-1,-1,1,-1,1,1,0,1,14932500,169680000,1,-0.8660254037844386,0.5000000000000001,0,0,0,1,0.8850966179804372
1,44.0,8,-1,-1,1,-1,-1,-1,0,1,12187500,87892500,1,0.4999999999999999,-0.8660254037844387,0,0,0,1,0.8158216296248516
0,29.0,57,-1,1,1,1,1,1,1,1,16410000,937905000,0,-1.0,-1.8369701987210294e-16,0,0,0,1,0.33799200214290803
1,34.0,1,0,0,0,0,0,0,0,0,2992500,2992500,1,-0.8660254037844386,0.5000000000000001,1,0,0,0,0.38801041010232906
0,53.0,46,1,1,-1,-1,1,-1,0,0,6832500,309322500,0,-1.0,-1.8369701987210294e-16,0,0,1,0,0.24192035395281153
1,46.0,30,0,0,0,0,0,0,1,0,3105000,88065000,0,0.0,1.0,1,0,0,0,0.062391848513725874
1,65.0,10,1,-1,-1,-1,-1,-1,0,0,11295000,108067500,0,-1.0,-1.8369701987210294e-16,0,0,0,1,0.6623205025166912
1,54.0,23,1,1,1,-1,1,-1,0,1,14887500,327960000,1,0.8660254037844387,-0.4999999999999998,0,0,0,1,0.6841388716153286
1,54.0,32,1,1,1,-1,-1,1,0,1,14010000,446895000,0,-0.8660254037844386,0.5000000000000001,0,0,0,1,0.6558417310784329
1,23.0,13,1,-1,-1,-1,-1,-1,0,1,11062500,143497500,0,1.2246467991473532e-16,-1.0,0,0,0,1,0.7362333272875653
0,49.0,39,-1,-1,1,1,-1,-1,1,1,12067500,480232500,1,0.4999999999999999,-0.8660254037844387,0,0,0,1,0.30240831587973643
0,39.0,44,-1,1,1,-1,1,-1,0,1,13222500,595980000,0,-0.8660254037844386,0.5000000000000001,0,0,0,1,0.6786065343841865
1,33.0,9,-1,-1,-1,1,-1,-1,0,0,7380000,67185000,0,1.0,6.123233995736766e-17,0,1,0,0,0.43431589446893026
0,42.0,67,0,0,0,0,0,0,1,0,2947500,200280000,0,-0.8660254037844386,0.5000000000000001,1,0,0,0,0.013329256829206531
1,51.0,9,-1,-1,1,-1,-1,-1,0,1,11902500,99187500,1,1.0,6.123233995736766e-17,0,0,0,1,0.8189389757906346
0,46.0,15,-1,1,-1,-1,-1,-1,0,1,11962500,166777500,1,-0.8660254037844386,0.5000000000000001,0,0,0,1,0.7641426653911232
0,29.0,71,-1,1,1,-1,1,1,1,1,15772500,1133250000,0,-0.8660254037844386,0.5000000000000001,0,0,0,1,0.35681869891860035
1,49.0,1,-1,-1,-1,1,-1,-1,0,0,7350000,7350000,0,0.4999999999999999,-0.8660254037844387,0,0,1,0,0.5493685717139212
0,32.0,30,-1,-1,1,-1,1,1,0,1,15007500,456922500,1,1.0,6.123233995736766e-17,0,0,0,1,0.8286540457986971
1,43.0,1,-1,-1,-1,-1,-1,-1,0,1,10402500,10402500,1,0.8660254037844387,-0.4999999999999998,0,0,0,1,0.8688061620772367
1,36.0,17,-1,1,-1,-1,1,1,0,1,7470000,125452500,0,1.2246467991473532e-16,-1.0,0,1,0,0,0.7248718965424407
0,37.0,3,-1,-1,-1,1,-1,1,0,0,12870000,40830000,1,1.2246467991473532e-16,-1.0,0,0,0,1,0.7714481699786522
1,49.0,67,1,-1,1,-1,1,1,1,1,11955000,794010000,1,1.2246467991473532e-16,-1.0,0,1,0,0,0.09538434087925005
1,28.0,1,0,0,0,0,0,0,0,0,3142500,3142500,0,0.4999999999999999,-0.8660254037844387,1,0,0,0,0.38210822264157507
0,63.0,1,-1,-1,-1,-1,-1,-1,0,0,7582500,7582500,1,-0.5000000000000004,0.8660254037844384,0,0,1,0,0.6309920444752143
0,18.0,32,-1,-1,1,-1,-1,-1,0,0,11895000,385500000,0,1.0,6.123233995736766e-17,0,0,0,1,0.6101522301097225
1,33.0,41,0,0,0,0,0,0,1,0,2925000,119730000,0,1.0,6.123233995736766e-17,1,0,0,0,0.04086711635244245
1,44.0,1,-1,-1,-1,-1,1,-1,0,1,12082500,12082500,1,1.0,6.123233995736766e-17,0,0,0,1,0.8962648258112429
0,47.0,1,-1,-1,-1,-1,-1,-1,0,0,6622500,6622500,0,0.8660254037844387,-0.4999999999999998,0,0,1,0,0.653920759543025
0,39.0,12,-1,1,1,-1,-1,-1,0,1,12675000,137535000,1,0.0,1.0,0,0,0,1,0.7766929419426963
1,39.0,62,1,1,-1,-1,1,1,0,1,15825000,973080000,0,1.2246467991473532e-16,-1.0,0,0,0,1,0.5481137510620216
0,45.0,22,-1,1,-1,-1,-1,1,0,1,12645000,278347500,1,0.8660254037844386,0.5000000000000001,0,0,0,1,0.8047992065427398
0,37.0,17,-1,1,1,1,-1,-1,0,1,13905000,233527500,0,-0.8660254037844385,-0.5000000000000004,0,0,0,1,0.6440483329261002
0,57.0,72,0,0,0,0,0,0,1,1,3937500,298207500,0,0.4999999999999999,-0.8660254037844387,1,0,0,0,0.015650434264594355
1,50.0,56,-1,1,-1,1,1,-1,0,1,14542500,814830000,0,0.8660254037844387,-0.4999999999999998,0,0,0,1,0.4951151834009276
0,50.0,9,0,0,0,0,0,0,0,1,3067500,22132500,0,0.8660254037844387,-0.4999999999999998,1,0,0,0,0.38603642123972604
1,28.0,72,1,1,1,1,1,1,1,1,17370000,1263735000,0,0.4999999999999999,-0.8660254037844387,0,0,0,1,0.19769090772671705
1,39.0,20,1,1,1,1,1,1,0,1,16230000,330555000,0,-0.8660254037844386,0.5000000000000001,0,0,0,1,0.7041403434387657
1,36.0,19,0,0,0,0,0,0,1,0,3030000,58110000,0,-0.8660254037844386,0.5000000000000001,1,0,0,0,0.09546699072900328
1,28.0,2,-1,-1,-1,-1,-1,-1,0,1,10162500,17497500,1,-0.8660254037844386,0.5000000000000001,0,0,0,1,0.8691665906067215
1,44.0,53,-1,-1,1,1,1,1,1,0,8235000,456862500,0,0.0,1.0,0,0,1,0,0.146449214580777
0,34.0,27,-1,-1,-1,-1,-1,1,0,1,12787500,343087500,1,-1.0,-1.8369701987210294e-16,0,0,0,1,0.7886456201229108
1,48.0,6,0,0,0,0,0,0,0,0,3022500,19575000,0,0.4999999999999999,0.8660254037844387,1,0,0,0,0.34235646540435577
1,27.0,9,-1,-1,1,-1,1,-1,1,1,13552500,115185000,0,-0.8660254037844385,-0.5000000000000004,0,0,0,1,0.6769543001104805
0,61.0,8,-1,1,-1,-1,-1,-1,0,0,8362500,67020000,0,1.2246467991473532e-16,-1.0,0,0,1,0,0.5228045654320042
0,29.0,71,1,1,1,1,1,1,1,0,17190000,1215037500,0,0.8660254037844386,0.5000000000000001,0,0,0,1,0.14311980154638923
0,43.0,10,-1,1,-1,-1,-1,-1,0,1,12007500,124605000,1,0.4999999999999999,0.8660254037844387,0,0,0,1,0.7979855794912311
1,50.0,1,0,0,0,0,0,0,0,0,3000000,3000000,1,-0.5000000000000004,0.8660254037844384,1,0,0,0,0.3876991590077573
0,33.0,71,1,1,1,1,1,1,1,0,10020000,703372500,0,0.8660254037844387,-0.4999999999999998,0,0,1,0,0.047803211797947276
1,50.0,68,-1,1,-1,1,1,1,1,1,15045000,1013152500,0,0.8660254037844386,0.5000000000000001,0,0,0,1,0.28898802222122283
1,25.0,34,-1,1,-1,1,1,1,0,1,15802500,531097500,0,0.8660254037844387,-0.4999999999999998,0,0,0,1,0.7217371479383866
1,57.0,26,-1,1,1,1,-1,-1,1,1,12780000,327690000,0,-0.8660254037844385,-0.5000000000000004,0,0,0,1,0.3567572536392708
0,40.0,22,1,-1,-1,-1,-1,-1,0,1,7320000,158190000,1,0.0,1.0,0,0,1,0,0.4513845269529795
1,33.0,7,0,0,0,0,0,0,0,1,2842500,19582500,0,-0.8660254037844385,-0.5000000000000004,1,0,0,0,0.41900773868435076
0,36.0,20,-1,-1,-1,-1,-1,-1,0,1,10470000,231052500,0,-0.8660254037844386,0.5000000000000001,0,0,0,1,0.7831756526935283
0,50.0,60,-1,1,1,-1,1,1,0,1,15922500,961687500,0,0.4999999999999999,-0.8660254037844387,0,0,0,1,0.6598312918434347
1,33.0,72,0,0,0,0,0,0,1,0,3082500,214882500,0,0.0,1.0,1,0,0,0,0.011362916855377712
0,31.0,72,-1,1,1,-1,1,1,1,1,15862500,1144477500,0,0.0,1.0,0,0,0,1,0.35262551174602974
1,37.0,4,0,0,0,0,0,0,0,0,3787500,15285000,0,0.8660254037844387,-0.4999999999999998,1,0,0,0,0.33956351154695374
1,26.0,16,0,0,0,0,0,0,0,0,2962500,47010000,0,0.4999999999999999,-0.8660254037844387,1,0,0,0,0.25087814425311705
0,62.0,62,1,-1,1,-1,1,1,1,1,15727500,946935000,0,-1.0,-1.8369701987210294e-16,0,0,0,1,0.3094945239594862
0,33.0,10,-1,-1,-1,1,-1,1,0,1,9142500,94432500,0,0.4999999999999999,-0.8660254037844387,0,0,1,0,0.6327589322505353
1,50.0,31,-1,1,-1,-1,-1,-1,0,1,12172500,396082500,0,1.0,6.123233995736766e-17,0,0,0,1,0.6840195112007917
0,43.0,71,0,0,0,0,0,0,1,0,2865000,205867500,0,-0.8660254037844385,-0.5000000000000004,1,0,0,0,0.011005455811494544
1,28.0,58,0,0,0,0,0,0,1,0,3120000,181837500,0,-0.8660254037844386,0.5000000000000001,1,0,0,0,0.020107540361617073
1,40.0,70,1,1,1,1,1,1,1,1,13522500,935557500,0,0.8660254037844386,0.5000000000000001,0,0,1,0,0.07231959697025123
0,49.0,71,1,1,1,1,1,1,1,0,13515000,946635000,0,0.8660254037844386,0.5000000000000001,0,0,1,0,0.0468270198855402
1,38.0,69,1,-1,1,1,-1,1,1,0,11115000,754650000,0,0.8660254037844387,-0.4999999999999998,0,0,1,0,0.03698364621217301
0,54.0,1,-1,-1,-1,-1,-1,1,0,1,12757500,12757500,1,0.4999999999999999,-0.8660254037844387,0,0,0,1,0.8856569488872231
0,52.0,72,1,1,1,1,1,1,1,1,17812500,1300867500,0,-0.5000000000000004,0.8660254037844384,0,0,0,1,0.19445020829583487
0,51.0,26,-1,-1,-1,1,-1,1,0,0,12885000,329467500,0,-0.8660254037844386,0.5000000000000001,0,0,0,1,0.6369839009538588
0,34.0,33,-1,-1,1,1,-1,1,0,1,14250000,451222500,0,0.0,1.0,0,0,0,1,0.6705913629456471
0,27.0,10,0,0,0,0,0,0,1,0,3022500,33120000,0,-0.8660254037844386,0.5000000000000001,1,0,0,0,0.13126753522965076
0,33.0,57,1,-1,1,1,-1,1,1,0,15195000,866940000,0,-0.5000000000000004,0.8660254037844384,0,0,0,1,0.14546001651629117
0,42.0,10,0,0,0,0,0,0,0,1,3180000,33397500,0,0.4999999999999999,0.8660254037844387,1,0,0,0,0.38429356320570496
0,47.0,39,0,0,0,0,0,0,1,1,3630000,137190000,0,0.0,1.0,1,0,0,0,0.059737012767449985
0,18.0,11,0,0,0,0,0,0,0,0,3045000,36945000,0,0.4999999999999999,-0.8660254037844387,1,0,0,0,0.2869742079647252
0,40.0,21,-1,1,1,1,1,1,0,1,15420000,316522500,1,-0.8660254037844385,-0.5000000000000004,0,0,0,1,0.7767310378399459
0,42.0,68,-1,1,1,1,1,1,1,0,12795000,834000000,0,0.4999999999999999,-0.8660254037844387,0,1,0,0,0.058262974878949075
1,37.0,18,-1,-1,1,-1,1,-1,1,1,13440000,244950000,0,1.2246467991473532e-16,-1.0,0,0,0,1,0.6237771854669133
0,55.0,6,-1,-1,1,1,1,1,0,1,14992500,82147500,1,-0.4999999999999997,-0.8660254037844388,0,0,0,1,0.8492024099806609
1,45.0,18,1,-1,-1,-1,-1,-1,0,0,8437500,145477500,0,0.4999999999999999,0.8660254037844387,0,1,0,0,0.3276120167745395
0,56.0,52,-1,-1,1,-1,-1,-1,1,1,7642500,391597500,0,1.2246467991473532e-16,-1.0,0,0,1,0,0.12431836664762222
1,37.0,56,1,1,1,1,1,1,1,0,17377500,985185000,0,0.8660254037844387,-0.4999999999999998,0,0,0,1,0.19267225495365248
1,51.0,45,-1,-1,1,1,1,1,0,1,15547500,712177500,0,-0.4999999999999997,-0.8660254037844388,0,0,0,1,0.6843534114712332
0,60.0,67,0,0,0,0,0,0,1,1,3915000,263932500,0,-0.8660254037844386,0.5000000000000001,1,0,0,0,0.01901963824623853
1,56.0,3,1,-1,-1,1,-1,-1,0,0,5265000,15165000,0,0.8660254037844386,0.5000000000000001,0,1,0,0,0.4347957108471008
1,27.0,65,-1,1,1,-1,1,1,0,1,14865000,974422500,0,1.2246467991473532e-16,-1.0,0,0,0,1,0.6464060767553532
1,37.0,63,-1,1,-1,1,-1,1,1,0,10087500,635122500,0,-0.8660254037844385,-0.5000000000000004,0,0,1,0,0.0602829770884851
0,36.0,11,0,0,0,0,0,0,1,0,3750000,45105000,0,-0.8660254037844385,-0.5000000000000004,1,0,0,0,0.11623170739159816
1,46.0,1,-1,-1,-1,1,-1,1,0,1,8932500,8932500,0,-0.8660254037844385,-0.5000000000000004,0,1,0,0,0.6597411732575875
1,48.0,55,-1,-1,1,-1,1,1,1,1,11670000,648502500,0,-1.0,-1.8369701987210294e-16,0,0,1,0,0.2273704731957884
1,30.0,25,-1,-1,-1,1,-1,-1,1,1,8265000,219915000,0,0.4999999999999999,-0.8660254037844387,0,0,1,0,0.20802305221864711
1,41.0,72,1,1,1,1,1,1,1,1,17670000,1302720000,1,0.4999999999999999,-0.8660254037844387,0,0,0,1,0.19941622782672974
0,18.0,72,0,0,0,0,0,0,1,1,3622500,266467500,0,-0.8660254037844386,0.5000000000000001,1,0,0,0,0.016257420401142503
0,57.0,65,-1,1,-1,1,1,-1,1,0,6787500,440092500,0,0.4999999999999999,0.8660254037844387,0,1,0,0,0.047256440362882006
0,34.0,54,-1,1,-1,-1,-1,-1,0,1,11925000,655537500,1,1.0,6.123233995736766e-17,0,0,0,1,0.5187855256959084
1,41.0,7,0,0,0,0,0,0,0,0,3037500,21652500,0,0.0,1.0,1,0,0,0,0.3329030671116244
0,36.0,72,1,1,-1,1,-1,-1,1,0,9712500,720712500,0,1.0,6.123233995736766e-17,0,1,0,0,0.01648981965230088
1,54.0,21,-1,-1,-1,-1,1,-1,0,0,8190000,168780000,0,0.8660254037844387,-0.4999999999999998,0,0,1,0,0.5556340164193041
0,18.0,2,0,0,0,0,0,0,0,1,3105000,5977500,0,-0.5000000000000004,0.8660254037844384,1,0,0,0,0.46933313814459793
1,40.0,4,-1,-1,1,-1,1,1,0,1,14212500,63360000,0,0.8660254037844387,-0.4999999999999998,0,0,0,1,0.911283239939033
1,39.0,3,-1,-1,-1,1,-1,-1,0,1,11947500,37762500,1,1.2246467991473532e-16,-1.0,0,0,0,1,0.78128995182708
1,35.0,72,1,1,1,1,1,1,1,0,17370000,1249822500,0,0.8660254037844387,-0.4999999999999998,0,0,0,1,0.14138459135378237
0,61.0,6,1,-1,-1,-1,-1,-1,0,1,7417500,47190000,0,-0.8660254037844385,-0.5000000000000004,0,0,1,0,0.5781460067280406
1,29.0,52,-1,-1,1,-1,-1,1,0,1,12570000,649710000,0,-0.4999999999999997,-0.8660254037844388,0,0,0,1,0.6565460525811144
1,49.0,69,-1,1,1,-1,-1,1,0,1,14302500,957300000,0,-0.5000000000000004,0.8660254037844384,0,0,0,1,0.5110034341590296
1,44.0,8,-1,-1,1,-1,1,1,0,1,14205000,111045000,1,1.0,6.123233995736766e-17,0,0,0,1,0.9021558123692528
0,55.0,8,-1,-1,1,-1,-1,-1,0,1,11107500,90022500,0,-0.8660254037844385,-0.5000000000000004,0,0,0,1,0.8254592118512627
0,32.0,63,-1,-1,1,-1,-1,1,0,1,13440000,830820000,0,0.4999999999999999,0.8660254037844387,0,0,0,1,0.5788761814601026
1,31.0,60,1,1,1,1,1,1,1,1,17490000,1057425000,0,0.8660254037844387,-0.4999999999999998,0,0,0,1,0.24360393958975607
0,53.0,12,1,-1,-1,1,-1,-1,0,0,8130000,103575000,0,-0.8660254037844385,-0.5000000000000004,0,0,1,0,0.3267331997503977
0,45.0,13,0,0,0,0,0,0,0,1,2895000,41895000,0,0.4999999999999999,-0.8660254037844387,1,0,0,0,0.35138484859289326
1,21.0,22,1,1,1,-1,-1,-1,0,0,9757500,214132500,0,-0.5000000000000004,0.8660254037844384,0,0,1,0,0.311443304610159
1,34.0,5,-1,-1,1,-1,1,-1,0,1,13875000,67905000,1,0.0,1.0,0,0,0,1,0.8695128165413496
0,45.0,1,0,0,0,0,0,0,0,0,2917500,2917500,1,-0.8660254037844386,0.5000000000000001,1,0,0,0,0.37989134351237946
0,50.0,72,0,0,0,0,0,0,1,1,3607500,256372500,0,0.4999999999999999,0.8660254037844387,1,0,0,0,0.016037905144305958
0,32.0,2,0,0,0,0,0,0,0,0,2812500,7972500,0,0.4999999999999999,0.8660254037844387,1,0,0,0,0.3823933676535562
0,18.0,40,0,0,0,0,0,0,1,0,3022500,116602500,0,0.4999999999999999,-0.8660254037844387,1,0,0,0,0.04028750680061059
1,46.0,44,0,0,0,0,0,0,1,0,3000000,129127500,0,-1.0,-1.8369701987210294e-16,1,0,0,0,0.03461972235500055
1,25.0,71,1,1,-1,1,1,-1,1,1,10650000,751815000,0,0.8660254037844387,-0.4999999999999998,0,1,0,0,0.03732060629370524
0,18.0,2,-1,-1,-1,-1,-1,-1,0,1,11332500,24945000,1,0.0,1.0,0,0,0,1,0.855766078575402
1,18.0,26,-1,-1,-1,-1,1,1,0,1,14040000,360615000,0,0.4999999999999999,-0.8660254037844387,0,0,0,1,0.8493079492399901
1,50.0,1,-1,-1,-1,-1,-1,-1,0,1,10500000,10500000,1,0.8660254037844387,-0.4999999999999998,0,0,0,1,0.8669223685732468
0,42.0,1,-1,-1,-1,-1,-1,-1,0,0,3660000,3660000,0,-0.5000000000000004,0.8660254037844384,0,0,1,0,0.7240373856837711
1,37.0,65,1,-1,-1,1,1,1,1,1,11220000,723022500,1,0.4999999999999999,0.8660254037844387,0,1,0,0,0.07499759517825971
1,57.0,3,-1,-1,-1,1,1,-1,0,1,9787500,31485000,0,0.8660254037844387,-0.4999999999999998,0,0,1,0,0.6698145763509299
1,48.0,13,-1,-1,-1,1,-1,-1,0,1,7582500,91612500,0,0.4999999999999999,0.8660254037844387,0,1,0,0,0.4887346057469375
0,59.0,33,-1,1,1,-1,1,1,0,1,15660000,511440000,1,0.0,1.0,0,0,0,1,0.7934904090349022
0,23.0,1,-1,-1,-1,-1,-1,-1,0,1,10605000,10605000,0,-0.5000000000000004,0.8660254037844384,0,0,0,1,0.866398040094792
1,40.0,4,-1,-1,-1,-1,-1,-1,0,0,6787500,23302500,0,1.2246467991473532e-16,-1.0,0,0,1,0,0.6266536032694211
1,21.0,2,-1,-1,-1,-1,-1,-1,0,1,10545000,21600000,0,-1.0,-1.8369701987210294e-16,0,0,0,1,0.8642721279899495
1,37.0,72,1,1,-1,1,1,1,1,1,16342500,1181250000,0,0.8660254037844386,0.5000000000000001,0,0,0,1,0.1986358612482459
0,37.0,37,0,0,0,0,0,0,0,0,3967500,136740000,0,0.4999999999999999,-0.8660254037844387,1,0,0,0,0.10999248320174247
0,48.0,15,1,-1,-1,-1,1,-1,0,0,12930000,190530000,1,1.2246467991473532e-16,-1.0,0,0,0,1,0.686559349506269
0,41.0,23,0,0,0,0,0,0,1,1,2947500,71715000,0,1.0,6.123233995736766e-17,1,0,0,0,0.11517586577295046
0,47.0,30,-1,-1,-1,1,1,1,0,0,7680000,234225000,1,0.4999999999999999,-0.8660254037844387,0,0,1,0,0.4976861748019684
0,48.0,42,0,0,0,0,0,0,1,1,2857500,114277500,0,0.8660254037844386,0.5000000000000001,1,0,0,0,0.054851682436024646
0,66.0,32,1,-1,-1,-1,1,1,1,0,11212500,342442500,0,-0.8660254037844385,-0.5000000000000004,0,0,1,0,0.19475635784053302
0,36.0,22,-1,-1,-1,-1,-1,-1,0,1,11370000,242265000,0,-0.8660254037844385,-0.5000000000000004,0,0,0,1,0.7479749539160909
1,29.0,42,-1,-1,-1,-1,-1,-1,0,1,3765000,164572500,0,-0.8660254037844386,0.5000000000000001,0,0,1,0,0.4251987661301798
0,43.0,8,-1,-1,-1,-1,-1,-1,0,0,6667500,55395000,0,-1.0,-1.8369701987210294e-16,0,0,1,0,0.5903754716075688
0,30.0,65,1,-1,1,-1,1,1,1,1,15645000,1008795000,0,-0.5000000000000004,0.8660254037844384,0,0,0,1,0.31204239694805974
0,58.0,2,0,0,0,0,0,0,0,0,2925000,4732500,1,-1.0,-1.8369701987210294e-16,1,0,0,0,0.363521575151998
0,37.0,70,1,1,1,1,1,1,1,1,13350000,943980000,0,-0.8660254037844386,0.5000000000000001,0,0,1,0,0.07079234222321883
1,33.0,22,0,0,0,0,0,0,0,0,3022500,64875000,0,0.4999999999999999,-0.8660254037844387,1,0,0,0,0.2042812525040735
0,34.0,4,-1,-1,-1,-1,-1,-1,0,1,11235000,48262500,1,-1.0,-1.8369701987210294e-16,0,0,0,1,0.8427326039301624
0,49.0,2,-1,-1,-1,-1,-1,-1,0,0,11235000,22072500,1,0.4999999999999999,0.8660254037844387,0,0,0,1,0.7976146057177039
0,38.0,67,1,1,-1,-1,-1,-1,1,0,5422500,365167500,0,-0.5000000000000004,0.8660254037844384,0,0,1,0,0.03538178848124989
0,32.0,25,0,0,0,0,0,0,0,1,2880000,79815000,0,0.4999999999999999,-0.8660254037844387,1,0,0,0,0.24915032926224365
0,60.0,20,0,0,0,0,0,0,0,0,2887500,56287500,0,1.0,6.123233995736766e-17,1,0,0,0,0.21525640576481717
0,30.0,2,1,-1,-1,-1,-1,1,0,1,9180000,18892500,0,1.0,6.123233995736766e-17,0,0,1,0,0.689555406712582
1,40.0,51,0,0,0,0,0,0,1,0,3067500,156397500,0,-0.8660254037844385,-0.5000000000000004,1,0,0,0,0.025915901843795
0,48.0,46,1,1,-1,-1,-1,-1,0,0,5257500,243037500,0,0.8660254037844386,0.5000000000000001,0,0,1,0,0.18932563271362726
0,20.0,25,-1,1,-1,-1,1,1,0,1,15037500,358162500,1,-1.0,-1.8369701987210294e-16,0,0,0,1,0.8247562918781262
1,46.0,13,-1,-1,-1,-1,-1,-1,0,0,6600000,98902500,0,-1.0,-1.8369701987210294e-16,0,0,1,0,0.5575104157786418
0,27.0,25,1,1,-1,-1,1,1,0,1,15420000,399030000,1,0.0,1.0,0,0,0,1,0.7648429608616839
1,50.0,26,-1,-1,1,-1,-1,-1,1,0,7552500,192870000,0,0.8660254037844387,-0.4999999999999998,0,1,0,0,0.17402756735299343
1,28.0,43,-1,-1,-1,1,1,1,1,1,15000000,631732500,1,0.8660254037844387,-0.4999999999999998,0,0,0,1,0.4533255640975386
1,48.0,19,0,0,0,0,0,0,0,1,3000000,56632500,0,-0.4999999999999997,-0.8660254037844388,1,0,0,0,0.2962081083537721
1,53.0,10,-1,1,-1,1,1,1,0,1,14977500,148635000,1,1.0,6.123233995736766e-17,0,0,0,1,0.8333927080010903
0,50.0,2,-1,-1,-1,-1,1,1,0,1,14130000,29070000,1,0.0,1.0,0,0,0,1,0.9128172575387484
0,43.0,72,1,1,-1,1,1,1,1,1,12960000,908842500,0,-0.8660254037844386,0.5000000000000001,0,0,1,0,0.06308144377462849
1,37.0,18,1,1,-1,-1,-1,-1,0,1,8760000,144735000,0,0.4999999999999999,-0.8660254037844387,0,0,1,0,0.4333005612823299
1,33.0,9,-1,-1,-1,-1,-1,1,0,1,12577500,118522500,1,0.8660254037844386,0.5000000000000001,0,0,0,1,0.8734069989368798
0,58.0,27,-1,-1,1,-1,-1,1,0,0,13245000,370162500,1,0.8660254037844386,0.5000000000000001,0,0,0,1,0.7208117448589301
1,32.0,24,-1,-1,-1,-1,1,1,0,1,14115000,348427500,0,-1.0,-1.8369701987210294e-16,0,0,0,1,0.8563431888099992
1,28.0,69,-1,1,1,1,1,1,1,1,15607500,1089300000,1,-0.8660254037844385,-0.5000000000000004,0,0,0,1,0.28697139300036006
0,48.0,46,-1,1,1,1,1,1,1,1,16335000,728145000,0,-0.5000000000000004,0.8660254037844384,0,0,0,1,0.3928343078179718
0,30.0,72,1,1,1,1,-1,1,1,1,16110000,1162312500,0,-0.8660254037844386,0.5000000000000001,0,0,0,1,0.13513904027223922
1,29.0,22,-1,-1,1,-1,1,1,0,1,14205000,287235000,1,-0.4999999999999997,-0.8660254037844388,0,0,0,1,0.8569037129243059
0,23.0,70,1,-1,-1,-1,-1,1,0,1,13627500,970515000,0,0.8660254037844386,0.5000000000000001,0,0,0,1,0.434640837114426
0,34.0,2,0,0,0,0,0,0,0,0,2985000,8610000,0,-0.5000000000000004,0.8660254037844384,1,0,0,0,0.37472740737079796
1,39.0,31,-1,-1,1,1,-1,1,0,1,9960000,302970000,0,1.2246467991473532e-16,-1.0,0,0,1,0,0.452455556455681
0,43.0,56,-1,-1,1,-1,1,1,0,1,15097500,853207500,1,0.8660254037844386,0.5000000000000001,0,0,0,1,0.7135976585892395
0,51.0,16,1,-1,1,-1,1,1,0,0,15105000,228405000,0,0.8660254037844387,-0.4999999999999998,0,0,0,1,0.742258135549637
1,46.0,52,0,0,0,0,0,0,1,0,3840000,200175000,0,-0.5000000000000004,0.8660254037844384,1,0,0,0,0.02505583816290447
1,38.0,13,0,0,0,0,0,0,0,1,2977500,37800000,0,-1.0,-1.8369701987210294e-16,1,0,0,0,0.35708474590713607
0,38.0,35,0,0,0,0,0,0,1,0,3112500,105067500,0,0.4999999999999999,-0.8660254037844387,1,0,0,0,0.048231890855960885
0,46.0,59,-1,-1,1,-1,1,1,1,0,14370000,848317500,0,1.0,6.123233995736766e-17,0,0,0,1,0.356677381595999
1,55.0,72,-1,-1,1,-1,1,1,0,1,14197500,1012102500,0,-0.8660254037844386,0.5000000000000001,0,0,0,1,0.6191133853238981
0,42.0,66,-1,1,1,-1,1,1,1,1,12082500,789765000,1,1.0,6.123233995736766e-17,0,0,1,0,0.15913072204330056
0,34.0,49,1,1,1,1,-1,1,1,0,15997500,776152500,0,0.4999999999999999,0.8660254037844387,0,0,0,1,0.15672806368079348
0,28.0,2,-1,-1,-1,-1,-1,-1,0,1,6877500,15840000,0,0.8660254037844387,-0.4999999999999998,0,0,1,0,0.72790452009536
1,23.0,21,-1,1,1,-1,1,1,0,1,15652500,340777500,0,-1.0,-1.8369701987210294e-16,0,0,0,1,0.8445768165723383
1,48.0,54,-1,1,1,-1,1,1,1,1,8317500,445042500,0,1.0,6.123233995736766e-17,0,0,1,0,0.23819863126372112
1,47.0,24,1,-1,-1,-1,-1,-1,0,1,11827500,265837500,1,0.4999999999999999,0.8660254037844387,0,0,0,1,0.6538980882268508
1,47.0,1,1,1,-1,-1,-1,-1,0,0,9172500,9172500,0,-0.4999999999999997,-0.8660254037844388,0,0,1,0,0.4684860743416769
1,38.0,6,1,1,-1,-1,-1,-1,0,1,11842500,74242500,0,-0.8660254037844385,-0.5000000000000004,0,0,0,1,0.7455114139450846
0,57.0,1,-1,-1,-1,-1,-1,-1,0,1,6667500,6667500,1,0.8660254037844387,-0.4999999999999998,0,0,1,0,0.7337855143275569
1,34.0,49,1,1,1,-1,1,1,1,1,16380000,793567500,0,0.4999999999999999,0.8660254037844387,0,0,0,1,0.3850592068340034
0,51.0,56,1,1,1,-1,-1,-1,1,1,9195000,502020000,0,-0.5000000000000004,0.8660254037844384,0,0,1,0,0.06869151753004811
0,40.0,56,1,1,-1,-1,-1,1,0,1,14527500,782947500,0,-1.0,-1.8369701987210294e-16,0,0,0,1,0.4733444823610933
0,33.0,6,-1,1,1,1,-1,-1,1,0,6082500,32625000,0,-0.8660254037844386,0.5000000000000001,0,0,1,0,0.2760982301299768
1,47.0,32,0,0,0,0,0,0,1,0,2970000,91155000,0,0.0,1.0,1,0,0,0,0.05814553177844474
1,45.0,50,1,1,1,-1,1,1,1,1,16237500,814710000,0,1.2246467991473532e-16,-1.0,0,0,0,1,0.3701339851735078
1,44.0,58,-1,-1,1,1,1,1,1,1,15757500,900727500,0,0.8660254037844386,0.5000000000000001,0,0,0,1,0.36336116768673915
0,41.0,65,1,1,1,1,1,1,1,1,13567500,893685000,0,0.8660254037844386,0.5000000000000001,0,1,0,0,0.06725544000871841
0,40.0,64,1,1,1,1,1,1,1,1,12960000,816307500,0,-1.0,-1.8369701987210294e-16,0,1,0,0,0.06520094270335186
0,69.0,66,1,1,1,-1,-1,-1,1,0,10035000,655537500,0,-0.8660254037844386,0.5000000000000001,0,1,0,0,0.02710675717416835
1,54.0,38,1,-1,1,1,1,1,1,1,16605000,664290000,0,-1.0,-1.8369701987210294e-16,0,0,0,1,0.37390907756348807
0,49.0,20,0,0,0,0,0,0,1,1,3000000,62467500,0,1.0,6.123233995736766e-17,1,0,0,0,0.1272544280557404
1,41.0,36,-1,-1,-1,-1,-1,1,0,1,12735000,460080000,1,1.2246467991473532e-16,-1.0,0,0,0,1,0.7471025118412292
1,52.0,64,-1,-1,1,1,1,1,1,0,15315000,1003215000,0,-0.8660254037844386,0.5000000000000001,0,0,0,1,0.25515904864290584
1,46.0,1,0,0,0,0,0,0,0,0,3037500,3037500,1,0.0,1.0,1,0,0,0,0.38998485566734636
0,40.0,60,-1,1,1,1,1,-1,1,1,10522500,633705000,0,1.2246467991473532e-16,-1.0,0,0,1,0,0.09014931774060013
1,36.0,1,-1,1,-1,-1,-1,-1,0,1,11152500,11152500,1,-0.8660254037844386,0.5000000000000001,0,0,0,1,0.850042795391099
0,39.0,50,1,1,1,1,-1,1,1,1,12007500,606330000,0,1.0,6.123233995736766e-17,0,1,0,0,0.06877393793303047
1,18.0,1,-1,-1,1,1,-1,-1,0,0,9307500,9307500,1,-1.0,-1.8369701987210294e-16,0,0,1,0,0.5100582447414573
0,43.0,72,1,1,1,-1,-1,1,1,1,7380000,537142500,0,0.0,1.0,0,1,0,0,0.05489993098683771
1,34.0,60,0,0,0,0,0,0,1,1,3075000,179820000,0,-1.0,-1.8369701987210294e-16,1,0,0,0,0.026465565213936844
1,59.0,46,1,-1,1,1,-1,-1,1,0,5737500,263302500,0,-0.8660254037844385,-0.5000000000000004,0,1,0,0,0.04644550489975148
0,40.0,69,-1,1,1,-1,1,1,1,1,8242500,565875000,0,-0.8660254037844386,0.5000000000000001,0,0,1,0,0.15186746349512406
1,26.0,31,-1,-1,1,1,1,-1,0,1,14490000,431692500,0,1.2246467991473532e-16,-1.0,0,0,0,1,0.6708664586018996
1,39.0,19,0,0,0,0,0,0,1,0,2985000,53655000,0,0.0,1.0,1,0,0,0,0.09717382692605064
0,27.0,71,0,0,0,0,0,0,1,0,2985000,209595000,0,-0.5000000000000004,0.8660254037844384,1,0,0,0,0.01150278313547346
1,46.0,12,1,1,1,-1,-1,-1,0,1,12690000,143985000,0,-0.8660254037844385,-0.5000000000000004,0,0,0,1,0.6931493716285412
1,43.0,39,1,-1,1,1,1,1,1,0,12000000,477442500,1,-0.5000000000000004,0.8660254037844384,0,0,1,0,0.12900875321772037
1,51.0,44,-1,1,1,1,1,1,1,1,12787500,555622500,0,-0.8660254037844385,-0.5000000000000004,0,1,0,0,0.16101852947428036
0,31.0,56,1,1,1,1,1,-1,1,0,12187500,693060000,0,1.0,6.123233995736766e-17,0,0,1,0,0.04820870563816692
0,40.0,72,1,1,1,1,1,1,1,1,17325000,1246912500,0,0.0,1.0,0,0,0,1,0.19401933622701414
1,24.0,5,-1,1,1,-1,1,1,0,0,15615000,81285000,1,-0.8660254037844386,0.5000000000000001,0,0,0,1,0.8454353773752449
0,48.0,11,1,-1,-1,-1,-1,-1,0,1,11850000,139395000,0,-0.8660254037844385,-0.5000000000000004,0,0,0,1,0.7263062454972099
1,46.0,24,1,-1,-1,-1,-1,1,0,0,5865000,145695000,1,-0.5000000000000004,0.8660254037844384,0,0,1,0,0.4832281362015773
0,46.0,15,-1,1,-1,-1,1,1,0,1,14197500,192757500,0,-1.0,-1.8369701987210294e-16,0,0,0,1,0.8638985517998341
1,40.0,72,0,0,0,0,0,0,1,1,3120000,228180000,0,0.4999999999999999,-0.8660254037844387,1,0,0,0,0.01622506723266282
1,45.0,56,-1,1,1,-1,-1,-1,1,0,8925000,508387500,0,1.0,6.123233995736766e-17,0,0,1,0,0.07539223278766567
1,59.0,64,0,0,0,0,0,0,1,1,3007500,179707500,0,0.4999999999999999,-0.8660254037844387,1,0,0,0,0.021741477125549413
0,37.0,34,-1,-1,1,-1,1,1,0,1,15067500,512197500,0,-0.4999999999999997,-0.8660254037844388,0,0,0,1,0.8046593717412879
1,42.0,2,-1,-1,-1,-1,-1,-1,0,1,11475000,24367500,1,-0.8660254037844386,0.5000000000000001,0,0,0,1,0.8521870328530631
1,27.0,35,0,0,0,0,0,0,1,0,3090000,113100000,0,-0.5000000000000004,0.8660254037844384,1,0,0,0,0.05224208573116117
1,30.0,22,0,0,0,0,0,0,1,0,3045000,70072500,0,-0.4999999999999997,-0.8660254037844388,1,0,0,0,0.08352878065018682
1,41.0,5,-1,-1,-1,1,-1,-1,0,1,7380000,32535000,1,1.2246467991473532e-16,-1.0,0,0,1,0,0.606588850286781
1,53.0,9,1,1,1,-1,-1,-1,1,0,5932500,55950000,0,0.8660254037844387,-0.4999999999999998,0,1,0,0,0.21538715118977894
1,37.0,11,0,0,0,0,0,0,0,0,3472500,36780000,1,-0.8660254037844386,0.5000000000000001,1,0,0,0,0.2838237434602382
1,37.0,23,0,0,0,0,0,0,1,0,3067500,72165000,0,0.8660254037844386,0.5000000000000001,1,0,0,0,0.08347519208486917
0,35.0,4,-1,-1,-1,-1,-1,1,0,0,12127500,45412500,1,-0.5000000000000004,0.8660254037844384,0,0,0,1,0.8421414620287219
1,34.0,68,0,0,0,0,0,0,1,0,3787500,259230000,0,0.4999999999999999,0.8660254037844387,1,0,0,0,0.013507131155065442
1,44.0,33,-1,-1,-1,-1,1,1,0,0,13687500,444607500,0,0.8660254037844387,-0.4999999999999998,0,0,0,1,0.7609903786692659
1,22.0,31,1,1,1,1,1,-1,0,1,10867500,323437500,0,-1.0,-1.8369701987210294e-16,0,0,1,0,0.31777747747243484
1,55.0,1,-1,1,-1,1,-1,-1,0,0,9015000,9015000,1,-0.8660254037844385,-0.5000000000000004,0,1,0,0,0.4283824365108094
0,32.0,56,0,0,0,0,0,0,1,0,2955000,157785000,0,-0.4999999999999997,-0.8660254037844388,1,0,0,0,0.0203598175429216
1,49.0,1,-1,-1,-1,-1,1,-1,0,1,11842500,11842500,1,0.8660254037844386,0.5000000000000001,0,0,0,1,0.899098833058125
1,25.0,66,1,1,1,1,1,-1,1,1,11265000,751950000,0,0.0,1.0,0,1,0,0,0.04561762613351741
1,48.0,72,0,0,0,0,0,0,1,0,3750000,260835000,0,0.4999999999999999,0.8660254037844387,1,0,0,0,0.01117752610680775
1,48.0,34,-1,-1,-1,-1,-1,-1,0,0,10372500,341265000,0,0.8660254037844386,0.5000000000000001,0,0,0,1,0.6112687240718961
0,45.0,58,-1,1,1,-1,1,-1,0,1,13732500,826747500,0,-0.8660254037844385,-0.5000000000000004,0,0,0,1,0.5831850392290021
1,28.0,2,-1,-1,-1,-1,-1,-1,0,1,6772500,14775000,1,0.4999999999999999,0.8660254037844387,0,0,1,0,0.741550913425012
1,43.0,37,-1,-1,-1,-1,1,-1,1,0,5370000,197535000,0,0.8660254037844387,-0.4999999999999998,0,1,0,0,0.19572413534593858
0,26.0,71,1,1,1,1,1,1,1,1,16972500,1198995000,0,-1.0,-1.8369701987210294e-16,0,0,0,1,0.19276026313437952
1,37.0,1,0,0,0,0,0,0,1,0,2977500,2977500,0,1.2246467991473532e-16,-1.0,1,0,0,0,0.1807820930208856
1,52.0,71,0,0,0,0,0,0,1,0,2970000,208267500,0,0.8660254037844386,0.5000000000000001,1,0,0,0,0.011723893594119565
1,50.0,35,0,0,0,0,0,0,1,0,2985000,99900000,0,0.8660254037844387,-0.4999999999999998,1,0,0,0,0.050181380777347205
0,40.0,6,0,0,0,0,0,0,1,0,2955000,14167500,0,1.2246467991473532e-16,-1.0,1,0,0,0,0.14681061063124665
0,28.0,3,-1,-1,-1,-1,1,-1,0,1,11910000,36697500,1,-0.5000000000000004,0.8660254037844384,0,0,0,1,0.8907941424264336
0,48.0,69,-1,1,1,1,-1,-1,1,0,8865000,620205000,0,0.4999999999999999,-0.8660254037844387,0,0,1,0,0.03263911989966172
1,40.0,44,-1,1,1,-1,1,1,1,1,8092500,356310000,1,-1.0,-1.8369701987210294e-16,0,0,1,0,0.30609510232999176
0,18.0,53,-1,-1,-1,1,-1,1,1,1,13672500,729375000,0,-1.0,-1.8369701987210294e-16,0,0,0,1,0.30168947119082373
0,49.0,24,-1,1,1,-1,1,1,0,1,14895000,364702500,1,-0.4999999999999997,-0.8660254037844388,0,0,0,1,0.8316360225567525
0,40.0,5,-1,-1,-1,-1,-1,-1,0,1,10342500,52725000,0,-0.8660254037844386,0.5000000000000001,0,0,0,1,0.8508728545179355
0,54.0,2,-1,1,-1,-1,-1,-1,0,0,7732500,15930000,0,0.0,1.0,0,0,1,0,0.6033661343354889
1,27.0,62,0,0,0,0,0,0,1,1,3660000,211950000,0,0.8660254037844386,0.5000000000000001,1,0,0,0,0.02480573920081045
0,18.0,19,-1,-1,1,-1,1,1,0,1,14520000,261457500,0,1.0,6.123233995736766e-17,0,0,0,1,0.8674134573734921
1,43.0,9,-1,-1,-1,-1,-1,-1,0,0,10507500,98625000,0,1.0,6.123233995736766e-17,0,0,0,1,0.7779699946020082
1,43.0,53,0,0,0,0,0,0,1,0,2925000,157575000,0,-0.4999999999999997,-0.8660254037844388,1,0,0,0,0.02391096019153778
1,20.0,5,-1,-1,-1,-1,-1,1,0,0,11812500,63952500,0,-1.0,-1.8369701987210294e-16,0,0,0,1,0.8461954568018539
0,28.0,71,1,1,-1,-1,1,-1,1,0,10380000,747375000,0,-0.5000000000000004,0.8660254037844384,0,1,0,0,0.036957227275535534
0,73.0,1,0,0,0,0,0,0,0,1,2932500,2932500,0,0.8660254037844386,0.5000000000000001,1,0,0,0,0.47450389563468115
1,36.0,18,-1,1,-1,-1,-1,-1,0,1,12097500,217785000,1,-0.8660254037844385,-0.5000000000000004,0,0,0,1,0.7521700375306244
1,49.0,72,-1,1,1,-1,1,1,1,1,15547500,1145220000,0,0.8660254037844387,-0.4999999999999998,0,0,0,1,0.3585838039983702
0,32.0,4,1,1,-1,-1,-1,-1,0,0,8205000,35257500,0,-0.5000000000000004,0.8660254037844384,0,0,1,0,0.4740800057035375
1,18.0,59,-1,-1,1,-1,-1,-1,1,0,8122500,467422500,0,0.0,1.0,0,0,1,0,0.07595871621565728
0,38.0,1,-1,-1,-1,-1,-1,-1,0,0,10665000,10665000,1,0.8660254037844386,0.5000000000000001,0,0,0,1,0.812771489656413
0,37.0,31,-1,-1,-1,-1,-1,1,0,1,12727500,395010000,0,-0.8660254037844386,0.5000000000000001,0,0,0,1,0.7722607214712692
1,35.0,3,0,0,0,0,0,0,0,0,3000000,7447500,0,-0.5000000000000004,0.8660254037844384,1,0,0,0,0.3704943832003186
0,39.0,65,-1,1,1,-1,1,1,1,1,15937500,1046970000,1,0.4999999999999999,0.8660254037844387,0,0,0,1,0.39407076493959453
1,43.0,49,-1,-1,1,1,1,1,1,1,14887500,738120000,0,-0.8660254037844385,-0.5000000000000004,0,0,0,1,0.419635889501242
1,38.0,2,0,0,0,0,0,0,0,0,2902500,6952500,0,-1.0,-1.8369701987210294e-16,1,0,0,0,0.37649422416876244
0,25.0,53,0,0,0,0,0,0,1,0,3120000,153270000,1,1.0,6.123233995736766e-17,1,0,0,0,0.02386976414532611
0,46.0,55,1,-1,-1,-1,1,1,1,1,14212500,791415000,0,-0.4999999999999997,-0.8660254037844388,0,0,0,1,0.36542725597357084
1,18.0,72,1,1,1,1,1,1,1,1,17107500,1243380000,0,0.4999999999999999,-0.8660254037844387,0,0,0,1,0.19902710279210434
0,18.0,36,-1,-1,-1,-1,-1,-1,0,1,11235000,398917500,0,0.4999999999999999,0.8660254037844387,0,0,0,1,0.6766662921093447
0,49.0,10,0,0,0,0,0,0,0,1,2970000,29512500,0,-0.4999999999999997,-0.8660254037844388,1,0,0,0,0.373766344618383
1,46.0,1,-1,-1,-1,-1,1,1,0,1,14100000,14100000,1,-0.8660254037844386,0.5000000000000001,0,0,0,1,0.9160167473796605
0,39.0,72,1,1,1,1,-1,1,1,0,12127500,873712500,0,1.2246467991473532e-16,-1.0,0,0,1,0,0.029842481811624504
0,23.0,28,-1,1,-1,1,-1,-1,0,0,8197500,227625000,0,0.4999999999999999,-0.8660254037844387,0,0,1,0,0.2829160937407525
1,32.0,38,1,-1,-1,-1,1,-1,0,0,13755000,521857500,0,-0.5000000000000004,0.8660254037844384,0,0,0,1,0.5439938794786784
0,37.0,61,1,1,1,1,1,1,1,1,17790000,1104855000,0,-1.0,-1.8369701987210294e-16,0,0,0,1,0.23221078940030998
1,21.0,52,0,0,0,0,0,0,1,0,3682500,199657500,0,0.4999999999999999,0.8660254037844387,1,0,0,0,0.026350550523878725
1,31.0,67,0,0,0,0,0,0,1,1,2917500,179392500,0,0.4999999999999999,-0.8660254037844387,1,0,0,0,0.019618191800967102
0,48.0,34,1,1,1,1,1,1,1,1,17422500,592035000,0,-0.5000000000000004,0.8660254037844384,0,0,0,1,0.3541904115642528
0,57.0,54,1,-1,1,1,1,1,1,0,12090000,644992500,0,-0.8660254037844386,0.5000000000000001,0,0,1,0,0.08016358630455273
0,35.0,1,0,0,0,0,0,0,0,1,3045000,3045000,0,1.0,6.123233995736766e-17,1,0,0,0,0.47747816250484676
0,49.0,15,-1,1,-1,-1,-1,1,0,0,13477500,213742500,1,0.8660254037844387,-0.4999999999999998,0,0,0,1,0.7584457419139555
0,18.0,4,-1,-1,-1,-1,-1,-1,0,1,6900000,29040000,1,-0.4999999999999997,-0.8660254037844388,0,0,1,0,0.7086888550248492
0,48.0,9,-1,1,-1,1,1,-1,0,0,9937500,93082500,1,1.2246467991473532e-16,-1.0,0,0,1,0,0.49386251565200295
0,30.0,46,-1,1,1,-1,1,1,0,1,14970000,658687500,0,-0.5000000000000004,0.8660254037844384,0,0,0,1,0.7383112329829559
0,44.0,22,-1,-1,-1,1,1,-1,0,1,13500000,299070000,1,-0.8660254037844385,-0.5000000000000004,0,0,0,1,0.727826904817772
1,37.0,38,-1,-1,-1,-1,-1,-1,1,1,10567500,389640000,1,0.4999999999999999,0.8660254037844387,0,0,0,1,0.4229177777300126
0,56.0,55,1,1,-1,1,1,-1,1,1,11250000,632085000,0,-0.4999999999999997,-0.8660254037844388,0,0,1,0,0.06835631514372657
0,30.0,1,0,0,0,0,0,0,0,0,2985000,2985000,0,-0.8660254037844386,0.5000000000000001,1,0,0,0,0.38138928654697274
1,48.0,64,1,-1,1,-1,-1,-1,1,0,12045000,752655000,0,0.0,1.0,0,0,0,1,0.12226201882627215
1,37.0,53,0,0,0,0,0,0,1,0,2962500,157852500,1,0.8660254037844387,-0.4999999999999998,1,0,0,0,0.024596919199313973
0,38.0,58,1,-1,1,1,1,1,1,1,12645000,737460000,0,-1.0,-1.8369701987210294e-16,0,0,1,0,0.10327449135044307
1,38.0,56,-1,-1,1,1,1,1,1,1,8107500,443970000,0,-0.8660254037844385,-0.5000000000000004,0,0,1,0,0.17400898788139854
1,30.0,72,1,-1,1,1,1,1,1,1,15735000,1133932500,0,1.2246467991473532e-16,-1.0,0,0,0,1,0.20822371532182524
1,40.0,1,1,-1,-1,1,-1,-1,0,1,8092500,8092500,1,-0.4999999999999997,-0.8660254037844388,0,1,0,0,0.46896254675488835
1,39.0,72,-1,1,-1,-1,1,1,1,1,14587500,1069965000,0,1.0,6.123233995736766e-17,0,0,0,1,0.3589951061698192
1,43.0,22,-1,-1,-1,-1,-1,1,0,0,12457500,269895000,0,0.4999999999999999,-0.8660254037844387,0,0,0,1,0.7528696449814953
0,41.0,8,-1,1,1,-1,1,1,0,1,15825000,124432500,1,-0.8660254037844385,-0.5000000000000004,0,0,0,1,0.87186263607935
0,50.0,16,-1,-1,-1,-1,1,-1,0,1,12150000,196822500,1,0.8660254037844386,0.5000000000000001,0,0,0,1,0.8433639932358257
0,51.0,39,-1,1,1,1,-1,-1,0,0,6165000,239557500,0,0.8660254037844386,0.5000000000000001,0,0,1,0,0.23551889799912354
0,27.0,12,-1,-1,-1,-1,-1,-1,0,1,6750000,78652500,0,0.4999999999999999,0.8660254037844387,0,0,1,0,0.6570905139361424
1,50.0,54,1,1,-1,-1,1,1,1,1,11182500,628717500,0,0.4999999999999999,0.8660254037844387,0,1,0,0,0.1362725339023561
0,26.0,18,1,1,-1,1,-1,-1,1,1,6030000,106792500,0,0.0,1.0,0,0,1,0,0.19383043362222524
1,47.0,32,1,1,-1,1,-1,1,1,0,10575000,330262500,0,0.8660254037844387,-0.4999999999999998,0,0,1,0,0.1008310506794749
0,47.0,41,0,0,0,0,0,0,1,1,2962500,121042500,0,0.0,1.0,1,0,0,0,0.0572840485853634
1,18.0,67,0,0,0,0,0,0,1,0,3697500,243067500,0,-0.8660254037844385,-0.5000000000000004,1,0,0,0,0.013458232720771936
1,41.0,65,1,-1,1,-1,1,1,0,1,15637500,1021942500,0,-0.5000000000000004,0.8660254037844384,0,0,0,1,0.5697052815491958
0,34.0,25,1,1,1,1,1,-1,0,1,11752500,275685000,0,-0.8660254037844386,0.5000000000000001,0,0,1,0,0.33736086728638
0,31.0,1,-1,-1,-1,-1,-1,-1,0,1,10470000,10470000,1,1.0,6.123233995736766e-17,0,0,0,1,0.867112959014405
0,56.0,67,-1,1,1,1,1,1,1,1,16455000,1101667500,0,-0.4999999999999997,-0.8660254037844388,0,0,0,1,0.27865360127498134
1,32.0,7,-1,-1,-1,-1,-1,-1,0,0,11062500,81772500,1,0.4999999999999999,-0.8660254037844387,0,0,0,1,0.7767158035885219
0,30.0,43,1,1,-1,-1,-1,-1,0,1,5017500,225037500,0,1.0,6.123233995736766e-17,0,0,1,0,0.28536832962578673
0,41.0,24,1,-1,-1,-1,1,1,0,1,14190000,342472500,0,-0.5000000000000004,0.8660254037844384,0,0,0,1,0.7923459747367629
1,48.0,9,1,-1,-1,-1,-1,-1,0,0,8182500,74107500,1,-0.5000000000000004,0.8660254037844384,0,0,1,0,0.4559372267849635
1,38.0,69,0,0,0,0,0,0,1,0,3030000,206475000,0,-0.5000000000000004,0.8660254037844384,1,0,0,0,0.012773744536926507
0,54.0,37,0,0,0,0,0,0,1,0,3045000,113310000,0,0.8660254037844387,-0.4999999999999998,1,0,0,0,0.04491975226206474
1,46.0,20,1,-1,1,1,-1,-1,1,1,5910000,123810000,0,-1.0,-1.8369701987210294e-16,0,0,1,0,0.19742422541057092
1,18.0,7,-1,-1,-1,-1,-1,-1,0,0,10372500,73297500,0,0.8660254037844387,-0.4999999999999998,0,0,0,1,0.7915155705973652
0,34.0,37,-1,-1,-1,-1,-1,-1,0,1,11437500,426232500,1,-0.5000000000000004,0.8660254037844384,0,0,0,1,0.6639535308561975
0,33.0,5,-1,-1,-1,-1,1,1,0,1,14085000,73027500,1,0.8660254037844387,-0.4999999999999998,0,0,0,1,0.9060173758000335
1,46.0,41,-1,-1,1,-1,1,1,1,1,7702500,311265000,0,-0.8660254037844385,-0.5000000000000004,0,0,1,0,0.3470455016214994
0,18.0,54,1,1,-1,-1,1,1,1,1,15007500,794947500,0,0.4999999999999999,0.8660254037844387,0,0,0,1,0.356917115121705
0,71.0,3,-1,-1,-1,-1,-1,-1,0,1,10560000,30705000,1,0.8660254037844386,0.5000000000000001,0,0,0,1,0.8552196935145339
1,46.0,69,0,0,0,0,0,0,1,0,3045000,203445000,0,-0.8660254037844386,0.5000000000000001,1,0,0,0,0.012441315662635791
0,42.0,53,-1,1,1,1,-1,1,1,1,14167500,756412500,0,-0.5000000000000004,0.8660254037844384,0,0,0,1,0.2861345042095029
1,54.0,18,-1,1,1,-1,1,-1,1,0,6960000,121860000,0,1.2246467991473532e-16,-1.0,0,0,1,0,0.33348921839624496
1,68.0,64,1,1,-1,1,1,1,1,1,15607500,990832500,0,1.2246467991473532e-16,-1.0,0,0,0,1,0.21643107429039316
0,50.0,31,-1,1,-1,-1,-1,1,0,1,13672500,449317500,1,1.2246467991473532e-16,-1.0,0,0,0,1,0.7457550435257165
0,51.0,20,-1,-1,-1,-1,-1,-1,0,0,3735000,75892500,0,-0.8660254037844386,0.5000000000000001,0,0,1,0,0.5386118977603493
1,42.0,57,1,1,-1,1,-1,-1,1,0,8940000,526410000,0,1.2246467991473532e-16,-1.0,0,1,0,0,0.026798538999736648
1,38.0,63,1,1,1,-1,1,1,1,0,16275000,1048785000,0,0.4999999999999999,0.8660254037844387,0,0,0,1,0.24123693628151324
1,34.0,13,1,1,-1,1,-1,-1,1,0,6082500,88552500,0,0.4999999999999999,-0.8660254037844387,0,0,1,0,0.1639807014804633
0,30.0,48,-1,1,-1,-1,-1,1,1,1,8842500,418455000,0,0.8660254037844386,0.5000000000000001,0,1,0,0,0.16208503158017004
0,32.0,2,-1,-1,-1,-1,-1,-1,0,1,10642500,20692500,1,-1.0,-1.8369701987210294e-16,0,0,0,1,0.8578456723231175
1,24.0,57,0,0,0,0,0,0,1,0,3112500,168472500,0,0.4999999999999999,-0.8660254037844387,1,0,0,0,0.020455280218890336
1,39.0,71,-1,1,1,1,1,1,1,1,16972500,1192987500,0,1.2246467991473532e-16,-1.0,0,0,0,1,0.26632883009361463
0,20.0,7,-1,-1,-1,-1,-1,-1,0,0,7320000,52470000,0,-0.5000000000000004,0.8660254037844384,0,1,0,0,0.5432430456777837
0,42.0,16,-1,-1,-1,-1,-1,1,0,1,9457500,160057500,0,-0.8660254037844385,-0.5000000000000004,0,0,1,0,0.6649451765839774
1,40.0,34,-1,-1,1,-1,1,1,0,0,15127500,529095000,0,-0.5000000000000004,0.8660254037844384,0,0,0,1,0.7527021455646601
0,42.0,37,-1,-1,1,-1,1,1,0,1,14925000,564300000,1,-1.0,-1.8369701987210294e-16,0,0,0,1,0.7980031986466373
1,34.0,16,-1,1,-1,-1,-1,-1,0,1,12082500,187335000,0,-0.5000000000000004,0.8660254037844384,0,0,0,1,0.7688582748583986
1,75.0,48,1,1,1,-1,-1,-1,1,1,9660000,455302500,0,0.4999999999999999,-0.8660254037844387,0,0,1,0,0.08565811280589732
1,56.0,58,-1,1,-1,1,1,1,1,1,11280000,645120000,0,0.4999999999999999,-0.8660254037844387,0,0,1,0,0.14003821247275008
0,25.0,72,1,-1,1,1,1,1,1,1,12735000,909795000,0,0.4999999999999999,0.8660254037844387,0,0,1,0,0.0739561693917005
0,43.0,7,0,0,0,0,0,0,0,0,2895000,21742500,0,0.4999999999999999,0.8660254037844387,1,0,0,0,0.3294843791442812
0,33.0,38,1,1,1,-1,-1,-1,0,1,12585000,485040000,1,0.0,1.0,0,0,0,1,0.530528137514815
0,28.0,48,1,1,1,1,1,1,0,0,17617500,815835000,1,-0.5000000000000004,0.8660254037844384,0,0,0,1,0.4248901285944757
1,24.0,10,1,1,1,-1,1,1,0,1,15660000,162217500,1,-1.0,-1.8369701987210294e-16,0,0,0,1,0.8227962131915681
0,45.0,30,1,1,1,1,1,-1,1,0,11197500,346290000,0,1.0,6.123233995736766e-17,0,0,1,0,0.10269082161501994
1,32.0,31,-1,-1,-1,-1,1,-1,0,1,8857500,282420000,0,0.4999999999999999,0.8660254037844387,0,0,1,0,0.5711017322948241
0,52.0,46,-1,-1,1,1,-1,1,1,1,10365000,488302500,0,-1.0,-1.8369701987210294e-16,0,0,1,0,0.15007293900656507
1,52.0,50,0,0,0,0,0,0,1,0,3082500,160147500,0,-0.8660254037844385,-0.5000000000000004,1,0,0,0,0.02692532692532313
1,56.0,28,-1,-1,-1,1,-1,-1,0,0,11482500,309810000,0,-1.0,-1.8369701987210294e-16,0,0,0,1,0.5364923178075599
0,30.0,66,1,1,1,1,1,1,1,1,9375000,620460000,0,0.8660254037844387,-0.4999999999999998,0,0,1,0,0.0821799678315548
1,46.0,8,-1,-1,1,-1,-1,-1,0,1,4410000,33285000,1,-0.8660254037844385,-0.5000000000000004,0,0,1,0,0.7314655736551543
0,48.0,41,-1,-1,1,-1,1,1,0,1,14235000,577200000,0,0.4999999999999999,0.8660254037844387,0,0,0,1,0.7883686301336865
1,34.0,72,-1,1,1,1,1,1,1,1,16747500,1203427500,0,-0.8660254037844385,-0.5000000000000004,0,0,0,1,0.2657160812524409
0,31.0,7,0,0,0,0,0,0,1,0,2985000,25972500,0,-0.4999999999999997,-0.8660254037844388,1,0,0,0,0.1432698710792961
0,59.0,38,0,0,0,0,0,0,0,0,3067500,117187500,0,0.0,1.0,1,0,0,0,0.11400644318784699
1,43.0,44,1,1,1,-1,1,1,1,1,15907500,676620000,0,0.4999999999999999,0.8660254037844387,0,0,0,1,0.4116803849349957
1,48.0,47,1,1,1,1,1,1,1,1,17017500,797670000,0,-0.8660254037844385,-0.5000000000000004,0,0,0,1,0.293159918107491
1,30.0,53,-1,1,-1,1,1,-1,0,1,13882500,716917500,0,0.0,1.0,0,0,0,1,0.523896597359444
1,25.0,4,-1,-1,1,-1,1,-1,0,0,9840000,37515000,0,-0.8660254037844386,0.5000000000000001,0,1,0,0,0.6190463641441484
1,33.0,20,-1,-1,-1,-1,1,-1,0,1,12652500,261780000,0,0.8660254037844386,0.5000000000000001,0,0,0,1,0.8295948094667989
1,39.0,2,-1,-1,-1,-1,-1,-1,0,0,6697500,11235000,1,0.4999999999999999,0.8660254037844387,0,0,1,0,0.6583628835017764
1,27.0,57,-1,1,1,-1,1,-1,1,1,10665000,621015000,0,0.4999999999999999,0.8660254037844387,0,1,0,0,0.12517899021035697
0,40.0,44,1,1,-1,1,-1,-1,0,1,12772500,550575000,0,-0.5000000000000004,0.8660254037844384,0,0,0,1,0.37806781057195066
1,20.0,24,-1,-1,1,-1,-1,-1,0,1,7455000,175170000,0,1.0,6.123233995736766e-17,0,0,1,0,0.5488905157237158
1,27.0,15,1,-1,-1,-1,-1,-1,0,1,4530000,70447500,0,-1.0,-1.8369701987210294e-16,0,0,1,0,0.576578640316229
0,48.0,3,-1,-1,-1,-1,-1,-1,0,0,3787500,8835000,1,0.8660254037844387,-0.4999999999999998,0,0,1,0,0.699646323120433
0,47.0,4,-1,1,1,-1,-1,-1,0,0,12607500,50032500,1,1.0,6.123233995736766e-17,0,0,0,1,0.7490731577771231
1,35.0,37,-1,-1,-1,-1,1,-1,0,1,12855000,475672500,1,-1.0,-1.8369701987210294e-16,0,0,0,1,0.7372746758157603
0,28.0,1,-1,1,-1,-1,-1,-1,0,1,11205000,11205000,1,-0.4999999999999997,-0.8660254037844388,0,0,0,1,0.8424005325536222
0,28.0,24,1,-1,-1,1,-1,-1,0,0,8452500,207180000,0,1.0,6.123233995736766e-17,0,0,1,0,0.24792492796195256
0,36.0,5,-1,1,-1,-1,1,-1,0,1,13620000,68325000,1,0.4999999999999999,-0.8660254037844387,0,0,0,1,0.851879802931234
0,48.0,33,-1,1,1,-1,1,1,0,0,16132500,546825000,0,0.8660254037844387,-0.4999999999999998,0,0,0,1,0.718961145750117
0,51.0,58,0,0,0,0,0,0,1,1,2977500,173827500,0,0.4999999999999999,0.8660254037844387,1,0,0,0,0.028836580156241527
0,34.0,72,1,1,-1,-1,1,-1,1,1,14385000,1043122500,0,1.2246467991473532e-16,-1.0,0,0,0,1,0.17702551292270371
0,26.0,71,0,0,0,0,0,0,1,0,3577500,250815000,0,0.4999999999999999,-0.8660254037844387,1,0,0,0,0.011134942103781319
0,43.0,28,-1,1,1,-1,1,1,0,1,15922500,472875000,1,1.0,6.123233995736766e-17,0,0,0,1,0.8175781037634684
1,30.0,51,1,1,1,1,1,1,1,1,12577500,646065000,0,0.0,1.0,0,0,1,0,0.12302016174680942
0,34.0,30,1,1,1,1,1,1,1,0,12802500,379560000,1,0.4999999999999999,-0.8660254037844387,0,0,1,0,0.1357998780118265
1,56.0,72,1,1,-1,1,-1,-1,1,1,12720000,921247500,0,-0.5000000000000004,0.8660254037844384,0,0,0,1,0.09226857284675939
1,50.0,36,1,-1,-1,-1,1,-1,0,1,13627500,478005000,1,1.2246467991473532e-16,-1.0,0,0,0,1,0.6360929113597099
1,42.0,14,1,1,1,1,-1,1,1,0,11415000,158220000,0,0.8660254037844386,0.5000000000000001,0,1,0,0,0.13601317051498063
0,25.0,72,1,1,-1,1,1,-1,1,0,11182500,814597500,0,-1.0,-1.8369701987210294e-16,0,1,0,0,0.024076715634449533
0,43.0,22,-1,1,-1,-1,1,-1,0,0,5880000,127485000,0,0.0,1.0,0,0,1,0,0.569972249564542
0,53.0,2,-1,1,-1,-1,-1,-1,0,0,11932500,22762500,0,-0.5000000000000004,0.8660254037844384,0,0,0,1,0.7680394369687429
0,35.0,15,0,0,0,0,0,0,0,0,2940000,44910000,0,0.0,1.0,1,0,0,0,0.2591970734799588
1,56.0,51,0,0,0,0,0,0,1,0,2932500,163012500,0,0.8660254037844386,0.5000000000000001,1,0,0,0,0.02738428937343428
1,56.0,70,1,-1,1,1,-1,-1,1,1,5872500,403912500,0,0.4999999999999999,0.8660254037844387,0,0,1,0,0.03577353417343305
0,60.0,71,0,0,0,0,0,0,1,0,3015000,208440000,0,-1.0,-1.8369701987210294e-16,1,0,0,0,0.01081986713925698
0,44.0,39,-1,-1,-1,1,1,1,0,1,14992500,565110000,0,0.0,1.0,0,0,0,1,0.7138112842553073
0,47.0,61,1,1,-1,-1,-1,-1,0,0,8970000,546225000,0,-0.4999999999999997,-0.8660254037844388,0,0,1,0,0.1023647235550668
0,57.0,52,1,-1,-1,-1,-1,-1,0,1,7462500,380332500,0,0.8660254037844387,-0.4999999999999998,0,0,1,0,0.20892371908860763
0,45.0,1,-1,-1,-1,-1,1,-1,0,1,5362500,5362500,1,1.2246467991473532e-16,-1.0,0,0,1,0,0.8271246936439073
1,34.0,64,1,-1,1,1,1,1,1,1,16275000,1032127500,0,-0.8660254037844386,0.5000000000000001,0,0,0,1,0.241860287351168
1,35.0,62,-1,1,1,1,-1,-1,1,1,9022500,562980000,0,-0.8660254037844386,0.5000000000000001,0,0,1,0,0.06232375371493961
1,43.0,30,0,0,0,0,0,0,1,0,2857500,95632500,0,-0.4999999999999997,-0.8660254037844388,1,0,0,0,0.06166866943799645
0,25.0,4,-1,-1,-1,-1,-1,-1,0,0,6900000,27240000,1,1.2246467991473532e-16,-1.0,0,0,1,0,0.6207028923939255
1,38.0,63,1,1,1,1,1,1,1,1,12600000,799432500,0,1.0,6.123233995736766e-17,0,0,1,0,0.08888534736774983
0,53.0,1,-1,-1,-1,-1,-1,-1,0,1,6682500,6682500,0,1.2246467991473532e-16,-1.0,0,1,0,0,0.6853840273040654
1,18.0,15,-1,-1,1,1,1,1,0,1,15517500,230970000,0,-0.8660254037844385,-0.5000000000000004,0,0,0,1,0.8222833481940555
1,58.0,27,1,1,-1,-1,-1,-1,1,1,12097500,331462500,0,-0.8660254037844385,-0.5000000000000004,0,0,0,1,0.3508342381164593
0,53.0,4,1,1,1,-1,1,1,0,1,8580000,33562500,0,0.0,1.0,0,0,1,0,0.757908774238834
0,34.0,72,1,1,1,-1,1,1,1,1,16612500,1162755000,0,-1.0,-1.8369701987210294e-16,0,0,0,1,0.24621586671370138
1,47.0,45,0,0,0,0,0,0,1,0,3705000,176152500,0,0.8660254037844386,0.5000000000000001,1,0,0,0,0.03398151323069806
0,40.0,45,1,1,-1,1,1,-1,0,1,14557500,657757500,0,1.2246467991473532e-16,-1.0,0,0,0,1,0.4516585226739374
0,55.0,36,1,1,1,1,1,-1,1,1,11452500,390952500,0,-1.0,-1.8369701987210294e-16,0,0,1,0,0.11352633070658574
1,52.0,17,1,-1,1,-1,1,-1,0,1,13410000,230917500,1,-0.4999999999999997,-0.8660254037844388,0,0,0,1,0.7560641764874131
1,23.0,1,0,0,0,0,0,0,0,0,2835000,2835000,0,-0.4999999999999997,-0.8660254037844388,1,0,0,0,0.38757947980731344
1,47.0,16,-1,-1,-1,-1,-1,-1,0,1,11167500,189202500,0,-1.0,-1.8369701987210294e-16,0,0,0,1,0.7935300053399329
1,38.0,3,0,0,0,0,0,0,0,1,2970000,8722500,1,-0.4999999999999997,-0.8660254037844388,1,0,0,0,0.4555061684232263
1,41.0,4,-1,-1,-1,-1,-1,-1,0,1,7635000,33840000,1,0.8660254037844387,-0.4999999999999998,0,0,1,0,0.7020257056575608
0,31.0,71,1,1,1,1,1,1,1,1,12660000,895395000,0,1.2246467991473532e-16,-1.0,0,0,1,0,0.06693786698222914
1,61.0,10,0,0,0,0,0,0,0,1,3660000,38085000,0,1.2246467991473532e-16,-1.0,1,0,0,0,0.36538898846793955
1,52.0,20,0,0,0,0,0,0,1,0,3007500,60000000,0,-0.5000000000000004,0.8660254037844384,1,0,0,0,0.09191270417664117
1,31.0,4,-1,-1,-1,-1,1,-1,0,1,12150000,51127500,1,0.8660254037844386,0.5000000000000001,0,0,0,1,0.8895728062778593
1,24.0,26,-1,-1,1,-1,1,1,0,1,14752500,377295000,1,0.8660254037844386,0.5000000000000001,0,0,0,1,0.8490970731839181
0,35.0,4,-1,-1,-1,-1,1,-1,0,0,8325000,34102500,0,-0.4999999999999997,-0.8660254037844388,0,1,0,0,0.6349874018272792
1,45.0,5,-1,1,-1,-1,1,1,0,1,7650000,45892500,1,-0.8660254037844386,0.5000000000000001,0,1,0,0,0.8040491691048801
0,43.0,4,-1,1,-1,-1,1,-1,0,1,13747500,54810000,1,-1.0,-1.8369701987210294e-16,0,0,0,1,0.8529586272677233
1,55.0,29,-1,-1,-1,-1,-1,1,0,1,12645000,353662500,0,-0.4999999999999997,-0.8660254037844388,0,0,0,1,0.7778599130266837
1,49.0,2,1,1,-1,-1,1,1,0,0,15030000,29775000,0,-0.8660254037844386,0.5000000000000001,0,0,0,1,0.7975518738356697
0,52.0,29,0,0,0,0,0,0,1,0,2910000,83137500,0,0.4999999999999999,-0.8660254037844387,1,0,0,0,0.06146659200176006
1,44.0,1,-1,-1,-1,-1,1,1,0,1,13627500,13627500,1,0.4999999999999999,-0.8660254037844387,0,0,0,1,0.9187796957570314
1,23.0,1,-1,-1,-1,-1,-1,-1,0,0,10410000,10410000,1,-0.8660254037844385,-0.5000000000000004,0,0,0,1,0.8165302197253256
0,38.0,8,-1,-1,1,-1,1,1,0,1,14167500,111442500,1,0.8660254037844386,0.5000000000000001,0,0,0,1,0.9010759339385379
1,53.0,13,0,0,0,0,0,0,0,1,3060000,37747500,0,1.0,6.123233995736766e-17,1,0,0,0,0.35816325809030364
0,39.0,59,1,1,-1,-1,1,-1,0,1,14212500,839647500,0,-0.5000000000000004,0.8660254037844384,0,0,0,1,0.4662569142468689
0,46.0,1,0,0,0,0,0,0,0,1,3022500,3022500,1,-0.8660254037844385,-0.5000000000000004,1,0,0,0,0.46635285906047275
1,36.0,50,-1,-1,-1,-1,1,1,0,1,14355000,722505000,1,0.0,1.0,0,0,0,1,0.7519239671704132
1,28.0,18,-1,-1,-1,-1,-1,-1,0,1,6652500,115207500,0,0.4999999999999999,0.8660254037844387,0,1,0,0,0.5624925996648028
0,39.0,17,1,1,-1,-1,1,1,0,0,11182500,182370000,0,0.0,1.0,0,0,1,0,0.5184252707380564
1,44.0,47,-1,1,1,-1,1,1,1,0,11040000,528397500,0,0.0,1.0,0,0,1,0,0.1998558902378127
0,32.0,26,-1,-1,-1,-1,-1,-1,0,1,11242500,275242500,1,0.8660254037844387,-0.4999999999999998,0,0,0,1,0.7288214016200734
0,37.0,6,-1,-1,1,-1,1,1,0,1,7192500,45765000,1,0.0,1.0,0,1,0,0,0.8197295306849194
1,29.0,19,-1,-1,-1,-1,-1,-1,0,0,7515000,136567500,0,0.4999999999999999,0.8660254037844387,0,0,1,0,0.49122007700515824
0,53.0,3,-1,-1,-1,1,1,-1,0,1,9540000,23347500,1,0.4999999999999999,-0.8660254037844387,0,0,1,0,0.6636699869456619
0,36.0,68,-1,1,1,-1,1,1,1,1,7950000,548437500,0,1.0,6.123233995736766e-17,0,1,0,0,0.13423979285635054
0,57.0,2,0,0,0,0,0,0,0,0,2977500,7800000,0,-0.4999999999999997,-0.8660254037844388,1,0,0,0,0.36015191024929893
1,58.0,7,-1,-1,-1,-1,-1,-1,1,1,3652500,22627500,0,-0.8660254037844386,0.5000000000000001,0,0,1,0,0.5198681958587077
0,39.0,18,0,0,0,0,0,0,0,1,2932500,58387500,0,0.8660254037844387,-0.4999999999999998,1,0,0,0,0.3086188947279701
0,28.0,71,0,0,0,0,0,0,1,0,3757500,281055000,0,-0.8660254037844385,-0.5000000000000004,1,0,0,0,0.011264284418854067
1,18.0,13,1,1,-1,-1,-1,1,0,0,14070000,189150000,0,1.2246467991473532e-16,-1.0,0,0,0,1,0.6811655926428983
1,22.0,3,-1,1,-1,1,-1,-1,0,1,5527500,16305000,1,-0.8660254037844386,0.5000000000000001,0,0,1,0,0.6584111461649027
1,24.0,72,-1,1,1,-1,1,1,1,1,15562500,1101930000,0,0.8660254037844386,0.5000000000000001,0,0,0,1,0.3550813832564255
1,57.0,66,-1,1,1,-1,1,1,1,1,8512500,556260000,0,-0.8660254037844385,-0.5000000000000004,0,0,1,0,0.163839451856704
1,41.0,24,0,0,0,0,0,0,1,1,3120000,70447500,0,0.8660254037844387,-0.4999999999999998,1,0,0,0,0.11038409658295051
0,45.0,1,-1,-1,-1,-1,-1,-1,0,1,6615000,6615000,1,0.4999999999999999,0.8660254037844387,0,0,1,0,0.7423442116077146
0,18.0,56,0,0,0,0,0,0,1,1,3667500,207877500,0,1.2246467991473532e-16,-1.0,1,0,0,0,0.030115478877175385
0,26.0,22,0,0,0,0,0,0,1,0,3840000,82320000,0,-0.5000000000000004,0.8660254037844384,1,0,0,0,0.0794894735946489
1,51.0,14,-1,-1,1,-1,1,1,0,1,7612500,106912500,1,-0.4999999999999997,-0.8660254037844388,0,0,1,0,0.7967255102020562
0,43.0,61,-1,1,1,-1,1,1,1,1,15660000,960750000,1,-0.8660254037844386,0.5000000000000001,0,0,0,1,0.4094770459731892
0,38.0,40,-1,1,-1,-1,1,-1,0,1,5895000,245610000,1,0.8660254037844387,-0.4999999999999998,0,0,1,0,0.495320316938583
0,47.0,42,1,1,1,-1,-1,-1,0,0,8947500,380482500,0,0.0,1.0,0,0,1,0,0.19016329994394893
0,60.0,72,1,-1,1,1,1,1,1,1,12495000,906405000,0,-1.0,-1.8369701987210294e-16,0,0,1,0,0.07049371272833027
0,37.0,12,-1,-1,-1,1,-1,-1,0,1,11932500,143737500,0,-0.4999999999999997,-0.8660254037844388,0,0,0,1,0.7253123954982748
1,41.0,71,0,0,0,0,0,0,1,0,3667500,259597500,0,0.8660254037844386,0.5000000000000001,1,0,0,0,0.011809948730717522
0,42.0,26,0,0,0,0,0,0,1,0,2880000,68940000,0,1.0,6.123233995736766e-17,1,0,0,0,0.07130681825040336
0,69.0,7,1,-1,-1,-1,-1,-1,0,0,4470000,30292500,0,0.8660254037844386,0.5000000000000001,0,0,1,0,0.5513457792516184
0,18.0,6,-1,-1,-1,-1,-1,-1,0,0,6825000,42780000,0,-0.5000000000000004,0.8660254037844384,0,0,1,0,0.6163264820730828
0,48.0,58,1,1,1,-1,1,1,1,1,15967500,921877500,1,0.8660254037844386,0.5000000000000001,0,0,0,1,0.32915446229723355
1,39.0,51,-1,1,-1,-1,-1,-1,0,1,4507500,229417500,0,0.8660254037844387,-0.4999999999999998,0,0,1,0,0.30979123304499695
1,47.0,72,1,1,1,1,1,1,1,1,9847500,699675000,0,0.4999999999999999,0.8660254037844387,0,1,0,0,0.05735844881892302
0,32.0,18,1,-1,-1,-1,1,1,0,1,14407500,261105000,1,-0.4999999999999997,-0.8660254037844388,0,0,0,1,0.8095809008649363
0,39.0,7,-1,-1,-1,-1,-1,-1,0,1,11265000,82942500,1,-0.8660254037844385,-0.5000000000000004,0,0,0,1,0.8277779856096864
0,49.0,47,1,1,-1,1,-1,1,1,0,11107500,524445000,0,-0.5000000000000004,0.8660254037844384,0,0,1,0,0.06362152645813414
1,75.0,2,-1,-1,-1,-1,-1,-1,0,1,6705000,14055000,1,-1.0,-1.8369701987210294e-16,0,0,1,0,0.7265353153094679
1,50.0,62,-1,1,1,1,1,1,1,1,16612500,1058002500,0,0.4999999999999999,0.8660254037844387,0,0,0,1,0.33096750935298364
0,30.0,16,0,0,0,0,0,0,1,0,2955000,45232500,0,0.8660254037844387,-0.4999999999999998,1,0,0,0,0.10457265534549245
1,35.0,6,-1,-1,-1,1,-1,-1,0,1,7425000,46905000,0,0.4999999999999999,0.8660254037844387,0,0,1,0,0.6127827994488456
1,35.0,19,-1,-1,1,1,-1,-1,0,1,8250000,156975000,1,0.4999999999999999,0.8660254037844387,0,0,1,0,0.4850742518311841
0,18.0,69,1,-1,1,-1,-1,1,1,1,6592500,444015000,0,0.4999999999999999,-0.8660254037844387,0,0,1,0,0.077916963075615
1,36.0,11,-1,-1,-1,-1,-1,-1,0,1,11152500,125130000,1,0.0,1.0,0,0,0,1,0.823175124157667
0,49.0,64,-1,1,1,1,1,1,0,1,16672500,1043010000,0,-0.8660254037844386,0.5000000000000001,0,0,0,1,0.5367717537676048
0,25.0,39,1,-1,1,1,1,1,1,1,15705000,620227500,1,1.0,6.123233995736766e-17,0,0,0,1,0.3757984991309964
0,53.0,15,1,-1,-1,-1,-1,-1,0,1,8355000,134970000,1,0.0,1.0,0,0,1,0,0.49399431433914043
1,46.0,25,0,0,0,0,0,0,0,0,3090000,81225000,0,-0.4999999999999997,-0.8660254037844388,1,0,0,0,0.18119938372536462
0,31.0,6,0,0,0,0,0,0,1,0,2947500,17527500,0,-0.8660254037844386,0.5000000000000001,1,0,0,0,0.15164638843174227
1,38.0,66,1,1,1,1,1,1,1,0,17370000,1191322500,0,0.4999999999999999,-0.8660254037844387,0,0,0,1,0.16471795154963895
0,59.0,61,-1,1,1,1,1,1,1,0,13297500,798187500,0,-0.8660254037844386,0.5000000000000001,0,0,1,0,0.0872040449314813
0,49.0,43,1,1,-1,-1,1,-1,0,1,14175000,623520000,0,0.8660254037844387,-0.4999999999999998,0,0,0,1,0.5710942326742751
0,40.0,12,0,0,0,0,0,0,0,0,3015000,33540000,0,-0.8660254037844385,-0.5000000000000004,1,0,0,0,0.2714654255139711
1,37.0,23,-1,-1,-1,-1,-1,1,0,1,5197500,115267500,0,0.4999999999999999,-0.8660254037844387,0,0,1,0,0.6890293123105077
1,41.0,71,-1,1,1,-1,1,1,0,1,7845000,564757500,0,0.4999999999999999,0.8660254037844387,0,0,1,0,0.335387916221229
0,34.0,34,-1,-1,-1,1,1,-1,0,0,9750000,323625000,0,0.4999999999999999,0.8660254037844387,0,0,1,0,0.3331025172577907
0,18.0,5,0,0,0,0,0,0,0,0,2977500,16207500,1,0.8660254037844386,0.5000000000000001,1,0,0,0,0.3507273471237652
0,65.0,41,-1,1,-1,1,-1,-1,1,0,5317500,208747500,0,-0.8660254037844385,-0.5000000000000004,0,1,0,0,0.07280135736839408
0,42.0,72,0,0,0,0,0,0,1,0,2955000,206970000,0,0.8660254037844387,-0.4999999999999998,1,0,0,0,0.0106821356469036
1,45.0,14,-1,-1,-1,-1,1,1,0,1,14340000,190995000,0,-0.8660254037844385,-0.5000000000000004,0,0,0,1,0.879126182055562
0,39.0,41,0,0,0,0,0,0,1,1,2977500,121567500,0,0.8660254037844387,-0.4999999999999998,1,0,0,0,0.05630368452070854
0,31.0,23,1,-1,-1,-1,-1,-1,1,0,12277500,271627500,0,1.2246467991473532e-16,-1.0,0,0,0,1,0.299913358162142
1,38.0,71,1,1,1,1,1,1,1,0,16395000,1167427500,0,0.8660254037844387,-0.4999999999999998,0,0,0,1,0.1453461839024654
0,21.0,1,-1,-1,-1,-1,-1,-1,0,1,10545000,10545000,1,-0.8660254037844386,0.5000000000000001,0,0,0,1,0.8657351187768757
1,67.0,72,0,0,0,0,0,0,1,0,3810000,269565000,0,1.2246467991473532e-16,-1.0,1,0,0,0,0.010502419066387334
1,25.0,6,-1,-1,-1,-1,-1,-1,0,1,10470000,56677500,0,-0.4999999999999997,-0.8660254037844388,0,0,0,1,0.8461582654659904
1,28.0,23,0,0,0,0,0,0,1,1,3000000,66795000,0,0.4999999999999999,0.8660254037844387,1,0,0,0,0.1199207494272739
1,35.0,10,-1,-1,-1,-1,-1,1,0,0,12832500,127762500,1,1.2246467991473532e-16,-1.0,0,0,0,1,0.8069122991691475
0,55.0,72,1,1,1,1,1,1,1,1,16485000,1143630000,0,-1.0,-1.8369701987210294e-16,0,0,0,1,0.17802196103222978
0,40.0,7,1,-1,-1,-1,-1,-1,0,1,7545000,53265000,0,-0.8660254037844386,0.5000000000000001,0,0,1,0,0.576079493415663
1,25.0,6,-1,-1,1,-1,1,1,0,0,14175000,86317500,1,-0.8660254037844385,-0.5000000000000004,0,0,0,1,0.8666294607684315
1,55.0,9,-1,1,-1,1,1,1,0,1,15225000,136027500,0,-0.4999999999999997,-0.8660254037844388,0,0,0,1,0.827732112649915
0,49.0,12,-1,1,-1,-1,-1,1,0,1,13372500,158632500,0,0.8660254037844386,0.5000000000000001,0,0,0,1,0.8365932404657889
0,46.0,1,0,0,0,0,0,0,0,1,2910000,2910000,0,-0.5000000000000004,0.8660254037844384,1,0,0,0,0.4787296495969823
0,49.0,48,-1,1,-1,-1,-1,-1,1,0,4485000,208312500,0,-1.0,-1.8369701987210294e-16,0,0,1,0,0.10301275646534283
1,69.0,20,-1,-1,-1,-1,1,-1,0,0,11820000,246195000,0,-0.4999999999999997,-0.8660254037844388,0,0,0,1,0.7639378011406416
0,66.0,16,-1,-1,-1,-1,-1,1,0,1,12802500,206272500,1,-0.8660254037844386,0.5000000000000001,0,0,0,1,0.8348094322479026
0,32.0,2,-1,-1,-1,-1,1,-1,0,1,11947500,22905000,1,0.0,1.0,0,0,0,1,0.8936398624819379
0,59.0,10,0,0,0,0,0,0,1,1,2895000,27780000,0,0.0,1.0,1,0,0,0,0.1828177349002149
0,45.0,2,-1,-1,-1,-1,-1,1,0,1,11940000,29257500,1,0.0,1.0,0,0,0,1,0.8962799839478327
1,46.0,20,-1,1,-1,1,1,-1,0,0,14520000,274005000,0,-0.8660254037844385,-0.5000000000000004,0,0,0,1,0.619768886038092
1,20.0,20,0,0,0,0,0,0,1,0,3097500,62625000,0,-0.8660254037844386,0.5000000000000001,1,0,0,0,0.09266246546621841
1,38.0,19,0,0,0,0,0,0,1,0,2970000,51675000,0,1.0,6.123233995736766e-17,1,0,0,0,0.09621448978449627
1,30.0,19,1,-1,-1,-1,1,-1,0,1,13590000,249000000,1,-1.0,-1.8369701987210294e-16,0,0,0,1,0.7427907679164216
1,50.0,22,1,1,-1,1,1,1,0,1,15690000,327082500,0,1.0,6.123233995736766e-17,0,0,0,1,0.6925177358659724
0,53.0,35,-1,-1,-1,1,-1,-1,0,0,12007500,425385000,0,0.0,1.0,0,0,0,1,0.4837300030970647
0,18.0,1,-1,-1,-1,-1,-1,-1,0,0,6772500,6772500,0,-1.0,-1.8369701987210294e-16,0,1,0,0,0.6034792927421204
1,40.0,39,-1,-1,-1,-1,-1,-1,0,1,10972500,409627500,0,1.2246467991473532e-16,-1.0,0,0,0,1,0.6463407744909574
0,53.0,54,-1,-1,1,1,1,1,1,1,14865000,815565000,0,0.8660254037844387,-0.4999999999999998,0,0,0,1,0.38605209115399763
0,38.0,1,0,0,0,0,0,0,0,1,3030000,3030000,1,0.4999999999999999,-0.8660254037844387,1,0,0,0,0.4703087339447082
1,49.0,66,1,-1,1,-1,1,1,1,1,15907500,1047202500,1,1.2246467991473532e-16,-1.0,0,0,0,1,0.302734853283552
1,44.0,56,1,-1,-1,1,1,1,0,1,15802500,869167500,0,0.8660254037844386,0.5000000000000001,0,0,0,1,0.519435556945231
1,44.0,18,-1,-1,-1,-1,-1,-1,0,1,6847500,112080000,0,0.4999999999999999,-0.8660254037844387,0,0,1,0,0.5947795690329004
0,37.0,16,-1,1,-1,-1,-1,-1,0,1,11992500,190192500,0,-0.5000000000000004,0.8660254037844384,0,0,0,1,0.7650118918388461
0,25.0,68,1,-1,1,-1,-1,-1,1,1,8167500,551242500,0,-0.5000000000000004,0.8660254037844384,0,0,1,0,0.05323133258375137
0,27.0,53,0,0,0,0,0,0,1,0,3765000,191340000,0,-0.5000000000000004,0.8660254037844384,1,0,0,0,0.023492110771863157
0,49.0,72,1,-1,1,1,1,1,1,0,12705000,884085000,0,0.4999999999999999,0.8660254037844387,0,0,1,0,0.04867605916381802
1,40.0,9,-1,-1,-1,-1,-1,-1,0,1,11377500,108697500,0,0.0,1.0,0,0,0,1,0.8292735748786635
0,38.0,30,1,-1,-1,-1,-1,-1,0,1,7320000,230512500,0,-0.8660254037844386,0.5000000000000001,0,0,1,0,0.3805462033932603
0,35.0,36,-1,1,-1,-1,1,1,0,1,14872500,542340000,1,1.0,6.123233995736766e-17,0,0,0,1,0.7901880136413274
0,36.0,18,-1,-1,1,1,-1,-1,0,1,5280000,91095000,0,-0.5000000000000004,0.8660254037844384,0,0,1,0,0.5405284947986262
0,53.0,55,1,-1,1,1,1,-1,1,0,11437500,623182500,0,0.8660254037844387,-0.4999999999999998,0,1,0,0,0.04241110695183958
0,36.0,39,1,-1,1,-1,1,1,0,0,8385000,327652500,1,0.8660254037844387,-0.4999999999999998,0,1,0,0,0.3586579666838432
1,24.0,21,-1,1,-1,-1,-1,-1,0,1,12352500,277927500,1,-0.4999999999999997,-0.8660254037844388,0,0,0,1,0.7378088721878994
1,49.0,2,-1,1,1,1,-1,-1,0,1,6060000,11572500,1,-0.4999999999999997,-0.8660254037844388,0,1,0,0,0.5967318356112277
1,38.0,33,0,0,0,0,0,0,1,1,3735000,127170000,0,0.8660254037844387,-0.4999999999999998,1,0,0,0,0.07674506125515239
1,40.0,44,-1,1,1,-1,1,1,1,0,8145000,358567500,0,0.8660254037844386,0.5000000000000001,0,1,0,0,0.19964980195069484
0,59.0,30,1,-1,-1,1,-1,1,0,0,9945000,288525000,0,-0.5000000000000004,0.8660254037844384,0,0,1,0,0.26872314277608944
0,40.0,71,0,0,0,0,0,0,1,1,3135000,223980000,0,1.2246467991473532e-16,-1.0,1,0,0,0,0.016171376408288706
0,43.0,4,-1,-1,-1,-1,-1,-1,0,0,11302500,50715000,1,0.4999999999999999,0.8660254037844387,0,0,0,1,0.7886482870149101
1,26.0,35,-1,-1,1,-1,1,-1,1,1,12772500,454590000,1,0.4999999999999999,0.8660254037844387,0,0,0,1,0.5352844296049482
1,37.0,1,-1,-1,1,-1,-1,-1,0,0,11302500,11302500,0,0.8660254037844387,-0.4999999999999998,0,0,0,1,0.8066854102184301
1,47.0,23,-1,1,1,-1,1,1,0,1,15667500,327727500,0,-0.4999999999999997,-0.8660254037844388,0,0,0,1,0.8241391660115122
0,21.0,22,-1,-1,1,-1,1,1,1,1,7417500,154710000,0,-0.4999999999999997,-0.8660254037844388,0,0,1,0,0.5117659166136778
0,42.0,49,0,0,0,0,0,0,1,0,2917500,138195000,0,0.0,1.0,1,0,0,0,0.028480817730083634
0,41.0,42,-1,-1,1,-1,1,1,0,1,13822500,581310000,0,-0.8660254037844385,-0.5000000000000004,0,0,0,1,0.7812559127982098
0,40.0,33,-1,-1,1,-1,1,1,1,1,14070000,468675000,1,0.0,1.0,0,0,0,1,0.6286579079739392
0,52.0,7,0,0,0,0,0,0,1,0,2977500,21622500,0,0.4999999999999999,-0.8660254037844387,1,0,0,0,0.14197802917507252
0,44.0,67,1,-1,1,1,-1,1,1,1,15037500,1003350000,0,-0.8660254037844385,-0.5000000000000004,0,0,0,1,0.15651881056714612
1,58.0,15,-1,1,-1,1,-1,1,0,0,14355000,217665000,0,1.2246467991473532e-16,-1.0,0,0,0,1,0.663369276939101
1,28.0,67,-1,1,1,-1,-1,1,1,1,13972500,955230000,0,0.4999999999999999,0.8660254037844387,0,0,0,1,0.3039104387369727
1,42.0,53,1,1,-1,1,1,-1,1,1,10455000,559440000,0,-0.4999999999999997,-0.8660254037844388,0,0,1,0,0.07644992565266093
1,41.0,21,0,0,0,0,0,0,1,0,2970000,52515000,0,-0.5000000000000004,0.8660254037844384,1,0,0,0,0.0883900204703102
0,27.0,40,1,1,-1,1,-1,1,0,1,10702500,427080000,0,1.2246467991473532e-16,-1.0,0,0,1,0,0.2582709217397421
0,51.0,22,0,0,0,0,0,0,1,0,3112500,67852500,0,0.4999999999999999,-0.8660254037844387,1,0,0,0,0.07993703408077885
1,68.0,39,-1,-1,-1,1,-1,1,0,1,6090000,224175000,0,0.8660254037844386,0.5000000000000001,0,0,1,0,0.4359241053502046
1,40.0,45,0,0,0,0,0,0,1,1,3060000,139567500,1,0.4999999999999999,0.8660254037844387,1,0,0,0,0.05075751316465652
0,46.0,2,0,0,0,0,0,0,0,0,3052500,6277500,0,-0.5000000000000004,0.8660254037844384,1,0,0,0,0.36979722713387436
0,41.0,57,0,0,0,0,0,0,1,0,2962500,190807500,0,0.8660254037844386,0.5000000000000001,1,0,0,0,0.021216351462070224
1,31.0,8,-1,-1,-1,-1,1,-1,0,1,8160000,71265000,0,0.0,1.0,0,1,0,0,0.7142933719326738
1,18.0,7,1,1,-1,-1,-1,1,0,1,14205000,100965000,1,0.4999999999999999,-0.8660254037844387,0,0,0,1,0.7860926686890327
1,32.0,6,-1,1,-1,-1,-1,-1,0,1,4575000,31305000,1,-0.8660254037844385,-0.5000000000000004,0,0,1,0,0.7280475141148259
0,23.0,7,0,0,0,0,0,0,0,0,3067500,22612500,0,-1.0,-1.8369701987210294e-16,1,0,0,0,0.320652716876691
1,60.0,49,-1,-1,-1,1,1,-1,1,1,9922500,479850000,0,-1.0,-1.8369701987210294e-16,0,1,0,0,0.111607083686668
0,39.0,65,1,1,-1,1,-1,-1,1,1,13477500,876697500,0,0.0,1.0,0,0,0,1,0.10802634881362488
0,36.0,55,-1,-1,-1,-1,-1,-1,1,0,6757500,369390000,0,-0.5000000000000004,0.8660254037844384,0,0,1,0,0.08460063067307824
1,51.0,71,1,1,1,1,1,1,1,0,13027500,939570000,0,0.4999999999999999,0.8660254037844387,0,1,0,0,0.04106316733393251
1,27.0,35,1,1,1,1,-1,-1,0,1,14512500,510510000,0,-0.8660254037844386,0.5000000000000001,0,0,0,1,0.43235783506984166
1,31.0,3,-1,-1,-1,-1,-1,-1,0,1,11550000,35662500,1,0.8660254037844387,-0.4999999999999998,0,0,0,1,0.8484171183421113
0,41.0,11,0,0,0,0,0,0,0,0,3015000,33202500,1,-0.4999999999999997,-0.8660254037844388,1,0,0,0,0.2796612607982387
0,52.0,1,-1,-1,1,-1,-1,-1,0,0,11295000,11295000,1,0.8660254037844387,-0.4999999999999998,0,0,0,1,0.7995800233343847
1,46.0,17,1,1,1,1,1,-1,0,1,15997500,250815000,0,0.4999999999999999,-0.8660254037844387,0,0,0,1,0.608411001221589
0,43.0,72,1,-1,1,1,1,1,1,1,16522500,1182180000,0,0.8660254037844387,-0.4999999999999998,0,0,0,1,0.20227922189587005
0,41.0,28,1,-1,-1,-1,-1,1,1,1,12427500,348120000,0,-0.8660254037844386,0.5000000000000001,0,0,0,1,0.46910753338226613
0,45.0,18,0,0,0,0,0,0,1,0,3015000,55575000,0,0.4999999999999999,0.8660254037844387,1,0,0,0,0.09819941144511728
0,42.0,40,-1,1,-1,1,1,1,1,1,14880000,609330000,1,0.4999999999999999,0.8660254037844387,0,0,0,1,0.4581530106264476
0,28.0,52,-1,-1,1,-1,-1,1,0,1,8917500,456555000,0,1.2246467991473532e-16,-1.0,0,1,0,0,0.3324234415873723
0,41.0,47,-1,1,-1,-1,1,-1,0,1,8790000,408510000,0,-0.4999999999999997,-0.8660254037844388,0,0,1,0,0.38870806186682144
0,27.0,23,-1,-1,1,-1,-1,-1,0,0,7455000,162187500,0,-0.8660254037844385,-0.5000000000000004,0,0,1,0,0.43967433896514874
1,41.0,66,1,1,1,1,-1,-1,1,0,9877500,614557500,0,0.4999999999999999,-0.8660254037844387,0,1,0,0,0.01875912766691729
0,34.0,8,-1,-1,-1,-1,-1,-1,0,1,11025000,94830000,0,-1.0,-1.8369701987210294e-16,0,0,0,1,0.8292417043741847
1,70.0,47,1,-1,-1,-1,-1,1,0,0,12825000,606345000,1,-0.5000000000000004,0.8660254037844384,0,0,0,1,0.49281552433028236
0,40.0,7,0,0,0,0,0,0,0,0,3007500,24727500,1,0.8660254037844386,0.5000000000000001,1,0,0,0,0.3275014745901711
0,23.0,71,1,1,1,1,1,1,1,0,17047500,1225020000,0,0.4999999999999999,0.8660254037844387,0,0,0,1,0.14787142555840402
0,38.0,50,1,1,-1,-1,-1,-1,0,1,12510000,617055000,0,0.8660254037844386,0.5000000000000001,0,0,0,1,0.4340646365111974
1,46.0,46,1,1,1,1,-1,-1,1,0,9847500,457072500,0,0.4999999999999999,-0.8660254037844387,0,0,1,0,0.045786194524739275
1,60.0,1,-1,-1,-1,-1,-1,-1,0,0,10560000,10560000,1,-1.0,-1.8369701987210294e-16,0,0,0,1,0.8107036064761632
0,33.0,66,1,-1,1,1,1,1,1,1,9202500,629010000,0,0.0,1.0,0,0,1,0,0.09307153907692207
0,21.0,42,-1,-1,1,1,-1,-1,0,1,12885000,559462500,0,-1.0,-1.8369701987210294e-16,0,0,0,1,0.526029652151427
0,50.0,5,-1,-1,-1,1,-1,-1,0,1,11347500,59917500,0,-0.8660254037844385,-0.5000000000000004,0,0,0,1,0.7743497628849472
1,23.0,7,1,-1,-1,-1,-1,-1,1,1,7462500,49695000,1,0.4999999999999999,-0.8660254037844387,0,0,1,0,0.33485075157993593
1,35.0,29,-1,1,1,-1,-1,1,1,0,10635000,294690000,0,0.4999999999999999,-0.8660254037844387,0,1,0,0,0.1813542898254576
0,37.0,27,-1,1,-1,-1,-1,-1,0,0,7477500,200422500,0,-0.5000000000000004,0.8660254037844384,0,0,1,0,0.3892607505545504
0,39.0,15,-1,1,-1,-1,-1,-1,0,1,11295000,172117500,1,0.4999999999999999,0.8660254037844387,0,0,0,1,0.7836382411330545
0,48.0,25,0,0,0,0,0,0,1,0,3015000,72907500,0,-0.5000000000000004,0.8660254037844384,1,0,0,0,0.07352136985095886
0,32.0,11,-1,-1,-1,-1,1,1,0,1,14100000,161835000,1,-0.8660254037844386,0.5000000000000001,0,0,0,1,0.8920157381200156
1,37.0,57,1,1,1,1,1,-1,0,1,15457500,888862500,0,-0.8660254037844385,-0.5000000000000004,0,0,0,1,0.3844598462835105
1,40.0,67,1,1,1,1,1,1,1,1,17752500,1170622500,1,-0.8660254037844385,-0.5000000000000004,0,0,0,1,0.2043739477546572
0,42.0,47,-1,-1,1,-1,1,1,0,0,14955000,712080000,0,-1.0,-1.8369701987210294e-16,0,0,0,1,0.6729220152687679
0,41.0,13,-1,-1,-1,-1,1,-1,0,1,12285000,154335000,0,-0.5000000000000004,0.8660254037844384,0,0,0,1,0.8516610222372679
1,45.0,8,1,-1,-1,-1,-1,-1,0,1,4567500,33967500,1,1.0,6.123233995736766e-17,0,1,0,0,0.5928366656176742
0,50.0,44,-1,-1,-1,-1,1,1,0,1,14415000,654615000,1,0.0,1.0,0,0,0,1,0.7758107138251333
1,45.0,71,1,-1,-1,-1,1,-1,1,1,9930000,703882500,0,-1.0,-1.8369701987210294e-16,0,1,0,0,0.05688764784548897
1,45.0,24,-1,1,1,-1,1,1,0,1,15637500,365085000,1,0.8660254037844387,-0.4999999999999998,0,0,0,1,0.8295426106895226
1,21.0,15,-1,1,-1,-1,-1,-1,0,1,12030000,182587500,1,-0.4999999999999997,-0.8660254037844388,0,0,0,1,0.7715249800895722
0,41.0,1,0,0,0,0,0,0,0,0,2962500,2962500,0,-0.4999999999999997,-0.8660254037844388,1,0,0,0,0.3730370871816713
1,46.0,2,-1,-1,-1,-1,-1,-1,0,1,10890000,23145000,0,0.8660254037844386,0.5000000000000001,0,0,0,1,0.8619684609153716
1,49.0,55,1,1,1,1,1,1,0,1,17475000,957382500,0,0.8660254037844387,-0.4999999999999998,0,0,0,1,0.4937075422874663
1,32.0,71,-1,1,-1,1,1,1,1,1,16020000,1143480000,0,0.4999999999999999,0.8660254037844387,0,0,0,1,0.280635190002169
1,32.0,50,0,0,0,0,0,0,1,0,3742500,189217500,0,0.8660254037844387,-0.4999999999999998,1,0,0,0,0.027235082812370193
1,33.0,1,-1,-1,-1,-1,1,1,0,1,13387500,13387500,0,0.4999999999999999,-0.8660254037844387,0,0,0,1,0.9213442003153074
1,46.0,5,0,0,0,0,0,0,0,1,2887500,12907500,0,-1.0,-1.8369701987210294e-16,1,0,0,0,0.4379375483633192
0,52.0,66,1,1,1,1,1,-1,1,1,15682500,1016857500,0,1.0,6.123233995736766e-17,0,0,0,1,0.1453097514061522
0,35.0,49,1,1,1,1,1,1,1,1,13080000,651750000,0,-0.8660254037844385,-0.5000000000000004,0,1,0,0,0.09841706570408677
0,51.0,3,-1,1,-1,-1,-1,-1,0,1,4612500,12427500,0,-0.8660254037844385,-0.5000000000000004,0,1,0,0,0.6965004771765206
1,41.0,66,0,0,0,0,0,0,1,1,3855000,257182500,0,-0.8660254037844386,0.5000000000000001,1,0,0,0,0.020826621519686544
1,39.0,11,-1,-1,-1,-1,-1,1,0,0,12930000,133980000,0,0.0,1.0,0,0,0,1,0.8064021705301723
1,37.0,28,-1,-1,-1,1,-1,-1,0,1,4515000,121627500,0,-0.5000000000000004,0.8660254037844384,0,1,0,0,0.40668078115032197
1,49.0,65,1,1,1,-1,1,-1,1,1,14902500,952132500,0,-0.8660254037844385,-0.5000000000000004,0,0,0,1,0.20487493223562134
0,44.0,62,0,0,0,0,0,0,1,1,2880000,168547500,0,0.8660254037844387,-0.4999999999999998,1,0,0,0,0.023636005816564647
0,67.0,2,0,0,0,0,0,0,0,0,3015000,6472500,0,-0.8660254037844386,0.5000000000000001,1,0,0,0,0.3632304080018156
0,30.0,2,0,0,0,0,0,0,0,0,3052500,5265000,0,0.8660254037844386,0.5000000000000001,1,0,0,0,0.37503453687964133
0,46.0,55,0,0,0,0,0,0,1,1,3847500,208200000,0,1.0,6.123233995736766e-17,1,0,0,0,0.03131652300788125
1,34.0,41,-1,1,-1,-1,1,1,0,1,14182500,577717500,0,0.0,1.0,0,0,0,1,0.779098281652648
0,30.0,17,1,-1,1,-1,1,1,0,1,15630000,261525000,1,0.4999999999999999,-0.8660254037844387,0,0,0,1,0.8018863824883542
0,40.0,30,-1,-1,-1,1,1,1,1,1,14160000,395715000,0,0.0,1.0,0,0,0,1,0.5393085335451067
1,42.0,17,1,1,-1,-1,-1,-1,1,0,8415000,142042500,0,0.8660254037844387,-0.4999999999999998,0,0,1,0,0.1678541120954316
0,75.0,16,1,1,-1,1,-1,1,1,0,10237500,167227500,0,0.8660254037844387,-0.4999999999999998,0,0,1,0,0.15514623741177644
1,38.0,72,0,0,0,0,0,0,1,0,3712500,266640000,0,-0.4999999999999997,-0.8660254037844388,1,0,0,0,0.010804497775452756
1,26.0,9,-1,-1,-1,-1,-1,-1,0,1,11437500,102727500,0,0.4999999999999999,-0.8660254037844387,0,0,0,1,0.8234643470197193
0,43.0,1,-1,1,-1,-1,-1,-1,0,0,11152500,11152500,0,1.2246467991473532e-16,-1.0,0,0,0,1,0.7825419427118734
1,18.0,23,-1,1,-1,1,-1,-1,0,0,8122500,196867500,0,-0.5000000000000004,0.8660254037844384,0,0,1,0,0.33895293472423593
1,39.0,8,0,0,0,0,0,0,0,0,2917500,23880000,0,-1.0,-1.8369701987210294e-16,1,0,0,0,0.31833066077817257
1,40.0,19,1,1,-1,-1,-1,-1,0,1,5242500,91530000,0,-0.4999999999999997,-0.8660254037844388,0,0,1,0,0.4917921767239904
0,50.0,7,1,-1,-1,-1,-1,-1,0,1,8047500,60652500,0,0.8660254037844387,-0.4999999999999998,0,0,1,0,0.5631674423926092
1,52.0,1,-1,-1,-1,-1,-1,-1,0,1,10447500,10447500,1,-1.0,-1.8369701987210294e-16,0,0,0,1,0.8658436729126142
1,34.0,61,1,-1,1,-1,1,1,1,0,15600000,954517500,0,0.8660254037844387,-0.4999999999999998,0,0,0,1,0.2586497381529629
0,38.0,57,1,1,-1,1,1,-1,1,1,10552500,618697500,0,0.4999999999999999,-0.8660254037844387,0,1,0,0,0.05552507835380382
1,31.0,9,-1,-1,-1,-1,-1,1,0,1,12120000,106965000,1,-0.8660254037844386,0.5000000000000001,0,0,0,1,0.8745981857310388
1,26.0,15,1,-1,1,-1,-1,1,1,0,9727500,142612500,0,-0.4999999999999997,-0.8660254037844388,0,0,1,0,0.25002675094169446
0,44.0,1,0,0,0,0,0,0,0,0,2947500,2947500,0,0.0,1.0,1,0,0,0,0.38496536851873187
0,25.0,12,-1,-1,-1,-1,-1,-1,0,0,6885000,75892500,0,-0.4999999999999997,-0.8660254037844388,0,1,0,0,0.4934872572430849
1,35.0,54,0,0,0,0,0,0,1,0,3000000,172447500,0,0.0,1.0,1,0,0,0,0.024509592250898597
1,28.0,4,-1,-1,-1,-1,-1,-1,0,0,6720000,25447500,0,-0.8660254037844385,-0.5000000000000004,0,1,0,0,0.5806848746191955
0,47.0,7,-1,-1,-1,-1,1,-1,0,1,12045000,79005000,1,0.8660254037844387,-0.4999999999999998,0,0,0,1,0.8728540916539883
0,62.0,20,0,0,0,0,0,0,1,0,3052500,58972500,0,0.4999999999999999,-0.8660254037844387,1,0,0,0,0.0857755059009877
0,24.0,26,1,-1,-1,1,-1,1,0,0,6870000,172050000,0,0.8660254037844386,0.5000000000000001,0,1,0,0,0.30465507946895154
1,18.0,36,-1,-1,-1,-1,-1,1,0,1,12615000,453240000,1,-0.8660254037844386,0.5000000000000001,0,0,0,1,0.7561223527889261
0,39.0,53,-1,1,1,1,1,1,1,1,16342500,857730000,0,0.4999999999999999,0.8660254037844387,0,0,0,1,0.3637741284789841
1,40.0,3,-1,-1,-1,1,1,1,0,1,10402500,28702500,1,0.4999999999999999,0.8660254037844387,0,1,0,0,0.7163635811364453
0,43.0,68,1,1,1,1,1,1,1,0,9652500,680940000,0,0.0,1.0,0,0,1,0,0.05576066704147839
1,35.0,72,1,1,1,1,1,1,1,1,13620000,959640000,0,0.8660254037844386,0.5000000000000001,0,1,0,0,0.05571264356292502
1,38.0,12,0,0,0,0,0,0,1,0,3742500,42060000,0,-1.0,-1.8369701987210294e-16,1,0,0,0,0.11531439346510822
0,44.0,34,-1,1,-1,-1,-1,-1,0,1,11940000,407745000,1,0.8660254037844387,-0.4999999999999998,0,0,0,1,0.65322148549672
0,52.0,68,1,1,-1,-1,-1,-1,1,1,12705000,856657500,0,1.2246467991473532e-16,-1.0,0,0,0,1,0.13272111714801663
0,18.0,50,1,-1,1,1,1,-1,1,1,10620000,521722500,0,0.4999999999999999,0.8660254037844387,0,0,1,0,0.09315383078269235
0,36.0,1,-1,-1,-1,-1,1,-1,0,1,5467500,5467500,1,0.8660254037844387,-0.4999999999999998,0,0,1,0,0.8300790908178702
0,43.0,41,-1,1,1,-1,1,1,0,1,15660000,620092500,0,0.4999999999999999,-0.8660254037844387,0,0,0,1,0.7506915341050172
1,29.0,30,-1,-1,-1,1,1,1,0,1,15225000,437647500,0,-0.8660254037844385,-0.5000000000000004,0,0,0,1,0.7553138755789182
1,61.0,1,-1,1,-1,-1,-1,-1,0,0,8145000,8145000,0,0.4999999999999999,0.8660254037844387,0,1,0,0,0.5566061231447599
1,32.0,29,-1,-1,1,-1,1,1,0,1,15592500,444720000,0,1.0,6.123233995736766e-17,0,0,0,1,0.8286324565385239
0,40.0,23,1,1,1,1,1,1,1,1,13665000,329745000,0,1.0,6.123233995736766e-17,0,0,1,0,0.2187156164556802
1,47.0,60,0,0,0,0,0,0,1,0,2992500,178485000,0,0.4999999999999999,0.8660254037844387,1,0,0,0,0.018707091943682596
0,33.0,72,0,0,0,0,0,0,1,0,3967500,287175000,0,-0.5000000000000004,0.8660254037844384,1,0,0,0,0.010971963178636641
1,18.0,22,-1,1,1,-1,1,-1,0,1,13410000,300225000,1,0.4999999999999999,0.8660254037844387,0,0,0,1,0.8044460600723924
1,35.0,72,1,1,1,1,1,-1,1,1,11265000,800452500,0,-1.0,-1.8369701987210294e-16,0,0,1,0,0.04375665495768267
0,52.0,66,-1,1,1,-1,1,1,1,0,16215000,1085790000,0,-0.8660254037844385,-0.5000000000000004,0,0,0,1,0.28778433382082674
0,36.0,72,-1,1,1,1,1,1,1,1,16522500,1199820000,0,0.0,1.0,0,0,0,1,0.27211389101760497
0,30.0,47,1,-1,-1,-1,-1,-1,0,0,12052500,573877500,1,-0.4999999999999997,-0.8660254037844388,0,0,0,1,0.38013570098938027
0,51.0,51,-1,1,1,1,1,1,1,1,16725000,855487500,0,0.4999999999999999,0.8660254037844387,0,0,0,1,0.3727066322885703
0,36.0,70,-1,1,1,-1,1,1,1,1,15975000,1109550000,0,1.0,6.123233995736766e-17,0,0,0,1,0.3565315068014349
1,34.0,9,0,0,0,0,0,0,1,1,2985000,24690000,0,0.4999999999999999,-0.8660254037844387,1,0,0,0,0.19022652148211244
1,42.0,59,1,1,-1,1,1,1,1,1,16665000,983280000,0,-0.8660254037844385,-0.5000000000000004,0,0,0,1,0.23984118789321437
1,49.0,3,-1,-1,-1,1,1,1,0,0,10605000,33847500,0,0.4999999999999999,-0.8660254037844387,0,1,0,0,0.6156506995515293
1,69.0,38,-1,-1,-1,-1,-1,-1,0,1,3727500,143362500,0,1.2246467991473532e-16,-1.0,0,0,1,0,0.44968729773690885
0,50.0,37,1,1,1,-1,-1,-1,0,0,13680000,507345000,0,1.0,6.123233995736766e-17,0,0,0,1,0.417435241631117
1,54.0,37,1,1,1,1,-1,-1,1,0,9840000,347070000,0,0.8660254037844387,-0.4999999999999998,0,1,0,0,0.048389389366520666
0,34.0,24,-1,-1,1,-1,-1,1,0,1,6097500,139995000,1,1.2246467991473532e-16,-1.0,0,0,1,0,0.6607832727440923
0,28.0,14,1,1,-1,1,-1,-1,0,0,8917500,117127500,0,0.4999999999999999,0.8660254037844387,0,0,1,0,0.29094743023589503
1,41.0,72,1,1,-1,1,1,1,1,1,16492500,1177860000,0,0.8660254037844386,0.5000000000000001,0,0,0,1,0.1948202334922845
1,41.0,53,-1,1,1,1,1,1,1,1,9067500,477637500,1,1.0,6.123233995736766e-17,0,1,0,0,0.1497413636184183
0,27.0,8,-1,-1,-1,-1,-1,1,0,1,12735000,114742500,1,-0.4999999999999997,-0.8660254037844388,0,0,0,1,0.8673264340063588
1,38.0,72,1,1,1,-1,-1,-1,1,0,5775000,414450000,0,0.8660254037844387,-0.4999999999999998,0,0,1,0,0.030167119190771134
0,45.0,17,-1,-1,-1,-1,1,1,0,1,13882500,242205000,0,1.2246467991473532e-16,-1.0,0,0,0,1,0.873464469862636
0,44.0,2,-1,1,-1,-1,-1,-1,0,1,11032500,21810000,1,0.4999999999999999,0.8660254037844387,0,0,0,1,0.8460344469107293
0,46.0,8,0,0,0,0,0,0,0,0,3022500,23437500,1,-1.0,-1.8369701987210294e-16,1,0,0,0,0.30751708267987893
0,43.0,48,-1,1,1,-1,-1,-1,1,0,5205000,240675000,1,0.4999999999999999,0.8660254037844387,0,0,1,0,0.10612505174802218
0,34.0,10,0,0,0,0,0,0,0,1,3675000,40522500,0,0.8660254037844386,0.5000000000000001,1,0,0,0,0.3750571040196358
1,34.0,0,0,0,0,0,0,0,1,1,2955000,0,0,0.4999999999999999,-0.8660254037844387,1,0,0,0,0.2568104157118982
1,26.0,1,0,0,0,0,0,0,0,0,3090000,3090000,0,1.0,6.123233995736766e-17,1,0,0,0,0.3903831714910259
0,61.0,29,1,-1,1,1,-1,-1,1,0,8700000,260175000,0,0.4999999999999999,0.8660254037844387,0,1,0,0,0.07347464131472686
0,40.0,65,-1,1,1,-1,1,1,1,1,16117500,1057125000,0,0.8660254037844386,0.5000000000000001,0,0,0,1,0.39174847255648987
0,37.0,8,1,1,1,-1,-1,-1,0,1,9825000,85972500,0,0.0,1.0,0,1,0,0,0.4529233650521092
1,29.0,61,0,0,0,0,0,0,1,0,3817500,230790000,0,0.8660254037844387,-0.4999999999999998,1,0,0,0,0.017414900402702525
0,75.0,45,-1,-1,1,-1,1,1,1,1,15022500,668970000,0,0.4999999999999999,-0.8660254037844387,0,0,0,1,0.5195873460580572
1,27.0,72,-1,1,1,-1,1,1,1,1,15667500,1118850000,0,-0.8660254037844385,-0.5000000000000004,0,0,0,1,0.34649319779381266
1,35.0,12,0,0,0,0,0,0,0,1,3172500,45907500,0,0.8660254037844387,-0.4999999999999998,1,0,0,0,0.3692669989784372
1,45.0,7,-1,-1,-1,-1,1,1,0,0,14430000,95955000,0,-1.0,-1.8369701987210294e-16,0,0,0,1,0.8564388545730639
1,47.0,9,-1,-1,-1,-1,-1,-1,0,1,6660000,52222500,0,-1.0,-1.8369701987210294e-16,0,0,1,0,0.6760199625873816
0,51.0,43,-1,-1,1,1,1,1,1,1,16132500,680085000,1,-0.4999999999999997,-0.8660254037844388,0,0,0,1,0.42508638382639663
1,62.0,58,-1,-1,1,1,-1,1,1,0,14152500,834547500,0,1.2246467991473532e-16,-1.0,0,0,0,1,0.20318306766989716
1,46.0,16,-1,-1,1,-1,1,1,0,1,14812500,238132500,1,-0.8660254037844386,0.5000000000000001,0,0,0,1,0.8752571444918974
1,27.0,2,0,0,0,0,0,0,0,0,3045000,6037500,0,0.4999999999999999,0.8660254037844387,1,0,0,0,0.3846438344440933
0,37.0,8,-1,1,1,-1,1,1,0,0,15172500,126435000,1,1.2246467991473532e-16,-1.0,0,0,0,1,0.8321897666881082
0,44.0,40,1,-1,1,-1,1,1,1,0,15862500,634282500,0,1.0,6.123233995736766e-17,0,0,0,1,0.3589275224646263
1,65.0,9,1,-1,-1,-1,-1,-1,0,1,12172500,117667500,0,-0.5000000000000004,0.8660254037844384,0,0,0,1,0.7425772122680521
1,23.0,41,-1,1,-1,1,1,-1,1,1,13432500,559462500,0,-1.0,-1.8369701987210294e-16,0,0,0,1,0.35881671756886335
0,54.0,26,-1,1,1,-1,-1,-1,0,1,8212500,211035000,0,0.4999999999999999,0.8660254037844387,0,1,0,0,0.43212484287113384
0,42.0,33,-1,1,-1,1,-1,-1,1,1,8062500,278595000,0,0.8660254037844387,-0.4999999999999998,0,0,1,0,0.1520916810812289
1,50.0,68,-1,1,1,1,1,1,1,0,15862500,1098375000,0,-0.5000000000000004,0.8660254037844384,0,0,0,1,0.2225084228337522
0,39.0,65,-1,1,1,1,1,1,1,1,15877500,1008825000,0,-0.8660254037844386,0.5000000000000001,0,0,0,1,0.29252270083703247
1,30.0,55,-1,1,-1,1,-1,1,1,1,9630000,544095000,0,0.4999999999999999,-0.8660254037844387,0,0,1,0,0.11436334722712292
1,49.0,20,-1,-1,1,-1,1,-1,0,1,13305000,264217500,1,-1.0,-1.8369701987210294e-16,0,0,0,1,0.8151225636166188
1,48.0,19,-1,-1,-1,1,-1,1,1,1,13155000,258892500,0,0.4999999999999999,0.8660254037844387,0,0,0,1,0.5458260512346151
0,52.0,45,-1,-1,1,-1,-1,1,0,1,13395000,628822500,0,0.4999999999999999,0.8660254037844387,0,0,0,1,0.7023403611615798
0,40.0,70,0,0,0,0,0,0,1,1,3022500,211680000,0,0.4999999999999999,0.8660254037844387,1,0,0,0,0.017718534761761256
0,33.0,2,-1,-1,-1,-1,1,-1,0,1,11962500,24675000,1,0.4999999999999999,-0.8660254037844387,0,0,0,1,0.88993710010339
0,21.0,27,-1,-1,-1,-1,1,1,0,1,14182500,408690000,1,0.4999999999999999,-0.8660254037844387,0,0,0,1,0.8454794863969994
0,50.0,12,0,0,0,0,0,0,1,1,3007500,39682500,0,-0.8660254037844385,-0.5000000000000004,1,0,0,0,0.1644823213279501
1,45.0,72,1,1,1,1,1,1,1,0,10080000,700755000,0,0.8660254037844386,0.5000000000000001,0,0,1,0,0.047324948473922525
1,28.0,12,-1,-1,-1,-1,1,1,0,0,14182500,176032500,0,-0.5000000000000004,0.8660254037844384,0,0,0,1,0.8500003233332067
0,34.0,5,-1,-1,-1,-1,-1,-1,0,1,10357500,47775000,1,1.0,6.123233995736766e-17,0,0,0,1,0.8521252468939751
1,34.0,71,1,1,1,-1,1,1,0,1,16125000,1157032500,0,0.8660254037844386,0.5000000000000001,0,0,0,1,0.5175445935573115
1,22.0,35,-1,-1,1,1,1,1,1,1,10950000,370687500,0,1.0,6.123233995736766e-17,0,0,1,0,0.2818513998176168
1,30.0,70,1,1,1,1,1,1,1,0,17212500,1176345000,0,0.8660254037844387,-0.4999999999999998,0,0,0,1,0.14280957426312338
0,26.0,31,-1,-1,-1,-1,-1,-1,0,1,11407500,334170000,0,0.8660254037844386,0.5000000000000001,0,0,0,1,0.7007575238339925
1,35.0,52,-1,-1,1,1,-1,1,1,1,14437500,748537500,1,-0.5000000000000004,0.8660254037844384,0,0,0,1,0.3133621186536904
1,31.0,37,-1,-1,1,-1,1,1,0,1,15165000,561607500,1,-1.0,-1.8369701987210294e-16,0,0,0,1,0.8000957024639757
1,20.0,69,-1,1,-1,1,1,1,1,1,15705000,1083052500,1,0.4999999999999999,0.8660254037844387,0,0,0,1,0.2914029276352161
1,64.0,30,-1,-1,-1,-1,-1,-1,0,0,11685000,352717500,0,0.0,1.0,0,0,0,1,0.6227590631661879
0,55.0,33,1,-1,-1,-1,-1,1,0,1,13597500,448440000,0,0.4999999999999999,-0.8660254037844387,0,0,0,1,0.6598877769354424
1,31.0,54,-1,1,1,1,1,1,1,1,16567500,911662500,0,-1.0,-1.8369701987210294e-16,0,0,0,1,0.3645158742886223
0,43.0,59,1,-1,-1,1,-1,1,1,0,10305000,610642500,0,-0.4999999999999997,-0.8660254037844388,0,0,1,0,0.04776026497469793
1,45.0,55,1,1,-1,-1,1,-1,0,1,6727500,371857500,0,0.4999999999999999,0.8660254037844387,0,0,1,0,0.2710205872239911
1,54.0,69,-1,-1,1,-1,-1,-1,1,1,4470000,320145000,0,0.4999999999999999,0.8660254037844387,0,1,0,0,0.06714333971723192
0,30.0,66,-1,1,-1,-1,1,-1,1,1,13335000,900015000,0,1.2246467991473532e-16,-1.0,0,0,0,1,0.28380380193631505
1,53.0,37,1,-1,1,1,-1,-1,1,1,8812500,330465000,0,-0.8660254037844385,-0.5000000000000004,0,0,1,0,0.0973930708620451
1,33.0,9,0,0,0,0,0,0,1,0,2977500,27472500,0,0.8660254037844387,-0.4999999999999998,1,0,0,0,0.1393802494682592
1,24.0,69,1,-1,1,1,1,1,1,0,13035000,929115000,0,0.8660254037844387,-0.4999999999999998,0,1,0,0,0.04774514164251289
1,49.0,10,-1,1,-1,-1,1,-1,0,1,8947500,95842500,0,0.4999999999999999,-0.8660254037844387,0,0,1,0,0.7004220978241604
1,55.0,40,1,1,-1,-1,-1,-1,0,1,8287500,320880000,1,-0.8660254037844386,0.5000000000000001,0,0,1,0,0.2700086246938408
1,71.0,13,-1,-1,-1,-1,1,1,0,0,9960000,124762500,0,0.4999999999999999,-0.8660254037844387,0,0,1,0,0.6846566160200871
0,26.0,6,-1,1,-1,-1,1,-1,0,1,13515000,78195000,1,1.2246467991473532e-16,-1.0,0,0,0,1,0.8490121388962293
0,48.0,69,0,0,0,0,0,0,1,0,3022500,200625000,0,-0.8660254037844385,-0.5000000000000004,1,0,0,0,0.01172748384404625
0,35.0,66,-1,1,1,1,1,1,1,1,16215000,1077292500,0,0.8660254037844386,0.5000000000000001,0,0,0,1,0.3008648503172969
1,49.0,11,-1,-1,1,-1,-1,-1,0,0,8062500,91200000,1,0.8660254037844386,0.5000000000000001,0,0,1,0,0.5525131528672579
1,22.0,46,1,-1,1,1,-1,-1,1,0,8535000,384015000,0,1.2246467991473532e-16,-1.0,0,0,1,0,0.05196591338343368
0,25.0,6,-1,-1,-1,-1,1,1,0,0,13395000,86640000,1,-0.8660254037844386,0.5000000000000001,0,0,0,1,0.8730591311409805
0,31.0,56,1,-1,1,1,1,1,0,1,16440000,892950000,0,0.0,1.0,0,0,0,1,0.5102721552920578
1,41.0,70,0,0,0,0,0,0,1,0,3772500,268522500,0,0.8660254037844387,-0.4999999999999998,1,0,0,0,0.012087185636305777
0,32.0,33,-1,-1,1,1,1,1,1,1,11872500,379710000,0,0.8660254037844386,0.5000000000000001,0,0,1,0,0.27715614085550183
0,48.0,72,1,1,-1,1,-1,-1,1,0,10012500,714045000,0,1.2246467991473532e-16,-1.0,0,0,1,0,0.018631008497416363
0,52.0,3,-1,-1,-1,-1,1,1,0,1,14280000,43927500,1,-0.8660254037844386,0.5000000000000001,0,0,0,1,0.9073303898942228
0,47.0,19,-1,-1,-1,1,-1,-1,0,0,7320000,143047500,0,0.8660254037844387,-0.4999999999999998,0,0,1,0,0.386740076556416
0,59.0,5,-1,-1,-1,-1,1,1,0,0,6855000,29700000,1,-1.0,-1.8369701987210294e-16,0,1,0,0,0.7517162719053871
0,45.0,71,-1,1,1,1,1,1,1,1,12105000,855757500,0,-0.8660254037844386,0.5000000000000001,0,1,0,0,0.08200574900303628
1,25.0,8,1,-1,-1,-1,-1,-1,0,1,11175000,91485000,1,-1.0,-1.8369701987210294e-16,0,0,0,1,0.7654743348432651
1,56.0,1,0,0,0,0,0,0,0,0,3082500,3082500,0,-1.0,-1.8369701987210294e-16,1,0,0,0,0.3778685064585605
0,33.0,1,-1,-1,-1,-1,1,-1,0,1,11947500,11947500,1,1.2246467991473532e-16,-1.0,0,0,0,1,0.8919078907069424
0,51.0,61,1,1,1,1,1,1,1,1,17265000,1049047500,0,0.0,1.0,0,0,0,1,0.2327562891887047
0,59.0,71,1,1,-1,1,1,1,1,0,8955000,618397500,0,0.4999999999999999,-0.8660254037844387,0,0,1,0,0.04512718438919291
0,45.0,68,-1,1,1,-1,-1,-1,1,0,12967500,864442500,0,0.4999999999999999,-0.8660254037844387,0,0,0,1,0.13777227781243775
1,22.0,46,-1,-1,1,1,-1,-1,1,0,5055000,230677500,0,-0.8660254037844385,-0.5000000000000004,0,0,1,0,0.08856580553874896
1,29.0,33,1,-1,-1,-1,-1,-1,1,0,12015000,390495000,0,1.2246467991473532e-16,-1.0,0,0,0,1,0.2527401933129059
0,56.0,53,1,1,1,1,-1,1,1,1,15607500,834960000,0,-0.5000000000000004,0.8660254037844384,0,0,0,1,0.19988019961312925
0,38.0,50,1,1,1,-1,1,1,0,0,16312500,814785000,0,1.0,6.123233995736766e-17,0,0,0,1,0.5275974860177742
0,41.0,57,1,-1,1,1,-1,-1,1,1,6165000,338737500,0,0.8660254037844387,-0.4999999999999998,0,1,0,0,0.0442020129437344
0,49.0,54,0,0,0,0,0,0,1,1,3052500,163852500,0,1.2246467991473532e-16,-1.0,1,0,0,0,0.03219270134613002
0,48.0,60,-1,1,1,-1,1,1,0,1,15885000,960187500,0,1.2246467991473532e-16,-1.0,0,0,0,1,0.6584177391588539
0,43.0,28,-1,-1,-1,1,1,1,0,1,15195000,421830000,1,1.2246467991473532e-16,-1.0,0,0,0,1,0.7605617367300477
0,37.0,1,-1,-1,-1,-1,1,-1,0,1,12007500,12007500,1,-0.4999999999999997,-0.8660254037844388,0,0,0,1,0.8906169676303323
1,36.0,29,-1,-1,1,-1,-1,1,0,1,13380000,404752500,1,0.8660254037844386,0.5000000000000001,0,0,0,1,0.7913046576500071
0,50.0,10,-1,1,-1,1,-1,1,0,1,9825000,92535000,0,0.8660254037844386,0.5000000000000001,0,1,0,0,0.5483638755768293
1,47.0,43,1,1,1,-1,-1,-1,0,1,6067500,286927500,0,-0.8660254037844385,-0.5000000000000004,0,0,1,0,0.27987593288418344
1,37.0,13,-1,-1,-1,-1,-1,-1,0,0,10567500,127365000,0,0.8660254037844387,-0.4999999999999998,0,0,0,1,0.7490568446576265
0,53.0,43,1,-1,1,1,1,1,1,1,11820000,519045000,0,0.0,1.0,0,1,0,0,0.1333203830597723
1,38.0,19,-1,-1,-1,-1,-1,1,0,1,12547500,219862500,1,-1.0,-1.8369701987210294e-16,0,0,0,1,0.8278395029539548
1,30.0,1,-1,-1,-1,-1,1,1,0,1,13515000,13515000,0,-1.0,-1.8369701987210294e-16,0,0,0,1,0.9206256842081242
0,31.0,69,1,-1,1,1,1,1,1,1,12367500,833295000,0,-0.5000000000000004,0.8660254037844384,0,0,1,0,0.07765219592512468
0,28.0,61,0,0,0,0,0,0,1,0,3037500,191820000,0,0.0,1.0,1,0,0,0,0.017786325746978277
1,37.0,43,1,1,-1,1,-1,-1,0,0,9937500,436102500,0,1.0,6.123233995736766e-17,0,0,1,0,0.13134138692760683
0,55.0,6,0,0,0,0,0,0,0,0,2925000,21945000,1,0.0,1.0,1,0,0,0,0.3359772314380709
1,30.0,1,-1,-1,-1,1,-1,-1,0,0,7687500,7687500,1,0.0,1.0,0,0,1,0,0.5543403622381101
1,42.0,56,-1,-1,-1,-1,1,1,0,0,13455000,742942500,0,1.2246467991473532e-16,-1.0,0,0,0,1,0.624697676467126
0,32.0,70,1,1,1,1,1,1,1,0,9682500,675735000,0,-0.8660254037844385,-0.5000000000000004,0,1,0,0,0.03977135633109687
1,37.0,1,-1,-1,-1,-1,-1,-1,0,1,6840000,6840000,1,0.4999999999999999,0.8660254037844387,0,0,1,0,0.7453913041433544
1,22.0,49,-1,1,1,-1,1,-1,1,1,14047500,678022500,0,1.0,6.123233995736766e-17,0,0,0,1,0.39491450924659055
0,37.0,6,-1,-1,-1,1,-1,-1,0,1,7447500,40102500,1,0.0,1.0,0,1,0,0,0.548848132155622
0,38.0,32,1,1,1,1,-1,1,1,0,11040000,347527500,0,0.4999999999999999,-0.8660254037844387,0,1,0,0,0.0796676410459383
0,46.0,72,1,-1,1,1,1,1,1,1,16462500,1211302500,0,-0.8660254037844386,0.5000000000000001,0,0,0,1,0.20963891272283974
1,43.0,37,1,1,-1,1,-1,-1,1,0,9217500,345352500,0,-0.8660254037844385,-0.5000000000000004,0,0,1,0,0.061037859086098996
0,26.0,69,1,1,-1,1,1,1,1,1,15960000,1087785000,0,0.4999999999999999,0.8660254037844387,0,0,0,1,0.20361624367221168
0,53.0,26,-1,1,1,1,1,1,0,0,12285000,311782500,0,0.4999999999999999,-0.8660254037844387,0,1,0,0,0.3802673701026288
0,43.0,58,-1,1,1,-1,1,1,1,1,15780000,933810000,0,-1.0,-1.8369701987210294e-16,0,0,0,1,0.4277311632739433
1,42.0,24,-1,-1,-1,1,-1,-1,1,0,8190000,186337500,0,0.8660254037844386,0.5000000000000001,0,0,1,0,0.15534255257882515
1,40.0,5,0,0,0,0,0,0,1,0,3082500,14917500,0,1.0,6.123233995736766e-17,1,0,0,0,0.16029847546927153
1,34.0,15,0,0,0,0,0,0,0,1,3000000,43207500,1,0.4999999999999999,-0.8660254037844387,1,0,0,0,0.33787796824302363
0,43.0,30,0,0,0,0,0,0,1,0,2955000,89887500,0,0.0,1.0,1,0,0,0,0.061736767753588676
0,46.0,55,1,1,-1,1,-1,-1,1,1,9907500,519315000,0,0.4999999999999999,0.8660254037844387,0,0,1,0,0.04783238420678591
0,19.0,25,-1,-1,-1,-1,1,-1,0,1,5100000,127950000,1,0.0,1.0,0,0,1,0,0.6732379711391481
1,34.0,10,-1,1,1,1,1,-1,0,1,13875000,140115000,1,0.4999999999999999,-0.8660254037844387,0,0,0,1,0.7796343056922826
1,37.0,44,1,1,1,1,-1,1,1,1,8107500,356280000,0,0.0,1.0,0,0,1,0,0.11875041616073698
0,43.0,47,1,1,-1,1,-1,-1,1,1,8835000,421957500,0,1.2246467991473532e-16,-1.0,0,1,0,0,0.05191232565446526
0,54.0,13,-1,-1,-1,-1,1,1,0,0,13252500,183420000,1,1.2246467991473532e-16,-1.0,0,0,0,1,0.8459222731026603
0,31.0,49,-1,1,1,1,1,1,1,1,16192500,793980000,1,0.4999999999999999,0.8660254037844387,0,0,0,1,0.3919209134571854
0,34.0,64,1,-1,-1,1,1,1,1,1,14535000,947152500,0,-0.5000000000000004,0.8660254037844384,0,0,0,1,0.24728954889568092
1,34.0,1,0,0,0,0,0,0,0,0,2865000,2865000,0,-0.4999999999999997,-0.8660254037844388,1,0,0,0,0.384508741999856
1,30.0,20,-1,-1,-1,1,-1,-1,0,0,7500000,150457500,0,1.0,6.123233995736766e-17,0,1,0,0,0.33887867627736223
0,36.0,37,1,-1,-1,1,1,-1,1,0,6810000,238965000,0,0.8660254037844386,0.5000000000000001,0,0,1,0,0.10982524907232513
1,49.0,30,-1,-1,-1,-1,1,-1,0,0,12817500,376492500,0,0.8660254037844387,-0.4999999999999998,0,0,0,1,0.6967037732083076
0,27.0,38,1,1,1,-1,1,1,1,0,12615000,478147500,0,-0.5000000000000004,0.8660254037844384,0,0,1,0,0.16099999105171434
0,45.0,1,-1,-1,-1,-1,-1,-1,0,1,11167500,11167500,1,-1.0,-1.8369701987210294e-16,0,0,0,1,0.8536456113027862
0,20.0,37,-1,-1,-1,-1,1,1,0,1,9712500,351780000,1,-0.5000000000000004,0.8660254037844384,0,1,0,0,0.5557706218638905
0,33.0,52,1,1,1,1,1,1,1,0,9937500,499515000,0,0.0,1.0,0,1,0,0,0.07077989038766756
1,36.0,71,1,1,1,1,1,-1,1,1,11535000,828405000,0,0.8660254037844387,-0.4999999999999998,0,0,1,0,0.04672533734934202
1,60.0,26,-1,1,1,-1,1,-1,0,0,13470000,350295000,1,-0.8660254037844385,-0.5000000000000004,0,0,0,1,0.6925548452630824
1,37.0,66,1,1,1,-1,-1,1,1,1,11190000,719760000,0,-0.5000000000000004,0.8660254037844384,0,0,1,0,0.07759042469993198
1,18.0,72,1,1,1,1,1,1,1,1,17542500,1289160000,0,-0.5000000000000004,0.8660254037844384,0,0,0,1,0.20646443181122098
1,18.0,25,1,-1,-1,-1,1,-1,1,1,6097500,145582500,0,-0.4999999999999997,-0.8660254037844388,0,0,1,0,0.30501109579985014
1,40.0,69,1,1,1,1,1,1,1,1,17152500,1149870000,0,1.2246467991473532e-16,-1.0,0,0,0,1,0.19502476016501222
1,47.0,53,1,1,-1,-1,-1,1,1,0,10455000,552907500,0,1.0,6.123233995736766e-17,0,0,1,0,0.07972145362406642
0,45.0,12,-1,-1,1,-1,1,1,1,0,14325000,167272500,1,1.0,6.123233995736766e-17,0,0,0,1,0.6564207367877619
1,42.0,26,-1,-1,1,1,1,1,0,1,14797500,380550000,0,-0.8660254037844385,-0.5000000000000004,0,0,0,1,0.7832528069525877
1,54.0,21,-1,-1,1,-1,-1,1,0,0,9247500,209040000,0,-0.8660254037844386,0.5000000000000001,0,0,1,0,0.5539111387667843
0,34.0,1,-1,-1,-1,-1,1,1,0,1,13402500,13402500,0,1.2246467991473532e-16,-1.0,0,0,0,1,0.9180397992908598
1,51.0,48,1,-1,-1,1,-1,1,0,1,14310000,666795000,0,0.8660254037844387,-0.4999999999999998,0,0,0,1,0.4666493555767709
0,20.0,26,1,-1,1,-1,-1,-1,1,0,5310000,146790000,0,1.0,6.123233995736766e-17,0,0,1,0,0.17086445974709366
1,29.0,60,0,0,0,0,0,0,1,0,2992500,188722500,0,1.2246467991473532e-16,-1.0,1,0,0,0,0.018316584839495064
1,18.0,18,0,0,0,0,0,0,0,0,2887500,49702500,0,-1.0,-1.8369701987210294e-16,1,0,0,0,0.23738960170097728
0,37.0,10,-1,-1,-1,1,-1,-1,0,1,4447500,43710000,1,-0.4999999999999997,-0.8660254037844388,0,1,0,0,0.5698193215324491
1,39.0,5,1,-1,1,-1,-1,-1,0,1,12675000,68062500,1,1.0,6.123233995736766e-17,0,0,0,1,0.7618997349589928
0,41.0,4,0,0,0,0,0,0,1,1,3060000,12712500,0,1.0,6.123233995736766e-17,1,0,0,0,0.22229355437057893
1,41.0,65,0,0,0,0,0,0,1,0,3712500,257265000,0,1.2246467991473532e-16,-1.0,1,0,0,0,0.014704802923820846
1,29.0,70,0,0,0,0,0,0,1,0,3802500,257272500,0,-0.8660254037844386,0.5000000000000001,1,0,0,0,0.01200127962127559
1,38.0,18,-1,-1,1,-1,-1,1,0,1,13605000,239587500,1,0.8660254037844386,0.5000000000000001,0,0,0,1,0.8302558309095124
1,22.0,62,0,0,0,0,0,0,1,0,3000000,187515000,0,-0.5000000000000004,0.8660254037844384,1,0,0,0,0.017429492252736174
0,56.0,66,1,-1,-1,-1,1,-1,1,1,8962500,599520000,0,0.0,1.0,0,1,0,0,0.06762989760015652
0,36.0,65,1,1,-1,1,1,1,1,1,12375000,782265000,0,0.0,1.0,0,0,1,0,0.07886595247028644
0,34.0,3,-1,-1,-1,-1,-1,-1,0,1,10545000,35325000,1,0.4999999999999999,-0.8660254037844387,0,0,0,1,0.8556075648561033
0,59.0,34,0,0,0,0,0,0,0,0,3052500,100980000,0,-0.4999999999999997,-0.8660254037844388,1,0,0,0,0.12588661850905142
1,25.0,16,-1,-1,1,-1,1,-1,0,1,13620000,216330000,0,1.0,6.123233995736766e-17,0,0,0,1,0.8344464453645754
0,26.0,54,1,-1,1,-1,1,1,1,1,15592500,845857500,1,1.0,6.123233995736766e-17,0,0,0,1,0.3777976142604316
0,27.0,50,-1,-1,1,1,1,1,0,1,15742500,783352500,0,-0.8660254037844386,0.5000000000000001,0,0,0,1,0.6542167013721112
1,39.0,71,-1,1,1,1,1,1,1,1,15787500,1093762500,0,0.4999999999999999,0.8660254037844387,0,0,0,1,0.2740611833856007
0,45.0,10,-1,-1,-1,-1,-1,-1,0,1,11212500,119947500,1,-0.4999999999999997,-0.8660254037844388,0,0,0,1,0.814366659447783
0,49.0,1,-1,-1,-1,1,-1,-1,0,1,7620000,7620000,1,0.4999999999999999,0.8660254037844387,0,0,1,0,0.6389198495856034
1,71.0,18,0,0,0,0,0,0,1,0,3562500,63675000,0,1.0,6.123233995736766e-17,1,0,0,0,0.09371239861305906
1,18.0,4,-1,-1,-1,1,1,-1,0,1,9195000,37410000,0,0.8660254037844386,0.5000000000000001,0,0,1,0,0.6880217161431825
0,47.0,58,1,-1,1,1,1,-1,1,0,11370000,662362500,0,0.8660254037844386,0.5000000000000001,0,1,0,0,0.04050710701240821
0,33.0,56,1,-1,-1,-1,1,1,1,1,14700000,790590000,0,0.4999999999999999,-0.8660254037844387,0,0,0,1,0.34844818489901147
1,33.0,2,-1,-1,-1,-1,1,-1,0,1,12037500,21682500,1,-0.8660254037844386,0.5000000000000001,0,0,0,1,0.8933064252989839
1,33.0,32,-1,-1,1,-1,-1,-1,0,1,11835000,367192500,1,0.8660254037844386,0.5000000000000001,0,0,0,1,0.7004172678247726
1,29.0,56,1,1,-1,1,1,-1,1,1,7800000,432735000,0,1.0,6.123233995736766e-17,0,0,1,0,0.07775588293105164
1,60.0,36,-1,-1,-1,-1,-1,1,0,1,12712500,457522500,1,1.2246467991473532e-16,-1.0,0,0,0,1,0.7436587014577765
0,50.0,4,-1,-1,-1,1,1,-1,0,1,9660000,37950000,0,-0.4999999999999997,-0.8660254037844388,0,1,0,0,0.6026732675165827
1,40.0,53,-1,-1,-1,-1,1,-1,0,0,12817500,677587500,1,0.4999999999999999,0.8660254037844387,0,0,0,1,0.5548705197300108
1,56.0,10,-1,-1,-1,-1,-1,-1,0,1,6870000,65430000,0,-0.8660254037844385,-0.5000000000000004,0,0,1,0,0.6608382765199495
1,22.0,4,-1,-1,-1,1,-1,-1,0,0,4575000,17760000,0,0.4999999999999999,-0.8660254037844387,0,0,1,0,0.5965551876660282
1,24.0,1,0,0,0,0,0,0,0,0,2985000,2985000,1,-0.4999999999999997,-0.8660254037844388,1,0,0,0,0.38365925229386655
0,18.0,51,-1,-1,-1,-1,-1,-1,0,0,10372500,547440000,0,-0.8660254037844386,0.5000000000000001,0,0,0,1,0.4806507140598975
1,32.0,12,-1,-1,1,-1,1,1,0,1,14917500,180022500,1,-0.4999999999999997,-0.8660254037844388,0,0,0,1,0.8835199224871565
0,42.0,6,-1,-1,-1,1,1,1,1,1,7387500,38340000,0,-0.4999999999999997,-0.8660254037844388,0,0,1,0,0.5533464460949491
1,41.0,63,-1,1,1,1,-1,-1,1,0,5902500,359257500,0,-0.5000000000000004,0.8660254037844384,0,0,1,0,0.04338003075135056
0,42.0,1,-1,-1,-1,-1,-1,-1,0,1,10590000,10590000,1,0.8660254037844386,0.5000000000000001,0,0,0,1,0.8657158193549055
0,23.0,48,-1,1,-1,1,1,1,0,1,15765000,762532500,0,-0.8660254037844385,-0.5000000000000004,0,0,0,1,0.640167859429391
0,50.0,5,-1,-1,-1,-1,1,-1,0,1,12150000,58440000,1,1.0,6.123233995736766e-17,0,0,0,1,0.8798098762491342
0,43.0,35,0,0,0,0,0,0,1,1,3015000,96675000,0,0.0,1.0,1,0,0,0,0.07185471762703191
1,49.0,6,-1,1,-1,-1,1,-1,0,1,12727500,78525000,1,1.0,6.123233995736766e-17,0,0,0,1,0.86529632614658
1,18.0,2,0,0,0,0,0,0,0,0,2962500,5895000,0,0.8660254037844387,-0.4999999999999998,1,0,0,0,0.3819227181780293
0,44.0,50,0,0,0,0,0,0,1,0,2962500,148357500,0,1.2246467991473532e-16,-1.0,1,0,0,0,0.026167903872234062
0,26.0,33,-1,-1,-1,-1,-1,-1,0,1,10560000,360915000,0,1.0,6.123233995736766e-17,0,0,0,1,0.7057308609636971
1,35.0,31,0,0,0,0,0,0,1,0,3067500,95782500,0,0.4999999999999999,-0.8660254037844387,1,0,0,0,0.05896280934950166
0,46.0,9,0,0,0,0,0,0,1,0,3052500,28665000,0,-0.8660254037844386,0.5000000000000001,1,0,0,0,0.13356583872864866
0,41.0,54,-1,1,1,1,1,1,0,1,12930000,678607500,0,-0.4999999999999997,-0.8660254037844388,0,0,1,0,0.32250076272761774
0,30.0,46,1,1,1,-1,1,-1,1,1,14347500,699630000,0,-1.0,-1.8369701987210294e-16,0,0,0,1,0.31584649813222654
1,40.0,34,1,1,-1,-1,1,1,1,1,15570000,520620000,0,0.4999999999999999,-0.8660254037844387,0,0,0,1,0.4670872348051542
1,22.0,71,1,-1,-1,-1,1,1,1,1,14580000,1036545000,0,1.0,6.123233995736766e-17,0,0,0,1,0.289732701202724
0,54.0,63,1,1,1,1,-1,-1,1,0,9532500,602130000,0,-0.8660254037844386,0.5000000000000001,0,1,0,0,0.02128555772463788
0,38.0,51,0,0,0,0,0,0,1,0,3742500,193200000,0,1.0,6.123233995736766e-17,1,0,0,0,0.02557454826069535
0,53.0,26,-1,1,-1,-1,1,-1,0,1,13372500,341647500,1,-0.8660254037844386,0.5000000000000001,0,0,0,1,0.7652587549787261
0,34.0,64,1,-1,1,-1,1,1,1,1,14850000,956370000,0,-0.5000000000000004,0.8660254037844384,0,0,0,1,0.32374658254745997
0,34.0,1,-1,-1,-1,-1,-1,-1,0,1,3720000,3720000,1,0.4999999999999999,-0.8660254037844387,0,1,0,0,0.7530075673134927
1,31.0,61,-1,1,-1,1,-1,-1,1,1,12832500,787762500,0,-0.5000000000000004,0.8660254037844384,0,0,0,1,0.17735321715838123
0,51.0,15,-1,-1,1,-1,1,1,0,1,14100000,225817500,0,-1.0,-1.8369701987210294e-16,0,0,0,1,0.881023839044867
1,31.0,64,-1,1,-1,1,1,1,1,1,15847500,1035465000,1,-0.5000000000000004,0.8660254037844384,0,0,0,1,0.3183533225287035
0,48.0,18,-1,-1,-1,-1,-1,-1,0,1,7545000,136995000,0,-0.8660254037844385,-0.5000000000000004,0,0,1,0,0.5742469862574477
0,35.0,57,-1,1,-1,-1,1,1,1,1,14250000,830370000,0,-0.8660254037844386,0.5000000000000001,0,0,0,1,0.4443157169054302
1,18.0,14,1,1,-1,-1,-1,1,1,1,9210000,122332500,0,0.0,1.0,0,0,1,0,0.33676641261313506
1,33.0,18,-1,1,-1,-1,-1,-1,0,1,12082500,211747500,0,0.8660254037844386,0.5000000000000001,0,0,0,1,0.7601566440057346
0,26.0,72,1,-1,-1,-1,-1,-1,1,0,11775000,840337500,0,-0.8660254037844386,0.5000000000000001,0,0,0,1,0.09570734298213318
1,40.0,70,1,1,1,1,1,1,1,0,17145000,1236645000,0,1.2246467991473532e-16,-1.0,0,0,0,1,0.15009404756959638
0,26.0,38,0,0,0,0,0,0,1,0,3007500,111225000,0,0.4999999999999999,-0.8660254037844387,1,0,0,0,0.043482367958628684
1,51.0,68,1,1,1,1,-1,-1,1,0,9397500,656370000,0,0.8660254037844387,-0.4999999999999998,0,1,0,0,0.019149920265543838
1,39.0,13,-1,-1,-1,-1,-1,1,0,1,12127500,151305000,1,-0.5000000000000004,0.8660254037844384,0,0,0,1,0.8610840964415187
1,38.0,65,1,1,-1,-1,1,-1,1,1,13905000,895260000,0,0.8660254037844386,0.5000000000000001,0,0,0,1,0.21579485993175376
0,48.0,30,-1,-1,1,-1,1,1,0,0,15067500,464535000,0,0.8660254037844386,0.5000000000000001,0,0,0,1,0.7658660450464919
1,52.0,51,-1,-1,-1,1,1,1,1,1,11280000,585187500,0,0.0,1.0,0,0,1,0,0.19037254583245788
0,40.0,31,1,-1,1,-1,-1,-1,0,1,12712500,392010000,0,0.8660254037844387,-0.4999999999999998,0,0,0,1,0.5884102499399702
0,31.0,9,-1,-1,-1,-1,1,1,0,0,13417500,127965000,1,-0.4999999999999997,-0.8660254037844388,0,0,0,1,0.8594675811562272
0,19.0,72,1,1,1,1,-1,1,1,1,11925000,849255000,0,-0.8660254037844386,0.5000000000000001,0,0,1,0,0.0447696624655196
1,32.0,10,-1,-1,-1,-1,1,1,0,1,10822500,119137500,1,-0.8660254037844386,0.5000000000000001,0,0,1,0,0.7783269778188945
0,33.0,37,0,0,0,0,0,0,1,1,2970000,104257500,0,0.8660254037844386,0.5000000000000001,1,0,0,0,0.06739383560926585
0,41.0,2,-1,-1,1,1,1,1,0,0,11460000,24120000,1,-1.0,-1.8369701987210294e-16,0,0,1,0,0.6503635018433274
1,36.0,55,1,1,-1,-1,1,1,1,1,15135000,832807500,0,0.8660254037844386,0.5000000000000001,0,0,0,1,0.3580934030519349
1,48.0,33,1,-1,1,-1,-1,1,0,1,14295000,491272500,0,-0.8660254037844385,-0.5000000000000004,0,0,0,1,0.6672058262302146
0,33.0,46,-1,-1,1,1,-1,1,1,0,13642500,635490000,0,-0.4999999999999997,-0.8660254037844388,0,0,0,1,0.26056303553616345
0,39.0,1,1,-1,-1,1,-1,-1,0,0,8175000,8175000,0,-0.8660254037844386,0.5000000000000001,0,0,1,0,0.42215629559489787
0,54.0,20,-1,-1,-1,-1,-1,1,0,1,9240000,176152500,1,1.2246467991473532e-16,-1.0,0,0,1,0,0.6304767882854108
1,44.0,9,-1,1,1,-1,-1,-1,0,1,11985000,111255000,1,-0.8660254037844385,-0.5000000000000004,0,0,0,1,0.8024927327058223
1,39.0,32,-1,-1,-1,-1,1,1,0,1,14422500,452887500,1,0.0,1.0,0,0,0,1,0.8261409518070834
0,33.0,19,-1,-1,1,-1,-1,-1,0,1,7440000,144435000,0,0.4999999999999999,-0.8660254037844387,0,0,1,0,0.578149924882
0,32.0,70,1,-1,1,1,-1,-1,1,0,9795000,713962500,1,-1.0,-1.8369701987210294e-16,0,0,1,0,0.023632093739870665
0,30.0,61,0,0,0,0,0,0,1,1,3750000,224752500,0,0.8660254037844386,0.5000000000000001,1,0,0,0,0.025284501741323257
1,34.0,26,-1,-1,-1,-1,-1,-1,0,0,6817500,184972500,0,-0.8660254037844385,-0.5000000000000004,0,0,1,0,0.4318494933047084
1,49.0,45,-1,1,1,-1,1,1,0,1,16162500,732420000,0,0.4999999999999999,0.8660254037844387,0,0,0,1,0.7481397568437451
1,37.0,62,-1,-1,1,-1,1,-1,1,1,13365000,811747500,0,0.0,1.0,0,0,0,1,0.3341572066617009
1,24.0,1,0,0,0,0,0,0,0,0,2947500,2947500,1,-0.5000000000000004,0.8660254037844384,1,0,0,0,0.3945342686254033
0,61.0,3,-1,-1,-1,-1,-1,-1,0,0,6712500,22207500,0,0.4999999999999999,-0.8660254037844387,0,1,0,0,0.5783338103069965
0,44.0,41,1,1,1,-1,-1,1,1,1,15240000,589582500,0,1.2246467991473532e-16,-1.0,0,0,0,1,0.31395828703069784
1,23.0,67,-1,1,1,1,1,1,1,0,15472500,1034325000,0,0.4999999999999999,0.8660254037844387,0,0,0,1,0.2288218394688206
1,35.0,1,-1,-1,-1,-1,1,-1,0,1,12697500,12697500,1,1.2246467991473532e-16,-1.0,0,0,0,1,0.8872198041898237
0,41.0,71,1,1,-1,-1,1,-1,1,0,14347500,1028542500,0,0.4999999999999999,-0.8660254037844387,0,0,0,1,0.13077711613037216
0,60.0,37,1,1,-1,-1,1,1,1,0,11265000,398820000,0,0.4999999999999999,0.8660254037844387,0,0,1,0,0.16715332590301255
1,27.0,60,1,1,-1,1,-1,-1,1,1,9202500,564930000,0,0.8660254037844387,-0.4999999999999998,0,0,1,0,0.044635013974887124
0,52.0,1,-1,-1,-1,-1,-1,-1,0,1,10432500,10432500,1,1.2246467991473532e-16,-1.0,0,0,0,1,0.860952627278845
0,57.0,6,0,0,0,0,0,0,0,0,2955000,19432500,0,0.0,1.0,1,0,0,0,0.3340945700816786
0,32.0,13,-1,1,-1,-1,-1,-1,0,1,4657500,52087500,1,0.8660254037844386,0.5000000000000001,0,1,0,0,0.6182328320914231
0,37.0,11,1,-1,-1,-1,-1,-1,0,0,7650000,87255000,0,-0.8660254037844386,0.5000000000000001,0,0,1,0,0.442487103557736
1,28.0,7,1,-1,-1,-1,-1,-1,0,1,7650000,53107500,1,1.2246467991473532e-16,-1.0,0,0,1,0,0.5778205933479132
0,38.0,10,-1,-1,-1,-1,1,1,0,1,13327500,139417500,0,1.0,6.123233995736766e-17,0,0,0,1,0.9016794910223687
1,40.0,34,0,0,0,0,0,0,1,0,3007500,101850000,0,0.4999999999999999,-0.8660254037844387,1,0,0,0,0.05221357478463396
0,48.0,62,1,-1,-1,1,-1,1,1,1,9765000,577012500,0,0.4999999999999999,-0.8660254037844387,0,1,0,0,0.05046714734064676
1,53.0,64,-1,1,-1,1,-1,1,1,1,10522500,672105000,0,-0.5000000000000004,0.8660254037844384,0,1,0,0,0.0700321177756536
0,31.0,1,-1,-1,-1,-1,-1,-1,0,1,6652500,6652500,1,0.4999999999999999,-0.8660254037844387,0,1,0,0,0.6924006345701986
1,18.0,25,0,0,0,0,0,0,1,1,3112500,74910000,0,-0.8660254037844385,-0.5000000000000004,1,0,0,0,0.10631819859121643
0,40.0,26,-1,1,1,-1,-1,-1,1,1,8407500,232980000,0,1.0,6.123233995736766e-17,0,1,0,0,0.21506294274893012
1,44.0,10,0,0,0,0,0,0,1,1,2992500,32925000,0,0.8660254037844386,0.5000000000000001,1,0,0,0,0.18919625067669643
0,43.0,53,1,1,1,-1,1,-1,1,0,14790000,796777500,0,1.0,6.123233995736766e-17,0,0,0,1,0.20020047999835067
0,36.0,7,-1,-1,-1,-1,1,-1,0,1,11955000,87907500,1,0.8660254037844386,0.5000000000000001,0,0,0,1,0.8789265401808415
1,41.0,33,-1,1,1,-1,-1,-1,0,1,11850000,386520000,0,0.8660254037844386,0.5000000000000001,0,0,0,1,0.6762766735752765
0,58.0,71,-1,1,1,-1,-1,1,1,0,13417500,965287500,0,0.0,1.0,0,0,0,1,0.19856696976319618
0,45.0,29,-1,-1,-1,-1,-1,-1,0,1,11130000,298987500,0,-0.8660254037844386,0.5000000000000001,0,0,0,1,0.7076053216160849
1,36.0,24,1,-1,-1,1,1,1,0,0,12150000,288577500,0,-0.5000000000000004,0.8660254037844384,0,1,0,0,0.3343482135461792
1,34.0,20,-1,-1,1,-1,-1,-1,0,1,7440000,140970000,0,0.4999999999999999,0.8660254037844387,0,1,0,0,0.5308926527485591
0,38.0,1,-1,-1,-1,-1,1,-1,0,1,12690000,12690000,0,-0.4999999999999997,-0.8660254037844388,0,0,0,1,0.8833909473598218
1,60.0,54,-1,1,-1,-1,-1,-1,0,1,8250000,463897500,1,0.8660254037844386,0.5000000000000001,0,0,1,0,0.26803436173229744
0,38.0,5,-1,-1,1,-1,1,-1,0,1,12727500,62332500,1,1.2246467991473532e-16,-1.0,0,0,0,1,0.8728111763047682
0,40.0,72,1,-1,1,1,1,1,1,1,12630000,897982500,0,0.4999999999999999,-0.8660254037844387,0,0,1,0,0.06991476796021229
1,34.0,52,1,1,1,1,1,1,1,1,15945000,823050000,0,0.0,1.0,0,0,0,1,0.28849171901525256
0,53.0,9,-1,-1,-1,-1,-1,-1,0,0,10357500,97725000,0,-0.4999999999999997,-0.8660254037844388,0,0,0,1,0.7660499109186798
0,64.0,1,-1,-1,-1,-1,-1,-1,0,1,6810000,6810000,0,-1.0,-1.8369701987210294e-16,0,0,1,0,0.7270646462713148
1,45.0,1,-1,-1,-1,-1,-1,-1,0,1,11047500,11047500,1,-0.5000000000000004,0.8660254037844384,0,0,0,1,0.8624723936497217
1,41.0,33,-1,-1,1,1,1,1,1,1,11085000,360757500,1,0.8660254037844387,-0.4999999999999998,0,1,0,0,0.24691852814452067
0,40.0,55,-1,-1,1,-1,-1,-1,0,1,11662500,668722500,1,-0.4999999999999997,-0.8660254037844388,0,0,0,1,0.5326511577399713
1,18.0,69,-1,-1,-1,1,1,1,1,1,14902500,1028467500,0,-0.5000000000000004,0.8660254037844384,0,0,0,1,0.30855704397278616
1,49.0,1,1,-1,-1,-1,-1,-1,0,1,7612500,7612500,0,0.4999999999999999,-0.8660254037844387,0,0,1,0,0.6280402438293363
1,42.0,54,1,-1,1,1,1,1,1,0,13065000,710280000,0,0.4999999999999999,0.8660254037844387,0,0,1,0,0.08474427340571124
1,45.0,33,0,0,0,0,0,0,1,1,3022500,102322500,0,-1.0,-1.8369701987210294e-16,1,0,0,0,0.07828608603603963
1,31.0,45,-1,1,1,1,1,-1,1,1,14805000,678870000,0,0.4999999999999999,-0.8660254037844387,0,0,0,1,0.3240980381692704
0,35.0,11,-1,-1,-1,-1,-1,-1,0,0,3780000,48157500,0,-0.8660254037844386,0.5000000000000001,0,0,1,0,0.6324658741086522
1,35.0,6,1,1,-1,-1,-1,-1,0,1,8355000,50347500,0,-0.4999999999999997,-0.8660254037844388,0,1,0,0,0.4935287722892656
1,52.0,21,1,-1,1,-1,1,-1,0,0,9802500,213660000,0,-0.8660254037844386,0.5000000000000001,0,0,1,0,0.43014462980373386
0,35.0,65,0,0,0,0,0,0,1,1,3795000,262282500,0,1.0,6.123233995736766e-17,1,0,0,0,0.02178171918033381
0,65.0,6,-1,-1,-1,-1,-1,1,0,1,12652500,71235000,1,1.0,6.123233995736766e-17,0,0,0,1,0.8727628809442635
0,45.0,8,1,-1,-1,-1,1,-1,0,0,12742500,100260000,1,-0.4999999999999997,-0.8660254037844388,0,0,0,1,0.7314591074882677
1,25.0,11,-1,-1,-1,1,-1,-1,0,1,11077500,138937500,1,-0.5000000000000004,0.8660254037844384,0,0,0,1,0.7660139133137478
1,38.0,43,0,0,0,0,0,0,1,0,3637500,161692500,0,-0.4999999999999997,-0.8660254037844388,1,0,0,0,0.03519684090037537
1,32.0,49,-1,1,-1,-1,1,1,1,1,7770000,381187500,1,1.2246467991473532e-16,-1.0,0,0,1,0,0.26835405220753805
0,18.0,1,-1,-1,-1,-1,-1,-1,0,0,6900000,6900000,1,-0.8660254037844385,-0.5000000000000004,0,1,0,0,0.597822646754914
1,59.0,15,-1,-1,-1,-1,-1,1,0,1,11910000,173415000,1,0.4999999999999999,-0.8660254037844387,0,0,0,1,0.8505740113790967
1,48.0,60,1,1,1,-1,-1,-1,1,0,9075000,554167500,0,-0.4999999999999997,-0.8660254037844388,0,0,1,0,0.04289230378677922
1,46.0,17,-1,-1,-1,-1,-1,-1,0,0,3765000,57420000,0,0.4999999999999999,0.8660254037844387,0,1,0,0,0.528808539598076
1,42.0,16,-1,-1,-1,-1,-1,-1,0,1,10770000,175170000,1,0.0,1.0,0,0,0,1,0.8039136917793669
1,23.0,35,0,0,0,0,0,0,1,0,3007500,112012500,0,0.4999999999999999,0.8660254037844387,1,0,0,0,0.05345491432805187
1,34.0,44,-1,1,-1,-1,-1,1,1,0,13260000,586935000,1,0.4999999999999999,0.8660254037844387,0,0,0,1,0.35116224460262624
0,50.0,12,-1,-1,-1,1,-1,-1,1,0,4537500,55327500,0,0.8660254037844386,0.5000000000000001,0,0,1,0,0.27438102005458037
1,27.0,1,0,0,0,0,0,0,0,0,3030000,3030000,0,0.0,1.0,1,0,0,0,0.39421651965428106
0,18.0,28,1,1,-1,1,-1,-1,1,1,8985000,248205000,0,0.8660254037844387,-0.4999999999999998,0,0,1,0,0.11689964267076873
1,37.0,70,0,0,0,0,0,0,1,0,3772500,291127500,0,0.0,1.0,1,0,0,0,0.012819689234014414
0,38.0,5,-1,-1,-1,-1,-1,-1,0,0,6900000,33255000,1,1.2246467991473532e-16,-1.0,0,0,1,0,0.6089592572520737
1,42.0,18,-1,1,1,-1,1,1,0,0,15195000,269197500,0,0.0,1.0,0,0,0,1,0.8037683951246556
1,49.0,70,1,-1,-1,1,1,1,1,1,11542500,793470000,0,1.2246467991473532e-16,-1.0,0,0,1,0,0.07383713971549374
0,48.0,9,-1,1,-1,-1,-1,-1,0,1,8295000,75180000,0,-0.4999999999999997,-0.8660254037844388,0,0,1,0,0.6136707926019289
0,43.0,67,1,1,-1,1,1,-1,1,1,13867500,921127500,0,-0.4999999999999997,-0.8660254037844388,0,0,0,1,0.14059894565121758
0,54.0,1,1,-1,-1,-1,-1,-1,0,1,7267500,7267500,0,1.2246467991473532e-16,-1.0,0,1,0,0,0.5743192648090706
0,22.0,18,0,0,0,0,0,0,1,0,2902500,46387500,0,0.8660254037844387,-0.4999999999999998,1,0,0,0,0.09745764604395284
1,46.0,4,-1,-1,-1,-1,-1,-1,0,0,7762500,30165000,1,0.8660254037844387,-0.4999999999999998,0,0,1,0,0.6088980299988616
1,48.0,71,1,1,1,-1,-1,-1,1,1,13005000,926902500,0,-1.0,-1.8369701987210294e-16,0,0,0,1,0.13173946263334987
1,25.0,30,1,1,-1,-1,1,-1,0,1,14160000,425805000,1,1.2246467991473532e-16,-1.0,0,0,0,1,0.6560195405392432
1,22.0,1,1,-1,1,-1,-1,-1,0,0,8355000,8355000,0,0.8660254037844387,-0.4999999999999998,0,0,1,0,0.5277080924802149
0,31.0,55,1,-1,1,-1,-1,-1,1,1,12637500,688477500,0,0.0,1.0,0,0,0,1,0.20884858798260605
1,32.0,59,-1,-1,1,1,1,-1,0,1,9697500,560317500,0,0.8660254037844386,0.5000000000000001,0,1,0,0,0.21544502854492448
0,49.0,1,-1,-1,-1,-1,-1,-1,0,1,10522500,10522500,1,1.0,6.123233995736766e-17,0,0,0,1,0.8646093328829302
0,33.0,7,-1,-1,-1,-1,-1,-1,0,1,10380000,71632500,0,-0.5000000000000004,0.8660254037844384,0,0,0,1,0.8443698422890766
1,30.0,45,1,-1,-1,1,-1,-1,1,0,8197500,383055000,0,0.8660254037844386,0.5000000000000001,0,0,1,0,0.057306246903047406
0,33.0,54,0,0,0,0,0,0,1,1,3712500,201322500,0,0.8660254037844387,-0.4999999999999998,1,0,0,0,0.03283096998215173
1,53.0,51,0,0,0,0,0,0,1,1,3592500,182452500,0,-0.5000000000000004,0.8660254037844384,1,0,0,0,0.038110210241854126
0,40.0,72,-1,1,1,-1,1,1,1,0,15750000,1136707500,0,-0.8660254037844386,0.5000000000000001,0,0,0,1,0.2631995495378322
1,38.0,44,1,1,-1,1,-1,-1,1,1,8977500,390592500,0,0.0,1.0,0,0,1,0,0.07406598634484324
1,39.0,2,0,0,0,0,0,0,0,0,3007500,6405000,0,1.0,6.123233995736766e-17,1,0,0,0,0.3798174793741079
0,56.0,66,-1,-1,1,-1,1,-1,1,1,13822500,908535000,0,0.8660254037844387,-0.4999999999999998,0,0,0,1,0.2968034998765978
1,31.0,68,1,1,-1,-1,1,-1,1,0,6720000,447547500,0,-1.0,-1.8369701987210294e-16,0,1,0,0,0.04113275725904305
0,56.0,31,0,0,0,0,0,0,1,0,3135000,103402500,0,-0.8660254037844386,0.5000000000000001,1,0,0,0,0.05715810047294591
0,43.0,21,-1,-1,-1,-1,1,1,0,1,14310000,303765000,0,-0.8660254037844385,-0.5000000000000004,0,0,0,1,0.856822614829972
1,38.0,21,1,-1,-1,-1,-1,-1,0,0,12052500,262080000,0,0.8660254037844387,-0.4999999999999998,0,0,0,1,0.582966412656593
0,70.0,55,1,-1,1,1,1,1,1,1,12765000,698692500,0,0.8660254037844387,-0.4999999999999998,0,1,0,0,0.08963915781679682
1,27.0,9,-1,-1,-1,-1,1,-1,0,1,5205000,44415000,1,-1.0,-1.8369701987210294e-16,0,0,1,0,0.789963281776172
1,36.0,71,1,1,1,1,1,1,1,1,17257500,1202490000,0,-0.5000000000000004,0.8660254037844384,0,0,0,1,0.19679992711682648
0,25.0,1,-1,-1,-1,-1,-1,1,0,1,12165000,12165000,1,0.8660254037844387,-0.4999999999999998,0,0,0,1,0.8955401892067324
1,51.0,22,0,0,0,0,0,0,1,0,2992500,65025000,0,-0.8660254037844385,-0.5000000000000004,1,0,0,0,0.08228946366253806
0,60.0,1,0,0,0,0,0,0,0,0,3082500,3082500,1,-0.8660254037844385,-0.5000000000000004,1,0,0,0,0.3670756813969545
0,60.0,61,-1,-1,1,1,1,1,1,1,15990000,964260000,1,-0.4999999999999997,-0.8660254037844388,0,0,0,1,0.32429468522543303
0,55.0,67,-1,1,1,1,1,1,1,0,12922500,882577500,0,-0.5000000000000004,0.8660254037844384,0,0,1,0,0.07928981987961103
0,38.0,14,1,1,-1,-1,-1,-1,0,0,11827500,156570000,0,0.0,1.0,0,0,0,1,0.6093102308259422
1,36.0,59,1,1,1,1,1,-1,0,1,16012500,937935000,1,0.0,1.0,0,0,0,1,0.37635136828780774
1,20.0,21,-1,-1,1,-1,1,-1,0,0,12982500,278587500,0,0.0,1.0,0,0,0,1,0.761996875986369
1,64.0,4,1,1,-1,1,-1,-1,0,0,6360000,21960000,0,-0.8660254037844386,0.5000000000000001,0,0,1,0,0.42159678430741815
0,46.0,3,-1,-1,-1,-1,1,1,0,1,13417500,36067500,1,1.2246467991473532e-16,-1.0,0,0,0,1,0.9123377646656414
1,34.0,70,0,0,0,0,0,0,1,0,3637500,258622500,0,-0.5000000000000004,0.8660254037844384,1,0,0,0,0.012345435428633329
0,56.0,3,-1,1,-1,1,1,1,0,1,14685000,47295000,1,1.0,6.123233995736766e-17,0,0,0,1,0.85684624569913
1,28.0,21,0,0,0,0,0,0,1,0,3075000,64432500,0,0.4999999999999999,0.8660254037844387,1,0,0,0,0.09087992143294403
1,45.0,20,0,0,0,0,0,0,0,1,2940000,53422500,0,1.0,6.123233995736766e-17,1,0,0,0,0.2960643242286538
1,38.0,22,0,0,0,0,0,0,1,0,3037500,73237500,0,-0.8660254037844385,-0.5000000000000004,1,0,0,0,0.08367944595568162
1,48.0,1,-1,-1,-1,-1,-1,1,0,1,8355000,8355000,1,0.8660254037844386,0.5000000000000001,0,0,1,0,0.7958726625922786
0,39.0,63,0,0,0,0,0,0,1,1,3090000,194805000,0,0.4999999999999999,0.8660254037844387,1,0,0,0,0.023647217350745552
0,23.0,70,0,0,0,0,0,0,1,0,2970000,206812500,0,-0.5000000000000004,0.8660254037844384,1,0,0,0,0.0120571853227943
1,41.0,13,-1,1,1,-1,-1,-1,0,1,11970000,146017500,1,-1.0,-1.8369701987210294e-16,0,0,0,1,0.7823540495435114
0,53.0,5,-1,-1,-1,-1,1,-1,0,0,12030000,57637500,0,-0.8660254037844386,0.5000000000000001,0,0,0,1,0.8313592278719887
0,40.0,72,1,1,1,1,1,1,1,1,17460000,1281487500,0,-0.8660254037844385,-0.5000000000000004,0,0,0,1,0.19182327072758681
0,49.0,13,-1,1,-1,-1,-1,-1,0,1,4747500,58492500,0,0.4999999999999999,0.8660254037844387,0,0,1,0,0.664574644549333
1,27.0,61,-1,1,1,1,-1,1,0,0,14122500,859777500,0,0.4999999999999999,-0.8660254037844387,0,0,0,1,0.38206945496161804
1,40.0,1,0,0,0,0,0,0,0,0,3097500,3097500,0,-0.5000000000000004,0.8660254037844384,1,0,0,0,0.3874041503016029
0,33.0,56,-1,-1,-1,1,-1,-1,0,1,11527500,641362500,0,-0.5000000000000004,0.8660254037844384,0,0,0,1,0.4284398858731982
0,49.0,4,0,0,0,0,0,0,0,0,3022500,12675000,0,1.2246467991473532e-16,-1.0,1,0,0,0,0.34192260877704417
1,40.0,35,1,-1,-1,-1,-1,-1,1,0,8287500,288615000,0,0.8660254037844386,0.5000000000000001,0,0,1,0,0.10836385191243711
0,48.0,18,-1,-1,1,-1,1,-1,0,1,5857500,100477500,1,-0.8660254037844386,0.5000000000000001,0,0,1,0,0.7103946281402247
1,53.0,72,-1,1,1,-1,1,1,1,0,12322500,867645000,0,0.4999999999999999,-0.8660254037844387,0,1,0,0,0.0779997846856182
0,48.0,49,1,1,1,1,-1,1,1,0,15450000,774930000,0,1.0,6.123233995736766e-17,0,0,0,1,0.16066594880289645
0,43.0,44,1,1,1,1,-1,-1,0,1,14265000,609082500,0,0.4999999999999999,0.8660254037844387,0,0,0,1,0.3668966006060971
0,28.0,3,-1,-1,-1,1,1,-1,0,1,12585000,40110000,1,-0.4999999999999997,-0.8660254037844388,0,0,0,1,0.8335980172757093
0,40.0,37,-1,1,1,-1,-1,1,0,1,14272500,529927500,0,0.4999999999999999,-0.8660254037844387,0,0,0,1,0.7075430212052732
1,34.0,61,-1,1,1,-1,1,1,1,1,11970000,737220000,0,0.0,1.0,0,1,0,0,0.1600949180446204
1,36.0,70,1,-1,1,1,-1,1,1,1,11220000,797370000,0,0.0,1.0,0,0,1,0,0.05519695939024715
0,36.0,1,-1,-1,-1,-1,-1,-1,0,1,10477500,10477500,1,0.8660254037844386,0.5000000000000001,0,0,0,1,0.8676912705060916
0,28.0,41,0,0,0,0,0,0,0,0,3067500,116340000,0,0.8660254037844386,0.5000000000000001,1,0,0,0,0.10308571000316197
1,18.0,70,1,1,1,1,-1,1,1,0,11752500,816892500,0,-0.8660254037844386,0.5000000000000001,0,0,1,0,0.03381415008073393
0,32.0,1,-1,-1,-1,-1,1,-1,0,1,8032500,8032500,1,-0.8660254037844385,-0.5000000000000004,0,0,1,0,0.7856320101896526
1,42.0,51,0,0,0,0,0,0,1,0,2865000,151170000,0,0.8660254037844387,-0.4999999999999998,1,0,0,0,0.02683123728371404
0,24.0,42,0,0,0,0,0,0,1,0,3000000,125032500,0,1.2246467991473532e-16,-1.0,1,0,0,0,0.036809439779547454
0,40.0,70,1,1,1,1,-1,-1,1,0,14085000,986857500,1,-0.5000000000000004,0.8660254037844384,0,0,0,1,0.06673044442308619
1,63.0,48,0,0,0,0,0,0,1,0,2992500,150675000,0,-0.8660254037844385,-0.5000000000000004,1,0,0,0,0.029080259181299997
1,52.0,68,1,1,1,1,1,1,1,1,16972500,1178400000,1,1.0,6.123233995736766e-17,0,0,0,1,0.2165682469418079
0,60.0,48,0,0,0,0,0,0,1,0,3600000,177457500,0,0.0,1.0,1,0,0,0,0.02883304422547802
0,45.0,26,-1,1,-1,-1,-1,1,0,0,12742500,325462500,1,-0.8660254037844386,0.5000000000000001,0,0,0,1,0.7051318046229608
1,54.0,11,-1,1,-1,-1,-1,-1,0,1,12075000,134535000,1,0.4999999999999999,0.8660254037844387,0,0,0,1,0.7952025615898507
1,31.0,1,0,0,0,0,0,0,0,1,2895000,2895000,1,0.4999999999999999,-0.8660254037844387,1,0,0,0,0.4834470018102262
0,32.0,27,0,0,0,0,0,0,1,0,2872500,75202500,0,0.8660254037844387,-0.4999999999999998,1,0,0,0,0.06858837730270803
0,18.0,46,-1,1,1,-1,1,-1,1,1,13695000,618952500,0,0.8660254037844386,0.5000000000000001,0,0,0,1,0.41314683804477886
1,54.0,1,-1,-1,1,-1,-1,-1,0,1,7447500,7447500,1,0.0,1.0,0,0,1,0,0.733034121471912
0,58.0,46,-1,-1,1,1,-1,-1,1,0,8152500,369022500,1,-0.5000000000000004,0.8660254037844384,0,0,1,0,0.07634112635819662
1,33.0,25,0,0,0,0,0,0,0,1,2872500,71640000,0,-0.5000000000000004,0.8660254037844384,1,0,0,0,0.25847933231829584
1,37.0,4,-1,-1,-1,-1,1,1,0,1,13267500,55597500,1,0.4999999999999999,-0.8660254037844387,0,0,0,1,0.9160236916316316
1,31.0,13,0,0,0,0,0,0,1,0,2962500,39862500,0,0.8660254037844387,-0.4999999999999998,1,0,0,0,0.12076367009499929
1,45.0,31,1,1,1,1,-1,1,1,1,11325000,363667500,0,-0.5000000000000004,0.8660254037844384,0,0,1,0,0.14817707049687412
0,53.0,23,-1,-1,-1,-1,1,-1,0,1,12562500,277492500,0,-0.8660254037844386,0.5000000000000001,0,0,0,1,0.8024393001935174
0,19.0,2,0,0,0,0,0,0,0,0,2910000,9157500,0,0.8660254037844387,-0.4999999999999998,1,0,0,0,0.3764765387609447
0,45.0,65,0,0,0,0,0,0,1,0,3975000,254782500,0,0.0,1.0,1,0,0,0,0.014434928116863744
1,37.0,22,-1,-1,-1,1,1,-1,0,1,13575000,286590000,1,1.2246467991473532e-16,-1.0,0,0,0,1,0.7303691241240756
0,41.0,55,0,0,0,0,0,0,1,0,2872500,149715000,0,-0.5000000000000004,0.8660254037844384,1,0,0,0,0.02196765984828363
1,46.0,9,-1,1,1,1,1,-1,0,1,14227500,133590000,1,0.0,1.0,0,0,0,1,0.784344865007457
1,38.0,7,-1,-1,-1,-1,-1,-1,0,1,10492500,79425000,1,-1.0,-1.8369701987210294e-16,0,0,0,1,0.8442584193059706
0,39.0,35,-1,-1,-1,1,1,-1,1,0,6135000,207540000,0,0.4999999999999999,-0.8660254037844387,0,0,1,0,0.16860461529247633
1,37.0,6,1,-1,1,1,1,1,1,1,12037500,74010000,0,-0.5000000000000004,0.8660254037844384,0,0,1,0,0.3662004891250963
0,52.0,1,1,-1,-1,-1,-1,-1,0,1,7290000,7290000,1,1.2246467991473532e-16,-1.0,0,0,1,0,0.6253941625655203
1,45.0,17,-1,-1,-1,-1,-1,-1,0,1,10620000,181050000,0,-0.5000000000000004,0.8660254037844384,0,0,0,1,0.7983464812709872
1,43.0,10,-1,-1,1,-1,1,-1,0,0,9030000,84525000,0,0.4999999999999999,0.8660254037844387,0,1,0,0,0.5913564394214542
1,25.0,15,-1,-1,1,1,-1,-1,1,0,8280000,129682500,0,-0.8660254037844386,0.5000000000000001,0,0,1,0,0.20511454090400086
0,35.0,40,1,1,-1,-1,1,1,0,1,8370000,316402500,1,-0.4999999999999997,-0.8660254037844388,0,1,0,0,0.40637023268091754
0,51.0,13,1,-1,-1,1,-1,-1,1,0,8122500,105157500,0,0.4999999999999999,-0.8660254037844387,0,0,1,0,0.1437231336905366
1,40.0,29,-1,1,-1,-1,-1,-1,0,1,12022500,339787500,1,0.0,1.0,0,0,0,1,0.694715512537144
0,48.0,3,-1,-1,-1,-1,-1,-1,0,1,11325000,33090000,1,1.0,6.123233995736766e-17,0,0,0,1,0.8466838256693384
0,61.0,58,-1,-1,-1,1,1,1,0,1,15060000,862470000,0,1.0,6.123233995736766e-17,0,0,0,1,0.6019769031433795
0,52.0,45,1,1,-1,1,-1,-1,1,1,9382500,419467500,0,0.8660254037844387,-0.4999999999999998,0,1,0,0,0.05427521451464595
0,41.0,72,1,1,1,1,-1,-1,1,1,10567500,774855000,0,0.8660254037844387,-0.4999999999999998,0,0,1,0,0.029336545382958774
1,34.0,68,1,1,-1,-1,-1,-1,1,1,12825000,854490000,0,-0.8660254037844385,-0.5000000000000004,0,0,0,1,0.1365821544162789
1,18.0,1,0,0,0,0,0,0,0,1,3030000,3030000,1,0.8660254037844387,-0.4999999999999998,1,0,0,0,0.48626597132637733
0,38.0,38,1,1,-1,-1,-1,-1,0,0,8175000,311407500,0,-0.8660254037844386,0.5000000000000001,0,0,1,0,0.2122304734601345
1,36.0,2,0,0,0,0,0,0,0,0,3112500,6630000,0,0.4999999999999999,0.8660254037844387,1,0,0,0,0.38125215780888433
1,45.0,11,0,0,0,0,0,0,0,0,3052500,32287500,0,-0.5000000000000004,0.8660254037844384,1,0,0,0,0.29301519821797656
0,38.0,20,-1,-1,-1,-1,1,1,1,1,13650000,278925000,0,0.4999999999999999,0.8660254037844387,0,0,0,1,0.7103162845770774
1,36.0,72,-1,1,1,-1,1,1,1,1,15720000,1120515000,0,0.0,1.0,0,0,0,1,0.35482692654647124
0,19.0,3,-1,-1,-1,-1,-1,-1,0,1,11212500,34425000,1,1.0,6.123233995736766e-17,0,0,0,1,0.8517609666338034
1,29.0,23,-1,-1,1,1,1,1,0,1,15607500,370515000,1,0.4999999999999999,-0.8660254037844387,0,0,0,1,0.7933569025403756
1,46.0,40,-1,-1,-1,1,-1,-1,0,1,7665000,313935000,0,0.8660254037844386,0.5000000000000001,0,0,1,0,0.31333259777729394
1,61.0,62,-1,1,-1,-1,-1,1,0,1,13470000,844432500,0,-1.0,-1.8369701987210294e-16,0,0,0,1,0.5605186152108176
0,39.0,22,0,0,0,0,0,0,0,1,3082500,70477500,0,1.2246467991473532e-16,-1.0,1,0,0,0,0.266055432319272
0,44.0,11,1,-1,1,-1,-1,1,0,0,9607500,110092500,0,1.0,6.123233995736766e-17,0,1,0,0,0.46584498169562
1,51.0,7,-1,-1,-1,-1,-1,-1,0,1,11227500,72787500,0,0.4999999999999999,0.8660254037844387,0,0,0,1,0.8365510968942345
0,30.0,13,1,1,-1,-1,1,-1,0,1,14497500,186675000,1,0.4999999999999999,-0.8660254037844387,0,0,0,1,0.7385696021582442
1,44.0,1,0,0,0,0,0,0,0,0,3007500,3007500,1,0.4999999999999999,0.8660254037844387,1,0,0,0,0.39198581556738615
0,31.0,39,-1,1,1,-1,1,1,0,1,15517500,599167500,1,0.4999999999999999,-0.8660254037844387,0,0,0,1,0.7670436748494748
1,50.0,3,-1,-1,-1,-1,-1,-1,0,0,3750000,11737500,0,0.8660254037844386,0.5000000000000001,0,0,1,0,0.71265446643625
1,42.0,58,0,0,0,0,0,0,1,0,3045000,169725000,0,0.8660254037844386,0.5000000000000001,1,0,0,0,0.020144628052244155
1,44.0,6,0,0,0,0,0,0,0,0,3952500,27607500,0,-0.8660254037844386,0.5000000000000001,1,0,0,0,0.31785902353009193
0,31.0,1,0,0,0,0,0,0,0,1,2985000,2985000,1,-0.8660254037844385,-0.5000000000000004,1,0,0,0,0.47066353433777264
0,48.0,22,-1,1,1,-1,-1,-1,0,1,8205000,176812500,0,1.0,6.123233995736766e-17,0,0,1,0,0.5175288655231225
1,65.0,14,-1,-1,-1,-1,1,1,0,0,6952500,100155000,1,0.8660254037844386,0.5000000000000001,0,0,1,0,0.7419316312345173
1,28.0,64,-1,-1,1,-1,-1,1,1,0,13537500,844372500,0,-0.5000000000000004,0.8660254037844384,0,0,0,1,0.24636513355349857
1,36.0,1,0,0,0,0,0,0,0,0,2992500,2992500,1,-0.8660254037844385,-0.5000000000000004,1,0,0,0,0.3818683093345178
1,43.0,6,0,0,0,0,0,0,0,0,3097500,16395000,0,0.4999999999999999,-0.8660254037844387,1,0,0,0,0.33125048532835527
1,49.0,1,-1,-1,-1,-1,-1,1,0,0,11940000,11940000,1,0.0,1.0,0,0,0,1,0.8601291230568587
1,33.0,39,0,0,0,0,0,0,1,0,3817500,143767500,0,-0.8660254037844386,0.5000000000000001,1,0,0,0,0.0416062696888878
0,18.0,20,0,0,0,0,0,0,1,0,2925000,60472500,0,-0.5000000000000004,0.8660254037844384,1,0,0,0,0.09253404107059944
1,56.0,1,-1,-1,-1,1,-1,-1,0,1,11385000,11385000,1,-0.8660254037844386,0.5000000000000001,0,0,0,1,0.8018842434229456
1,49.0,1,-1,-1,1,-1,-1,-1,0,0,11430000,11430000,1,1.0,6.123233995736766e-17,0,0,0,1,0.8050984761031917
1,19.0,64,1,-1,-1,-1,1,-1,1,1,9922500,658875000,0,1.2246467991473532e-16,-1.0,0,0,1,0,0.08952961370372337
1,33.0,1,0,0,0,0,0,0,0,0,2887500,2887500,1,0.4999999999999999,0.8660254037844387,1,0,0,0,0.3973248000143828
0,59.0,46,-1,1,-1,-1,1,1,0,1,10365000,475200000,0,-0.4999999999999997,-0.8660254037844388,0,0,1,0,0.49050281054119504
0,57.0,28,-1,1,-1,-1,-1,1,1,1,5865000,164490000,0,1.2246467991473532e-16,-1.0,0,1,0,0,0.3044802199682225
0,51.0,33,0,0,0,0,0,0,0,0,3007500,100417500,0,-0.8660254037844385,-0.5000000000000004,1,0,0,0,0.1327977815414155
1,38.0,39,1,1,1,-1,-1,-1,1,0,8970000,351577500,0,-0.5000000000000004,0.8660254037844384,0,0,1,0,0.08692768489451305
0,41.0,42,-1,-1,1,1,-1,-1,0,1,12645000,538260000,1,-0.8660254037844385,-0.5000000000000004,0,0,0,1,0.5179887032458725
0,38.0,1,-1,1,-1,-1,-1,-1,0,1,7290000,7290000,0,1.2246467991473532e-16,-1.0,0,0,1,0,0.7022092862120836
0,54.0,7,-1,-1,-1,-1,1,-1,0,1,11850000,78442500,1,-1.0,-1.8369701987210294e-16,0,0,0,1,0.8729180212510707
1,29.0,70,1,1,1,-1,1,1,1,0,15802500,1126785000,0,-0.8660254037844385,-0.5000000000000004,0,0,0,1,0.20501248370254319
1,30.0,65,0,0,0,0,0,0,1,1,3765000,258750000,0,-0.5000000000000004,0.8660254037844384,1,0,0,0,0.022557935467722938
1,52.0,1,1,-1,-1,-1,-1,-1,0,0,7462500,7462500,0,-1.0,-1.8369701987210294e-16,0,1,0,0,0.4831931846299038
1,39.0,18,-1,-1,-1,-1,1,1,0,1,14212500,253785000,0,-0.8660254037844386,0.5000000000000001,0,0,0,1,0.8731472933110569
1,57.0,24,-1,-1,-1,-1,1,1,0,1,13950000,337207500,0,0.4999999999999999,-0.8660254037844387,0,0,0,1,0.8537120775758764
1,32.0,63,1,-1,1,1,-1,1,1,1,10785000,671880000,0,-0.8660254037844386,0.5000000000000001,0,1,0,0,0.05326183725238156
0,39.0,44,-1,1,-1,-1,1,1,1,1,11632500,520665000,0,-0.5000000000000004,0.8660254037844384,0,1,0,0,0.2315279838147722
1,29.0,4,0,0,0,0,0,0,0,1,2977500,9450000,0,1.0,6.123233995736766e-17,1,0,0,0,0.4562511831847351
0,40.0,1,-1,-1,-1,-1,-1,-1,0,1,10537500,10537500,1,-1.0,-1.8369701987210294e-16,0,0,0,1,0.862201539057873
0,22.0,37,-1,-1,-1,-1,1,1,0,1,14287500,497122500,0,0.4999999999999999,-0.8660254037844387,0,0,0,1,0.7936502790108162
0,34.0,10,-1,-1,1,-1,-1,1,0,1,12690000,129832500,1,-0.8660254037844385,-0.5000000000000004,0,0,0,1,0.8613082168366861
1,23.0,34,-1,-1,-1,-1,-1,-1,0,1,3757500,127905000,0,-0.5000000000000004,0.8660254037844384,0,0,1,0,0.5095526432242053
1,48.0,35,1,-1,1,-1,1,1,1,0,7972500,289635000,0,-0.4999999999999997,-0.8660254037844388,0,0,1,0,0.2267527789968377
0,49.0,4,0,0,0,0,0,0,0,0,3022500,13710000,0,0.4999999999999999,0.8660254037844387,1,0,0,0,0.35400032348544064
0,19.0,39,-1,-1,-1,1,1,1,0,1,15187500,592372500,0,-0.8660254037844386,0.5000000000000001,0,0,0,1,0.7170432097220562
1,56.0,43,-1,1,1,-1,1,1,1,1,15082500,645600000,0,1.0,6.123233995736766e-17,0,0,0,1,0.5311668779715248
0,70.0,17,0,0,0,0,0,0,0,0,3615000,61485000,1,-0.8660254037844385,-0.5000000000000004,1,0,0,0,0.21920374547655258
0,41.0,61,0,0,0,0,0,0,1,0,3795000,233235000,0,-0.8660254037844385,-0.5000000000000004,1,0,0,0,0.01640840035463914
0,32.0,49,1,1,1,-1,-1,1,1,0,10770000,520807500,0,-0.5000000000000004,0.8660254037844384,0,1,0,0,0.07225947272033348
1,74.0,4,0,0,0,0,0,0,1,0,2955000,17670000,0,-0.8660254037844385,-0.5000000000000004,1,0,0,0,0.1597759712117179
0,24.0,64,-1,1,1,1,-1,1,1,0,7477500,481552500,0,-0.4999999999999997,-0.8660254037844388,0,0,1,0,0.06082701386065839
1,40.0,3,-1,-1,-1,-1,-1,-1,0,1,10440000,31110000,0,-1.0,-1.8369701987210294e-16,0,0,0,1,0.8596328677630117
1,42.0,1,0,0,0,0,0,0,0,0,2962500,2962500,0,-0.8660254037844385,-0.5000000000000004,1,0,0,0,0.3813424286886866
1,56.0,40,-1,1,1,-1,-1,-1,1,0,12120000,469912500,0,-0.8660254037844386,0.5000000000000001,0,0,0,1,0.2772967738422402
0,44.0,1,1,1,-1,1,-1,-1,0,1,9000000,9000000,1,-0.4999999999999997,-0.8660254037844388,0,0,1,0,0.46861582600432616
1,34.0,8,-1,-1,-1,-1,-1,1,0,1,12982500,97447500,1,0.4999999999999999,-0.8660254037844387,0,0,0,1,0.8660917922728814
0,29.0,1,0,0,0,0,0,0,0,1,3127500,3127500,1,-0.8660254037844386,0.5000000000000001,1,0,0,0,0.4734227641024967
0,36.0,34,-1,-1,1,1,1,-1,1,0,9630000,315945000,0,-0.8660254037844386,0.5000000000000001,0,0,1,0,0.15022017239974245
0,28.0,1,-1,-1,-1,-1,-1,1,0,0,5250000,5250000,0,0.8660254037844387,-0.4999999999999998,0,0,1,0,0.7781440418132654
0,41.0,39,-1,-1,1,-1,1,1,0,1,7612500,301710000,1,0.0,1.0,0,0,1,0,0.6239983136146369
0,33.0,58,1,1,-1,1,1,1,1,1,15825000,930825000,1,0.8660254037844386,0.5000000000000001,0,0,0,1,0.25575984807067564
1,22.0,45,0,0,0,0,0,0,1,0,2880000,135555000,0,1.2246467991473532e-16,-1.0,1,0,0,0,0.034155099292272936
1,55.0,6,1,-1,-1,-1,1,-1,0,1,12772500,75540000,1,1.0,6.123233995736766e-17,0,0,0,1,0.819490662880766
1,34.0,43,1,1,1,1,-1,-1,1,1,13597500,582345000,0,0.8660254037844387,-0.4999999999999998,0,0,0,1,0.18495003792838413
1,25.0,41,0,0,0,0,0,0,1,1,3000000,131970000,0,1.0,6.123233995736766e-17,1,0,0,0,0.060185277927177386
1,38.0,5,-1,1,-1,-1,-1,-1,0,1,11197500,57547500,0,0.4999999999999999,-0.8660254037844387,0,0,0,1,0.8310199926412507
1,41.0,72,1,-1,1,1,1,1,1,1,9180000,658537500,0,1.2246467991473532e-16,-1.0,0,0,1,0,0.07347780025684207
1,19.0,4,0,0,0,0,0,0,1,0,2992500,10230000,0,-1.0,-1.8369701987210294e-16,1,0,0,0,0.16592354183820626
1,44.0,9,-1,1,-1,1,-1,-1,0,0,8220000,67920000,0,0.8660254037844386,0.5000000000000001,0,0,1,0,0.4446267253853672
1,27.0,72,-1,-1,1,-1,1,1,1,1,11017500,799350000,0,0.8660254037844386,0.5000000000000001,0,0,1,0,0.1575662362386554
0,61.0,33,-1,-1,-1,1,-1,-1,1,1,7717500,263835000,0,-0.8660254037844386,0.5000000000000001,0,0,1,0,0.16327489785739216
0,46.0,72,1,-1,-1,-1,-1,-1,1,0,12067500,860640000,0,0.4999999999999999,0.8660254037844387,0,0,0,1,0.09628246844387456
1,35.0,22,1,-1,-1,1,-1,-1,0,1,8130000,172905000,1,-0.5000000000000004,0.8660254037844384,0,0,1,0,0.35148782852315946
0,31.0,70,-1,1,1,1,1,1,1,1,16425000,1151182500,1,-0.5000000000000004,0.8660254037844384,0,0,0,1,0.27807757501178354
1,39.0,21,-1,1,1,-1,1,1,0,0,15660000,323692500,1,0.4999999999999999,-0.8660254037844387,0,0,0,1,0.7793495172673716
1,47.0,15,-1,-1,1,-1,1,-1,0,0,12795000,182977500,0,0.4999999999999999,-0.8660254037844387,0,0,0,1,0.7800896408664166
1,40.0,29,-1,-1,-1,1,-1,-1,0,1,11895000,362182500,0,0.8660254037844387,-0.4999999999999998,0,0,0,1,0.633573204217324
0,37.0,15,-1,1,1,1,1,1,0,0,11475000,173340000,0,-0.8660254037844386,0.5000000000000001,0,0,1,0,0.539191795972108
1,41.0,71,1,1,-1,-1,1,1,0,1,15765000,1132215000,1,1.2246467991473532e-16,-1.0,0,0,0,1,0.5004246140081656
1,33.0,72,0,0,0,0,0,0,1,0,3810000,271402500,0,0.0,1.0,1,0,0,0,0.011381078288573132
0,36.0,19,-1,-1,-1,-1,1,-1,0,1,13027500,234660000,0,-0.8660254037844385,-0.5000000000000004,0,0,0,1,0.8129514311634348
1,18.0,1,0,0,0,0,0,0,0,0,2947500,2947500,0,0.8660254037844387,-0.4999999999999998,1,0,0,0,0.392321436033304
0,52.0,1,-1,1,-1,-1,-1,-1,0,1,11355000,11355000,1,-0.8660254037844385,-0.5000000000000004,0,0,0,1,0.8379466405061229
0,44.0,2,-1,-1,-1,-1,-1,-1,0,0,6832500,12660000,0,-0.4999999999999997,-0.8660254037844388,0,0,1,0,0.6345143305750626
0,31.0,11,-1,-1,1,-1,-1,-1,0,1,11715000,129727500,0,-1.0,-1.8369701987210294e-16,0,0,0,1,0.8080532823387504
0,63.0,12,0,0,0,0,0,0,1,0,2895000,34312500,0,0.8660254037844386,0.5000000000000001,1,0,0,0,0.12172377351437218
0,41.0,70,-1,1,1,1,1,1,1,1,16575000,1162807500,0,1.2246467991473532e-16,-1.0,0,0,0,1,0.2687429096892192
0,28.0,20,-1,-1,1,-1,1,-1,0,0,13620000,292650000,1,-0.4999999999999997,-0.8660254037844388,0,0,0,1,0.744759617522474
0,50.0,23,0,0,0,0,0,0,0,1,3045000,70590000,0,0.0,1.0,1,0,0,0,0.265327406866706
1,45.0,49,1,1,1,1,-1,1,1,0,12202500,609135000,0,1.2246467991473532e-16,-1.0,0,0,1,0,0.05928174272842194
0,45.0,4,-1,1,-1,-1,1,1,0,1,14692500,57675000,1,1.0,6.123233995736766e-17,0,0,0,1,0.8952487008247831
1,35.0,32,1,1,-1,1,1,1,0,1,16222500,514935000,1,-0.8660254037844386,0.5000000000000001,0,0,0,1,0.6349818791062904
1,45.0,2,-1,-1,-1,-1,-1,1,0,1,8295000,16297500,0,0.0,1.0,0,0,1,0,0.7916419707278777
1,37.0,69,1,1,-1,-1,1,1,1,0,8482500,592897500,0,-0.8660254037844386,0.5000000000000001,0,0,1,0,0.07591307511190894
1,47.0,6,-1,-1,-1,-1,1,-1,0,1,12075000,69457500,1,-1.0,-1.8369701987210294e-16,0,0,0,1,0.8782167227606175
0,18.0,24,0,0,0,0,0,0,1,1,2955000,74107500,0,0.0,1.0,1,0,0,0,0.1139026584820218
0,35.0,32,-1,1,1,-1,1,1,1,1,15607500,512527500,0,-0.5000000000000004,0.8660254037844384,0,0,0,1,0.5941882130998715
0,61.0,27,1,1,-1,-1,-1,-1,1,0,7927500,224797500,0,0.4999999999999999,0.8660254037844387,0,1,0,0,0.10597259143543306
0,31.0,27,1,-1,-1,1,1,1,0,1,15645000,430162500,1,1.2246467991473532e-16,-1.0,0,0,0,1,0.6812725487734533
1,33.0,58,-1,-1,-1,1,-1,-1,0,0,12097500,721102500,0,0.4999999999999999,-0.8660254037844387,0,0,0,1,0.3279103524743748
1,35.0,1,-1,-1,-1,-1,-1,-1,0,1,10702500,10702500,1,-0.8660254037844385,-0.5000000000000004,0,0,0,1,0.8633025255871625
0,25.0,18,0,0,0,0,0,0,1,1,3697500,70702500,0,-0.5000000000000004,0.8660254037844384,1,0,0,0,0.1332065365722688
0,18.0,47,0,0,0,0,0,0,1,1,3195000,156270000,0,-0.4999999999999997,-0.8660254037844388,1,0,0,0,0.04392669753224779
0,37.0,70,-1,1,1,1,1,1,1,1,16530000,1153470000,0,0.4999999999999999,-0.8660254037844387,0,0,0,1,0.26978845079521
0,42.0,13,-1,1,1,1,-1,-1,0,0,13410000,169852500,1,1.2246467991473532e-16,-1.0,0,0,0,1,0.5856645963364971
0,39.0,36,1,-1,-1,-1,-1,-1,0,0,7657500,272250000,0,1.2246467991473532e-16,-1.0,0,0,1,0,0.23872747229259886
1,38.0,67,0,0,0,0,0,0,1,1,2970000,196695000,0,-0.8660254037844386,0.5000000000000001,1,0,0,0,0.020141782142976076
0,41.0,10,0,0,0,0,0,0,0,1,2985000,29917500,0,0.8660254037844387,-0.4999999999999998,1,0,0,0,0.3816000131202969
1,52.0,19,1,-1,-1,-1,-1,1,0,1,13095000,245595000,0,1.0,6.123233995736766e-17,0,0,0,1,0.7586794623128843
0,38.0,71,0,0,0,0,0,0,1,0,2977500,198952500,0,-0.5000000000000004,0.8660254037844384,1,0,0,0,0.011235041514193357
1,33.0,72,1,1,1,1,1,1,1,1,13410000,956482500,0,0.4999999999999999,0.8660254037844387,0,0,1,0,0.06958227250210014
0,37.0,48,0,0,0,0,0,0,1,0,3000000,140385000,0,-0.4999999999999997,-0.8660254037844388,1,0,0,0,0.028296767565197636
1,47.0,1,0,0,0,0,0,0,0,0,3007500,3007500,0,-0.4999999999999997,-0.8660254037844388,1,0,0,0,0.37826077515744894
1,57.0,18,1,-1,1,1,1,1,0,0,12487500,241672500,0,-0.5000000000000004,0.8660254037844384,0,1,0,0,0.3746747037600901
1,32.0,1,0,0,0,0,0,0,0,0,3090000,3090000,1,0.8660254037844387,-0.4999999999999998,1,0,0,0,0.38581446360790184
1,41.0,67,-1,1,-1,1,1,1,1,0,15435000,1048455000,0,1.2246467991473532e-16,-1.0,0,0,0,1,0.21802588833433265
1,44.0,69,1,-1,1,1,-1,-1,1,0,5865000,416925000,0,-0.8660254037844386,0.5000000000000001,0,0,1,0,0.025665323712361684
1,28.0,19,-1,1,-1,-1,1,1,0,1,14992500,289762500,1,-0.4999999999999997,-0.8660254037844388,0,0,0,1,0.8516549870147525
1,40.0,72,1,1,1,1,1,1,1,1,17175000,1249792500,0,-1.0,-1.8369701987210294e-16,0,0,0,1,0.19631126984488234
0,22.0,38,0,0,0,0,0,0,1,0,3030000,110385000,0,0.0,1.0,1,0,0,0,0.04510690856176099
1,19.0,40,-1,-1,-1,-1,-1,1,1,0,8370000,342495000,0,0.4999999999999999,0.8660254037844387,0,1,0,0,0.1696009234387116
0,44.0,61,0,0,0,0,0,0,1,1,3630000,216780000,0,1.0,6.123233995736766e-17,1,0,0,0,0.02476793790246765
0,35.0,10,-1,1,-1,-1,-1,-1,0,1,12150000,122707500,1,1.0,6.123233995736766e-17,0,0,0,1,0.7939650417205318
1,42.0,32,1,-1,-1,1,1,-1,1,1,10920000,349957500,0,0.4999999999999999,0.8660254037844387,0,1,0,0,0.12645647795309775
0,40.0,21,-1,1,-1,-1,1,1,0,1,14977500,298882500,0,0.4999999999999999,-0.8660254037844387,0,0,0,1,0.837483024891574
0,28.0,59,-1,-1,1,-1,1,1,1,1,14925000,883500000,0,0.0,1.0,0,0,0,1,0.45472489869722565
0,39.0,13,-1,-1,-1,-1,-1,-1,0,1,10522500,137512500,1,0.4999999999999999,0.8660254037844387,0,0,0,1,0.8172216141097006
0,25.0,47,0,0,0,0,0,0,1,0,3037500,154470000,0,0.8660254037844387,-0.4999999999999998,1,0,0,0,0.031176218634229338
1,57.0,69,0,0,0,0,0,0,1,1,3900000,269482500,0,1.2246467991473532e-16,-1.0,1,0,0,0,0.017704983303584377
1,24.0,2,0,0,0,0,0,0,0,1,2985000,5055000,0,0.4999999999999999,0.8660254037844387,1,0,0,0,0.48225741475833134
0,38.0,22,0,0,0,0,0,0,0,0,2857500,68107500,0,0.4999999999999999,-0.8660254037844387,1,0,0,0,0.20187744568262328
1,27.0,15,1,-1,1,-1,1,-1,0,1,14475000,208837500,0,0.4999999999999999,-0.8660254037844387,0,0,0,1,0.7533149066690494
0,47.0,53,0,0,0,0,0,0,1,0,2977500,157440000,0,-0.4999999999999997,-0.8660254037844388,1,0,0,0,0.022958137728039087
0,36.0,28,0,0,0,0,0,0,0,0,3855000,110190000,0,-0.8660254037844386,0.5000000000000001,1,0,0,0,0.1566685552978109
1,34.0,22,0,0,0,0,0,0,1,0,3045000,71265000,0,1.0,6.123233995736766e-17,1,0,0,0,0.08657678228577867
0,50.0,1,-1,-1,-1,-1,-1,-1,0,1,10522500,10522500,1,-0.5000000000000004,0.8660254037844384,0,0,0,1,0.8645928541655068
1,40.0,16,-1,-1,1,1,-1,1,0,1,13732500,231007500,0,-0.8660254037844385,-0.5000000000000004,0,0,0,1,0.7731930452840939
0,46.0,48,1,1,-1,1,-1,-1,1,0,5910000,296797500,0,0.0,1.0,0,0,1,0,0.04983709433159209
1,28.0,30,1,1,1,1,1,-1,0,1,15855000,477270000,0,0.8660254037844386,0.5000000000000001,0,0,0,1,0.5552694533575918
0,23.0,3,-1,-1,-1,-1,-1,-1,0,1,10537500,34455000,0,-0.8660254037844386,0.5000000000000001,0,0,0,1,0.8585523649971417
1,41.0,57,1,-1,-1,1,-1,1,1,0,14062500,843832500,0,-0.5000000000000004,0.8660254037844384,0,0,0,1,0.15765357801605448
0,36.0,68,1,1,-1,-1,-1,1,1,1,14482500,987285000,1,1.0,6.123233995736766e-17,0,0,0,1,0.20208930497194655
0,48.0,23,-1,-1,-1,1,1,-1,1,0,9000000,202072500,0,-0.8660254037844386,0.5000000000000001,0,1,0,0,0.17407635729773052
0,39.0,65,-1,-1,-1,1,1,-1,1,1,8970000,571230000,0,1.2246467991473532e-16,-1.0,0,0,1,0,0.08325887264378713
1,42.0,44,-1,-1,-1,-1,1,1,1,1,13597500,596122500,0,0.4999999999999999,-0.8660254037844387,0,0,0,1,0.5542922911309118
0,21.0,71,1,1,1,-1,1,1,1,1,16350000,1149270000,0,1.2246467991473532e-16,-1.0,0,0,0,1,0.2568056741922133
0,63.0,37,1,-1,1,1,-1,-1,1,0,10215000,371887500,0,0.8660254037844387,-0.4999999999999998,0,0,1,0,0.061429099685840566
0,38.0,12,0,0,0,0,0,0,0,0,3060000,39990000,0,-0.4999999999999997,-0.8660254037844388,1,0,0,0,0.27187517829461655
1,48.0,69,-1,1,1,1,1,1,1,1,12292500,840210000,0,0.0,1.0,0,0,1,0,0.10936816955960103
0,30.0,35,1,1,1,-1,-1,-1,0,0,9082500,297390000,0,-1.0,-1.8369701987210294e-16,0,1,0,0,0.18387569817611477
1,44.0,5,-1,1,-1,1,-1,1,0,1,9840000,50985000,0,-1.0,-1.8369701987210294e-16,0,0,1,0,0.6411894127328838
1,24.0,58,-1,-1,-1,-1,1,-1,1,0,12375000,724207500,0,-0.8660254037844385,-0.5000000000000004,0,0,0,1,0.2755798853101727
1,45.0,72,1,1,1,1,-1,1,1,1,12345000,897082500,0,-0.8660254037844386,0.5000000000000001,0,1,0,0,0.03758510240898163
1,36.0,72,1,1,1,1,-1,-1,1,0,10222500,721305000,0,1.0,6.123233995736766e-17,0,0,1,0,0.020279970184491902
0,40.0,1,0,0,0,0,0,0,0,0,3045000,3045000,0,0.0,1.0,1,0,0,0,0.38340339651250294
0,48.0,39,1,-1,1,1,1,-1,1,1,14332500,553927500,1,1.2246467991473532e-16,-1.0,0,0,0,1,0.27469582315951846
1,25.0,53,0,0,0,0,0,0,1,0,3030000,160222500,0,1.0,6.123233995736766e-17,1,0,0,0,0.025099778072961536
0,32.0,27,-1,-1,1,1,-1,1,0,1,13380000,357540000,0,0.4999999999999999,-0.8660254037844387,0,0,0,1,0.7138477470493243
0,45.0,1,-1,-1,-1,-1,-1,-1,0,1,10447500,10447500,1,0.0,1.0,0,0,0,1,0.8671768349628846
0,65.0,1,-1,-1,-1,-1,1,1,0,1,13395000,13395000,1,-0.4999999999999997,-0.8660254037844388,0,0,0,1,0.9157237153022771
0,38.0,18,1,-1,-1,-1,-1,-1,0,0,11220000,215707500,0,0.8660254037844386,0.5000000000000001,0,0,0,1,0.6199658519743483
1,47.0,46,0,0,0,0,0,0,1,1,3030000,137617500,0,0.4999999999999999,-0.8660254037844387,1,0,0,0,0.046416367426280004
0,39.0,72,1,-1,1,1,1,1,1,1,12660000,914467500,0,0.8660254037844387,-0.4999999999999998,0,0,1,0,0.07218460290645601
0,63.0,36,-1,-1,1,1,-1,1,0,1,13132500,461715000,1,1.0,6.123233995736766e-17,0,0,0,1,0.6610506796372355
0,19.0,4,-1,-1,-1,-1,-1,-1,0,1,3772500,14992500,0,0.8660254037844386,0.5000000000000001,0,1,0,0,0.7382952362572348
0,41.0,25,0,0,0,0,0,0,1,0,2970000,71280000,0,0.8660254037844386,0.5000000000000001,1,0,0,0,0.0747758418160774
0,20.0,40,-1,1,-1,-1,1,1,0,1,7627500,305482500,0,0.8660254037844386,0.5000000000000001,0,0,1,0,0.5938428619576316
1,18.0,63,-1,1,1,-1,1,1,0,1,15360000,966607500,0,0.8660254037844387,-0.4999999999999998,0,0,0,1,0.6602738272387887
0,44.0,15,1,-1,1,1,-1,1,0,1,14445000,214012500,1,1.0,6.123233995736766e-17,0,0,0,1,0.6808942465680918
1,42.0,14,-1,1,-1,-1,-1,-1,0,1,8325000,115132500,0,0.8660254037844386,0.5000000000000001,0,0,1,0,0.5920550375717468
1,37.0,72,-1,1,1,1,1,1,1,1,16462500,1189875000,0,0.8660254037844386,0.5000000000000001,0,0,0,1,0.27679822554793165
1,39.0,39,1,1,-1,-1,1,1,0,1,15960000,606097500,0,0.0,1.0,0,0,0,1,0.6863090764908059
0,75.0,47,1,1,1,-1,1,1,1,1,9000000,415297500,0,-1.0,-1.8369701987210294e-16,0,0,1,0,0.18965874553243484
1,37.0,19,1,1,-1,1,-1,-1,0,1,13320000,250852500,0,-1.0,-1.8369701987210294e-16,0,0,0,1,0.5482731030101833
0,46.0,5,-1,-1,-1,-1,1,-1,0,1,12780000,71220000,1,-0.4999999999999997,-0.8660254037844388,0,0,0,1,0.8703724473661932
0,32.0,13,-1,-1,-1,-1,-1,1,0,1,5265000,66915000,1,0.8660254037844386,0.5000000000000001,0,1,0,0,0.7273344944560413
0,44.0,17,-1,-1,1,-1,-1,-1,0,0,12007500,201847500,0,0.4999999999999999,-0.8660254037844387,0,0,0,1,0.6953122471766798
1,37.0,34,-1,-1,-1,-1,-1,-1,0,1,11332500,363810000,0,0.0,1.0,0,0,0,1,0.6865298197985413
0,35.0,42,-1,1,-1,-1,-1,-1,0,1,7432500,311692500,0,-0.8660254037844386,0.5000000000000001,0,0,1,0,0.3527690453657698
1,62.0,5,-1,1,-1,-1,-1,-1,0,1,12195000,62445000,1,-0.8660254037844386,0.5000000000000001,0,0,0,1,0.8156863432826925
0,54.0,71,0,0,0,0,0,0,1,0,3585000,249525000,0,1.2246467991473532e-16,-1.0,1,0,0,0,0.010728934527488639
1,42.0,19,1,-1,1,-1,1,-1,0,0,9960000,192907500,0,0.8660254037844387,-0.4999999999999998,0,0,1,0,0.443736265152507
0,18.0,2,0,0,0,0,0,0,0,1,2940000,5377500,1,0.4999999999999999,-0.8660254037844387,1,0,0,0,0.4664002537182024
1,36.0,57,0,0,0,0,0,0,1,0,2820000,164152500,0,0.0,1.0,1,0,0,0,0.021535453501271607
1,72.0,72,-1,1,1,1,1,1,1,1,16260000,1157925000,0,-0.8660254037844385,-0.5000000000000004,0,0,0,1,0.25690972610477214
0,37.0,6,-1,1,-1,-1,-1,1,0,1,12892500,77190000,0,0.8660254037844387,-0.4999999999999998,0,0,0,1,0.8623892996523954
0,53.0,17,-1,-1,-1,-1,-1,1,0,1,12817500,217740000,1,-0.8660254037844386,0.5000000000000001,0,0,0,1,0.8319799647323158
1,57.0,61,-1,1,1,-1,1,1,1,0,12135000,739875000,0,-0.8660254037844386,0.5000000000000001,0,0,1,0,0.13088040043101545
1,43.0,1,-1,-1,-1,-1,-1,-1,0,1,10650000,10650000,1,-0.5000000000000004,0.8660254037844384,0,0,0,1,0.8675246445787061
1,30.0,48,1,1,1,1,1,1,1,0,16770000,816547500,0,1.2246467991473532e-16,-1.0,0,0,0,1,0.22276927006253316
1,18.0,16,0,0,0,0,0,0,0,1,3090000,49537500,0,1.0,6.123233995736766e-17,1,0,0,0,0.3367318416400051
1,48.0,9,-1,-1,-1,-1,-1,1,0,1,12757500,111975000,1,0.0,1.0,0,0,0,1,0.8687928060748343
0,30.0,3,-1,-1,-1,-1,-1,-1,0,0,6690000,18405000,0,-0.8660254037844385,-0.5000000000000004,0,0,1,0,0.6329214901333832
1,42.0,1,-1,-1,-1,-1,-1,-1,0,1,6660000,6660000,1,-1.0,-1.8369701987210294e-16,0,1,0,0,0.6971660652614675
1,25.0,65,-1,1,1,-1,1,1,1,0,15765000,994777500,0,0.4999999999999999,0.8660254037844387,0,0,0,1,0.30345150738279497
0,37.0,70,1,1,1,1,1,1,1,1,17272500,1237500000,0,-0.8660254037844386,0.5000000000000001,0,0,0,1,0.20424163199879644
1,40.0,60,1,-1,-1,-1,1,-1,1,1,8970000,534172500,0,-0.4999999999999997,-0.8660254037844388,0,0,1,0,0.09718953343987506
0,43.0,69,0,0,0,0,0,0,1,1,3945000,264532500,0,-0.5000000000000004,0.8660254037844384,1,0,0,0,0.017825257245996293
0,27.0,35,-1,-1,-1,-1,-1,-1,0,0,10582500,362850000,0,-0.4999999999999997,-0.8660254037844388,0,0,0,1,0.5864145787466737
0,54.0,22,0,0,0,0,0,0,0,1,3007500,70530000,0,0.4999999999999999,-0.8660254037844387,1,0,0,0,0.2669477544280942
1,33.0,66,-1,1,1,-1,1,1,1,0,11977500,785242500,0,-0.8660254037844386,0.5000000000000001,0,0,1,0,0.11673079868008694
1,20.0,1,-1,-1,-1,-1,-1,-1,0,1,10545000,10545000,1,0.4999999999999999,0.8660254037844387,0,0,0,1,0.8726053394708775
0,39.0,1,-1,-1,-1,-1,1,-1,0,1,11902500,11902500,1,-0.8660254037844385,-0.5000000000000004,0,0,0,1,0.8918858424418686
1,40.0,34,-1,-1,1,-1,-1,1,0,1,13507500,464550000,0,0.8660254037844386,0.5000000000000001,0,0,0,1,0.7626295820757472
0,42.0,72,0,0,0,0,0,0,1,0,3667500,256365000,0,0.8660254037844387,-0.4999999999999998,1,0,0,0,0.010611559978083003
1,56.0,31,1,-1,1,1,1,1,1,0,8992500,277320000,0,-0.8660254037844386,0.5000000000000001,0,0,1,0,0.1788029551522729
1,37.0,30,0,0,0,0,0,0,1,0,3802500,108495000,0,-0.8660254037844386,0.5000000000000001,1,0,0,0,0.058914450564739776
0,39.0,9,-1,-1,-1,-1,1,1,0,1,13620000,121462500,1,-0.5000000000000004,0.8660254037844384,0,0,0,1,0.9008176357185252
1,27.0,20,-1,-1,-1,-1,-1,-1,0,1,10567500,220642500,1,0.8660254037844386,0.5000000000000001,0,0,0,1,0.7897046717893418
1,50.0,19,-1,1,1,-1,-1,-1,0,1,5145000,86572500,0,-0.8660254037844385,-0.5000000000000004,0,0,1,0,0.598860947695383
0,42.0,65,1,-1,1,-1,1,1,0,1,15757500,1037242500,0,0.0,1.0,0,0,0,1,0.5661006804994512
0,35.0,30,0,0,0,0,0,0,1,0,2895000,90435000,0,-0.8660254037844386,0.5000000000000001,1,0,0,0,0.06119046263238326
1,18.0,6,0,0,0,0,0,0,1,0,2872500,18660000,0,0.8660254037844387,-0.4999999999999998,1,0,0,0,0.15853481838877026
0,57.0,2,-1,1,-1,-1,1,1,0,0,7710000,14520000,0,0.4999999999999999,-0.8660254037844387,0,0,1,0,0.7799793040665269
1,25.0,53,1,-1,-1,1,-1,1,0,0,10777500,574185000,0,0.0,1.0,0,1,0,0,0.13023185685927924
1,33.0,7,-1,-1,-1,-1,-1,-1,0,1,11310000,79957500,0,-0.8660254037844385,-0.5000000000000004,0,0,0,1,0.8318423172275186
0,44.0,61,1,-1,-1,-1,-1,-1,1,1,7455000,444210000,0,0.8660254037844387,-0.4999999999999998,0,0,1,0,0.06434521821124202
1,26.0,70,-1,-1,-1,-1,1,1,1,1,6787500,489667500,1,0.8660254037844386,0.5000000000000001,0,0,1,0,0.17024508568361374
0,22.0,13,1,-1,1,-1,1,1,0,1,11812500,149302500,0,-0.4999999999999997,-0.8660254037844388,0,0,1,0,0.6464450683820218
1,18.0,35,-1,-1,1,-1,-1,-1,1,1,12240000,422287500,0,-1.0,-1.8369701987210294e-16,0,0,0,1,0.4232524252390637
0,49.0,2,-1,-1,-1,-1,-1,-1,0,1,10560000,23220000,0,0.8660254037844386,0.5000000000000001,0,0,0,1,0.8619676855518189
0,33.0,3,-1,-1,-1,-1,-1,-1,0,1,11370000,36945000,1,0.8660254037844387,-0.4999999999999998,0,0,0,1,0.8466990618932538
0,75.0,3,-1,-1,-1,-1,-1,-1,0,0,11415000,38640000,0,0.8660254037844386,0.5000000000000001,0,0,0,1,0.7861641296615002
0,28.0,62,-1,-1,-1,-1,1,1,1,1,14100000,863580000,0,0.0,1.0,0,0,0,1,0.43069427925547216
1,29.0,72,1,1,1,1,-1,1,1,0,15592500,1127655000,0,1.2246467991473532e-16,-1.0,0,0,0,1,0.09688738685587446
1,33.0,63,0,0,0,0,0,0,1,1,2992500,185220000,0,0.0,1.0,1,0,0,0,0.024378156362552673
1,43.0,20,-1,-1,-1,-1,-1,-1,0,0,10695000,208380000,1,1.2246467991473532e-16,-1.0,0,0,0,1,0.6983026848851103
0,34.0,35,1,1,1,1,1,1,1,1,16620000,575445000,0,-0.5000000000000004,0.8660254037844384,0,0,0,1,0.3606143795953397
1,47.0,21,-1,-1,-1,-1,-1,-1,0,1,10365000,221212500,1,1.0,6.123233995736766e-17,0,0,0,1,0.7808917719857034
1,28.0,62,1,1,-1,-1,-1,1,1,0,14415000,900217500,0,-1.0,-1.8369701987210294e-16,0,0,0,1,0.1697013557004816
0,23.0,15,-1,-1,-1,-1,-1,-1,0,1,7320000,108015000,0,-0.8660254037844385,-0.5000000000000004,0,0,1,0,0.6092287226137159
0,18.0,55,1,-1,-1,-1,-1,-1,0,1,7582500,424912500,0,0.8660254037844386,0.5000000000000001,0,0,1,0,0.20388428620709384
0,18.0,11,-1,-1,-1,-1,-1,-1,0,1,6697500,70837500,0,1.0,6.123233995736766e-17,0,1,0,0,0.6157753622780303
0,34.0,17,-1,-1,1,-1,1,-1,0,0,13237500,219097500,1,1.2246467991473532e-16,-1.0,0,0,0,1,0.7588226784387447
0,36.0,61,0,0,0,0,0,0,1,0,2917500,200452500,0,0.8660254037844386,0.5000000000000001,1,0,0,0,0.018087653847626076
0,32.0,71,1,1,1,1,1,1,1,0,13395000,958297500,0,0.4999999999999999,0.8660254037844387,0,1,0,0,0.039967245623075215
0,55.0,2,-1,-1,-1,-1,-1,-1,0,0,10500000,22957500,1,-0.8660254037844386,0.5000000000000001,0,0,0,1,0.8049994575237114
1,55.0,35,0,0,0,0,0,0,1,0,2887500,101685000,0,0.4999999999999999,0.8660254037844387,1,0,0,0,0.05194509498066384
0,36.0,17,-1,-1,-1,-1,-1,-1,0,0,10575000,174840000,0,-0.4999999999999997,-0.8660254037844388,0,0,0,1,0.7139746662980729
0,18.0,21,-1,-1,-1,-1,1,1,0,1,14602500,317925000,1,1.0,6.123233995736766e-17,0,0,0,1,0.8626398061037275
0,33.0,47,0,0,0,0,0,0,1,0,2947500,138232500,0,0.4999999999999999,-0.8660254037844387,1,0,0,0,0.030166743282291866
0,33.0,3,0,0,0,0,0,0,0,0,3127500,10800000,0,-0.4999999999999997,-0.8660254037844388,1,0,0,0,0.3517623278919092
1,32.0,3,0,0,0,0,0,0,0,1,2947500,10252500,0,0.8660254037844386,0.5000000000000001,1,0,0,0,0.47072891516545284
1,32.0,44,0,0,0,0,0,0,1,1,2902500,127087500,0,-0.5000000000000004,0.8660254037844384,1,0,0,0,0.05268745181872045
0,32.0,1,-1,-1,-1,-1,-1,-1,0,1,6600000,6600000,0,0.4999999999999999,0.8660254037844387,0,0,1,0,0.7448565109610541
0,35.0,44,-1,1,1,-1,-1,1,1,0,14160000,644302500,0,1.0,6.123233995736766e-17,0,0,0,1,0.3409995461796273
1,32.0,5,0,0,0,0,0,0,0,1,3885000,20250000,1,0.4999999999999999,-0.8660254037844387,1,0,0,0,0.4174953323927673
1,42.0,24,1,-1,-1,-1,-1,-1,0,1,8347500,210082500,1,0.4999999999999999,-0.8660254037844387,0,1,0,0,0.3668660991783008
0,44.0,1,-1,-1,-1,-1,-1,-1,0,1,10447500,10447500,1,1.2246467991473532e-16,-1.0,0,0,0,1,0.861619312516058
0,29.0,18,1,-1,-1,-1,-1,-1,0,1,11310000,207060000,0,-0.8660254037844385,-0.5000000000000004,0,0,0,1,0.6941700639293351
0,55.0,10,-1,-1,1,-1,1,1,0,1,15090000,159030000,1,0.8660254037844387,-0.4999999999999998,0,0,0,1,0.8855221288115571
0,28.0,65,1,1,1,-1,-1,1,1,0,10650000,657930000,0,1.0,6.123233995736766e-17,0,0,1,0,0.05343907925939282
0,21.0,1,-1,1,-1,-1,-1,1,0,1,12900000,12900000,1,0.4999999999999999,0.8660254037844387,0,0,0,1,0.8827994018509269
0,45.0,53,1,-1,1,-1,1,1,1,1,16042500,867825000,1,-0.4999999999999997,-0.8660254037844388,0,0,0,1,0.3710576327628796
1,30.0,3,0,0,0,0,0,0,1,0,3180000,7807500,0,1.2246467991473532e-16,-1.0,1,0,0,0,0.1662850360627311
1,44.0,33,1,1,-1,1,-1,-1,1,1,9157500,302760000,0,0.4999999999999999,0.8660254037844387,0,0,1,0,0.10348670273670094
1,18.0,3,-1,1,-1,-1,-1,-1,0,1,4440000,11917500,1,1.2246467991473532e-16,-1.0,0,1,0,0,0.7129163527764224
0,57.0,34,1,-1,1,1,1,1,1,1,11992500,409095000,0,-0.8660254037844386,0.5000000000000001,0,0,1,0,0.1916055955144977
0,48.0,14,0,0,0,0,0,0,1,1,2955000,39547500,0,-0.5000000000000004,0.8660254037844384,1,0,0,0,0.15804324889884974
0,22.0,13,0,0,0,0,0,0,0,1,3045000,41310000,0,0.0,1.0,1,0,0,0,0.3610671539265017
1,22.0,46,-1,1,1,1,1,1,1,1,8985000,422497500,1,-0.4999999999999997,-0.8660254037844388,0,0,1,0,0.21573527720320682
1,60.0,23,0,0,0,0,0,0,1,0,3652500,80775000,0,0.4999999999999999,0.8660254037844387,1,0,0,0,0.0785249127407841
0,31.0,47,0,0,0,0,0,0,1,0,2962500,142335000,0,0.0,1.0,1,0,0,0,0.03148877556178165
1,30.0,17,1,-1,-1,-1,-1,-1,0,1,7545000,127020000,0,-0.4999999999999997,-0.8660254037844388,0,0,1,0,0.48974530903774627
0,18.0,49,-1,-1,-1,-1,1,1,0,1,14340000,717525000,1,-1.0,-1.8369701987210294e-16,0,0,0,1,0.749520104257376
1,36.0,59,-1,1,-1,-1,1,1,0,1,7537500,449617500,0,-0.5000000000000004,0.8660254037844384,0,0,1,0,0.42989972847272306
0,37.0,69,1,-1,1,1,1,1,1,1,12802500,884610000,0,0.0,1.0,0,0,1,0,0.07982186726808456
1,49.0,11,-1,-1,1,-1,1,-1,1,1,6240000,70590000,1,0.4999999999999999,0.8660254037844387,0,1,0,0,0.48877722885583613
1,23.0,10,1,-1,-1,-1,-1,-1,0,1,7747500,78675000,0,-1.0,-1.8369701987210294e-16,0,0,1,0,0.5535957262839517
1,22.0,12,0,0,0,0,0,0,1,1,3600000,40447500,0,1.2246467991473532e-16,-1.0,1,0,0,0,0.16383889363308396
1,45.0,45,-1,1,-1,-1,1,1,0,1,15127500,711000000,1,-0.8660254037844386,0.5000000000000001,0,0,0,1,0.7552485079734576
0,52.0,39,-1,-1,1,-1,1,-1,0,1,8977500,351225000,0,0.8660254037844386,0.5000000000000001,0,0,1,0,0.490600637860384
1,21.0,71,0,0,0,0,0,0,1,0,3817500,268447500,0,-0.8660254037844386,0.5000000000000001,1,0,0,0,0.011705531232002768
1,53.0,71,0,0,0,0,0,0,1,0,3585000,243960000,0,0.4999999999999999,0.8660254037844387,1,0,0,0,0.011581030998707432
0,40.0,33,0,0,0,0,0,0,1,0,3622500,120045000,0,1.2246467991473532e-16,-1.0,1,0,0,0,0.050475088841515865
1,53.0,67,-1,-1,-1,-1,-1,-1,0,1,11355000,759127500,0,0.8660254037844386,0.5000000000000001,0,0,0,1,0.4469456523033446
1,39.0,37,1,1,1,-1,-1,-1,0,0,6030000,217320000,1,0.4999999999999999,0.8660254037844387,0,0,1,0,0.2511445706721283
1,18.0,49,-1,-1,-1,-1,1,-1,0,0,12675000,638227500,1,0.8660254037844386,0.5000000000000001,0,0,0,1,0.5943147995776451
0,38.0,9,-1,1,-1,-1,-1,-1,0,0,7627500,69990000,0,0.0,1.0,0,1,0,0,0.4955190535149299
1,53.0,52,1,-1,1,1,-1,-1,1,1,13740000,694170000,0,-0.8660254037844385,-0.5000000000000004,0,0,0,1,0.15241408415967625
0,29.0,70,-1,1,-1,-1,1,1,1,0,14835000,1025790000,0,0.8660254037844387,-0.4999999999999998,0,0,0,1,0.26833036581776565
1,35.0,1,-1,1,-1,-1,-1,1,0,1,12750000,12750000,0,-0.4999999999999997,-0.8660254037844388,0,0,0,1,0.8807343970202823
0,38.0,14,-1,1,-1,-1,-1,-1,0,1,11842500,165277500,1,0.8660254037844386,0.5000000000000001,0,0,0,1,0.7795259886076755
1,18.0,1,-1,-1,-1,-1,-1,-1,0,1,6645000,6645000,0,-0.8660254037844386,0.5000000000000001,0,0,1,0,0.747305770113007
1,60.0,1,0,0,0,0,0,0,0,0,3030000,3030000,1,1.2246467991473532e-16,-1.0,1,0,0,0,0.3758007722466263
0,29.0,52,-1,1,-1,-1,-1,-1,1,1,12030000,644640000,0,-0.5000000000000004,0.8660254037844384,0,0,0,1,0.29258949083581476
1,46.0,6,-1,-1,1,-1,1,-1,0,0,9135000,62115000,0,1.0,6.123233995736766e-17,0,0,1,0,0.6702658154679326
1,39.0,7,1,1,-1,-1,-1,-1,0,0,5130000,38490000,0,-1.0,-1.8369701987210294e-16,0,0,1,0,0.5213134799683511
0,55.0,47,-1,1,1,-1,-1,-1,0,1,12780000,595402500,1,0.8660254037844387,-0.4999999999999998,0,0,0,1,0.5525299481765847
0,45.0,26,1,-1,1,1,-1,-1,1,1,13072500,341115000,0,-0.8660254037844385,-0.5000000000000004,0,0,0,1,0.2776440024436946
1,37.0,25,1,-1,-1,1,-1,-1,0,0,8145000,194520000,0,-0.5000000000000004,0.8660254037844384,0,0,1,0,0.24673809012191375
1,29.0,69,0,0,0,0,0,0,1,1,2865000,190327500,0,-0.4999999999999997,-0.8660254037844388,1,0,0,0,0.018073383196107292
0,50.0,72,1,1,1,1,1,1,1,1,16912500,1228890000,0,-0.5000000000000004,0.8660254037844384,0,0,0,1,0.1939699191151332
1,18.0,4,0,0,0,0,0,0,0,1,2992500,8887500,0,0.4999999999999999,0.8660254037844387,1,0,0,0,0.46162829679748046
1,48.0,59,0,0,0,0,0,0,1,0,2925000,172177500,0,0.8660254037844386,0.5000000000000001,1,0,0,0,0.019453765853321252
1,27.0,67,1,-1,1,-1,-1,1,1,0,9832500,654232500,0,-0.8660254037844386,0.5000000000000001,0,1,0,0,0.04766739199906676
0,55.0,26,-1,-1,-1,-1,-1,1,0,1,11820000,300915000,0,-0.8660254037844386,0.5000000000000001,0,0,0,1,0.8024926220425386
0,42.0,27,-1,1,1,1,1,1,1,0,11730000,311842500,0,-0.4999999999999997,-0.8660254037844388,0,0,1,0,0.21489016822656903
1,48.0,72,1,-1,1,-1,1,1,1,0,15787500,1141462500,0,-0.8660254037844385,-0.5000000000000004,0,0,0,1,0.20447381177215246
0,41.0,6,-1,-1,1,1,-1,1,0,1,13387500,73057500,0,0.8660254037844387,-0.4999999999999998,0,0,0,1,0.8171084672157076
1,19.0,62,0,0,0,0,0,0,1,0,3097500,182767500,0,0.8660254037844387,-0.4999999999999998,1,0,0,0,0.016942060784355655
1,30.0,20,-1,1,-1,1,1,-1,1,1,10305000,212430000,0,1.2246467991473532e-16,-1.0,0,0,1,0,0.2694645986423603
1,48.0,6,1,-1,1,1,1,1,0,0,11797500,72495000,0,-1.0,-1.8369701987210294e-16,0,0,1,0,0.5189160496574599
1,42.0,51,0,0,0,0,0,0,1,0,3712500,185190000,0,1.0,6.123233995736766e-17,1,0,0,0,0.02609793799880204
0,54.0,61,0,0,0,0,0,0,1,0,2962500,196740000,0,0.8660254037844387,-0.4999999999999998,1,0,0,0,0.01721812968844809
1,45.0,62,1,1,1,-1,-1,-1,0,1,13365000,842745000,0,0.4999999999999999,0.8660254037844387,0,0,0,1,0.36582079658483
0,28.0,72,1,-1,-1,1,-1,-1,1,1,12705000,927772500,0,0.8660254037844387,-0.4999999999999998,0,0,0,1,0.09857306331754538
1,30.0,13,-1,1,1,-1,1,1,0,1,14700000,185677500,1,0.0,1.0,0,0,0,1,0.8786744520316957
1,41.0,5,-1,-1,1,-1,1,1,0,1,14167500,74715000,1,0.4999999999999999,0.8660254037844387,0,0,0,1,0.9113948979948017
1,18.0,3,-1,1,1,-1,1,1,0,1,15750000,44167500,1,0.4999999999999999,0.8660254037844387,0,0,0,1,0.8956550505733796
0,60.0,26,-1,1,1,-1,-1,1,0,1,14077500,357232500,1,1.2246467991473532e-16,-1.0,0,0,0,1,0.7587846430657916
1,45.0,13,-1,1,-1,-1,1,-1,0,1,8985000,118252500,0,1.2246467991473532e-16,-1.0,0,0,1,0,0.6750419798472395
0,55.0,38,0,0,0,0,0,0,1,1,2992500,113460000,0,0.4999999999999999,-0.8660254037844387,1,0,0,0,0.061749554238914456
0,21.0,8,-1,-1,-1,-1,-1,1,0,1,12600000,92010000,1,0.8660254037844386,0.5000000000000001,0,0,0,1,0.8717958324816637
1,55.0,34,-1,1,1,1,1,1,0,1,16335000,543780000,0,0.4999999999999999,-0.8660254037844387,0,0,0,1,0.7092631961626569
1,67.0,18,1,-1,1,-1,-1,-1,0,0,5040000,82552500,0,0.4999999999999999,0.8660254037844387,0,0,1,0,0.4414464779963208
1,24.0,56,-1,1,1,1,-1,-1,1,1,12877500,719070000,0,0.0,1.0,0,0,0,1,0.2028246054324442
0,49.0,36,-1,1,-1,1,-1,-1,0,1,5227500,190080000,0,-0.5000000000000004,0.8660254037844384,0,1,0,0,0.2981650689660792
0,40.0,9,-1,-1,1,-1,1,1,0,1,7312500,66330000,1,0.8660254037844387,-0.4999999999999998,0,0,1,0,0.8288767472736447
1,21.0,1,-1,-1,1,-1,1,-1,0,1,12727500,12727500,1,1.0,6.123233995736766e-17,0,0,0,1,0.8935555698985984
1,46.0,12,1,-1,-1,1,-1,-1,0,0,8497500,98227500,1,0.8660254037844386,0.5000000000000001,0,0,1,0,0.3355323757057278
0,50.0,57,-1,1,1,1,1,-1,0,1,14295000,835117500,0,-0.8660254037844386,0.5000000000000001,0,0,0,1,0.49374660976290147
0,33.0,42,1,1,1,1,-1,1,1,0,11085000,474082500,1,-0.8660254037844386,0.5000000000000001,0,1,0,0,0.06179985268368064
0,54.0,33,0,0,0,0,0,0,1,1,3675000,111045000,1,0.0,1.0,1,0,0,0,0.0740891166187567
1,20.0,70,1,1,-1,1,-1,-1,1,0,12690000,855930000,0,-0.8660254037844385,-0.5000000000000004,0,0,0,1,0.06427490519336417
0,22.0,68,-1,1,-1,1,-1,1,0,0,6742500,462802500,0,-0.8660254037844385,-0.5000000000000004,0,0,1,0,0.13549267681029678
1,42.0,1,-1,-1,-1,-1,-1,-1,0,1,3705000,3705000,0,1.0,6.123233995736766e-17,0,0,1,0,0.7994212723788707
0,40.0,37,-1,-1,-1,1,1,1,0,0,15045000,531210000,0,0.8660254037844387,-0.4999999999999998,0,0,0,1,0.6322178171150903
0,31.0,4,0,0,0,0,0,0,0,1,3817500,12630000,0,1.2246467991473532e-16,-1.0,1,0,0,0,0.4178590417656604
1,50.0,1,1,-1,-1,-1,-1,-1,0,1,7605000,7605000,0,-0.4999999999999997,-0.8660254037844388,0,0,1,0,0.6248681486464948
1,46.0,20,1,1,1,1,1,-1,0,1,8250000,174832500,0,-0.5000000000000004,0.8660254037844384,0,1,0,0,0.4033924081561003
1,50.0,72,1,1,-1,1,1,-1,1,0,10260000,728302500,0,1.2246467991473532e-16,-1.0,0,1,0,0,0.02354016247187908
0,39.0,31,-1,-1,1,-1,-1,1,0,1,13485000,421035000,1,0.4999999999999999,0.8660254037844387,0,0,0,1,0.7721627680848381
1,47.0,18,-1,-1,-1,-1,-1,1,0,0,11782500,213397500,1,0.4999999999999999,0.8660254037844387,0,0,0,1,0.7909183267444061
1,35.0,11,-1,-1,-1,-1,1,-1,0,1,8257500,91222500,0,0.0,1.0,0,0,1,0,0.7319879350710498
0,65.0,33,0,0,0,0,0,0,1,0,2970000,96202500,0,-0.4999999999999997,-0.8660254037844388,1,0,0,0,0.05095893479714142
0,30.0,62,-1,-1,-1,-1,1,-1,1,0,12667500,743872500,0,-0.8660254037844386,0.5000000000000001,0,0,0,1,0.23703761696141137
0,65.0,1,-1,-1,1,1,-1,-1,0,0,5385000,5385000,0,0.4999999999999999,-0.8660254037844387,0,0,1,0,0.5925513810295555
1,40.0,16,1,1,-1,-1,-1,-1,0,0,12112500,198195000,0,0.4999999999999999,-0.8660254037844387,0,0,0,1,0.5918526399114352
1,23.0,22,-1,-1,1,1,1,1,1,1,11797500,249562500,0,0.8660254037844387,-0.4999999999999998,0,1,0,0,0.3059407506847031
0,56.0,49,1,-1,1,1,-1,-1,0,0,9262500,453622500,0,-1.0,-1.8369701987210294e-16,0,1,0,0,0.09458363477776556
1,42.0,36,1,-1,1,-1,-1,1,1,1,9555000,328275000,0,0.8660254037844386,0.5000000000000001,0,0,1,0,0.20309442990333146
1,50.0,42,-1,1,1,1,-1,1,0,1,14917500,620707500,1,-0.8660254037844385,-0.5000000000000004,0,0,0,1,0.5852939287920667
1,55.0,4,-1,-1,-1,-1,-1,-1,0,1,3780000,15375000,1,-0.8660254037844386,0.5000000000000001,0,0,1,0,0.7733498839795666
0,44.0,12,-1,-1,-1,1,1,1,1,0,11107500,130897500,1,0.8660254037844387,-0.4999999999999998,0,0,1,0,0.33305525829785426
0,33.0,31,1,-1,1,1,-1,-1,0,0,13140000,408637500,0,1.0,6.123233995736766e-17,0,0,0,1,0.39774944213478564
1,52.0,5,1,-1,-1,-1,-1,1,0,1,13372500,61987500,0,-1.0,-1.8369701987210294e-16,0,0,0,1,0.8149987312913354
1,40.0,66,0,0,0,0,0,0,1,0,3000000,206130000,0,-0.4999999999999997,-0.8660254037844388,1,0,0,0,0.014071689716017868
0,48.0,15,-1,-1,-1,1,-1,-1,0,0,8250000,113565000,1,0.8660254037844387,-0.4999999999999998,0,0,1,0,0.39750190079396386
1,18.0,64,-1,1,1,-1,1,1,1,1,15660000,1003897500,0,0.8660254037844387,-0.4999999999999998,0,0,0,1,0.4033809648700843
1,45.0,10,0,0,0,0,0,0,0,1,3007500,32775000,0,0.8660254037844387,-0.4999999999999998,1,0,0,0,0.388786602935673
1,32.0,7,-1,1,-1,1,1,-1,0,1,13462500,91320000,1,0.4999999999999999,0.8660254037844387,0,0,0,1,0.8028235668616658
1,60.0,29,-1,1,-1,1,-1,-1,0,0,5145000,150712500,0,-0.8660254037844385,-0.5000000000000004,0,0,1,0,0.31632353261549684
1,47.0,57,0,0,0,0,0,0,1,0,3097500,168840000,0,0.0,1.0,1,0,0,0,0.020857982657327516
0,43.0,46,1,1,-1,-1,-1,-1,0,0,12637500,577140000,0,-1.0,-1.8369701987210294e-16,0,0,0,1,0.3585335957616829
1,46.0,53,0,0,0,0,0,0,1,0,2947500,146700000,0,0.0,1.0,1,0,0,0,0.024660316939411515
0,28.0,17,1,1,-1,1,1,1,1,0,11977500,208102500,0,0.8660254037844386,0.5000000000000001,0,0,1,0,0.20198891611700281
0,59.0,38,0,0,0,0,0,0,1,1,3030000,111907500,0,0.0,1.0,1,0,0,0,0.0634308840909668
1,64.0,15,0,0,0,0,0,0,1,0,2970000,45690000,0,-0.5000000000000004,0.8660254037844384,1,0,0,0,0.11052025923563615
0,45.0,22,-1,1,-1,-1,1,1,0,1,7552500,164827500,0,-0.4999999999999997,-0.8660254037844388,0,0,1,0,0.7216722310689049
1,59.0,14,-1,-1,-1,-1,-1,1,0,1,12772500,170880000,1,1.2246467991473532e-16,-1.0,0,0,0,1,0.8430053354195022
0,33.0,57,-1,1,1,1,1,-1,1,0,11190000,655342500,0,0.8660254037844386,0.5000000000000001,0,1,0,0,0.059302217201323865
1,30.0,11,-1,-1,-1,-1,-1,1,0,1,11872500,124155000,0,-0.8660254037844386,0.5000000000000001,0,0,0,1,0.8699498412124387
0,40.0,1,0,0,0,0,0,0,1,0,3052500,3052500,0,0.4999999999999999,-0.8660254037844387,1,0,0,0,0.1759642066847213
1,45.0,12,0,0,0,0,0,0,1,0,3157500,39307500,0,-0.5000000000000004,0.8660254037844384,1,0,0,0,0.12366818363708984
1,35.0,3,-1,-1,-1,-1,1,1,0,1,14190000,41932500,1,0.0,1.0,0,0,0,1,0.913682052294764
1,46.0,36,-1,1,-1,-1,1,1,0,1,14205000,526875000,0,0.8660254037844386,0.5000000000000001,0,0,0,1,0.8034397785634616
1,44.0,16,1,-1,-1,-1,1,1,0,1,14137500,222487500,1,0.0,1.0,0,0,0,1,0.8303715858229188
1,28.0,65,1,1,1,-1,-1,1,1,0,10867500,698077500,1,-0.4999999999999997,-0.8660254037844388,0,0,1,0,0.054667944128827826
1,46.0,2,-1,1,-1,-1,-1,-1,0,0,11242500,22762500,0,0.4999999999999999,0.8660254037844387,0,0,0,1,0.7895583278611623
0,50.0,42,1,-1,1,-1,1,1,0,1,15780000,660112500,1,1.0,6.123233995736766e-17,0,0,0,1,0.6872839909077819
1,42.0,72,1,1,1,1,1,1,1,0,16792500,1204965000,0,-0.8660254037844386,0.5000000000000001,0,0,0,1,0.14057880897166602
1,54.0,62,0,0,0,0,0,0,1,0,2977500,188047500,0,0.8660254037844387,-0.4999999999999998,1,0,0,0,0.016755959732065062
0,25.0,6,-1,1,-1,-1,1,-1,0,1,13462500,82897500,0,0.8660254037844387,-0.4999999999999998,0,0,0,1,0.8536569592387487
1,46.0,48,0,0,0,0,0,0,1,1,3007500,155400000,0,-0.8660254037844386,0.5000000000000001,1,0,0,0,0.04425007722230184
1,26.0,35,1,-1,1,1,1,1,1,1,16342500,603825000,0,-0.4999999999999997,-0.8660254037844388,0,0,0,1,0.3960575403676504
1,27.0,52,0,0,0,0,0,0,1,0,2947500,139260000,0,0.4999999999999999,-0.8660254037844387,1,0,0,0,0.02501437423306888
0,32.0,1,-1,-1,-1,-1,-1,-1,0,1,3735000,3735000,0,0.4999999999999999,0.8660254037844387,0,0,1,0,0.7974370100415294
1,29.0,6,-1,-1,-1,-1,1,-1,0,1,12427500,69037500,1,1.0,6.123233995736766e-17,0,0,0,1,0.8787619521566048
0,33.0,71,1,1,1,1,1,1,1,0,13980000,975922500,0,0.8660254037844387,-0.4999999999999998,0,0,1,0,0.04601536011431488
0,37.0,67,1,1,1,-1,-1,-1,1,0,12720000,839745000,0,0.8660254037844387,-0.4999999999999998,0,0,0,1,0.10047065808134903
1,50.0,60,1,1,-1,-1,-1,1,1,1,10762500,656182500,0,-0.4999999999999997,-0.8660254037844388,0,0,1,0,0.09012916208323357
1,36.0,23,-1,-1,-1,1,-1,-1,0,1,4552500,101812500,0,-0.8660254037844386,0.5000000000000001,0,0,1,0,0.505799754596014
1,21.0,39,-1,-1,1,1,1,1,1,0,8227500,328755000,0,-0.5000000000000004,0.8660254037844384,0,0,1,0,0.21744585850110434
1,54.0,15,0,0,0,0,0,0,1,1,2925000,35962500,0,1.0,6.123233995736766e-17,1,0,0,0,0.15514642781914229
1,30.0,53,-1,1,1,-1,1,1,0,1,15577500,822825000,1,0.8660254037844386,0.5000000000000001,0,0,0,1,0.7147447326273254
1,39.0,24,0,0,0,0,0,0,1,0,3630000,91357500,0,0.4999999999999999,-0.8660254037844387,1,0,0,0,0.07482042839967203
0,45.0,37,0,0,0,0,0,0,0,0,2902500,102562500,0,1.0,6.123233995736766e-17,1,0,0,0,0.11865837726028404
0,42.0,5,-1,1,-1,-1,-1,1,0,1,12540000,60630000,1,-1.0,-1.8369701987210294e-16,0,0,0,1,0.8674277629051101
0,53.0,50,-1,-1,-1,1,1,1,1,1,15097500,778462500,0,-0.8660254037844386,0.5000000000000001,0,0,0,1,0.40810297825405417
0,46.0,54,-1,-1,1,-1,1,1,1,1,14115000,759135000,0,-0.4999999999999997,-0.8660254037844388,0,0,0,1,0.4737871196877574
0,30.0,3,1,-1,-1,-1,-1,-1,0,1,11182500,35047500,0,0.4999999999999999,-0.8660254037844387,0,0,0,1,0.7854749217494457
1,66.0,68,-1,1,1,1,1,1,1,0,16267500,1076482500,1,1.2246467991473532e-16,-1.0,0,0,0,1,0.20149041873769047
1,42.0,5,-1,-1,1,1,-1,-1,0,0,8422500,43717500,0,-0.5000000000000004,0.8660254037844384,0,0,1,0,0.5006221631037008
1,38.0,33,0,0,0,0,0,0,1,0,3052500,103462500,0,-0.8660254037844385,-0.5000000000000004,1,0,0,0,0.05402844946671929
0,52.0,41,-1,1,1,-1,1,1,1,1,12082500,489585000,0,-0.5000000000000004,0.8660254037844384,0,1,0,0,0.2413826444680347
0,43.0,34,1,-1,1,1,1,1,1,0,9187500,298980000,0,0.4999999999999999,-0.8660254037844387,0,0,1,0,0.15585893973815915
0,45.0,13,0,0,0,0,0,0,0,1,3067500,38175000,0,-0.8660254037844385,-0.5000000000000004,1,0,0,0,0.3439155979707608
0,70.0,20,0,0,0,0,0,0,0,1,2835000,52147500,0,1.0,6.123233995736766e-17,1,0,0,0,0.28670594422128465
0,37.0,51,0,0,0,0,0,0,1,0,2940000,145185000,0,0.4999999999999999,0.8660254037844387,1,0,0,0,0.026415736154093702
0,36.0,3,-1,1,-1,-1,-1,1,0,1,13725000,36442500,1,1.0,6.123233995736766e-17,0,0,0,1,0.8634694030018933
0,41.0,41,-1,-1,-1,-1,-1,-1,0,0,6780000,276285000,0,0.8660254037844387,-0.4999999999999998,0,0,1,0,0.2986264256318014
0,53.0,13,0,0,0,0,0,0,0,0,2917500,34815000,0,-0.8660254037844385,-0.5000000000000004,1,0,0,0,0.2624893048253069
1,22.0,35,0,0,0,0,0,0,1,0,3817500,121387500,0,1.0,6.123233995736766e-17,1,0,0,0,0.049270153233865514
1,18.0,12,1,-1,-1,1,-1,-1,0,0,12127500,129967500,1,-1.0,-1.8369701987210294e-16,0,0,0,1,0.5464394655044355
1,33.0,4,1,1,-1,1,-1,1,0,1,14235000,54082500,0,0.0,1.0,0,0,0,1,0.7346075315187206
0,20.0,43,-1,-1,1,-1,1,1,0,1,7357500,311430000,1,0.8660254037844387,-0.4999999999999998,0,0,1,0,0.5880310977752066
0,35.0,12,-1,-1,-1,1,-1,-1,0,1,4395000,53385000,0,-0.4999999999999997,-0.8660254037844388,0,0,1,0,0.6041506906643372
1,46.0,68,-1,1,1,-1,1,1,0,1,15795000,1094947500,1,-0.8660254037844386,0.5000000000000001,0,0,0,1,0.6320513357136844
1,29.0,25,-1,1,-1,-1,1,-1,0,1,13342500,343680000,1,-0.5000000000000004,0.8660254037844384,0,0,0,1,0.7861034169001809
0,23.0,7,0,0,0,0,0,0,1,0,3037500,19372500,0,0.4999999999999999,0.8660254037844387,1,0,0,0,0.14922576174959434
1,41.0,66,-1,1,1,1,1,1,1,1,16627500,1123762500,1,-1.0,-1.8369701987210294e-16,0,0,0,1,0.3031332806762456
0,50.0,53,1,1,1,1,1,1,1,0,16575000,875325000,0,0.0,1.0,0,0,0,1,0.2008679840227167
1,20.0,63,1,1,1,-1,1,1,0,1,16410000,1054717500,0,-1.0,-1.8369701987210294e-16,0,0,0,1,0.5606850673098821
0,50.0,70,1,1,1,1,1,1,1,1,17130000,1158585000,1,-0.8660254037844385,-0.5000000000000004,0,0,0,1,0.18386763059685934
1,50.0,27,-1,-1,-1,-1,-1,1,0,0,5475000,154800000,1,0.8660254037844387,-0.4999999999999998,0,0,1,0,0.5613748949821217
0,51.0,1,-1,-1,-1,-1,-1,-1,0,0,10612500,10612500,1,0.8660254037844387,-0.4999999999999998,0,0,0,1,0.8081185612946227
0,55.0,5,0,0,0,0,0,0,0,0,2992500,16440000,0,0.4999999999999999,0.8660254037844387,1,0,0,0,0.34383855105277517
0,66.0,37,0,0,0,0,0,0,1,0,2940000,109170000,0,0.4999999999999999,-0.8660254037844387,1,0,0,0,0.04410608925105962
1,36.0,3,-1,-1,1,-1,1,-1,0,1,6022500,19612500,1,0.0,1.0,0,0,1,0,0.8219113220083506
0,41.0,12,-1,-1,-1,-1,-1,-1,0,1,11490000,133950000,0,0.8660254037844387,-0.4999999999999998,0,0,0,1,0.8032688311366033
0,35.0,38,0,0,0,0,0,0,1,0,2940000,114465000,0,-0.8660254037844385,-0.5000000000000004,1,0,0,0,0.043236705382435923
0,40.0,9,-1,-1,1,-1,-1,1,0,1,12795000,117210000,0,0.8660254037844386,0.5000000000000001,0,0,0,1,0.8682962666715579
1,58.0,13,1,-1,-1,-1,-1,1,0,1,9877500,135337500,0,-1.0,-1.8369701987210294e-16,0,1,0,0,0.5357430077821006
1,24.0,29,-1,-1,-1,-1,1,1,0,1,14167500,398047500,1,-0.8660254037844385,-0.5000000000000004,0,0,0,1,0.8339404951670679
0,30.0,47,0,0,0,0,0,0,1,0,3007500,152505000,0,-0.5000000000000004,0.8660254037844384,1,0,0,0,0.0314982069944239
1,57.0,61,1,-1,1,1,1,-1,0,0,14910000,891547500,0,1.2246467991473532e-16,-1.0,0,0,0,1,0.28504803128085193
1,52.0,16,0,0,0,0,0,0,0,0,3000000,41355000,0,0.4999999999999999,-0.8660254037844387,1,0,0,0,0.24434901246211002
0,36.0,41,1,1,-1,1,1,1,1,0,11767500,468967500,0,0.0,1.0,0,0,1,0,0.10831596332030954
0,50.0,43,0,0,0,0,0,0,1,1,3765000,160522500,0,0.0,1.0,1,0,0,0,0.050878313139292815
0,44.0,36,-1,1,1,-1,1,-1,0,1,14602500,518685000,1,1.2246467991473532e-16,-1.0,0,0,0,1,0.6975573455499906
0,58.0,6,-1,-1,-1,-1,-1,1,0,1,8250000,51060000,0,-1.0,-1.8369701987210294e-16,0,0,1,0,0.7541772855347096
0,41.0,58,1,1,1,1,-1,-1,1,1,10665000,644880000,0,-0.5000000000000004,0.8660254037844384,0,0,1,0,0.0462348085524714
1,52.0,19,-1,-1,-1,1,1,-1,0,1,9232500,163980000,0,0.0,1.0,0,0,1,0,0.5591650916220274
1,72.0,11,-1,-1,-1,-1,-1,-1,0,1,6885000,78285000,0,0.4999999999999999,0.8660254037844387,0,0,1,0,0.6624078660455508
0,47.0,39,1,1,-1,1,-1,-1,1,1,6045000,244560000,0,0.8660254037844387,-0.4999999999999998,0,1,0,0,0.07831149501597816
0,41.0,8,-1,1,-1,-1,1,-1,0,1,13065000,107040000,0,-0.5000000000000004,0.8660254037844384,0,0,0,1,0.85155144533476
0,49.0,26,-1,-1,-1,-1,-1,-1,0,1,7425000,189847500,0,0.4999999999999999,-0.8660254037844387,0,0,1,0,0.505811316075498
0,36.0,53,-1,1,-1,-1,-1,-1,0,1,11070000,600577500,0,-0.8660254037844385,-0.5000000000000004,0,0,0,1,0.5241313366479966
0,69.0,70,0,0,0,0,0,0,1,1,2880000,210210000,0,-1.0,-1.8369701987210294e-16,1,0,0,0,0.016803353388952
1,42.0,1,-1,-1,-1,-1,1,1,0,1,6795000,6795000,1,1.2246467991473532e-16,-1.0,0,0,1,0,0.870936167521352
1,37.0,59,0,0,0,0,0,0,1,0,3750000,226575000,0,-1.0,-1.8369701987210294e-16,1,0,0,0,0.01872385820372005
1,30.0,2,-1,-1,1,-1,1,1,0,0,14242500,26715000,1,0.0,1.0,0,0,0,1,0.881872807433031
1,53.0,7,1,-1,1,-1,-1,-1,1,0,5295000,39720000,0,0.8660254037844386,0.5000000000000001,0,0,1,0,0.30298510214362695
0,50.0,12,-1,-1,-1,-1,-1,-1,0,1,6682500,72090000,1,0.4999999999999999,-0.8660254037844387,0,0,1,0,0.6424444782065044
1,34.0,59,-1,1,1,1,1,1,1,0,11512500,681285000,0,-0.5000000000000004,0.8660254037844384,0,0,1,0,0.10332064647417172
1,47.0,61,-1,-1,1,1,1,1,1,1,12150000,746422500,0,0.4999999999999999,0.8660254037844387,0,0,1,0,0.1476671627122801
1,22.0,72,1,-1,1,-1,1,1,1,1,15832500,1131337500,0,-0.5000000000000004,0.8660254037844384,0,0,0,1,0.2839347607185074
0,42.0,13,0,0,0,0,0,0,0,0,2820000,37687500,0,-0.4999999999999997,-0.8660254037844388,1,0,0,0,0.26641989214888445
0,45.0,64,0,0,0,0,0,0,1,0,3735000,239325000,0,0.8660254037844387,-0.4999999999999998,1,0,0,0,0.014804390497162314
1,60.0,1,-1,-1,-1,-1,-1,-1,0,1,3517500,3517500,1,0.8660254037844386,0.5000000000000001,0,0,1,0,0.8016195659294343
0,31.0,10,-1,1,-1,1,-1,1,1,0,9735000,102832500,0,0.0,1.0,0,0,1,0,0.27447708725238007
0,25.0,65,1,1,1,-1,-1,-1,1,0,9202500,581115000,0,0.0,1.0,0,1,0,0,0.02969824070130925
0,29.0,62,1,1,1,1,1,1,1,0,17092500,1033710000,0,-0.8660254037844385,-0.5000000000000004,0,0,0,1,0.15953684240366794
0,24.0,55,1,1,1,1,1,1,1,1,13522500,737542500,0,1.0,6.123233995736766e-17,0,0,1,0,0.10340213205367124
0,56.0,25,-1,1,-1,-1,-1,-1,0,0,8115000,205950000,0,-0.8660254037844385,-0.5000000000000004,0,0,1,0,0.38405731394833204
1,59.0,1,1,-1,-1,-1,-1,-1,0,0,4455000,4455000,1,1.2246467991473532e-16,-1.0,0,1,0,0,0.557159336401013
1,44.0,1,1,-1,-1,-1,-1,-1,0,1,7470000,7470000,0,-0.4999999999999997,-0.8660254037844388,0,0,1,0,0.6294156308875354
0,55.0,59,-1,1,-1,-1,1,1,0,0,15165000,905985000,1,0.0,1.0,0,0,0,1,0.5832869685330343
1,42.0,64,0,0,0,0,0,0,1,1,3660000,232297500,0,-0.8660254037844386,0.5000000000000001,1,0,0,0,0.02247432585593346
1,39.0,36,-1,-1,-1,-1,1,1,0,1,14250000,516037500,0,0.4999999999999999,-0.8660254037844387,0,0,0,1,0.808579556755105
0,36.0,3,-1,-1,-1,-1,-1,-1,0,1,7597500,22695000,1,-0.8660254037844385,-0.5000000000000004,0,1,0,0,0.6518219955626597
1,36.0,61,1,-1,1,-1,-1,1,1,1,10485000,634005000,0,1.2246467991473532e-16,-1.0,0,0,1,0,0.09607946449756467
1,21.0,26,-1,1,-1,-1,1,-1,1,1,5992500,153562500,0,0.8660254037844386,0.5000000000000001,0,0,1,0,0.38552023334835417
0,43.0,1,-1,-1,-1,-1,-1,1,0,1,8310000,8310000,1,-0.4999999999999997,-0.8660254037844388,0,0,1,0,0.7834974030075084
0,40.0,1,-1,1,-1,-1,1,-1,0,1,13590000,13590000,1,1.0,6.123233995736766e-17,0,0,0,1,0.8682941465916502
1,49.0,68,1,1,1,-1,1,1,1,1,15487500,1061160000,0,-0.8660254037844385,-0.5000000000000004,0,0,0,1,0.2794676027776333
1,41.0,2,-1,-1,-1,-1,1,-1,0,1,13027500,23452500,1,0.4999999999999999,-0.8660254037844387,0,0,0,1,0.8808978947296033
0,38.0,72,1,1,1,1,-1,-1,1,1,14137500,1027462500,0,-0.8660254037844385,-0.5000000000000004,0,0,0,1,0.08909423870185611
0,30.0,71,-1,-1,1,1,-1,1,1,1,7057500,489540000,0,-0.8660254037844385,-0.5000000000000004,0,0,1,0,0.07366623397530664
1,41.0,57,0,0,0,0,0,0,1,0,3082500,187927500,0,-0.8660254037844385,-0.5000000000000004,1,0,0,0,0.020565786947559398
1,49.0,4,0,0,0,0,0,0,0,1,2947500,10132500,0,1.0,6.123233995736766e-17,1,0,0,0,0.45284380430194193
0,26.0,1,-1,-1,-1,-1,-1,-1,0,1,10530000,10530000,0,0.8660254037844386,0.5000000000000001,0,0,0,1,0.8680872082167426
1,41.0,72,1,1,1,1,-1,1,1,0,12150000,862500000,0,1.2246467991473532e-16,-1.0,0,1,0,0,0.02454204999899916
1,43.0,21,1,-1,-1,-1,1,1,1,1,11385000,232462500,0,1.2246467991473532e-16,-1.0,0,0,1,0,0.3459091093020332
0,31.0,71,0,0,0,0,0,0,1,0,3705000,271582500,0,0.4999999999999999,-0.8660254037844387,1,0,0,0,0.011255738588861398
0,33.0,29,-1,-1,1,-1,1,1,0,1,14857500,442927500,1,0.8660254037844386,0.5000000000000001,0,0,0,1,0.8359305076387853
0,43.0,69,1,-1,1,1,1,1,1,0,16537500,1120132500,0,-0.4999999999999997,-0.8660254037844388,0,0,0,1,0.14939744539325422
0,26.0,64,1,-1,1,1,1,1,1,1,12750000,822660000,0,-0.8660254037844386,0.5000000000000001,0,0,1,0,0.09050333419942361
1,44.0,16,0,0,0,0,0,0,0,0,2962500,44235000,0,-0.8660254037844385,-0.5000000000000004,1,0,0,0,0.2453824894229527
0,29.0,4,0,0,0,0,0,0,1,0,3585000,14625000,0,1.0,6.123233995736766e-17,1,0,0,0,0.15634007049691218
0,53.0,52,1,1,-1,1,1,1,1,1,16687500,887467500,1,-0.8660254037844385,-0.5000000000000004,0,0,0,1,0.26759653185120585
1,68.0,2,1,-1,1,-1,-1,-1,0,1,8265000,17002500,1,1.0,6.123233995736766e-17,0,0,1,0,0.6106764579118454
1,30.0,1,0,0,0,0,0,0,0,0,2992500,2992500,0,0.8660254037844387,-0.4999999999999998,1,0,0,0,0.38865268470951336
1,46.0,18,-1,-1,-1,-1,-1,-1,0,0,3772500,71520000,0,0.8660254037844387,-0.4999999999999998,0,1,0,0,0.5149321743263715
0,31.0,2,-1,1,-1,-1,-1,-1,0,0,8122500,15247500,0,-0.4999999999999997,-0.8660254037844388,0,0,1,0,0.5856631465110983
0,52.0,19,-1,1,-1,-1,-1,1,0,1,8970000,169627500,0,1.0,6.123233995736766e-17,0,1,0,0,0.5845649263463643
0,25.0,40,-1,-1,-1,-1,-1,1,0,0,12577500,529837500,0,-0.4999999999999997,-0.8660254037844388,0,0,0,1,0.6453605195663874
0,46.0,66,-1,1,1,-1,1,1,1,1,15735000,1033717500,0,0.0,1.0,0,0,0,1,0.38146958426169847
1,30.0,21,-1,-1,-1,-1,-1,-1,0,0,11295000,235605000,0,0.8660254037844387,-0.4999999999999998,0,0,0,1,0.6905319908487174
1,38.0,8,-1,1,-1,1,1,-1,0,1,9997500,78142500,0,-0.4999999999999997,-0.8660254037844388,0,0,1,0,0.6043635472315299
0,28.0,72,1,1,1,1,1,1,1,1,16425000,1178235000,0,1.0,6.123233995736766e-17,0,0,0,1,0.19397833533169323
0,50.0,48,-1,1,1,1,1,-1,1,1,11077500,537210000,0,-0.4999999999999997,-0.8660254037844388,0,1,0,0,0.10206309784693823
1,30.0,69,0,0,0,0,0,0,1,1,2895000,217185000,0,-0.5000000000000004,0.8660254037844384,1,0,0,0,0.01945551038312925
1,47.0,72,1,1,1,1,1,1,1,1,17730000,1282072500,0,0.8660254037844387,-0.4999999999999998,0,0,0,1,0.19519792567960062
0,36.0,14,-1,1,-1,-1,-1,-1,1,0,7717500,109177500,0,0.4999999999999999,0.8660254037844387,0,0,1,0,0.26590318153265075
1,39.0,6,-1,1,-1,-1,1,-1,0,0,8917500,53640000,0,0.8660254037844386,0.5000000000000001,0,0,1,0,0.6535817924729891
0,42.0,8,0,0,0,0,0,0,1,0,2925000,23902500,0,-0.4999999999999997,-0.8660254037844388,1,0,0,0,0.13692235793581578
0,31.0,17,0,0,0,0,0,0,1,0,2932500,42127500,0,0.4999999999999999,0.8660254037844387,1,0,0,0,0.10261399344952066
1,43.0,65,1,-1,-1,1,-1,1,1,0,14032500,910387500,0,0.4999999999999999,0.8660254037844387,0,0,0,1,0.12573660274459927
0,58.0,57,1,-1,1,1,-1,-1,1,1,8895000,491152500,0,0.0,1.0,0,0,1,0,0.050802365450669185
1,31.0,13,-1,-1,1,-1,1,1,0,1,15337500,203850000,1,0.8660254037844386,0.5000000000000001,0,0,0,1,0.8829647135371804
1,54.0,19,-1,-1,1,-1,1,1,0,1,14385000,266685000,1,-0.5000000000000004,0.8660254037844384,0,0,0,1,0.8699759354517529
0,58.0,56,1,1,1,-1,1,1,1,0,16470000,916447500,0,0.8660254037844387,-0.4999999999999998,0,0,0,1,0.2489299304005057
0,30.0,14,-1,-1,-1,-1,-1,1,0,1,11715000,168360000,0,-0.8660254037844386,0.5000000000000001,0,0,0,1,0.8590295970529399
1,23.0,52,1,-1,-1,-1,-1,1,0,1,5985000,303135000,0,1.2246467991473532e-16,-1.0,0,0,1,0,0.31321570439200774
0,44.0,58,1,1,1,1,-1,-1,1,1,9735000,569317500,0,0.8660254037844387,-0.4999999999999998,0,0,1,0,0.04518893582465732
0,33.0,47,-1,1,-1,1,1,-1,0,1,14257500,675682500,1,-0.4999999999999997,-0.8660254037844388,0,0,0,1,0.5473418234413374
0,62.0,67,-1,-1,1,1,1,1,0,1,8010000,536872500,0,-0.8660254037844385,-0.5000000000000004,0,1,0,0,0.2376741357558336
1,40.0,2,-1,-1,-1,-1,-1,-1,0,1,3735000,7455000,0,-0.8660254037844386,0.5000000000000001,0,0,1,0,0.7903697271572544
1,30.0,6,-1,-1,-1,-1,-1,-1,0,0,6705000,41475000,0,0.8660254037844386,0.5000000000000001,0,0,1,0,0.6262107726206579
1,26.0,71,1,1,1,1,1,1,1,1,17100000,1226385000,0,-0.8660254037844386,0.5000000000000001,0,0,0,1,0.20401538139176378
0,53.0,46,0,0,0,0,0,0,1,0,3037500,133552500,0,-1.0,-1.8369701987210294e-16,1,0,0,0,0.030555567049350828
0,33.0,5,1,-1,-1,1,-1,-1,0,0,8077500,38970000,1,-0.8660254037844385,-0.5000000000000004,0,0,1,0,0.3858049936122773
1,41.0,67,1,1,-1,-1,-1,-1,0,0,12577500,838320000,0,-0.8660254037844386,0.5000000000000001,0,0,0,1,0.24276464968875067
1,51.0,3,0,0,0,0,0,0,0,0,3030000,7590000,0,1.2246467991473532e-16,-1.0,1,0,0,0,0.3576184601962994
0,34.0,3,0,0,0,0,0,0,0,0,2992500,8700000,0,-1.0,-1.8369701987210294e-16,1,0,0,0,0.3574061885256635
1,39.0,52,1,-1,1,-1,1,1,0,1,15630000,835252500,1,0.4999999999999999,-0.8660254037844387,0,0,0,1,0.6451561731766807
0,40.0,42,-1,-1,-1,-1,-1,-1,0,1,7537500,330547500,1,0.4999999999999999,-0.8660254037844387,0,0,1,0,0.37132707701876744
1,48.0,50,0,0,0,0,0,0,1,1,3052500,140842500,0,0.8660254037844387,-0.4999999999999998,1,0,0,0,0.03943131372680141
1,47.0,23,1,1,-1,-1,-1,1,0,1,13500000,303615000,0,-0.5000000000000004,0.8660254037844384,0,0,0,1,0.7147879455639996
0,37.0,67,1,1,1,1,1,-1,1,0,8130000,543592500,0,1.2246467991473532e-16,-1.0,0,1,0,0,0.02853336434244392
0,41.0,25,-1,1,1,-1,1,1,0,1,14925000,355357500,1,0.8660254037844387,-0.4999999999999998,0,0,0,1,0.827658158061918
0,36.0,39,1,1,-1,-1,1,1,1,0,14865000,581692500,0,0.8660254037844387,-0.4999999999999998,0,0,0,1,0.3519827515654541
0,22.0,69,1,1,-1,1,-1,-1,1,1,10035000,686685000,0,0.8660254037844387,-0.4999999999999998,0,0,1,0,0.03145210090502365
0,43.0,1,-1,-1,-1,-1,-1,-1,1,0,3877500,3877500,0,0.8660254037844386,0.5000000000000001,0,0,1,0,0.48022061126189625
1,63.0,32,-1,-1,-1,-1,1,1,0,0,13657500,430725000,0,0.8660254037844387,-0.4999999999999998,0,0,0,1,0.7633918939574007
0,29.0,9,-1,-1,-1,-1,-1,-1,0,0,10650000,100882500,1,0.8660254037844386,0.5000000000000001,0,0,0,1,0.7742378865778342
0,31.0,16,-1,1,1,-1,-1,1,0,1,13980000,236055000,1,0.0,1.0,0,0,0,1,0.8213553154625114
1,30.0,60,0,0,0,0,0,0,1,1,3142500,190582500,0,0.8660254037844387,-0.4999999999999998,1,0,0,0,0.027101610678891223
0,49.0,72,-1,1,1,1,1,1,1,1,16380000,1156717500,0,0.8660254037844386,0.5000000000000001,0,0,0,1,0.26099540327067766
1,45.0,5,0,0,0,0,0,0,0,0,2902500,18907500,1,1.0,6.123233995736766e-17,1,0,0,0,0.3529206708343826
0,38.0,26,1,-1,-1,-1,1,-1,0,1,12870000,329047500,0,-0.5000000000000004,0.8660254037844384,0,0,0,1,0.7133460965700499
1,29.0,3,0,0,0,0,0,0,0,0,2977500,9682500,1,0.8660254037844386,0.5000000000000001,1,0,0,0,0.3752574001741101
1,41.0,2,0,0,0,0,0,0,0,1,2947500,4680000,0,-1.0,-1.8369701987210294e-16,1,0,0,0,0.46908260946035973
0,21.0,2,0,0,0,0,0,0,1,0,3075000,5737500,0,-0.5000000000000004,0.8660254037844384,1,0,0,0,0.1760188947794082
0,42.0,36,1,-1,1,1,1,1,1,1,13447500,502215000,0,0.4999999999999999,-0.8660254037844387,0,0,1,0,0.17393691136754538
1,50.0,7,1,-1,-1,-1,-1,-1,0,0,11152500,80040000,0,0.4999999999999999,-0.8660254037844387,0,0,0,1,0.6902821167588644
0,25.0,60,-1,1,-1,-1,1,1,1,1,7417500,436132500,0,1.2246467991473532e-16,-1.0,0,0,1,0,0.1938511763710472
0,22.0,19,-1,1,-1,-1,-1,1,0,1,13365000,243120000,0,-0.5000000000000004,0.8660254037844384,0,0,0,1,0.8086884215792925
1,59.0,45,1,-1,1,1,-1,1,1,0,11272500,522052500,0,-0.4999999999999997,-0.8660254037844388,0,0,1,0,0.07355742791303571
1,33.0,4,-1,-1,-1,-1,-1,-1,0,1,10597500,44077500,0,-0.4999999999999997,-0.8660254037844388,0,0,0,1,0.853125016429217
0,54.0,31,-1,-1,1,1,1,1,0,1,15630000,486517500,1,-1.0,-1.8369701987210294e-16,0,0,0,1,0.7463957930400232
1,38.0,47,1,-1,1,-1,-1,1,0,0,13507500,620580000,0,-0.8660254037844385,-0.5000000000000004,0,0,0,1,0.4818807623538105
1,38.0,1,-1,-1,-1,-1,-1,1,0,1,11887500,11887500,1,0.8660254037844386,0.5000000000000001,0,0,0,1,0.9022480774629253
0,45.0,1,-1,-1,-1,-1,-1,-1,0,1,6735000,6735000,1,-0.5000000000000004,0.8660254037844384,0,1,0,0,0.6939490549604093
0,29.0,1,0,0,0,0,0,0,0,0,2910000,2910000,0,-0.8660254037844385,-0.5000000000000004,1,0,0,0,0.37775414394807083
0,42.0,59,-1,-1,1,-1,-1,1,0,1,13312500,802297500,0,0.0,1.0,0,0,0,1,0.6141879338823135
1,35.0,10,-1,-1,-1,-1,-1,-1,0,1,10515000,98947500,1,-0.4999999999999997,-0.8660254037844388,0,0,0,1,0.8269941683170156
1,24.0,35,1,-1,-1,-1,-1,1,0,0,13650000,477075000,0,-0.5000000000000004,0.8660254037844384,0,0,0,1,0.5748198405800956
1,44.0,4,-1,-1,1,-1,-1,-1,0,1,4447500,17775000,1,-1.0,-1.8369701987210294e-16,0,0,1,0,0.7638630650062798
1,37.0,32,1,1,-1,-1,-1,1,1,1,13620000,453577500,0,-0.8660254037844386,0.5000000000000001,0,0,0,1,0.416514801854323
1,38.0,43,-1,1,-1,-1,-1,-1,0,1,11677500,504877500,1,1.0,6.123233995736766e-17,0,0,0,1,0.6059875200305854
1,25.0,4,-1,-1,-1,-1,-1,1,0,0,8145000,29295000,1,1.2246467991473532e-16,-1.0,0,0,1,0,0.7014940665124317
0,59.0,54,0,0,0,0,0,0,1,1,2842500,154665000,0,0.8660254037844387,-0.4999999999999998,1,0,0,0,0.03295619720197439
0,51.0,11,-1,-1,-1,-1,1,1,0,1,14272500,149647500,1,1.2246467991473532e-16,-1.0,0,0,0,1,0.8843984193942224
0,52.0,66,1,-1,-1,-1,1,1,1,1,15360000,970777500,0,0.8660254037844386,0.5000000000000001,0,0,0,1,0.2915829140393118
1,36.0,61,-1,-1,1,-1,1,1,1,1,14985000,936202500,0,0.8660254037844386,0.5000000000000001,0,0,0,1,0.45446793000701485
1,19.0,72,1,1,1,1,1,1,1,0,13305000,975202500,0,0.4999999999999999,0.8660254037844387,0,0,1,0,0.0504634820187126
1,63.0,44,-1,-1,1,1,1,1,1,1,8145000,347565000,0,0.8660254037844386,0.5000000000000001,0,0,1,0,0.24708545536154475
1,39.0,41,-1,-1,1,-1,-1,-1,0,1,8355000,335632500,0,0.4999999999999999,0.8660254037844387,0,1,0,0,0.3362336560253733
1,31.0,50,1,-1,1,-1,1,1,1,1,15592500,784695000,0,0.4999999999999999,0.8660254037844387,0,0,0,1,0.4118110233560408
1,45.0,47,1,-1,1,1,1,1,1,1,16627500,791370000,1,-0.8660254037844385,-0.5000000000000004,0,0,0,1,0.31852466156643616
1,54.0,8,0,0,0,0,0,0,1,0,3022500,24825000,0,-1.0,-1.8369701987210294e-16,1,0,0,0,0.1401177777382236
1,40.0,18,0,0,0,0,0,0,0,0,3007500,53775000,0,1.0,6.123233995736766e-17,1,0,0,0,0.2374275028038124
1,55.0,72,1,1,1,1,1,1,1,1,13792500,992235000,0,-0.8660254037844385,-0.5000000000000004,0,0,1,0,0.06568757823292104
1,53.0,1,-1,-1,-1,-1,-1,1,0,0,12075000,12075000,1,-0.8660254037844385,-0.5000000000000004,0,0,0,1,0.8520566591541223
0,27.0,42,-1,-1,1,-1,-1,-1,0,0,8347500,363262500,0,1.0,6.123233995736766e-17,0,0,1,0,0.2889003073253845
0,32.0,18,-1,1,-1,-1,-1,-1,0,1,11205000,194190000,0,-0.8660254037844385,-0.5000000000000004,0,0,0,1,0.7582399114168422
0,51.0,13,-1,1,1,-1,1,1,1,1,15622500,194865000,0,-1.0,-1.8369701987210294e-16,0,0,0,1,0.6849892630831407
0,18.0,68,-1,1,-1,1,-1,-1,1,1,12547500,860010000,0,-0.5000000000000004,0.8660254037844384,0,0,0,1,0.14818065536787403
1,38.0,4,-1,-1,-1,-1,-1,-1,0,1,10830000,45832500,1,-1.0,-1.8369701987210294e-16,0,0,0,1,0.8515624197470781
1,23.0,69,1,1,1,-1,1,1,1,1,16507500,1114612500,0,-0.8660254037844386,0.5000000000000001,0,0,0,1,0.27296242665678777
1,34.0,17,-1,-1,-1,1,-1,-1,0,0,7725000,135075000,1,1.2246467991473532e-16,-1.0,0,1,0,0,0.35077872717363584
1,36.0,25,0,0,0,0,0,0,1,0,3825000,94590000,0,0.8660254037844386,0.5000000000000001,1,0,0,0,0.0733205145079287
1,36.0,43,-1,-1,-1,-1,1,1,0,1,13432500,578512500,1,0.4999999999999999,0.8660254037844387,0,0,0,1,0.7915367551805534
0,33.0,59,0,0,0,0,0,0,1,0,2925000,183397500,0,-0.4999999999999997,-0.8660254037844388,1,0,0,0,0.018437292197798057
0,27.0,5,1,1,-1,-1,-1,-1,0,0,12105000,56220000,0,1.2246467991473532e-16,-1.0,0,0,0,1,0.6579537412543137
1,68.0,21,1,1,-1,1,1,-1,1,0,11625000,243750000,1,0.0,1.0,0,0,1,0,0.12633234106927643
0,62.0,69,1,1,1,1,1,-1,1,1,15765000,1085220000,0,0.8660254037844386,0.5000000000000001,0,0,0,1,0.13904220973368553
1,26.0,13,-1,-1,-1,-1,-1,-1,0,1,3772500,49777500,0,0.4999999999999999,0.8660254037844387,0,0,1,0,0.7134035713863828
1,59.0,42,-1,1,1,-1,1,-1,0,1,14287500,593902500,1,-1.0,-1.8369701987210294e-16,0,0,0,1,0.6737362024004329
1,35.0,52,-1,1,-1,1,-1,1,0,1,14347500,763260000,0,-0.8660254037844386,0.5000000000000001,0,0,0,1,0.5396959108150498
1,42.0,46,1,-1,-1,-1,-1,1,0,0,12750000,595410000,1,0.8660254037844386,0.5000000000000001,0,0,0,1,0.5112154483034423
1,39.0,61,1,1,1,1,-1,1,1,1,12120000,729127500,0,-0.8660254037844385,-0.5000000000000004,0,0,1,0,0.06020356511733261
1,32.0,29,-1,-1,-1,-1,-1,-1,1,1,3727500,118207500,0,-0.8660254037844386,0.5000000000000001,0,1,0,0,0.26787494232806847
0,52.0,25,-1,1,-1,1,-1,-1,1,1,8212500,189952500,0,1.0,6.123233995736766e-17,0,0,1,0,0.18517573522539632
0,42.0,5,-1,-1,-1,1,1,-1,0,1,12862500,70642500,1,0.8660254037844386,0.5000000000000001,0,0,0,1,0.8278704800458945
1,34.0,15,-1,-1,1,-1,1,1,1,0,7612500,103230000,0,0.8660254037844387,-0.4999999999999998,0,0,1,0,0.4840037531826006
0,24.0,19,0,0,0,0,0,0,1,0,3022500,58155000,0,-0.8660254037844386,0.5000000000000001,1,0,0,0,0.09368981373512439
1,29.0,44,0,0,0,0,0,0,1,0,3007500,126787500,0,-0.8660254037844385,-0.5000000000000004,1,0,0,0,0.034648562274384245
0,20.0,6,-1,1,-1,-1,1,1,0,1,14737500,84090000,1,-0.4999999999999997,-0.8660254037844388,0,0,0,1,0.8875568587733592
1,40.0,58,1,1,1,1,-1,-1,1,0,10740000,634537500,0,-0.8660254037844386,0.5000000000000001,0,0,1,0,0.03165308289255664
1,26.0,62,1,1,-1,-1,-1,-1,1,1,12217500,747457500,0,-0.8660254037844385,-0.5000000000000004,0,0,0,1,0.16201836523086047
0,37.0,70,-1,1,1,1,1,1,1,1,8760000,616972500,0,-1.0,-1.8369701987210294e-16,0,0,1,0,0.10523746541248241
0,56.0,1,-1,-1,-1,-1,-1,-1,0,1,3855000,3855000,1,-0.8660254037844385,-0.5000000000000004,0,1,0,0,0.744873396433795
1,54.0,10,1,1,1,1,-1,1,1,0,8055000,78150000,0,0.8660254037844386,0.5000000000000001,0,0,1,0,0.22854417331722712
1,40.0,26,0,0,0,0,0,0,1,1,2940000,70777500,0,0.8660254037844386,0.5000000000000001,1,0,0,0,0.10574481951602607
1,39.0,66,-1,1,-1,-1,-1,1,0,0,13410000,896535000,0,1.2246467991473532e-16,-1.0,0,0,0,1,0.43889999679023284
0,63.0,7,-1,-1,-1,-1,-1,-1,0,1,10350000,76035000,1,1.0,6.123233995736766e-17,0,0,0,1,0.8419554762244725
1,46.0,51,-1,1,-1,1,-1,-1,1,0,12630000,644962500,0,0.4999999999999999,0.8660254037844387,0,0,0,1,0.16257492818226157
1,36.0,72,1,1,1,1,1,-1,1,1,15915000,1132290000,0,-0.5000000000000004,0.8660254037844384,0,0,0,1,0.13392275107993737
1,23.0,65,0,0,0,0,0,0,1,0,3862500,248212500,0,-0.5000000000000004,0.8660254037844384,1,0,0,0,0.015086128767538681
1,45.0,2,-1,-1,-1,-1,-1,-1,0,0,6907500,12052500,1,1.0,6.123233995736766e-17,0,0,1,0,0.6491669729767537
1,50.0,70,1,1,-1,1,-1,-1,1,0,9742500,682725000,0,1.2246467991473532e-16,-1.0,0,1,0,0,0.01679979546103713
1,32.0,72,-1,1,1,1,1,1,1,1,12817500,934125000,0,1.0,6.123233995736766e-17,0,0,1,0,0.10361804422595756
0,43.0,1,0,0,0,0,0,0,0,0,3007500,3007500,0,-0.5000000000000004,0.8660254037844384,1,0,0,0,0.38134287569401937
0,36.0,1,-1,1,-1,-1,-1,-1,0,1,11460000,11460000,1,0.8660254037844387,-0.4999999999999998,0,0,0,1,0.841529119847502
0,38.0,5,-1,-1,1,-1,1,1,0,1,15075000,77100000,1,-1.0,-1.8369701987210294e-16,0,0,0,1,0.8972835204643735
1,18.0,3,0,0,0,0,0,0,0,0,3105000,8625000,0,0.4999999999999999,0.8660254037844387,1,0,0,0,0.3749745501587994
1,37.0,58,0,0,0,0,0,0,1,1,3795000,221152500,0,-0.4999999999999997,-0.8660254037844388,1,0,0,0,0.027977390456805775
1,52.0,22,1,-1,-1,-1,-1,1,0,0,6007500,132030000,1,-0.4999999999999997,-0.8660254037844388,0,1,0,0,0.4330879002753188
1,32.0,33,-1,1,-1,-1,1,1,0,1,15090000,490537500,0,-0.8660254037844385,-0.5000000000000004,0,0,0,1,0.7970456011771087
1,41.0,1,-1,-1,-1,-1,-1,-1,0,0,10492500,10492500,1,-1.0,-1.8369701987210294e-16,0,0,0,1,0.8143615638453247
1,31.0,54,-1,-1,-1,-1,-1,-1,0,0,11100000,587872500,0,0.8660254037844387,-0.4999999999999998,0,0,0,1,0.4458749194840632
1,44.0,72,-1,1,-1,-1,1,1,1,1,14910000,1092855000,0,0.4999999999999999,-0.8660254037844387,0,0,0,1,0.35111772860966417
1,37.0,1,-1,-1,-1,-1,1,1,0,1,13995000,13995000,1,-0.5000000000000004,0.8660254037844384,0,0,0,1,0.9185028288592214
1,29.0,3,-1,-1,1,-1,-1,-1,0,1,7372500,25357500,1,-0.5000000000000004,0.8660254037844384,0,0,1,0,0.72363855031756
0,56.0,72,1,1,1,1,-1,1,1,0,16117500,1148745000,0,1.0,6.123233995736766e-17,0,0,0,1,0.09301630577117281
0,51.0,72,1,1,1,-1,1,1,1,1,12540000,893895000,0,1.2246467991473532e-16,-1.0,0,1,0,0,0.07427357737069619
1,33.0,54,-1,-1,1,-1,1,1,0,1,14857500,794355000,0,1.2246467991473532e-16,-1.0,0,0,0,1,0.7196196830435193
0,46.0,59,-1,1,-1,1,1,1,1,1,12015000,703980000,0,0.4999999999999999,0.8660254037844387,0,0,1,0,0.13719384685534233
1,46.0,54,1,1,-1,-1,1,-1,1,1,9795000,526935000,0,-0.4999999999999997,-0.8660254037844388,0,1,0,0,0.08695465790002618
1,48.0,60,-1,-1,1,-1,1,-1,1,1,13432500,784680000,0,1.0,6.123233995736766e-17,0,0,0,1,0.34027891664585797
0,20.0,60,-1,1,1,1,1,1,1,0,9120000,540517500,0,0.8660254037844387,-0.4999999999999998,0,0,1,0,0.10117085314056805
1,52.0,3,-1,-1,-1,-1,-1,-1,0,0,11175000,32617500,0,-1.0,-1.8369701987210294e-16,0,0,0,1,0.7916123288909647
0,33.0,69,1,-1,-1,-1,1,1,1,0,14872500,1031302500,0,-0.8660254037844386,0.5000000000000001,0,0,0,1,0.2160888233935978
0,36.0,1,0,0,0,0,0,0,0,0,2887500,2887500,0,-0.4999999999999997,-0.8660254037844388,1,0,0,0,0.37591661050723885
1,72.0,50,1,-1,-1,-1,1,-1,0,1,5917500,303202500,0,-0.5000000000000004,0.8660254037844384,0,0,1,0,0.32723786675588945
0,44.0,56,-1,-1,-1,-1,1,1,0,1,6727500,384742500,0,1.2246467991473532e-16,-1.0,0,0,1,0,0.46475655727211274
0,35.0,60,1,-1,-1,1,1,1,1,1,14580000,841762500,0,-1.0,-1.8369701987210294e-16,0,0,0,1,0.2483344281768299
1,18.0,69,1,-1,1,1,1,1,1,1,16582500,1141515000,0,0.4999999999999999,0.8660254037844387,0,0,0,1,0.2291334371778927
0,57.0,1,-1,-1,-1,-1,-1,1,0,0,5257500,5257500,1,-1.0,-1.8369701987210294e-16,0,0,1,0,0.7712154753384235
0,24.0,1,-1,1,-1,-1,-1,-1,0,1,10950000,10950000,1,0.4999999999999999,-0.8660254037844387,0,0,0,1,0.8481066717340056
0,28.0,3,0,0,0,0,0,0,0,1,2985000,6862500,0,-0.5000000000000004,0.8660254037844384,1,0,0,0,0.4590482860984279
1,36.0,60,-1,1,-1,1,1,1,1,0,11542500,681592500,0,-0.5000000000000004,0.8660254037844384,0,0,1,0,0.09711569396995402
0,57.0,13,-1,-1,1,1,-1,-1,1,0,5310000,67560000,0,0.8660254037844387,-0.4999999999999998,0,0,1,0,0.25049219566011116
1,49.0,62,0,0,0,0,0,0,1,0,3067500,194602500,0,-0.8660254037844385,-0.5000000000000004,1,0,0,0,0.016442083740895366
0,38.0,45,1,1,-1,-1,-1,1,1,0,14512500,666412500,0,-0.5000000000000004,0.8660254037844384,0,0,0,1,0.24070716491998786
0,44.0,25,-1,-1,1,1,1,1,1,0,8130000,213472500,0,0.8660254037844387,-0.4999999999999998,0,0,1,0,0.2995906409410025
1,33.0,44,-1,-1,1,1,1,1,1,0,15015000,656752500,0,-0.8660254037844385,-0.5000000000000004,0,0,0,1,0.35401927592697613
0,42.0,2,-1,-1,-1,-1,-1,-1,0,1,6787500,11130000,0,1.2246467991473532e-16,-1.0,0,1,0,0,0.676380729366613
1,41.0,33,-1,1,1,-1,-1,-1,0,1,12577500,407445000,1,0.4999999999999999,-0.8660254037844387,0,0,0,1,0.6572227360835728
0,52.0,1,-1,-1,-1,-1,-1,-1,0,1,10515000,10515000,1,1.2246467991473532e-16,-1.0,0,0,0,1,0.8599187430775513
0,52.0,22,0,0,0,0,0,0,1,0,3127500,67597500,0,0.0,1.0,1,0,0,0,0.08258869892725546
0,46.0,35,-1,-1,1,1,-1,-1,0,1,5017500,176377500,0,-0.4999999999999997,-0.8660254037844388,0,0,1,0,0.3705601768344076
0,36.0,29,0,0,0,0,0,0,1,0,3030000,83820000,0,0.4999999999999999,0.8660254037844387,1,0,0,0,0.06407776974537355
1,49.0,27,1,-1,1,-1,-1,-1,1,1,12885000,333015000,0,0.8660254037844387,-0.4999999999999998,0,0,0,1,0.3628885340810773
1,39.0,54,-1,1,1,1,-1,-1,1,1,9150000,492457500,0,0.8660254037844387,-0.4999999999999998,0,0,1,0,0.07898137548094879
0,27.0,2,-1,-1,-1,-1,-1,-1,0,1,10597500,21352500,1,0.4999999999999999,-0.8660254037844387,0,0,0,1,0.858986840339826
1,35.0,57,-1,-1,-1,-1,1,-1,1,1,13035000,740887500,0,-0.5000000000000004,0.8660254037844384,0,0,0,1,0.3664566309372098
1,41.0,62,1,1,1,1,-1,-1,1,0,10410000,635625000,0,0.4999999999999999,-0.8660254037844387,0,1,0,0,0.02190680091244765
0,51.0,15,0,0,0,0,0,0,1,0,3052500,50392500,0,0.8660254037844387,-0.4999999999999998,1,0,0,0,0.10688373757902836
1,38.0,2,0,0,0,0,0,0,0,0,3052500,4980000,1,1.2246467991473532e-16,-1.0,1,0,0,0,0.36963802837239085
0,25.0,70,-1,-1,1,1,1,1,1,1,15645000,1078275000,0,-0.8660254037844386,0.5000000000000001,0,0,0,1,0.2896881547487762
0,41.0,21,-1,-1,-1,-1,-1,-1,0,1,6742500,138937500,0,0.0,1.0,0,0,1,0,0.5748998353330639
0,41.0,23,-1,-1,-1,1,-1,-1,1,1,7417500,167902500,0,0.8660254037844387,-0.4999999999999998,0,0,1,0,0.22179200441208732
1,42.0,6,0,0,0,0,0,0,1,0,3090000,17490000,0,-0.4999999999999997,-0.8660254037844388,1,0,0,0,0.14900309873199516
1,51.0,4,0,0,0,0,0,0,1,0,2932500,10320000,0,0.0,1.0,1,0,0,0,0.16807816376148144
0,52.0,3,1,-1,1,-1,1,1,0,1,14850000,43110000,1,-1.0,-1.8369701987210294e-16,0,0,0,1,0.8589921823943012
0,33.0,23,-1,-1,-1,-1,1,1,0,1,14025000,351232500,0,-0.8660254037844386,0.5000000000000001,0,0,0,1,0.8612437003046163
1,33.0,26,1,-1,-1,1,1,1,1,0,8182500,204427500,0,-0.4999999999999997,-0.8660254037844388,0,1,0,0,0.17544983924310664
0,28.0,8,0,0,0,0,0,0,0,0,3007500,24540000,0,0.4999999999999999,0.8660254037844387,1,0,0,0,0.32050117887032153
1,48.0,26,-1,-1,-1,-1,-1,1,0,1,12592500,338130000,1,1.2246467991473532e-16,-1.0,0,0,0,1,0.7999472417396538
1,57.0,2,-1,1,-1,-1,-1,-1,0,1,11917500,21772500,0,1.2246467991473532e-16,-1.0,0,0,0,1,0.8290784132529513
1,36.0,67,1,1,1,1,1,1,1,0,17430000,1162845000,1,0.4999999999999999,0.8660254037844387,0,0,0,1,0.15813508266522402
0,37.0,71,-1,-1,-1,-1,1,1,1,1,14055000,987802500,1,-1.0,-1.8369701987210294e-16,0,0,0,1,0.36254584046424865
0,58.0,59,1,1,1,1,-1,1,1,0,11977500,717915000,0,-0.8660254037844386,0.5000000000000001,0,0,1,0,0.04427159793284699
1,46.0,39,-1,-1,1,-1,1,1,1,0,15000000,575332500,0,0.8660254037844387,-0.4999999999999998,0,0,0,1,0.4773785155915474
1,45.0,21,0,0,0,0,0,0,1,0,2940000,59550000,0,-0.8660254037844385,-0.5000000000000004,1,0,0,0,0.08611697410600863
1,26.0,1,0,0,0,0,0,0,0,0,2955000,2955000,1,-0.5000000000000004,0.8660254037844384,1,0,0,0,0.3939207379090661
0,48.0,48,0,0,0,0,0,0,1,0,3030000,154087500,0,-1.0,-1.8369701987210294e-16,1,0,0,0,0.028858699939792707
0,29.0,31,1,1,1,-1,-1,1,1,1,7560000,237015000,0,-0.8660254037844386,0.5000000000000001,0,1,0,0,0.19890408981282878
0,26.0,64,1,1,1,1,1,1,1,0,17002500,1083412500,0,0.4999999999999999,-0.8660254037844387,0,0,0,1,0.1592839435845423
1,36.0,46,-1,1,-1,-1,-1,-1,0,1,12000000,565455000,0,-0.4999999999999997,-0.8660254037844388,0,0,0,1,0.5749890592852984
0,33.0,52,-1,-1,1,1,1,1,1,1,12142500,635092500,0,-0.8660254037844386,0.5000000000000001,0,0,1,0,0.1769854690767366
0,37.0,67,0,0,0,0,0,0,1,1,3735000,252037500,0,0.4999999999999999,0.8660254037844387,1,0,0,0,0.01998031974667142
0,23.0,67,-1,1,-1,-1,-1,-1,0,0,8235000,558825000,0,0.4999999999999999,-0.8660254037844387,0,0,1,0,0.12988674979967688
0,52.0,5,-1,-1,-1,-1,-1,-1,0,0,11332500,62047500,1,0.0,1.0,0,0,0,1,0.7810007439438571
0,54.0,71,-1,1,1,1,1,1,1,0,16387500,1156155000,0,1.2246467991473532e-16,-1.0,0,0,0,1,0.1916067190761555
0,18.0,9,-1,-1,-1,-1,1,-1,0,1,11647500,107122500,1,1.2246467991473532e-16,-1.0,0,0,0,1,0.8718083553077898
0,52.0,26,1,1,-1,-1,-1,1,0,1,14250000,374580000,1,0.4999999999999999,0.8660254037844387,0,0,0,1,0.6847510371133033
1,30.0,71,1,1,1,1,1,1,1,1,17445000,1246432500,0,1.0,6.123233995736766e-17,0,0,0,1,0.20414778326479022
0,50.0,32,0,0,0,0,0,0,0,0,2985000,90232500,0,-1.0,-1.8369701987210294e-16,1,0,0,0,0.13815383470841452
0,39.0,2,-1,-1,-1,-1,-1,-1,0,0,10552500,20887500,0,0.4999999999999999,-0.8660254037844387,0,0,0,1,0.8036192475065107
0,40.0,71,0,0,0,0,0,0,1,0,3840000,283237500,0,-1.0,-1.8369701987210294e-16,1,0,0,0,0.011196185732978474
0,38.0,60,1,-1,1,-1,-1,1,1,1,6667500,416085000,0,-1.0,-1.8369701987210294e-16,0,0,1,0,0.10738033385664748
0,55.0,55,-1,-1,1,-1,1,1,1,1,15022500,811462500,0,-0.8660254037844385,-0.5000000000000004,0,0,0,1,0.45545534769200213
1,25.0,54,1,1,-1,1,1,1,1,1,15810000,846510000,1,1.0,6.123233995736766e-17,0,0,0,1,0.2750492211349485
1,47.0,2,-1,-1,1,-1,1,1,0,1,14377500,29655000,1,0.4999999999999999,-0.8660254037844387,0,0,0,1,0.911958148613367
0,53.0,6,-1,-1,-1,-1,-1,-1,0,1,11077500,60195000,0,0.0,1.0,0,0,0,1,0.8375198875146529
0,49.0,48,1,1,1,-1,-1,1,1,1,10515000,485760000,0,-1.0,-1.8369701987210294e-16,0,0,1,0,0.1228280493713892
1,68.0,63,0,0,0,0,0,0,1,0,3787500,235957500,0,0.8660254037844386,0.5000000000000001,1,0,0,0,0.015892826972486573
1,34.0,1,-1,1,-1,-1,-1,-1,0,1,11872500,11872500,1,0.8660254037844386,0.5000000000000001,0,0,0,1,0.8435486614212858
1,51.0,12,0,0,0,0,0,0,0,0,3157500,35370000,0,-1.0,-1.8369701987210294e-16,1,0,0,0,0.27548951976314123
1,39.0,54,-1,-1,-1,-1,-1,-1,0,1,3742500,204712500,0,1.2246467991473532e-16,-1.0,0,1,0,0,0.259899947727162
0,55.0,30,-1,-1,1,1,1,-1,1,1,9675000,297772500,0,-0.5000000000000004,0.8660254037844384,0,1,0,0,0.19732728879702213
0,40.0,30,0,0,0,0,0,0,0,0,2947500,98377500,1,-0.5000000000000004,0.8660254037844384,1,0,0,0,0.1562803876609212
0,35.0,4,-1,-1,-1,-1,1,-1,0,1,11850000,45472500,1,-0.8660254037844385,-0.5000000000000004,0,0,0,1,0.8835932277475994
0,56.0,40,-1,-1,1,1,1,1,1,1,15892500,650280000,0,-0.4999999999999997,-0.8660254037844388,0,0,0,1,0.45427495207595314
0,34.0,9,-1,-1,-1,1,-1,-1,0,1,11377500,97125000,0,0.0,1.0,0,0,0,1,0.7610381944908853
0,23.0,17,1,-1,-1,1,1,-1,0,0,13777500,236167500,1,-0.8660254037844386,0.5000000000000001,0,0,0,1,0.5825055640738998
0,34.0,62,-1,1,1,-1,-1,1,1,1,6540000,412305000,0,0.4999999999999999,-0.8660254037844387,0,0,1,0,0.13393715964526068
1,47.0,28,-1,1,-1,1,1,-1,1,1,13687500,372547500,0,0.0,1.0,0,0,0,1,0.4381591015201281
0,57.0,70,1,1,1,1,1,1,1,0,13462500,955080000,0,0.8660254037844387,-0.4999999999999998,0,0,1,0,0.048291223532887353
0,41.0,46,-1,1,1,1,1,1,1,1,15660000,735630000,0,0.4999999999999999,0.8660254037844387,0,0,0,1,0.41728361771208516
0,56.0,23,-1,-1,1,-1,-1,1,0,0,13522500,306742500,0,0.0,1.0,0,0,0,1,0.7346986086991762
1,24.0,47,1,-1,1,1,-1,-1,1,0,6045000,269220000,0,1.0,6.123233995736766e-17,0,0,1,0,0.056756786552963095
1,35.0,68,1,1,1,-1,1,1,1,1,15787500,1075972500,0,0.0,1.0,0,0,0,1,0.28949040257427455
0,37.0,60,-1,-1,1,1,1,1,1,1,15900000,966210000,1,0.4999999999999999,-0.8660254037844387,0,0,0,1,0.3448967232032692
0,39.0,67,-1,1,-1,1,1,1,1,1,15600000,1055857500,0,0.8660254037844387,-0.4999999999999998,0,0,0,1,0.28905780948799453
0,41.0,14,-1,-1,-1,1,1,1,0,1,10447500,138210000,0,-0.5000000000000004,0.8660254037844384,0,0,1,0,0.6750425194759591
1,48.0,57,-1,-1,-1,-1,-1,-1,0,1,11145000,602752500,0,0.0,1.0,0,0,0,1,0.515039682078197
0,35.0,55,1,-1,-1,-1,1,1,1,0,15135000,817290000,0,-0.4999999999999997,-0.8660254037844388,0,0,0,1,0.26994983119122723
1,42.0,1,0,0,0,0,0,0,0,1,3037500,3037500,0,0.8660254037844386,0.5000000000000001,1,0,0,0,0.48674977954457904
1,39.0,1,-1,-1,-1,1,-1,-1,0,1,7485000,7485000,1,-0.8660254037844386,0.5000000000000001,0,0,1,0,0.6453861749189278
1,29.0,23,-1,-1,1,1,1,-1,0,1,14535000,312817500,0,-1.0,-1.8369701987210294e-16,0,0,0,1,0.7152257421392317
0,39.0,13,1,-1,-1,-1,1,1,0,1,15052500,203827500,1,0.4999999999999999,-0.8660254037844387,0,0,0,1,0.8232287765870098
1,38.0,47,-1,1,1,-1,1,1,0,1,15615000,770272500,0,0.4999999999999999,-0.8660254037844387,0,0,0,1,0.7454557538788685
1,38.0,38,0,0,0,0,0,0,1,0,3015000,109515000,0,0.0,1.0,1,0,0,0,0.04590671325804466
0,40.0,38,-1,-1,-1,-1,-1,-1,0,1,11242500,430477500,1,1.2246467991473532e-16,-1.0,0,0,0,1,0.6496336960960104
0,41.0,2,-1,1,-1,-1,-1,-1,0,1,8482500,17737500,0,1.0,6.123233995736766e-17,0,0,1,0,0.6758656271809186
1,35.0,1,-1,-1,-1,1,-1,-1,0,1,7387500,7387500,1,-0.8660254037844385,-0.5000000000000004,0,0,1,0,0.643000475537276
1,55.0,15,-1,-1,-1,-1,-1,-1,0,1,10290000,166290000,0,0.0,1.0,0,0,0,1,0.8151886984179088
0,26.0,26,-1,-1,-1,-1,-1,-1,0,1,10357500,272347500,0,0.4999999999999999,-0.8660254037844387,0,0,0,1,0.7445609780790122
0,31.0,35,0,0,0,0,0,0,1,0,2955000,109560000,0,0.8660254037844387,-0.4999999999999998,1,0,0,0,0.05024051798396063
1,73.0,3,0,0,0,0,0,0,0,1,3007500,11317500,0,0.4999999999999999,-0.8660254037844387,1,0,0,0,0.4510018269981316
1,28.0,50,-1,1,-1,1,1,1,0,0,15555000,760657500,1,-0.8660254037844385,-0.5000000000000004,0,0,0,1,0.5348560260804953
1,24.0,42,1,-1,1,-1,-1,1,0,1,14160000,602190000,0,0.8660254037844386,0.5000000000000001,0,0,0,1,0.6261673757180265
1,49.0,10,1,-1,-1,1,-1,-1,0,1,8242500,85327500,0,-0.8660254037844385,-0.5000000000000004,0,1,0,0,0.3884052456411078
0,18.0,61,1,1,-1,1,-1,1,1,0,14055000,879105000,0,0.8660254037844387,-0.4999999999999998,0,0,0,1,0.1276255870573905
0,37.0,68,1,1,-1,1,1,1,1,0,16537500,1091902500,0,1.0,6.123233995736766e-17,0,0,0,1,0.14330612234123896
1,66.0,10,1,-1,1,-1,1,1,1,1,14835000,159742500,0,-0.8660254037844385,-0.5000000000000004,0,0,0,1,0.6516067869414357
1,21.0,65,1,1,1,-1,-1,-1,1,0,13462500,865440000,1,-0.8660254037844385,-0.5000000000000004,0,0,0,1,0.10728277143901689
0,18.0,72,1,-1,1,1,1,1,1,1,12067500,883027500,0,0.4999999999999999,0.8660254037844387,0,1,0,0,0.06289181660600328
1,22.0,55,-1,1,-1,1,-1,-1,0,0,11910000,635767500,0,0.0,1.0,0,0,0,1,0.3288094171689636
0,51.0,1,0,0,0,0,0,0,0,1,3045000,3045000,1,-0.4999999999999997,-0.8660254037844388,1,0,0,0,0.46368233645617474
0,53.0,7,-1,-1,1,1,-1,1,0,0,9420000,62745000,0,-1.0,-1.8369701987210294e-16,0,1,0,0,0.5014399632278383
0,34.0,2,-1,-1,-1,-1,-1,-1,0,1,11235000,20407500,0,0.0,1.0,0,0,0,1,0.8544917355839203
0,48.0,9,1,-1,-1,-1,-1,-1,0,1,11227500,106230000,0,-1.0,-1.8369701987210294e-16,0,0,0,1,0.7500085805202843
1,57.0,27,0,0,0,0,0,0,1,1,3877500,118282500,0,0.4999999999999999,0.8660254037844387,1,0,0,0,0.09746739872204378
1,61.0,7,-1,-1,1,-1,1,1,0,1,15292500,105127500,1,1.0,6.123233995736766e-17,0,0,0,1,0.893722575201366
0,37.0,64,-1,1,1,1,-1,1,1,1,10245000,656820000,0,0.0,1.0,0,0,1,0,0.0866977383723939
1,18.0,70,1,-1,1,1,-1,1,1,0,7260000,516420000,0,0.8660254037844386,0.5000000000000001,0,0,1,0,0.03964531835718683
1,30.0,2,-1,-1,-1,-1,1,1,0,1,14100000,27255000,1,-0.5000000000000004,0.8660254037844384,0,0,0,1,0.9160163926845325
1,35.0,67,1,1,-1,1,1,1,1,1,15757500,1075755000,0,0.4999999999999999,-0.8660254037844387,0,0,0,1,0.2168670711649788
0,37.0,45,-1,1,-1,-1,1,-1,0,1,13395000,602527500,1,-0.4999999999999997,-0.8660254037844388,0,0,0,1,0.656479307933663
0,38.0,24,0,0,0,0,0,0,1,0,3772500,82950000,0,-0.8660254037844385,-0.5000000000000004,1,0,0,0,0.07026608260015378
1,53.0,4,0,0,0,0,0,0,1,0,2925000,14527500,0,-0.5000000000000004,0.8660254037844384,1,0,0,0,0.1673655730470845
1,55.0,44,-1,-1,1,-1,1,1,0,1,13942500,618435000,0,0.0,1.0,0,0,0,1,0.7836260522601792
0,38.0,72,0,0,0,0,0,0,1,1,3105000,222345000,0,0.4999999999999999,-0.8660254037844387,1,0,0,0,0.01564393922686787
0,53.0,1,-1,1,-1,-1,-1,-1,0,1,11145000,11145000,1,0.4999999999999999,0.8660254037844387,0,0,0,1,0.847537310626993
1,44.0,66,0,0,0,0,0,0,1,0,2902500,186120000,0,-1.0,-1.8369701987210294e-16,1,0,0,0,0.013976649475882107
1,41.0,1,-1,1,-1,1,-1,1,0,1,6697500,6697500,1,1.0,6.123233995736766e-17,0,0,1,0,0.743878947065167
1,51.0,13,1,-1,-1,-1,-1,1,0,0,12607500,164295000,1,1.0,6.123233995736766e-17,0,0,0,1,0.7254649646508817
1,41.0,10,-1,1,-1,-1,-1,-1,0,1,12105000,118320000,1,1.0,6.123233995736766e-17,0,0,0,1,0.7981261365922463
1,65.0,65,-1,1,1,-1,1,1,0,1,15652500,986782500,0,0.8660254037844387,-0.4999999999999998,0,0,0,1,0.6287736250222444
1,23.0,1,0,0,0,0,0,0,0,0,2932500,2932500,0,-0.8660254037844385,-0.5000000000000004,1,0,0,0,0.3860959862124875
1,34.0,38,1,1,1,1,1,-1,1,0,11107500,420345000,0,-0.4999999999999997,-0.8660254037844388,0,0,1,0,0.08129326382722372
1,38.0,23,1,-1,1,1,-1,-1,1,0,6015000,128662500,0,1.2246467991473532e-16,-1.0,0,0,1,0,0.12557722689491785
0,45.0,10,0,0,0,0,0,0,1,0,3015000,27660000,0,-0.5000000000000004,0.8660254037844384,1,0,0,0,0.13023221218278455
1,55.0,4,-1,1,-1,-1,1,1,0,1,15255000,54682500,1,-0.5000000000000004,0.8660254037844384,0,0,0,1,0.8914868177484361
1,40.0,72,1,-1,1,1,1,1,1,1,12532500,913995000,0,0.4999999999999999,0.8660254037844387,0,0,1,0,0.0771818241702687
0,23.0,35,-1,1,-1,1,-1,-1,0,0,8527500,279165000,0,-0.5000000000000004,0.8660254037844384,0,0,1,0,0.233383668297229
0,50.0,1,0,0,0,0,0,0,0,0,3060000,3060000,1,-1.0,-1.8369701987210294e-16,1,0,0,0,0.372098220590087
0,49.0,58,0,0,0,0,0,0,1,0,2932500,161947500,0,-0.8660254037844386,0.5000000000000001,1,0,0,0,0.01897925624396386
1,18.0,70,-1,1,1,1,1,1,1,1,15922500,1121265000,0,-1.0,-1.8369701987210294e-16,0,0,0,1,0.28370462842015676
1,40.0,38,-1,1,1,-1,1,1,1,0,11842500,429382500,0,0.4999999999999999,0.8660254037844387,0,0,1,0,0.234058154027108
0,21.0,60,-1,1,-1,-1,1,1,0,1,7462500,460417500,0,0.8660254037844387,-0.4999999999999998,0,1,0,0,0.3652159313441466
1,32.0,26,1,1,-1,-1,1,-1,0,1,13860000,352470000,0,-0.5000000000000004,0.8660254037844384,0,0,0,1,0.6884490916163597
0,29.0,8,1,1,-1,1,-1,-1,1,0,8730000,70387500,0,1.2246467991473532e-16,-1.0,0,0,1,0,0.14928338864533433
1,50.0,41,-1,-1,1,1,1,1,1,1,15390000,632002500,1,0.4999999999999999,-0.8660254037844387,0,0,0,1,0.46235055337138337
0,41.0,36,-1,1,-1,-1,1,-1,0,1,13792500,495157500,0,0.0,1.0,0,0,0,1,0.7153855307868693
1,25.0,54,-1,-1,1,1,-1,1,1,0,9787500,529492500,0,-0.8660254037844386,0.5000000000000001,0,0,1,0,0.09051668730800451
1,51.0,71,-1,1,1,-1,1,1,1,1,15900000,1158555000,1,-1.0,-1.8369701987210294e-16,0,0,0,1,0.3615329948709046
0,23.0,55,-1,-1,-1,-1,-1,-1,0,1,10965000,621735000,0,1.2246467991473532e-16,-1.0,0,0,0,1,0.534933708575664
0,44.0,72,1,1,-1,-1,-1,-1,1,0,8962500,639750000,0,-1.0,-1.8369701987210294e-16,0,0,1,0,0.02757201873932577
0,30.0,3,1,-1,-1,1,-1,-1,0,1,8265000,23197500,1,-0.4999999999999997,-0.8660254037844388,0,0,1,0,0.4939845199355544
0,36.0,54,-1,1,1,-1,-1,-1,1,1,8970000,486967500,0,-0.4999999999999997,-0.8660254037844388,0,0,1,0,0.10691354480457879
1,46.0,72,1,1,1,1,1,1,1,1,17490000,1250617500,0,0.0,1.0,0,0,0,1,0.19632355418315797
1,46.0,52,1,-1,1,1,1,1,1,1,16395000,859710000,0,-0.4999999999999997,-0.8660254037844388,0,0,0,1,0.29369255162169083
0,56.0,60,1,-1,-1,-1,1,1,1,1,15210000,926490000,0,-0.8660254037844386,0.5000000000000001,0,0,0,1,0.33576821318973726
0,39.0,39,-1,-1,1,-1,1,1,0,1,7597500,285810000,0,0.8660254037844386,0.5000000000000001,0,0,1,0,0.6194927270120965
0,44.0,15,-1,-1,-1,-1,1,-1,1,0,8422500,139785000,0,-0.5000000000000004,0.8660254037844384,0,0,1,0,0.3539296782638308
1,35.0,69,-1,-1,1,1,1,1,1,1,15975000,1102320000,1,-1.0,-1.8369701987210294e-16,0,0,0,1,0.3010037047266341
1,42.0,43,0,0,0,0,0,0,1,1,2880000,116437500,0,-1.0,-1.8369701987210294e-16,1,0,0,0,0.0525550953129278
0,45.0,63,1,1,1,1,1,-1,1,0,12450000,786457500,0,-0.8660254037844385,-0.5000000000000004,0,0,1,0,0.03715391101177398
1,39.0,2,-1,-1,-1,-1,-1,-1,0,0,10515000,21247500,0,-0.8660254037844385,-0.5000000000000004,0,0,0,1,0.8078871830637102
0,18.0,72,1,1,1,1,1,1,1,1,16245000,1151947500,0,0.8660254037844387,-0.4999999999999998,0,0,0,1,0.19049312428673684
0,44.0,32,-1,-1,1,-1,-1,1,0,1,13657500,443175000,1,0.4999999999999999,0.8660254037844387,0,0,0,1,0.7653582505202626
1,44.0,40,0,0,0,0,0,0,1,0,3787500,151035000,0,1.2246467991473532e-16,-1.0,1,0,0,0,0.03899702761021606
0,32.0,58,1,1,-1,-1,1,-1,1,1,6802500,381015000,0,-1.0,-1.8369701987210294e-16,0,0,1,0,0.09839817303210173
1,25.0,67,1,-1,-1,1,1,-1,1,0,6585000,464580000,0,1.2246467991473532e-16,-1.0,0,0,1,0,0.04104654624343577
0,58.0,51,1,-1,-1,-1,-1,-1,0,1,11625000,571102500,1,0.0,1.0,0,0,0,1,0.4464632746403295
1,46.0,31,-1,-1,1,1,1,1,1,1,11895000,372600000,0,1.0,6.123233995736766e-17,0,1,0,0,0.2530864283131593
1,37.0,69,1,1,-1,-1,-1,-1,0,1,12735000,867847500,0,0.8660254037844387,-0.4999999999999998,0,0,0,1,0.3074740403884715
1,26.0,32,-1,-1,-1,1,-1,-1,1,1,11887500,392872500,0,0.0,1.0,0,0,0,1,0.3680536638491557
0,30.0,21,1,1,-1,1,1,-1,1,0,10657500,228727500,0,-0.8660254037844385,-0.5000000000000004,0,1,0,0,0.10791787232943276
1,56.0,52,1,-1,1,-1,-1,-1,1,0,8062500,418597500,0,-0.8660254037844386,0.5000000000000001,0,0,1,0,0.06235415374720537
0,42.0,72,0,0,0,0,0,0,1,0,3637500,267675000,0,-0.5000000000000004,0.8660254037844384,1,0,0,0,0.010969342143323622
0,33.0,72,-1,1,1,-1,1,1,1,1,8130000,590617500,1,1.0,6.123233995736766e-17,0,0,1,0,0.1426434363583916
1,46.0,52,1,-1,1,-1,-1,1,1,0,6637500,341415000,0,0.4999999999999999,0.8660254037844387,0,0,1,0,0.10223713235672714
0,30.0,41,-1,-1,-1,1,-1,-1,1,0,7507500,304357500,0,0.0,1.0,0,0,1,0,0.09397173756029067
1,58.0,41,0,0,0,0,0,0,1,0,3022500,120352500,0,-1.0,-1.8369701987210294e-16,1,0,0,0,0.03862854941993614
0,56.0,6,-1,-1,-1,-1,-1,-1,0,1,10387500,62760000,1,1.2246467991473532e-16,-1.0,0,0,0,1,0.8409653190753259
1,34.0,67,1,1,1,1,-1,-1,1,1,10402500,697987500,0,0.0,1.0,0,1,0,0,0.029107463951983905
0,32.0,16,0,0,0,0,0,0,0,0,2902500,41385000,0,0.8660254037844386,0.5000000000000001,1,0,0,0,0.2506451156752433
1,18.0,17,0,0,0,0,0,0,1,0,2872500,51517500,0,1.0,6.123233995736766e-17,1,0,0,0,0.10722786659543185
1,22.0,35,1,1,1,-1,-1,-1,0,0,9150000,319567500,0,1.2246467991473532e-16,-1.0,0,0,1,0,0.22718268392749177
0,24.0,58,0,0,0,0,0,0,1,0,3075000,178710000,0,0.4999999999999999,0.8660254037844387,1,0,0,0,0.020085191295349608
1,42.0,1,-1,-1,1,-1,-1,-1,0,1,7575000,7575000,1,-0.4999999999999997,-0.8660254037844388,0,0,1,0,0.7222571544260398
1,36.0,52,-1,1,1,1,1,-1,1,0,7530000,383100000,0,-0.8660254037844386,0.5000000000000001,0,0,1,0,0.0908218525084453
0,24.0,70,1,-1,1,1,1,1,1,0,11940000,838417500,0,-0.4999999999999997,-0.8660254037844388,0,0,1,0,0.05237603518437371
0,37.0,19,0,0,0,0,0,0,1,1,3735000,70155000,0,0.4999999999999999,-0.8660254037844387,1,0,0,0,0.12313408499606175
1,46.0,1,-1,-1,-1,-1,-1,-1,0,1,11160000,11160000,1,0.4999999999999999,-0.8660254037844387,0,0,0,1,0.8575331077208274
0,46.0,35,1,-1,1,1,1,1,0,1,16035000,563467500,0,0.0,1.0,0,0,0,1,0.6423982918518658
0,18.0,32,-1,-1,1,-1,1,1,0,1,15202500,500235000,0,0.8660254037844386,0.5000000000000001,0,0,0,1,0.8243048406468403
0,38.0,17,1,-1,-1,1,-1,-1,0,1,8302500,138075000,0,-1.0,-1.8369701987210294e-16,0,1,0,0,0.326584993739233
0,23.0,67,-1,1,-1,-1,-1,-1,1,0,7582500,514762500,0,1.0,6.123233995736766e-17,0,0,1,0,0.05234064549069649
0,51.0,9,0,0,0,0,0,0,0,0,2925000,22552500,0,-0.8660254037844386,0.5000000000000001,1,0,0,0,0.30161910514767803
1,49.0,31,-1,1,-1,1,1,1,1,1,11917500,388155000,1,-1.0,-1.8369701987210294e-16,0,0,1,0,0.2726349493002288
1,29.0,4,1,-1,-1,-1,1,-1,0,0,13597500,55192500,0,-0.8660254037844386,0.5000000000000001,0,0,0,1,0.7519521208382851
1,31.0,58,1,1,-1,1,-1,-1,1,1,13477500,768862500,0,1.0,6.123233995736766e-17,0,0,0,1,0.12923099768100152
1,34.0,60,1,-1,1,1,1,1,1,0,11850000,720165000,0,0.0,1.0,0,0,1,0,0.0750400492050428
1,18.0,58,-1,-1,1,1,1,1,1,1,15697500,932940000,1,-0.8660254037844385,-0.5000000000000004,0,0,0,1,0.3696044210142471
1,44.0,1,0,0,0,0,0,0,0,0,2932500,2932500,0,0.0,1.0,1,0,0,0,0.39302083213096134
0,37.0,27,0,0,0,0,0,0,1,0,2985000,82515000,0,-0.5000000000000004,0.8660254037844384,1,0,0,0,0.06912897861828465
1,52.0,66,1,1,1,1,1,1,1,1,17437500,1179337500,0,0.8660254037844386,0.5000000000000001,0,0,0,1,0.22606066703134312
1,27.0,15,1,-1,-1,-1,1,-1,0,1,13162500,186330000,0,-0.8660254037844386,0.5000000000000001,0,0,0,1,0.7721619900705337
1,33.0,47,-1,-1,1,-1,1,1,0,1,15007500,730657500,1,0.4999999999999999,-0.8660254037844387,0,0,0,1,0.7636029513616327
0,22.0,41,1,-1,-1,-1,-1,-1,0,1,12195000,478597500,0,-1.0,-1.8369701987210294e-16,0,0,0,1,0.5135359384442825
1,28.0,59,-1,-1,-1,-1,1,1,0,1,6645000,400012500,0,0.0,1.0,0,0,1,0,0.46123968685132816
0,26.0,50,-1,-1,-1,-1,-1,-1,1,0,10552500,530040000,0,-0.4999999999999997,-0.8660254037844388,0,0,0,1,0.24246669564012863
1,52.0,17,1,-1,1,-1,1,-1,1,0,6667500,118822500,0,1.2246467991473532e-16,-1.0,0,1,0,0,0.237939364596465
1,32.0,6,1,-1,-1,-1,-1,-1,0,1,7372500,44347500,0,-0.8660254037844385,-0.5000000000000004,0,1,0,0,0.5400720877348639
1,41.0,51,-1,1,-1,-1,-1,-1,0,1,4417500,218902500,0,1.0,6.123233995736766e-17,0,0,1,0,0.31128940468234745
1,35.0,44,-1,1,-1,1,1,1,0,0,15082500,659722500,1,0.4999999999999999,0.8660254037844387,0,0,0,1,0.5920630600677661
1,25.0,49,-1,1,-1,-1,1,-1,0,1,12795000,644692500,0,0.8660254037844386,0.5000000000000001,0,0,0,1,0.6634570324454485
1,38.0,2,-1,1,-1,-1,1,1,0,0,14347500,25095000,1,0.8660254037844386,0.5000000000000001,0,0,0,1,0.8684168440953421
1,47.0,59,1,-1,-1,1,-1,1,1,1,10365000,614535000,0,0.0,1.0,0,0,1,0,0.0743453378287323
1,26.0,50,1,1,-1,-1,1,-1,0,1,10552500,518190000,0,-0.5000000000000004,0.8660254037844384,0,1,0,0,0.23705028730446262
0,50.0,59,0,0,0,0,0,0,1,0,3090000,192900000,0,0.0,1.0,1,0,0,0,0.019032355948593788
1,30.0,18,-1,-1,-1,-1,-1,-1,0,0,11122500,208050000,0,-1.0,-1.8369701987210294e-16,0,0,0,1,0.7127067730403359
1,34.0,10,-1,-1,-1,-1,-1,-1,0,0,11257500,117945000,0,1.0,6.123233995736766e-17,0,0,0,1,0.7618977299281723
1,46.0,14,-1,-1,-1,-1,-1,-1,1,0,6690000,96187500,0,0.8660254037844386,0.5000000000000001,0,0,1,0,0.30553662255340025
1,32.0,35,0,0,0,0,0,0,1,0,3217500,105817500,0,-0.8660254037844386,0.5000000000000001,1,0,0,0,0.05020921242185382
1,40.0,8,-1,-1,-1,-1,-1,-1,1,1,6517500,51825000,0,-0.8660254037844386,0.5000000000000001,0,0,1,0,0.4469158295606762
1,36.0,18,0,0,0,0,0,0,1,0,3007500,51885000,0,0.8660254037844386,0.5000000000000001,1,0,0,0,0.10107998333838698
0,42.0,60,1,1,-1,-1,1,-1,1,0,14122500,871770000,0,-0.8660254037844386,0.5000000000000001,0,0,0,1,0.17297378737621863
0,18.0,1,-1,-1,1,-1,1,1,0,0,14160000,14160000,1,0.4999999999999999,-0.8660254037844387,0,0,0,1,0.8795249898780246
0,18.0,6,0,0,0,0,0,0,1,0,2932500,18667500,0,-0.8660254037844386,0.5000000000000001,1,0,0,0,0.15355791623311874
0,47.0,19,1,1,-1,1,1,-1,0,1,11385000,206340000,0,-0.8660254037844386,0.5000000000000001,0,1,0,0,0.3323257375014603
1,52.0,53,1,1,-1,1,-1,-1,1,0,9622500,523732500,0,-0.8660254037844385,-0.5000000000000004,0,0,1,0,0.03634421080731711
1,29.0,72,1,1,1,-1,1,1,1,1,16432500,1188105000,0,-1.0,-1.8369701987210294e-16,0,0,0,1,0.2635032145940228
0,37.0,60,-1,1,1,1,1,1,1,1,16620000,996105000,0,0.8660254037844387,-0.4999999999999998,0,0,0,1,0.321532561229702
0,44.0,1,-1,-1,-1,-1,1,-1,0,1,8250000,8250000,1,1.2246467991473532e-16,-1.0,0,0,1,0,0.779875947432366
0,48.0,13,-1,-1,1,1,-1,-1,0,0,8017500,107715000,0,-0.8660254037844385,-0.5000000000000004,0,0,1,0,0.422608050591249
0,18.0,5,-1,-1,-1,-1,-1,-1,0,0,10492500,48060000,0,0.8660254037844387,-0.4999999999999998,0,0,0,1,0.79358560324067
1,29.0,1,-1,-1,1,-1,1,1,0,1,15217500,15217500,1,-1.0,-1.8369701987210294e-16,0,0,0,1,0.908217324054013
1,36.0,13,-1,-1,1,-1,1,1,0,0,14550000,200167500,0,-0.4999999999999997,-0.8660254037844388,0,0,0,1,0.8391496030552474
1,48.0,37,1,1,1,1,1,1,1,1,13590000,503797500,0,0.0,1.0,0,1,0,0,0.1358963663248722
1,70.0,64,1,-1,-1,-1,-1,-1,0,1,11032500,714600000,0,-1.0,-1.8369701987210294e-16,0,0,0,1,0.360933774997876
0,37.0,5,-1,-1,1,1,1,-1,0,0,10192500,52545000,1,0.4999999999999999,0.8660254037844387,0,0,1,0,0.560071378211728
0,23.0,61,-1,1,-1,1,-1,1,1,1,14152500,855450000,0,-0.5000000000000004,0.8660254037844384,0,0,0,1,0.24108792967157638
0,45.0,1,-1,-1,-1,-1,-1,-1,0,1,10425000,10425000,1,-0.8660254037844385,-0.5000000000000004,0,0,0,1,0.8618444201305693
1,56.0,1,0,0,0,0,0,0,0,1,2827500,2827500,1,0.8660254037844386,0.5000000000000001,1,0,0,0,0.48910100098430814
1,41.0,26,0,0,0,0,0,0,1,0,2910000,78832500,0,-0.5000000000000004,0.8660254037844384,1,0,0,0,0.07431387994397508
0,29.0,1,-1,-1,-1,-1,-1,-1,0,1,10380000,10380000,1,-0.4999999999999997,-0.8660254037844388,0,0,0,1,0.8636286406491501
1,51.0,24,0,0,0,0,0,0,1,0,2962500,72472500,0,1.0,6.123233995736766e-17,1,0,0,0,0.07917342122155625
1,48.0,17,-1,-1,1,1,1,1,1,0,8190000,140220000,0,-0.4999999999999997,-0.8660254037844388,0,1,0,0,0.310304808782774
0,28.0,26,-1,-1,1,-1,-1,-1,0,1,4470000,117975000,0,0.8660254037844387,-0.4999999999999998,0,0,1,0,0.5710967570522021
1,45.0,1,-1,-1,-1,-1,-1,-1,0,1,10447500,10447500,1,-1.0,-1.8369701987210294e-16,0,0,0,1,0.8665682845215236
1,52.0,40,1,-1,-1,-1,1,1,0,0,15277500,612945000,1,0.8660254037844386,0.5000000000000001,0,0,0,1,0.6223084654132267
1,54.0,52,-1,1,1,-1,1,1,0,1,15457500,804720000,0,1.2246467991473532e-16,-1.0,0,0,0,1,0.707463298528712
0,39.0,1,-1,1,1,-1,-1,-1,0,1,12345000,12345000,1,0.8660254037844386,0.5000000000000001,0,0,0,1,0.8343433144112842
1,36.0,1,0,0,0,0,0,0,0,0,3045000,3045000,0,-0.8660254037844385,-0.5000000000000004,1,0,0,0,0.38057590407288566
0,55.0,21,1,-1,-1,1,-1,-1,1,0,5265000,115560000,0,1.0,6.123233995736766e-17,0,0,1,0,0.14006754681391193
0,25.0,67,-1,1,1,-1,1,1,1,1,15855000,1022542500,0,-0.4999999999999997,-0.8660254037844388,0,0,0,1,0.3564244584271974
0,45.0,44,1,-1,-1,1,-1,-1,0,0,8437500,362932500,0,0.4999999999999999,0.8660254037844387,0,1,0,0,0.11577687004678795
1,24.0,70,-1,1,1,1,1,1,1,0,9052500,620805000,0,0.8660254037844386,0.5000000000000001,0,0,1,0,0.0775534550432921
1,53.0,3,-1,-1,-1,-1,1,-1,0,0,11887500,40140000,1,1.2246467991473532e-16,-1.0,0,0,0,1,0.8437583367897434
1,37.0,56,1,1,1,-1,-1,-1,1,1,8970000,518617500,0,0.8660254037844386,0.5000000000000001,0,1,0,0,0.06184279072879282
0,55.0,13,-1,-1,-1,-1,-1,1,0,1,12690000,167280000,1,1.0,6.123233995736766e-17,0,0,0,1,0.8506450590242771
0,46.0,58,1,1,-1,-1,-1,1,0,1,14010000,815340000,1,0.4999999999999999,0.8660254037844387,0,0,0,1,0.4840216275788659
0,25.0,42,-1,-1,-1,-1,1,1,0,1,14130000,627945000,1,1.2246467991473532e-16,-1.0,0,0,0,1,0.7860353716350833
1,57.0,1,-1,-1,-1,-1,-1,-1,0,0,3757500,3757500,1,1.0,6.123233995736766e-17,0,1,0,0,0.6811380222779553
0,59.0,46,1,-1,1,1,-1,1,1,0,14947500,694530000,0,-0.5000000000000004,0.8660254037844384,0,0,0,1,0.1827885856878441
0,51.0,63,1,-1,-1,-1,-1,-1,1,1,7597500,483187500,0,1.0,6.123233995736766e-17,0,1,0,0,0.05037782765628337
1,31.0,11,-1,1,1,1,-1,-1,0,1,9135000,103275000,0,-0.8660254037844386,0.5000000000000001,0,1,0,0,0.4554238344699153
1,36.0,15,-1,-1,1,1,-1,-1,0,1,8947500,130065000,0,-0.8660254037844385,-0.5000000000000004,0,0,1,0,0.4905580750198169
1,42.0,72,1,1,1,1,1,1,1,1,9705000,711907500,0,0.4999999999999999,-0.8660254037844387,0,1,0,0,0.057072293400693544
0,32.0,29,-1,-1,-1,-1,-1,-1,0,1,3765000,106927500,1,-1.0,-1.8369701987210294e-16,0,0,1,0,0.542885178207462
1,60.0,1,-1,-1,1,-1,-1,-1,0,0,7342500,7342500,1,0.8660254037844386,0.5000000000000001,0,0,1,0,0.6511302791742855
0,42.0,6,-1,-1,-1,-1,1,-1,0,0,8227500,53265000,0,0.4999999999999999,-0.8660254037844387,0,1,0,0,0.6236630924726033
1,18.0,1,-1,-1,-1,-1,-1,-1,0,0,6795000,6795000,1,-0.8660254037844386,0.5000000000000001,0,0,1,0,0.6631618032692894
1,44.0,63,-1,1,-1,-1,-1,1,1,1,13702500,864705000,0,1.0,6.123233995736766e-17,0,0,0,1,0.3127955260186491
1,36.0,2,-1,-1,1,-1,-1,1,0,1,12877500,25095000,1,0.4999999999999999,0.8660254037844387,0,0,0,1,0.8922031509768051
0,39.0,18,0,0,0,0,0,0,1,0,3765000,64267500,0,0.4999999999999999,0.8660254037844387,1,0,0,0,0.09285486130249061
0,36.0,43,1,-1,-1,1,-1,-1,0,0,5100000,225802500,0,-0.8660254037844386,0.5000000000000001,0,0,1,0,0.16383883135451793
0,50.0,15,1,1,1,1,-1,-1,1,0,6885000,104017500,0,-0.8660254037844385,-0.5000000000000004,0,1,0,0,0.11540176549290944
1,53.0,10,-1,-1,-1,-1,1,1,0,0,14280000,139560000,1,-0.8660254037844385,-0.5000000000000004,0,0,0,1,0.8463217581292123
1,43.0,55,0,0,0,0,0,0,1,0,3075000,176692500,0,0.8660254037844386,0.5000000000000001,1,0,0,0,0.023206832725376235
1,36.0,49,-1,-1,-1,1,1,1,1,1,15090000,760447500,1,-0.4999999999999997,-0.8660254037844388,0,0,0,1,0.4181725973097577
1,40.0,6,-1,1,1,-1,-1,-1,0,1,8295000,48637500,1,1.2246467991473532e-16,-1.0,0,0,1,0,0.6515414904188785
1,40.0,70,0,0,0,0,0,0,1,0,3052500,218715000,0,-0.8660254037844385,-0.5000000000000004,1,0,0,0,0.011903795530697895
1,30.0,2,-1,-1,-1,-1,-1,-1,0,1,11227500,23460000,1,-0.8660254037844385,-0.5000000000000004,0,0,0,1,0.8536264752255531
1,47.0,63,1,-1,-1,1,-1,-1,1,0,5415000,344835000,0,-0.8660254037844385,-0.5000000000000004,0,1,0,0,0.024854782083981834
0,46.0,25,-1,1,-1,1,-1,1,0,1,9870000,251947500,0,-0.8660254037844386,0.5000000000000001,0,0,1,0,0.47741339826242996
0,58.0,18,0,0,0,0,0,0,1,0,3052500,55440000,0,0.8660254037844387,-0.4999999999999998,1,0,0,0,0.09438477040157965
1,55.0,28,-1,1,-1,1,1,1,0,1,15870000,449700000,0,1.2246467991473532e-16,-1.0,0,0,0,1,0.7427598913209581
0,32.0,53,1,1,-1,1,-1,1,1,1,14512500,780982500,0,-0.8660254037844385,-0.5000000000000004,0,0,0,1,0.20089604952879536
1,50.0,35,-1,1,1,-1,1,1,1,1,15352500,543915000,1,0.4999999999999999,-0.8660254037844387,0,0,0,1,0.5752748039186903
1,29.0,1,-1,-1,-1,-1,-1,-1,0,0,3660000,3660000,0,0.0,1.0,0,0,1,0,0.7346756450971377
1,48.0,70,1,1,1,1,1,1,1,0,17347500,1195327500,1,-0.5000000000000004,0.8660254037844384,0,0,0,1,0.14411931834001718
1,34.0,2,-1,-1,1,1,-1,-1,0,1,11977500,22867500,1,-1.0,-1.8369701987210294e-16,0,0,0,1,0.7906426011994259
0,28.0,26,-1,1,-1,1,1,1,0,1,10957500,293925000,0,0.4999999999999999,-0.8660254037844387,0,1,0,0,0.505686269377601
0,43.0,34,1,1,-1,-1,-1,1,1,0,9652500,307957500,0,-1.0,-1.8369701987210294e-16,0,0,1,0,0.1327499302385145
0,18.0,19,0,0,0,0,0,0,1,0,3075000,59782500,0,0.8660254037844387,-0.4999999999999998,1,0,0,0,0.09379179017783867
1,19.0,15,-1,-1,-1,-1,-1,-1,0,1,11400000,169627500,1,1.0,6.123233995736766e-17,0,0,0,1,0.8010366887556818
0,38.0,62,1,-1,1,-1,-1,-1,1,0,8212500,513802500,0,-1.0,-1.8369701987210294e-16,0,1,0,0,0.03552986039750792
0,41.0,42,-1,1,1,-1,1,1,0,1,15712500,648517500,1,1.2246467991473532e-16,-1.0,0,0,0,1,0.7468234830186038
0,36.0,9,1,1,-1,-1,1,1,0,1,11197500,105532500,1,0.4999999999999999,-0.8660254037844387,0,0,1,0,0.666331828342912
1,21.0,24,1,-1,-1,-1,-1,-1,0,1,7672500,191355000,0,-0.5000000000000004,0.8660254037844384,0,1,0,0,0.38860518669043737
1,30.0,68,1,1,1,-1,-1,-1,1,1,6292500,444862500,0,-0.5000000000000004,0.8660254037844384,0,0,1,0,0.05292679304187664
1,45.0,31,-1,-1,1,1,-1,-1,0,0,8152500,247050000,0,0.4999999999999999,-0.8660254037844387,0,0,1,0,0.28448648114816105
0,47.0,1,-1,-1,-1,-1,-1,1,0,1,8437500,8437500,1,1.2246467991473532e-16,-1.0,0,1,0,0,0.7425375045466671
1,40.0,21,-1,-1,1,1,1,1,0,1,15915000,337492500,1,0.8660254037844386,0.5000000000000001,0,0,0,1,0.8002161246096374
0,54.0,63,-1,1,-1,-1,1,1,1,1,14400000,916462500,0,0.8660254037844387,-0.4999999999999998,0,0,0,1,0.3975303471745695
0,45.0,2,-1,-1,-1,-1,-1,1,0,1,11962500,23910000,1,-0.5000000000000004,0.8660254037844384,0,0,0,1,0.8944277015969796
0,31.0,61,-1,1,1,1,1,1,1,1,9217500,562672500,0,-0.4999999999999997,-0.8660254037844388,0,0,1,0,0.1351754552315021
0,37.0,1,-1,-1,-1,-1,-1,-1,0,0,10297500,10297500,1,0.8660254037844386,0.5000000000000001,0,0,0,1,0.818670373879502
1,23.0,18,0,0,0,0,0,0,1,0,2947500,61687500,0,-0.4999999999999997,-0.8660254037844388,1,0,0,0,0.09929640739631103
0,39.0,6,0,0,0,0,0,0,1,0,2850000,15825000,0,-0.8660254037844385,-0.5000000000000004,1,0,0,0,0.14866585082864414
0,53.0,33,-1,1,-1,-1,1,1,0,1,15000000,498090000,0,0.8660254037844386,0.5000000000000001,0,0,0,1,0.7996810477348664
1,48.0,16,0,0,0,0,0,0,0,0,3037500,49117500,1,0.0,1.0,1,0,0,0,0.25346184292354595
0,57.0,56,-1,-1,1,1,1,1,0,1,14805000,850425000,0,-1.0,-1.8369701987210294e-16,0,0,0,1,0.6251013131455291
1,36.0,23,0,0,0,0,0,0,1,0,2970000,69817500,0,-0.8660254037844385,-0.5000000000000004,1,0,0,0,0.08050228712349852
1,56.0,9,-1,-1,1,-1,-1,-1,0,1,11070000,105645000,0,0.0,1.0,0,0,0,1,0.8337484865751219
0,38.0,14,-1,1,-1,-1,1,1,0,1,15030000,205470000,1,0.8660254037844386,0.5000000000000001,0,0,0,1,0.8662660203281087
1,58.0,15,-1,-1,-1,-1,-1,-1,0,1,11235000,166087500,1,-1.0,-1.8369701987210294e-16,0,0,0,1,0.7930797369526686
1,40.0,5,0,0,0,0,0,0,0,0,3007500,14332500,0,-0.8660254037844386,0.5000000000000001,1,0,0,0,0.34700469256978744
1,48.0,61,1,1,-1,-1,1,1,0,1,15930000,956280000,0,-1.0,-1.8369701987210294e-16,0,0,0,1,0.5517179978471867
1,58.0,70,1,1,1,1,1,1,1,1,17482500,1222845000,0,1.2246467991473532e-16,-1.0,0,0,0,1,0.19566919356833462
1,38.0,15,1,-1,-1,-1,1,1,0,1,14955000,235012500,0,0.4999999999999999,-0.8660254037844387,0,0,0,1,0.8223815237832257
1,43.0,8,0,0,0,0,0,0,1,0,2955000,19537500,0,-0.5000000000000004,0.8660254037844384,1,0,0,0,0.1446672068713754
0,55.0,8,0,0,0,0,0,0,1,0,2925000,24322500,0,-1.0,-1.8369701987210294e-16,1,0,0,0,0.1372973373565394
0,38.0,4,1,-1,-1,-1,-1,-1,0,1,4372500,16507500,0,0.4999999999999999,0.8660254037844387,0,0,1,0,0.6811623805962682
0,24.0,34,1,1,-1,-1,-1,-1,1,0,8250000,282772500,0,-1.0,-1.8369701987210294e-16,0,1,0,0,0.0817717755879974
1,66.0,68,1,1,1,1,1,1,1,1,13620000,945427500,0,-0.4999999999999997,-0.8660254037844388,0,1,0,0,0.06044538349343733
0,34.0,45,-1,1,1,1,-1,1,1,0,7650000,339675000,0,0.0,1.0,0,1,0,0,0.09598861323570938
0,42.0,9,-1,-1,1,-1,1,-1,0,1,13515000,122520000,0,1.2246467991473532e-16,-1.0,0,0,0,1,0.8503664958218522
0,54.0,22,1,-1,-1,1,-1,-1,0,1,8857500,188025000,0,0.0,1.0,0,1,0,0,0.28468527441762603
0,33.0,2,0,0,0,0,0,0,0,0,3045000,6180000,0,1.0,6.123233995736766e-17,1,0,0,0,0.37248519004202585
1,28.0,70,-1,1,1,1,1,-1,1,0,10942500,789832500,0,0.4999999999999999,-0.8660254037844387,0,0,1,0,0.05016937753399826
0,43.0,10,1,-1,1,1,-1,1,1,0,11032500,103995000,0,0.8660254037844387,-0.4999999999999998,0,0,1,0,0.1888046246514317
1,18.0,72,1,-1,1,1,1,1,1,0,12645000,899565000,0,0.4999999999999999,-0.8660254037844387,0,0,1,0,0.050852638336482126
0,37.0,49,-1,1,1,-1,1,1,1,0,11700000,573630000,0,1.0,6.123233995736766e-17,0,0,1,0,0.17893253521476205
0,43.0,54,-1,1,-1,1,1,-1,1,0,10815000,582907500,0,-1.0,-1.8369701987210294e-16,0,1,0,0,0.06008556130026673
0,37.0,71,1,1,1,-1,1,1,1,1,16012500,1092487500,0,-0.8660254037844385,-0.5000000000000004,0,0,0,1,0.2460638484390743
0,21.0,22,0,0,0,0,0,0,1,1,2887500,61882500,0,1.2246467991473532e-16,-1.0,1,0,0,0,0.11715573337709939
0,59.0,50,0,0,0,0,0,0,1,0,3082500,160537500,0,-0.8660254037844386,0.5000000000000001,1,0,0,0,0.026563987304068094
0,41.0,43,0,0,0,0,0,0,1,0,3000000,122692500,0,-0.5000000000000004,0.8660254037844384,1,0,0,0,0.03588399082460692
0,57.0,45,0,0,0,0,0,0,1,1,3697500,175695000,0,0.8660254037844387,-0.4999999999999998,1,0,0,0,0.04646835659928713
1,37.0,64,1,1,-1,-1,1,1,0,1,15525000,982297500,0,-1.0,-1.8369701987210294e-16,0,0,0,1,0.539269677379769
0,29.0,23,0,0,0,0,0,0,1,0,3577500,93847500,0,0.8660254037844386,0.5000000000000001,1,0,0,0,0.07980342945531527
0,43.0,68,0,0,0,0,0,0,1,0,3870000,286725000,0,0.8660254037844386,0.5000000000000001,1,0,0,0,0.013311323269895328
0,37.0,1,-1,-1,-1,-1,-1,-1,0,1,10627500,10627500,1,1.0,6.123233995736766e-17,0,0,0,1,0.8645813320920888
1,26.0,2,-1,-1,-1,-1,-1,-1,0,1,10470000,20205000,1,0.4999999999999999,0.8660254037844387,0,0,0,1,0.8691938258078217
1,58.0,26,-1,-1,-1,1,1,-1,1,0,8917500,226050000,0,0.4999999999999999,0.8660254037844387,0,0,1,0,0.1994386522315611
1,33.0,55,-1,-1,1,1,1,1,0,1,8182500,446745000,1,-0.5000000000000004,0.8660254037844384,0,1,0,0,0.3414746596103287
1,18.0,14,0,0,0,0,0,0,0,1,3007500,44895000,0,-0.4999999999999997,-0.8660254037844388,1,0,0,0,0.3488663274650058
1,56.0,71,1,-1,1,1,1,1,1,1,12382500,874897500,0,-0.8660254037844385,-0.5000000000000004,0,1,0,0,0.05993834530739251
1,34.0,64,1,1,1,1,1,-1,1,0,12187500,835132500,0,0.0,1.0,0,0,1,0,0.04246303397874008
0,33.0,7,-1,-1,-1,1,1,1,0,1,10612500,67620000,1,0.0,1.0,0,0,1,0,0.722525032393225
0,19.0,57,1,1,1,1,1,-1,1,1,11145000,624952500,0,1.0,6.123233995736766e-17,0,0,1,0,0.06839479805467624
0,61.0,13,-1,1,1,-1,1,-1,0,0,14115000,182340000,1,0.4999999999999999,-0.8660254037844387,0,0,0,1,0.7482318072585323
0,25.0,3,1,-1,-1,-1,-1,-1,0,0,4455000,13755000,1,-0.5000000000000004,0.8660254037844384,0,0,1,0,0.5986522164437525
1,41.0,72,-1,1,1,1,1,1,1,0,16455000,1184767500,0,0.8660254037844387,-0.4999999999999998,0,0,0,1,0.20010190858688542
0,51.0,40,-1,1,1,-1,1,-1,0,1,14452500,587310000,0,1.0,6.123233995736766e-17,0,0,0,1,0.6884560567450477
1,45.0,14,-1,-1,-1,1,1,-1,0,1,9990000,146925000,0,-1.0,-1.8369701987210294e-16,0,0,1,0,0.5828108401572776
1,39.0,2,-1,-1,-1,-1,-1,-1,0,1,6675000,13507500,0,1.0,6.123233995736766e-17,0,1,0,0,0.6952962163944493
1,20.0,66,-1,1,1,1,1,1,1,0,16635000,1114807500,1,0.0,1.0,0,0,0,1,0.23495773968765832
0,30.0,38,-1,-1,1,1,1,1,0,1,15750000,603960000,1,-0.5000000000000004,0.8660254037844384,0,0,0,1,0.7220591272496518
1,42.0,1,-1,-1,-1,-1,-1,-1,0,1,3795000,3795000,1,0.8660254037844386,0.5000000000000001,0,0,1,0,0.7995630737829642
1,31.0,22,-1,1,-1,1,-1,-1,1,1,8272500,178957500,1,-0.4999999999999997,-0.8660254037844388,0,0,1,0,0.20517279180347248
1,42.0,1,0,0,0,0,0,0,0,1,3015000,3015000,1,0.4999999999999999,-0.8660254037844387,1,0,0,0,0.47786836420385687
1,48.0,5,-1,-1,-1,-1,1,-1,0,1,12015000,59782500,0,0.0,1.0,0,0,0,1,0.8861090165165664
1,52.0,29,1,-1,-1,1,1,-1,1,0,10357500,293767500,0,0.4999999999999999,-0.8660254037844387,0,0,1,0,0.11499898364606045
1,25.0,1,-1,-1,-1,-1,-1,-1,0,1,10485000,10485000,1,-0.4999999999999997,-0.8660254037844388,0,0,0,1,0.8665397477465385
0,66.0,3,0,0,0,0,0,0,0,0,3060000,9472500,0,-0.5000000000000004,0.8660254037844384,1,0,0,0,0.3557990840371604
1,49.0,71,0,0,0,0,0,0,1,0,2955000,195165000,0,-0.8660254037844386,0.5000000000000001,1,0,0,0,0.011300275821576848
1,40.0,9,-1,1,-1,-1,-1,-1,0,1,7515000,72607500,0,-0.4999999999999997,-0.8660254037844388,0,0,1,0,0.6413321424818955
1,53.0,43,-1,1,-1,-1,1,1,0,1,15210000,679200000,1,0.4999999999999999,0.8660254037844387,0,0,0,1,0.7661377483906577
0,68.0,48,1,1,1,-1,1,1,1,1,12517500,583177500,0,-0.4999999999999997,-0.8660254037844388,0,0,1,0,0.16176188587276183
1,23.0,26,1,1,-1,-1,-1,-1,0,1,12997500,331312500,0,1.2246467991473532e-16,-1.0,0,0,0,1,0.597745999951151
0,37.0,9,0,0,0,0,0,0,0,0,3022500,35722500,0,-0.5000000000000004,0.8660254037844384,1,0,0,0,0.3088844796477966
1,18.0,1,-1,-1,-1,-1,-1,1,0,1,12120000,12120000,1,0.4999999999999999,0.8660254037844387,0,0,0,1,0.9020292514846612
0,42.0,46,0,0,0,0,0,0,1,0,2910000,143722500,0,0.8660254037844387,-0.4999999999999998,1,0,0,0,0.03208597826842926
1,44.0,2,-1,-1,-1,-1,-1,1,0,0,9307500,17745000,1,-0.4999999999999997,-0.8660254037844388,0,0,1,0,0.6873294297299338
1,40.0,1,-1,-1,-1,-1,-1,-1,0,1,11467500,11467500,1,0.0,1.0,0,0,0,1,0.8589471576940246
1,32.0,64,1,-1,1,1,1,1,1,1,9007500,576817500,0,0.4999999999999999,-0.8660254037844387,0,1,0,0,0.07910047557239304
0,18.0,12,-1,1,-1,-1,1,-1,0,1,13695000,164175000,1,0.4999999999999999,0.8660254037844387,0,0,0,1,0.8331652306363656
1,44.0,6,-1,-1,1,-1,1,1,0,1,14362500,86062500,1,1.2246467991473532e-16,-1.0,0,0,0,1,0.9024824623058941
0,57.0,59,0,0,0,0,0,0,1,0,3052500,190050000,0,0.4999999999999999,0.8660254037844387,1,0,0,0,0.01898086841557433
0,33.0,7,-1,1,-1,-1,1,1,1,1,14107500,95017500,0,1.2246467991473532e-16,-1.0,0,0,0,1,0.7433963100192471
0,45.0,72,1,1,1,-1,1,1,1,1,12615000,919447500,0,-0.4999999999999997,-0.8660254037844388,0,0,1,0,0.09281003432063004
1,21.0,16,-1,-1,-1,-1,-1,1,0,1,11812500,182737500,0,0.0,1.0,0,0,0,1,0.8567225338111254
1,45.0,25,-1,-1,1,-1,-1,-1,0,0,8332500,210795000,0,1.0,6.123233995736766e-17,0,0,1,0,0.4238493689654306
0,35.0,34,1,1,-1,1,-1,-1,0,0,9397500,341235000,1,-0.8660254037844386,0.5000000000000001,0,0,1,0,0.16933154414709486
0,31.0,1,-1,-1,-1,-1,-1,-1,0,1,11175000,11175000,1,-0.4999999999999997,-0.8660254037844388,0,0,0,1,0.8533360959787337
0,31.0,10,-1,1,1,-1,1,1,0,1,15315000,160327500,1,0.4999999999999999,-0.8660254037844387,0,0,0,1,0.8751322362265244
1,35.0,24,0,0,0,0,0,0,1,0,3015000,80085000,0,0.8660254037844387,-0.4999999999999998,1,0,0,0,0.07957088580431262
0,45.0,10,1,1,-1,-1,1,-1,1,0,10545000,101422500,0,0.0,1.0,0,1,0,0,0.2052292488373513
1,24.0,69,1,1,-1,-1,-1,-1,1,1,8047500,570660000,0,0.4999999999999999,-0.8660254037844387,0,0,1,0,0.048219757259238064
1,35.0,57,0,0,0,0,0,0,1,0,3112500,167820000,0,0.4999999999999999,-0.8660254037844387,1,0,0,0,0.02024134709714651
1,40.0,50,-1,1,1,1,1,1,1,1,15510000,785460000,0,-0.8660254037844385,-0.5000000000000004,0,0,0,1,0.388807415921982
1,27.0,28,1,-1,1,1,1,-1,1,0,7620000,208020000,0,-0.8660254037844386,0.5000000000000001,0,0,1,0,0.14565617933597366
0,62.0,16,1,-1,-1,-1,-1,-1,0,1,7522500,114337500,1,1.2246467991473532e-16,-1.0,0,0,1,0,0.48316786113589333
1,30.0,25,1,1,-1,1,1,1,0,1,11850000,285300000,0,0.8660254037844387,-0.4999999999999998,0,0,1,0,0.4510102892129285
0,32.0,3,-1,1,-1,-1,-1,-1,0,1,11190000,35857500,0,1.0,6.123233995736766e-17,0,0,0,1,0.8398185179595518
1,28.0,61,-1,-1,-1,-1,1,1,1,1,14475000,851055000,0,-0.4999999999999997,-0.8660254037844388,0,0,0,1,0.423307383549091
0,62.0,2,0,0,0,0,0,0,0,0,3015000,5970000,0,-1.0,-1.8369701987210294e-16,1,0,0,0,0.36089487995033326
1,47.0,51,0,0,0,0,0,0,1,0,2910000,149662500,0,0.4999999999999999,-0.8660254037844387,1,0,0,0,0.026184011137492993
0,29.0,71,1,-1,1,-1,1,1,1,0,11632500,836152500,0,0.4999999999999999,-0.8660254037844387,0,1,0,0,0.060766953961174666
0,53.0,20,0,0,0,0,0,0,0,0,3007500,60907500,0,0.0,1.0,1,0,0,0,0.21706841912243702
1,42.0,6,0,0,0,0,0,0,0,0,2977500,20827500,0,0.4999999999999999,-0.8660254037844387,1,0,0,0,0.33563848084679915
0,43.0,6,0,0,0,0,0,0,0,0,3030000,18547500,0,0.4999999999999999,-0.8660254037844387,1,0,0,0,0.32635152246959326
0,36.0,29,1,1,-1,1,-1,-1,0,0,10117500,270165000,0,-0.8660254037844386,0.5000000000000001,0,0,1,0,0.17734086836021476
1,31.0,36,0,0,0,0,0,0,1,1,2782500,103350000,0,0.0,1.0,1,0,0,0,0.07392025791471056
0,44.0,28,-1,-1,1,-1,-1,-1,0,1,4462500,118605000,0,-0.5000000000000004,0.8660254037844384,0,0,1,0,0.5487583645291926
0,33.0,7,-1,-1,-1,-1,1,-1,0,1,12975000,87375000,1,-0.5000000000000004,0.8660254037844384,0,0,0,1,0.8660940835527141
0,62.0,63,0,0,0,0,0,0,1,0,3630000,242730000,0,-1.0,-1.8369701987210294e-16,1,0,0,0,0.01530827270730523
1,25.0,48,0,0,0,0,0,0,1,0,3532500,176002500,0,-0.8660254037844385,-0.5000000000000004,1,0,0,0,0.029422023274376607
0,58.0,49,0,0,0,0,0,0,1,0,3067500,135135000,0,-1.0,-1.8369701987210294e-16,1,0,0,0,0.026554635102455874
1,39.0,27,-1,1,-1,-1,-1,-1,0,1,12217500,318307500,1,-0.4999999999999997,-0.8660254037844388,0,0,0,1,0.6928680578834318
1,44.0,72,1,1,1,1,1,1,1,0,13845000,1007985000,0,-0.8660254037844385,-0.5000000000000004,0,1,0,0,0.03792298147173543
1,50.0,1,-1,-1,-1,-1,-1,-1,0,1,10372500,10372500,1,0.8660254037844386,0.5000000000000001,0,0,0,1,0.8711851772353953
0,32.0,72,-1,1,-1,1,1,1,1,0,8047500,567600000,0,0.4999999999999999,-0.8660254037844387,0,0,1,0,0.06712230873275583
0,50.0,47,1,1,-1,1,-1,-1,1,0,5947500,269797500,0,0.4999999999999999,-0.8660254037844387,0,0,1,0,0.048110536960879316
0,18.0,1,-1,-1,-1,-1,1,-1,0,1,8197500,8197500,0,-1.0,-1.8369701987210294e-16,0,1,0,0,0.7485292081888812
0,31.0,36,-1,1,1,-1,1,1,1,1,15720000,582967500,0,0.8660254037844387,-0.4999999999999998,0,0,0,1,0.5673090386489749
1,29.0,43,-1,1,-1,-1,-1,-1,0,0,4395000,183607500,0,-0.4999999999999997,-0.8660254037844388,0,0,1,0,0.29077212146055903
0,25.0,27,-1,1,1,1,1,1,0,0,12577500,346530000,0,0.8660254037844386,0.5000000000000001,0,0,1,0,0.4400661335932885
0,37.0,9,-1,-1,-1,-1,-1,1,0,1,11932500,108510000,1,-0.5000000000000004,0.8660254037844384,0,0,0,1,0.8743842334601154
0,45.0,38,-1,-1,1,1,1,1,0,1,15547500,598275000,0,0.0,1.0,0,0,0,1,0.7240763768689099
0,48.0,35,1,-1,-1,-1,1,1,0,1,14857500,533190000,0,0.4999999999999999,0.8660254037844387,0,0,0,1,0.7371151041261718
0,43.0,0,-1,1,1,1,1,-1,1,0,11002500,0,0,-0.8660254037844386,0.5000000000000001,0,1,0,0,0.2600527705340332
0,32.0,59,-1,1,-1,1,1,1,1,1,15007500,905227500,0,0.4999999999999999,0.8660254037844387,0,0,0,1,0.34488761287982617
1,44.0,27,0,0,0,0,0,0,1,0,3052500,79740000,0,-0.8660254037844386,0.5000000000000001,1,0,0,0,0.06921384664909681
0,41.0,2,-1,-1,-1,-1,-1,-1,0,0,6592500,12765000,0,0.0,1.0,0,1,0,0,0.6030196197034166
1,51.0,7,0,0,0,0,0,0,0,0,3525000,25950000,0,1.0,6.123233995736766e-17,1,0,0,0,0.31857959652506906
0,49.0,36,-1,1,-1,1,-1,1,1,1,10605000,376792500,0,1.2246467991473532e-16,-1.0,0,1,0,0,0.14493483615794717
0,40.0,41,1,1,-1,-1,1,-1,0,1,14145000,584040000,0,-0.8660254037844386,0.5000000000000001,0,0,0,1,0.5832701191312918
0,29.0,13,-1,1,-1,-1,-1,-1,0,0,4372500,53572500,0,-0.8660254037844386,0.5000000000000001,0,0,1,0,0.5783485640326548
1,32.0,19,0,0,0,0,0,0,1,0,3127500,70125000,0,1.0,6.123233995736766e-17,1,0,0,0,0.09746907365748161
0,33.0,60,1,1,-1,1,-1,-1,1,0,5655000,343305000,0,0.0,1.0,0,1,0,0,0.026228624405458544
0,36.0,48,-1,1,1,1,1,-1,1,1,14325000,694177500,1,-1.0,-1.8369701987210294e-16,0,0,0,1,0.3019491682632381
1,43.0,3,-1,-1,1,-1,1,-1,0,0,13657500,43365000,1,0.4999999999999999,0.8660254037844387,0,0,0,1,0.8295524761566148
1,49.0,69,-1,1,-1,1,1,-1,1,1,13867500,969082500,0,0.4999999999999999,-0.8660254037844387,0,0,0,1,0.2012082633289096
1,39.0,43,-1,-1,1,1,-1,1,1,0,6622500,289695000,0,-0.8660254037844386,0.5000000000000001,0,0,1,0,0.14080019597544785
0,40.0,11,1,-1,-1,1,-1,-1,1,1,5407500,60390000,0,1.0,6.123233995736766e-17,0,1,0,0,0.22235169082324313
0,42.0,45,-1,-1,1,-1,-1,-1,0,1,7537500,333232500,0,0.8660254037844386,0.5000000000000001,0,0,1,0,0.35257778868900275
1,34.0,72,-1,1,1,1,1,1,1,1,16462500,1163835000,0,-0.8660254037844386,0.5000000000000001,0,0,0,1,0.2655740320146131
0,29.0,2,-1,-1,1,-1,-1,-1,0,0,11880000,25927500,1,0.0,1.0,0,0,0,1,0.7926441143542039
0,19.0,12,0,0,0,0,0,0,1,0,3045000,33675000,0,0.4999999999999999,0.8660254037844387,1,0,0,0,0.1245824262763444
0,32.0,67,-1,1,1,1,1,1,1,1,16852500,1108267500,0,0.4999999999999999,0.8660254037844387,0,0,0,1,0.28755448870009326
1,46.0,37,-1,-1,1,1,1,-1,1,0,14145000,519142500,0,0.8660254037844387,-0.4999999999999998,0,0,0,1,0.30513584700524443
0,32.0,39,1,1,-1,1,-1,-1,1,0,6172500,255135000,0,0.8660254037844387,-0.4999999999999998,0,0,1,0,0.06732331063873076
0,37.0,41,1,-1,1,1,-1,1,0,1,11197500,463597500,0,-0.8660254037844385,-0.5000000000000004,0,0,1,0,0.2671577534236602
0,46.0,25,-1,-1,1,-1,1,1,0,1,7237500,194070000,0,-0.8660254037844385,-0.5000000000000004,0,0,1,0,0.7296889042283304
1,46.0,8,1,1,-1,1,-1,1,1,1,11422500,96870000,0,-1.0,-1.8369701987210294e-16,0,0,1,0,0.24773770317507937
0,27.0,71,1,1,1,1,-1,-1,1,0,10665000,783742500,0,-0.8660254037844386,0.5000000000000001,0,0,1,0,0.021277146741660376
1,52.0,5,-1,1,1,-1,-1,1,0,0,14482500,75015000,0,0.8660254037844387,-0.4999999999999998,0,0,0,1,0.795128488151799
0,54.0,30,1,-1,1,-1,1,1,1,1,11895000,364065000,0,0.8660254037844387,-0.4999999999999998,0,0,1,0,0.28380809647480965
1,26.0,40,-1,1,-1,1,-1,1,1,1,13440000,523222500,0,0.4999999999999999,0.8660254037844387,0,0,0,1,0.3735924218293921
0,30.0,54,0,0,0,0,0,0,1,1,3075000,155355000,0,0.4999999999999999,-0.8660254037844387,1,0,0,0,0.03259204443684514
1,54.0,72,-1,1,1,-1,1,1,1,1,15945000,1134802500,0,0.4999999999999999,-0.8660254037844387,0,0,0,1,0.34158083637684933
1,38.0,28,-1,1,1,-1,1,1,1,0,15052500,419850000,0,0.8660254037844387,-0.4999999999999998,0,0,0,1,0.5300526691349684
1,18.0,18,-1,-1,-1,1,-1,1,0,1,12840000,240225000,0,-0.8660254037844386,0.5000000000000001,0,0,0,1,0.7801921672499136
0,23.0,2,-1,-1,-1,-1,1,1,0,1,6787500,12825000,1,-0.4999999999999997,-0.8660254037844388,0,0,1,0,0.8645083324745761
0,37.0,59,-1,1,1,-1,1,1,1,1,15922500,938430000,0,0.4999999999999999,-0.8660254037844387,0,0,0,1,0.4154460222460913
1,26.0,22,-1,-1,-1,1,-1,-1,0,1,7665000,184935000,0,0.8660254037844387,-0.4999999999999998,0,0,1,0,0.46604743084401895
0,35.0,1,0,0,0,0,0,0,0,0,2985000,2985000,0,-0.8660254037844385,-0.5000000000000004,1,0,0,0,0.37465970803118415
0,40.0,72,0,0,0,0,0,0,1,1,3855000,290610000,0,0.8660254037844387,-0.4999999999999998,1,0,0,0,0.0160736592113339
0,58.0,14,-1,-1,-1,-1,-1,-1,0,1,11145000,164437500,1,-0.8660254037844385,-0.5000000000000004,0,0,0,1,0.7948725627087119
1,37.0,50,-1,-1,-1,1,1,1,1,0,14910000,758962500,0,-0.5000000000000004,0.8660254037844384,0,0,0,1,0.3296149854244172
0,53.0,48,1,-1,1,1,1,-1,1,0,10455000,453547500,0,0.4999999999999999,-0.8660254037844387,0,0,1,0,0.06153373926460334
0,57.0,49,-1,1,-1,-1,1,1,0,1,14752500,733380000,0,0.8660254037844387,-0.4999999999999998,0,0,0,1,0.7247771586961467
1,57.0,28,-1,-1,1,-1,1,-1,0,0,12817500,343485000,0,-0.5000000000000004,0.8660254037844384,0,0,0,1,0.7117512714615136
1,43.0,68,-1,1,1,-1,-1,1,0,1,14385000,975480000,0,0.8660254037844387,-0.4999999999999998,0,0,0,1,0.524388081943657
1,18.0,13,-1,-1,-1,1,1,1,0,0,15112500,196987500,0,0.8660254037844386,0.5000000000000001,0,0,0,1,0.7787572377798021
0,46.0,11,-1,-1,1,-1,1,-1,0,1,13380000,148545000,0,-1.0,-1.8369701987210294e-16,0,0,0,1,0.8458451997502039
0,53.0,3,-1,-1,-1,-1,-1,-1,0,1,11115000,34200000,1,-0.8660254037844385,-0.5000000000000004,0,0,0,1,0.8443479950825422
1,39.0,57,-1,-1,1,-1,1,1,0,0,15090000,861922500,1,0.0,1.0,0,0,0,1,0.6282219764201642
1,61.0,3,-1,-1,-1,-1,-1,-1,0,0,11250000,31365000,1,-1.0,-1.8369701987210294e-16,0,0,0,1,0.788675665975255
1,50.0,72,0,0,0,0,0,0,1,0,3862500,279630000,0,-0.8660254037844385,-0.5000000000000004,1,0,0,0,0.010755364030442034
1,47.0,70,-1,1,1,1,1,1,1,1,12615000,896955000,0,0.8660254037844387,-0.4999999999999998,0,0,1,0,0.10692973980588555
0,53.0,49,-1,1,-1,1,1,1,1,0,11895000,585367500,0,0.0,1.0,0,0,1,0,0.12691667814910226
0,44.0,67,1,-1,1,-1,1,1,1,1,16057500,1071375000,0,1.2246467991473532e-16,-1.0,0,0,0,1,0.2909488592821623
1,18.0,46,0,0,0,0,0,0,1,0,3007500,135300000,0,1.0,6.123233995736766e-17,1,0,0,0,0.033533708549472505
0,34.0,64,1,1,-1,1,1,-1,1,1,10530000,672150000,1,-0.8660254037844386,0.5000000000000001,0,1,0,0,0.04464627716596653
0,54.0,37,0,0,0,0,0,0,0,0,2925000,120780000,0,0.8660254037844387,-0.4999999999999998,1,0,0,0,0.11876505816312298
0,30.0,2,-1,-1,-1,-1,-1,-1,0,0,10612500,23227500,1,0.4999999999999999,-0.8660254037844387,0,0,0,1,0.8043986142377301
0,37.0,13,-1,-1,-1,-1,1,1,0,0,6795000,79267500,0,0.4999999999999999,0.8660254037844387,0,0,1,0,0.7477415029451456
0,27.0,72,1,1,1,1,1,1,1,0,17272500,1252455000,0,0.4999999999999999,-0.8660254037844387,0,0,0,1,0.13837964547153617
1,61.0,68,-1,-1,1,1,1,1,1,1,10942500,742987500,0,0.8660254037844386,0.5000000000000001,0,1,0,0,0.10115262847656019
1,60.0,15,0,0,0,0,0,0,1,0,2947500,49897500,0,0.0,1.0,1,0,0,0,0.11267740583380213
0,29.0,24,0,0,0,0,0,0,1,1,2932500,70530000,0,-0.8660254037844386,0.5000000000000001,1,0,0,0,0.11030572909532672
0,42.0,24,-1,-1,-1,1,-1,1,0,1,13432500,338902500,0,-0.8660254037844386,0.5000000000000001,0,0,0,1,0.7329137694972744
1,32.0,27,1,-1,-1,-1,-1,-1,0,0,7552500,211702500,0,-0.4999999999999997,-0.8660254037844388,0,0,1,0,0.31420147342879595
1,47.0,12,-1,-1,-1,1,-1,-1,0,0,7537500,89062500,1,0.4999999999999999,0.8660254037844387,0,1,0,0,0.4042362558940624
0,46.0,71,1,1,1,1,1,1,1,0,13087500,949305000,0,1.0,6.123233995736766e-17,0,1,0,0,0.03971165186265884
1,50.0,67,0,0,0,0,0,0,1,1,3120000,211785000,0,1.2246467991473532e-16,-1.0,1,0,0,0,0.019554303289660742
0,44.0,63,-1,1,1,1,1,1,1,1,16387500,1026210000,0,1.2246467991473532e-16,-1.0,0,0,0,1,0.2995776608397891
1,75.0,1,0,0,0,0,0,0,0,0,3052500,3052500,0,-0.8660254037844385,-0.5000000000000004,1,0,0,0,0.37221592706752776
1,28.0,4,-1,-1,-1,-1,-1,1,0,1,8385000,35775000,0,1.0,6.123233995736766e-17,0,1,0,0,0.74089407419734
0,19.0,40,1,1,-1,-1,-1,-1,0,1,11880000,485077500,1,-0.4999999999999997,-0.8660254037844388,0,0,0,1,0.511731818080227
0,35.0,12,-1,-1,1,-1,1,1,0,1,14400000,159315000,1,-1.0,-1.8369701987210294e-16,0,0,0,1,0.8840475173972888
1,21.0,52,1,1,1,-1,1,1,1,0,11880000,602445000,0,1.0,6.123233995736766e-17,0,0,1,0,0.11793034703130431
1,22.0,10,0,0,0,0,0,0,0,1,3600000,33982500,0,-0.5000000000000004,0.8660254037844384,1,0,0,0,0.3826730926606769
1,28.0,68,1,1,1,-1,1,-1,1,0,15202500,1066612500,0,0.8660254037844387,-0.4999999999999998,0,0,0,1,0.15226699019758627
0,29.0,54,-1,-1,-1,1,1,1,0,1,15015000,816135000,1,1.0,6.123233995736766e-17,0,0,0,1,0.6383061739906215
0,29.0,4,-1,1,-1,1,-1,-1,0,0,8475000,35265000,1,-0.5000000000000004,0.8660254037844384,0,0,1,0,0.4771400557307155
0,46.0,52,1,-1,1,-1,-1,-1,1,0,5317500,293842500,0,0.4999999999999999,0.8660254037844387,0,0,1,0,0.06979604655958811
0,34.0,1,-1,-1,1,-1,-1,1,0,1,12750000,12750000,1,0.0,1.0,0,0,0,1,0.8930312735152177
1,38.0,70,1,1,1,1,1,-1,1,0,11910000,829335000,0,-0.4999999999999997,-0.8660254037844388,0,0,1,0,0.031436102374157705
1,51.0,43,1,-1,1,-1,-1,-1,1,1,5280000,219555000,0,-0.5000000000000004,0.8660254037844384,0,1,0,0,0.11105926875879085
1,31.0,52,0,0,0,0,0,0,1,0,2947500,153757500,0,0.0,1.0,1,0,0,0,0.02638953374022285
0,37.0,12,1,-1,1,1,-1,1,1,0,7477500,82815000,0,0.0,1.0,0,0,1,0,0.23612771157768733
0,44.0,56,1,1,-1,-1,-1,1,1,0,10312500,572310000,0,0.8660254037844386,0.5000000000000001,0,0,1,0,0.07159133571564925
1,18.0,0,1,1,-1,1,-1,-1,1,1,9285000,0,0,0.0,1.0,0,0,1,0,0.26031597946921803
1,18.0,42,-1,-1,1,-1,-1,-1,0,0,11985000,497010000,0,1.0,6.123233995736766e-17,0,0,0,1,0.5404922055651985
1,44.0,22,-1,-1,-1,-1,1,1,0,1,13462500,290835000,0,-0.5000000000000004,0.8660254037844384,0,0,0,1,0.868048395454914
1,46.0,51,1,1,1,-1,1,1,1,0,8895000,452197500,1,1.2246467991473532e-16,-1.0,0,0,1,0,0.12798295061306375
1,65.0,27,0,0,0,0,0,0,0,1,2910000,69037500,0,-1.0,-1.8369701987210294e-16,1,0,0,0,0.22963457437832424
1,42.0,51,1,-1,1,-1,-1,1,1,1,14047500,725872500,0,0.4999999999999999,0.8660254037844387,0,0,0,1,0.31879780615666986
1,50.0,4,1,-1,-1,-1,-1,-1,0,1,7410000,27660000,1,1.0,6.123233995736766e-17,0,0,1,0,0.613208745856335
1,38.0,1,0,0,0,0,0,0,0,1,2985000,2985000,0,-1.0,-1.8369701987210294e-16,1,0,0,0,0.47972901058305395
1,44.0,35,-1,-1,-1,-1,1,-1,0,0,8250000,301582500,1,0.0,1.0,0,0,1,0,0.4468092064835408
1,60.0,71,-1,1,1,1,-1,1,1,1,10935000,770947500,0,0.8660254037844386,0.5000000000000001,0,1,0,0,0.05756197974609429
0,18.0,1,-1,-1,-1,-1,-1,-1,0,1,10380000,10380000,1,0.8660254037844387,-0.4999999999999998,0,0,0,1,0.8679317562130499
0,45.0,69,0,0,0,0,0,0,1,1,3840000,251010000,0,1.2246467991473532e-16,-1.0,1,0,0,0,0.017006918803102244
1,66.0,14,0,0,0,0,0,0,1,0,2962500,46402500,0,0.4999999999999999,-0.8660254037844387,1,0,0,0,0.11229649142914312
1,43.0,57,1,-1,-1,1,-1,-1,0,0,8355000,475740000,0,-0.4999999999999997,-0.8660254037844388,0,1,0,0,0.0764810704834691
0,60.0,72,1,1,1,1,1,1,1,0,17625000,1300515000,0,0.8660254037844387,-0.4999999999999998,0,0,0,1,0.14003339156878528
1,32.0,48,0,0,0,0,0,0,1,0,2977500,137400000,0,-1.0,-1.8369701987210294e-16,1,0,0,0,0.0296820747032696
0,40.0,4,-1,-1,-1,-1,1,-1,0,1,11835000,44962500,0,-0.5000000000000004,0.8660254037844384,0,0,0,1,0.8870781132868816
1,40.0,31,0,0,0,0,0,0,0,1,3097500,105307500,0,1.2246467991473532e-16,-1.0,1,0,0,0,0.20529190320145346
1,18.0,38,-1,-1,1,1,-1,1,1,1,9345000,353220000,1,-0.5000000000000004,0.8660254037844384,0,0,1,0,0.20540826945145765
1,26.0,37,-1,-1,-1,-1,1,1,0,1,13875000,521010000,1,-0.4999999999999997,-0.8660254037844388,0,0,0,1,0.8083305378170347
0,27.0,1,0,0,0,0,0,0,0,0,2947500,2947500,0,0.0,1.0,1,0,0,0,0.3885667683825752
1,50.0,57,-1,1,1,-1,1,1,1,1,11962500,665730000,0,0.4999999999999999,0.8660254037844387,0,1,0,0,0.17057994667775975
0,50.0,62,1,-1,1,1,1,1,1,1,11992500,722962500,0,-0.4999999999999997,-0.8660254037844388,0,1,0,0,0.07334831180709966
1,44.0,3,-1,-1,-1,1,-1,-1,0,1,4485000,13837500,0,0.8660254037844386,0.5000000000000001,0,0,1,0,0.7007835275056998
0,50.0,72,0,0,0,0,0,0,1,1,2962500,235050000,0,1.2246467991473532e-16,-1.0,1,0,0,0,0.015830559677447408
1,38.0,29,1,1,1,1,-1,-1,0,1,6750000,186367500,0,1.0,6.123233995736766e-17,0,0,1,0,0.30109634644358846
1,54.0,13,-1,-1,-1,-1,-1,-1,0,0,6720000,83880000,0,0.4999999999999999,-0.8660254037844387,0,1,0,0,0.4940067336358243
1,40.0,3,-1,-1,-1,-1,-1,-1,0,0,10447500,33015000,1,-0.8660254037844385,-0.5000000000000004,0,0,0,1,0.804175288508855
0,41.0,11,-1,1,-1,-1,-1,-1,0,0,7665000,79672500,0,-0.4999999999999997,-0.8660254037844388,0,0,1,0,0.5144910058720435
0,37.0,21,1,1,1,1,1,-1,1,0,7972500,177480000,0,0.4999999999999999,0.8660254037844387,0,0,1,0,0.16481486201042608
0,48.0,19,0,0,0,0,0,0,0,0,3705000,69877500,0,1.2246467991473532e-16,-1.0,1,0,0,0,0.20724182181992495
1,35.0,61,1,-1,1,1,1,1,1,1,16740000,1031407500,1,0.8660254037844386,0.5000000000000001,0,0,0,1,0.2628389701241665
0,52.0,11,1,-1,-1,-1,-1,-1,0,0,7282500,75150000,1,1.0,6.123233995736766e-17,0,1,0,0,0.39580015927032025
1,26.0,35,-1,1,1,1,1,1,0,1,16492500,567360000,0,-0.4999999999999997,-0.8660254037844388,0,0,0,1,0.7055856199884516
1,27.0,25,0,0,0,0,0,0,0,0,3120000,69030000,0,0.0,1.0,1,0,0,0,0.18852954198981134
0,48.0,1,0,0,0,0,0,0,0,1,3030000,3030000,1,0.4999999999999999,-0.8660254037844387,1,0,0,0,0.46808420482707924
0,39.0,67,0,0,0,0,0,0,1,1,3840000,268552500,0,-0.5000000000000004,0.8660254037844384,1,0,0,0,0.0199141714346704
1,35.0,19,-1,-1,1,-1,1,-1,0,1,5947500,110002500,1,0.0,1.0,0,0,1,0,0.7155190570437334
1,51.0,56,0,0,0,0,0,0,1,0,3735000,200100000,1,0.8660254037844387,-0.4999999999999998,1,0,0,0,0.020739970938000035
1,33.0,72,1,1,1,-1,1,1,1,1,16260000,1165087500,0,-0.8660254037844386,0.5000000000000001,0,0,0,1,0.2628361957756814
1,38.0,43,0,0,0,0,0,0,1,0,2932500,131422500,0,0.8660254037844386,0.5000000000000001,1,0,0,0,0.03815787570269057
0,57.0,55,1,1,-1,-1,-1,-1,0,1,12765000,690142500,0,1.2246467991473532e-16,-1.0,0,0,0,1,0.3805456395944697
1,58.0,2,1,-1,-1,-1,-1,-1,0,0,8505000,17032500,1,-0.5000000000000004,0.8660254037844384,0,1,0,0,0.45307531796936734
1,59.0,27,-1,-1,-1,-1,-1,-1,0,1,10357500,268987500,0,0.0,1.0,0,0,0,1,0.742691847567358
0,37.0,13,-1,-1,-1,-1,-1,-1,0,1,10522500,133005000,0,1.2246467991473532e-16,-1.0,0,0,0,1,0.8086650978873763
0,55.0,70,1,1,1,-1,1,1,1,1,16672500,1160632500,0,-0.8660254037844386,0.5000000000000001,0,0,0,1,0.26107503053306846
0,29.0,14,1,1,-1,1,1,1,1,0,15892500,202335000,1,1.2246467991473532e-16,-1.0,0,0,0,1,0.3812602449006593
0,29.0,19,-1,-1,-1,1,-1,1,1,1,13402500,253027500,0,-0.8660254037844386,0.5000000000000001,0,0,0,1,0.5267074705274801
0,18.0,20,1,-1,-1,-1,1,-1,0,1,13365000,281887500,0,-0.8660254037844385,-0.5000000000000004,0,0,0,1,0.7411194954577657
1,60.0,43,1,-1,1,1,-1,-1,1,1,13687500,602070000,0,0.0,1.0,0,0,0,1,0.2010826540382377
1,30.0,5,1,-1,1,-1,-1,1,0,1,13552500,65175000,0,1.2246467991473532e-16,-1.0,0,0,0,1,0.8168449728818465
0,38.0,70,-1,1,-1,1,1,1,1,1,15832500,1079302500,0,-0.5000000000000004,0.8660254037844384,0,0,0,1,0.2659115719076288
0,29.0,40,0,0,0,0,0,0,1,0,2865000,117015000,0,-0.8660254037844385,-0.5000000000000004,1,0,0,0,0.0402055776251036
1,48.0,6,0,0,0,0,0,0,1,1,3060000,16140000,0,0.4999999999999999,-0.8660254037844387,1,0,0,0,0.20720843396511854
1,35.0,39,1,-1,1,-1,1,1,1,1,15067500,570255000,0,0.0,1.0,0,0,0,1,0.475946102812252
1,24.0,4,-1,-1,-1,-1,-1,-1,0,0,11242500,46305000,1,0.8660254037844387,-0.4999999999999998,0,0,0,1,0.7921995489430107
1,45.0,15,-1,-1,-1,1,-1,-1,0,1,4455000,65737500,1,0.0,1.0,0,0,1,0,0.5914068616489387
1,23.0,1,-1,-1,1,-1,1,1,0,1,7552500,7552500,1,1.0,6.123233995736766e-17,0,0,1,0,0.8702013720288108
0,30.0,45,1,1,-1,1,-1,-1,0,1,12855000,566715000,0,-0.8660254037844385,-0.5000000000000004,0,0,0,1,0.3636910684751803
0,18.0,64,1,-1,1,1,-1,1,1,0,7177500,472125000,1,1.0,6.123233995736766e-17,0,0,1,0,0.047212900828358065
0,23.0,57,-1,1,1,-1,-1,1,0,0,14100000,815842500,0,1.0,6.123233995736766e-17,0,0,0,1,0.5059633604121455
1,42.0,72,1,1,1,1,-1,-1,1,0,10477500,765352500,0,0.8660254037844387,-0.4999999999999998,0,0,1,0,0.02058034483975756
1,18.0,1,-1,-1,-1,-1,-1,-1,0,1,10545000,10545000,1,-0.8660254037844386,0.5000000000000001,0,0,0,1,0.869752477436622
1,22.0,72,0,0,0,0,0,0,1,0,3877500,280830000,0,-0.5000000000000004,0.8660254037844384,1,0,0,0,0.011446862536956755
0,40.0,3,1,1,-1,1,-1,1,1,0,10665000,32002500,0,-1.0,-1.8369701987210294e-16,0,1,0,0,0.17934057922105243
1,33.0,55,1,-1,-1,-1,1,1,0,1,14820000,842662500,1,0.8660254037844387,-0.4999999999999998,0,0,0,1,0.6355057753145096
0,64.0,59,-1,-1,1,1,1,-1,0,0,14002500,807975000,0,1.2246467991473532e-16,-1.0,0,0,0,1,0.38498433825443934
0,62.0,18,-1,-1,-1,1,1,1,0,1,14977500,266542500,1,-0.8660254037844385,-0.5000000000000004,0,0,0,1,0.8037384006309475
1,30.0,32,-1,-1,-1,-1,-1,1,0,1,12045000,372457500,1,0.4999999999999999,0.8660254037844387,0,0,0,1,0.7826879549769273
0,47.0,4,1,-1,-1,-1,-1,-1,0,1,7582500,35347500,0,-0.4999999999999997,-0.8660254037844388,0,0,1,0,0.5944823215917602
0,49.0,66,-1,1,-1,-1,-1,-1,0,1,12067500,783652500,1,1.0,6.123233995736766e-17,0,0,0,1,0.4179162978131565
1,33.0,27,-1,-1,1,-1,-1,-1,0,1,12195000,340920000,0,0.4999999999999999,0.8660254037844387,0,0,0,1,0.7330844646871355
1,22.0,4,0,0,0,0,0,0,0,1,3105000,12562500,0,1.0,6.123233995736766e-17,1,0,0,0,0.45553060078775903
1,40.0,60,1,1,-1,1,1,1,0,1,11857500,699510000,0,0.4999999999999999,0.8660254037844387,0,0,1,0,0.22714137090590603
0,38.0,8,0,0,0,0,0,0,1,0,2857500,30255000,0,-0.4999999999999997,-0.8660254037844388,1,0,0,0,0.1392477960669876
1,35.0,8,0,0,0,0,0,0,1,0,2940000,18750000,0,1.2246467991473532e-16,-1.0,1,0,0,0,0.14090775827006663
1,45.0,35,0,0,0,0,0,0,1,1,3030000,102660000,0,0.8660254037844387,-0.4999999999999998,1,0,0,0,0.07270512031276706
1,31.0,7,-1,-1,-1,-1,-1,1,0,1,13020000,93052500,1,1.0,6.123233995736766e-17,0,0,0,1,0.8736280965792781
0,26.0,53,0,0,0,0,0,0,1,0,3135000,171907500,0,-0.5000000000000004,0.8660254037844384,1,0,0,0,0.024439547625033177
0,41.0,18,-1,1,-1,1,1,1,0,1,15540000,270952500,0,0.4999999999999999,-0.8660254037844387,0,0,0,1,0.7859010342763588
0,45.0,15,-1,1,-1,-1,-1,1,1,1,5820000,90450000,0,-1.0,-1.8369701987210294e-16,0,0,1,0,0.47832405500422015
1,26.0,67,-1,1,-1,-1,1,-1,1,1,13260000,869745000,0,0.4999999999999999,0.8660254037844387,0,0,0,1,0.285274224472946
1,51.0,6,-1,1,-1,-1,-1,1,0,1,12630000,77872500,1,-0.4999999999999997,-0.8660254037844388,0,0,0,1,0.8649002296356176
1,19.0,6,-1,-1,-1,-1,1,-1,0,1,11955000,74640000,0,1.0,6.123233995736766e-17,0,0,0,1,0.8856888884052232
1,33.0,13,-1,-1,-1,1,1,1,0,1,14850000,195255000,1,0.8660254037844387,-0.4999999999999998,0,0,0,1,0.8371890068820951
0,37.0,11,-1,-1,1,-1,1,1,0,1,15112500,169462500,1,0.0,1.0,0,0,0,1,0.8861740148240973
1,32.0,1,0,0,0,0,0,0,0,1,2895000,2895000,0,0.4999999999999999,-0.8660254037844387,1,0,0,0,0.4832239490538827
1,33.0,5,1,-1,-1,1,-1,-1,0,1,8362500,40042500,0,1.2246467991473532e-16,-1.0,0,0,1,0,0.4823797017214897
1,62.0,13,0,0,0,0,0,0,1,1,2992500,38550000,0,-1.0,-1.8369701987210294e-16,1,0,0,0,0.16250720344248365
0,30.0,9,1,1,1,-1,-1,-1,0,0,13762500,129870000,1,0.0,1.0,0,0,0,1,0.6128938452443483
1,69.0,29,-1,1,-1,1,1,-1,0,0,13447500,393547500,0,0.8660254037844387,-0.4999999999999998,0,0,0,1,0.5875365522280628
1,45.0,1,-1,-1,-1,-1,-1,-1,0,1,6877500,6877500,0,-0.8660254037844386,0.5000000000000001,0,1,0,0,0.6947330241150815
0,41.0,1,-1,-1,1,-1,-1,-1,0,1,11932500,11932500,1,-0.8660254037844386,0.5000000000000001,0,0,0,1,0.8480079047065058
0,46.0,18,-1,-1,-1,-1,1,-1,0,0,8392500,162420000,0,0.0,1.0,0,0,1,0,0.5821580961193624
0,70.0,2,-1,-1,1,-1,1,1,0,0,10350000,22170000,0,-1.0,-1.8369701987210294e-16,0,0,1,0,0.748091878900313
1,28.0,30,-1,1,-1,1,-1,-1,0,1,12532500,385530000,0,0.4999999999999999,0.8660254037844387,0,0,0,1,0.6036516060300354
1,27.0,66,1,1,-1,1,-1,-1,1,0,9855000,656835000,0,1.0,6.123233995736766e-17,0,0,1,0,0.025081052696948283
1,31.0,38,-1,-1,1,1,1,-1,1,1,14235000,542437500,0,0.4999999999999999,0.8660254037844387,0,0,0,1,0.3980145670082556
1,40.0,44,-1,1,1,1,-1,-1,0,1,9285000,438607500,0,0.4999999999999999,0.8660254037844387,0,0,1,0,0.26403109571179567
0,19.0,54,-1,1,1,1,1,1,0,0,16665000,902227500,1,-1.0,-1.8369701987210294e-16,0,0,0,1,0.5093980327466271
1,40.0,2,0,0,0,0,0,0,0,0,3000000,4905000,0,0.8660254037844387,-0.4999999999999998,1,0,0,0,0.3760408626255308
0,60.0,42,1,1,-1,1,-1,1,1,1,10155000,432337500,0,0.8660254037844386,0.5000000000000001,0,1,0,0,0.09052069583819965
0,42.0,58,0,0,0,0,0,0,1,0,3772500,226485000,0,1.0,6.123233995736766e-17,1,0,0,0,0.019357591947044568
1,36.0,58,-1,1,-1,-1,1,1,0,1,13927500,795757500,0,0.4999999999999999,-0.8660254037844387,0,0,0,1,0.6818895681410859
0,33.0,25,-1,-1,1,-1,-1,1,0,1,13365000,355260000,1,1.0,6.123233995736766e-17,0,0,0,1,0.8039315559540211
0,51.0,71,1,1,1,1,1,1,1,0,16695000,1197885000,0,-1.0,-1.8369701987210294e-16,0,0,0,1,0.1396830146892254
0,30.0,37,-1,1,1,-1,1,1,0,1,15285000,531802500,1,0.4999999999999999,0.8660254037844387,0,0,0,1,0.7786945202471952
0,62.0,14,-1,-1,-1,1,1,-1,0,1,13747500,195150000,1,-1.0,-1.8369701987210294e-16,0,0,0,1,0.7645802241451051
0,63.0,4,-1,-1,1,-1,-1,1,0,1,13327500,55867500,1,0.8660254037844387,-0.4999999999999998,0,0,0,1,0.8734066764847378
0,43.0,48,1,-1,-1,1,-1,-1,1,1,9090000,447787500,0,0.8660254037844387,-0.4999999999999998,0,0,1,0,0.06782148530007427
0,40.0,3,-1,-1,-1,-1,-1,-1,0,0,3795000,11662500,1,-0.8660254037844385,-0.5000000000000004,0,1,0,0,0.6499991065658712
0,52.0,8,1,-1,-1,1,-1,1,1,0,9825000,84652500,0,0.8660254037844386,0.5000000000000001,0,0,1,0,0.21991775668220612
1,53.0,1,-1,-1,-1,-1,1,1,0,1,14317500,14317500,1,1.2246467991473532e-16,-1.0,0,0,0,1,0.9118050312203989
1,30.0,67,0,0,0,0,0,0,1,0,2992500,196762500,0,-0.8660254037844385,-0.5000000000000004,1,0,0,0,0.013451368002860703
1,34.0,13,-1,-1,-1,-1,1,1,0,1,13665000,170355000,1,1.2246467991473532e-16,-1.0,0,0,0,1,0.8892013149247605
0,24.0,45,-1,1,-1,1,-1,-1,1,1,8122500,347970000,1,-0.4999999999999997,-0.8660254037844388,0,0,1,0,0.10016073825665206
1,45.0,49,-1,-1,-1,-1,-1,-1,0,1,11190000,558052500,0,0.4999999999999999,-0.8660254037844387,0,0,0,1,0.5813575465736158
0,48.0,52,-1,1,1,-1,1,-1,0,0,14190000,753870000,0,-1.0,-1.8369701987210294e-16,0,0,0,1,0.5201440487250502
0,24.0,63,1,-1,1,-1,-1,-1,1,1,12172500,783675000,0,-0.8660254037844385,-0.5000000000000004,0,0,0,1,0.17325101116283564
0,35.0,68,1,1,1,1,1,1,1,1,13357500,927870000,0,1.2246467991473532e-16,-1.0,0,0,1,0,0.07392625108446842
0,24.0,31,-1,-1,-1,1,-1,-1,0,1,7380000,224782500,0,-0.8660254037844385,-0.5000000000000004,0,0,1,0,0.3725251257497258
0,29.0,64,0,0,0,0,0,0,1,0,2917500,181290000,0,0.8660254037844387,-0.4999999999999998,1,0,0,0,0.015100248252158225
0,47.0,62,1,-1,1,1,1,1,1,1,15645000,992047500,0,0.8660254037844387,-0.4999999999999998,0,0,0,1,0.25280392498286797
0,31.0,1,-1,-1,-1,-1,-1,-1,0,0,10455000,10455000,1,-0.8660254037844385,-0.5000000000000004,0,0,0,1,0.8098204966361514
0,36.0,6,-1,-1,-1,-1,1,1,0,1,13425000,85995000,1,0.4999999999999999,0.8660254037844387,0,0,0,1,0.9115589474509446
0,20.0,21,-1,-1,-1,1,1,-1,0,1,12907500,272835000,0,0.0,1.0,0,0,0,1,0.7550032029247665
0,42.0,72,0,0,0,0,0,0,1,0,3780000,268102500,0,-0.8660254037844386,0.5000000000000001,1,0,0,0,0.010667180683110646
0,39.0,32,1,1,-1,-1,-1,-1,0,1,5272500,157657500,0,-0.8660254037844385,-0.5000000000000004,0,1,0,0,0.31267909903246416
0,31.0,71,1,1,-1,1,1,-1,1,1,14947500,1077187500,0,1.2246467991473532e-16,-1.0,0,0,0,1,0.13252561558564893
0,38.0,34,1,1,1,-1,1,1,0,1,15802500,553290000,0,-0.8660254037844385,-0.5000000000000004,0,0,0,1,0.7102371452347672
1,42.0,3,-1,-1,-1,-1,-1,1,0,1,5272500,14962500,1,-0.4999999999999997,-0.8660254037844388,0,0,1,0,0.8259454182429617
1,30.0,12,-1,-1,-1,-1,-1,-1,0,1,11062500,130710000,1,1.0,6.123233995736766e-17,0,0,0,1,0.818109068599371
0,22.0,8,-1,-1,1,-1,1,1,0,0,15202500,117075000,1,0.4999999999999999,-0.8660254037844387,0,0,0,1,0.8445872138485381
0,62.0,35,0,0,0,0,0,0,1,0,3645000,123240000,0,0.0,1.0,1,0,0,0,0.047586946190682926
0,32.0,3,-1,-1,-1,-1,1,-1,0,1,12105000,35917500,0,0.4999999999999999,0.8660254037844387,0,0,0,1,0.8896377254431426
1,39.0,3,-1,-1,1,1,1,-1,0,1,13477500,36667500,0,-0.8660254037844386,0.5000000000000001,0,0,0,1,0.8293062322318736
1,52.0,53,-1,-1,1,-1,-1,1,1,1,9165000,503685000,0,-0.5000000000000004,0.8660254037844384,0,0,1,0,0.18677370624333559
0,75.0,4,1,-1,-1,-1,-1,-1,0,1,4357500,19440000,0,1.2246467991473532e-16,-1.0,0,0,1,0,0.6637238008500564
0,25.0,48,1,-1,1,-1,1,1,1,1,14955000,746580000,0,0.8660254037844387,-0.4999999999999998,0,0,0,1,0.4244815134798083
0,45.0,6,1,1,-1,-1,-1,-1,0,0,8385000,54802500,1,0.4999999999999999,0.8660254037844387,0,0,1,0,0.453511291501649
1,32.0,3,-1,1,1,-1,1,1,0,1,15885000,50197500,1,0.0,1.0,0,0,0,1,0.8935917734512083
1,34.0,54,-1,-1,1,1,-1,1,1,0,6900000,363607500,0,1.0,6.123233995736766e-17,0,0,1,0,0.09730298010724432
0,31.0,1,-1,-1,-1,-1,-1,-1,0,0,6592500,6592500,1,1.2246467991473532e-16,-1.0,0,1,0,0,0.6026322738944302
1,26.0,62,-1,1,1,1,1,1,0,1,12060000,747172500,0,-1.0,-1.8369701987210294e-16,0,0,1,0,0.2961253239790763
1,40.0,22,-1,1,1,-1,1,1,1,1,15007500,313537500,0,0.4999999999999999,-0.8660254037844387,0,0,0,1,0.6527361770880513
1,22.0,1,-1,-1,-1,-1,-1,-1,0,1,6765000,6765000,1,1.2246467991473532e-16,-1.0,0,0,1,0,0.7395455369090104
1,51.0,51,-1,-1,1,-1,1,1,1,1,14100000,735862500,0,0.4999999999999999,-0.8660254037844387,0,0,0,1,0.511154402338206
0,41.0,30,-1,1,1,-1,1,-1,1,1,10342500,305805000,0,-0.8660254037844385,-0.5000000000000004,0,0,1,0,0.272960967137955
0,45.0,56,1,1,1,1,-1,-1,1,1,10267500,602100000,0,0.0,1.0,0,0,1,0,0.0499717075710414
1,34.0,35,-1,1,-1,1,1,-1,1,1,10350000,366255000,0,0.4999999999999999,0.8660254037844387,0,0,1,0,0.19228833348991883
0,36.0,64,-1,1,-1,1,1,-1,0,1,6577500,412650000,0,0.8660254037844387,-0.4999999999999998,0,0,1,0,0.20616503718322912
1,43.0,30,-1,-1,-1,-1,1,1,0,1,6675000,196170000,0,1.0,6.123233995736766e-17,0,0,1,0,0.7063991840576003
0,26.0,25,0,0,0,0,0,0,1,1,2805000,57547500,0,0.8660254037844386,0.5000000000000001,1,0,0,0,0.10788252938706228
0,36.0,41,-1,-1,-1,-1,-1,-1,0,0,10537500,430207500,1,-1.0,-1.8369701987210294e-16,0,0,0,1,0.5437985891938226
1,30.0,9,-1,-1,-1,-1,1,-1,0,0,8302500,67462500,1,0.4999999999999999,0.8660254037844387,0,0,1,0,0.6629264404337816
0,29.0,1,1,1,-1,-1,-1,-1,0,1,8032500,8032500,0,0.8660254037844387,-0.4999999999999998,0,1,0,0,0.5452145644154177
1,18.0,70,1,1,1,1,1,1,1,1,17190000,1182375000,0,1.0,6.123233995736766e-17,0,0,0,1,0.20333706820779426
0,56.0,57,0,0,0,0,0,0,1,1,3015000,163155000,0,-0.5000000000000004,0.8660254037844384,1,0,0,0,0.0291075607020663
1,32.0,9,-1,-1,-1,-1,1,-1,0,1,12825000,118755000,0,0.4999999999999999,0.8660254037844387,0,0,0,1,0.867647033045555
0,54.0,69,-1,1,1,1,1,1,1,1,16312500,1123957500,0,-1.0,-1.8369701987210294e-16,0,0,0,1,0.27253447279717175
1,53.0,43,-1,1,1,-1,1,1,0,1,15450000,662145000,1,-0.8660254037844385,-0.5000000000000004,0,0,0,1,0.7510354828700965
0,25.0,72,-1,-1,1,-1,1,1,1,1,14677500,1026195000,0,-0.8660254037844385,-0.5000000000000004,0,0,0,1,0.3532587469273813
1,27.0,44,0,0,0,0,0,0,1,0,2932500,122992500,0,1.2246467991473532e-16,-1.0,1,0,0,0,0.03478290898515096
0,71.0,72,1,1,-1,-1,-1,-1,1,1,12607500,907837500,0,0.8660254037844387,-0.4999999999999998,0,0,0,1,0.12192929838232112
0,61.0,33,1,-1,1,1,1,1,1,1,15562500,504157500,1,1.0,6.123233995736766e-17,0,0,0,1,0.3994475429342213
1,40.0,54,-1,-1,1,-1,-1,1,0,0,13410000,730425000,0,-0.8660254037844385,-0.5000000000000004,0,0,0,1,0.5452440924447572
1,43.0,27,0,0,0,0,0,0,1,0,2955000,76395000,0,0.8660254037844386,0.5000000000000001,1,0,0,0,0.07116128202068284
1,32.0,54,-1,1,-1,-1,-1,-1,0,1,11977500,646237500,0,-0.4999999999999997,-0.8660254037844388,0,0,0,1,0.5124295256987288
1,45.0,3,-1,1,-1,-1,-1,-1,0,0,11167500,33165000,0,1.0,6.123233995736766e-17,0,0,0,1,0.7833010476499529
0,31.0,53,1,1,1,-1,-1,1,1,0,11115000,575092500,0,-0.5000000000000004,0.8660254037844384,0,0,1,0,0.07695718016036554
1,18.0,1,-1,-1,-1,-1,-1,-1,0,1,10402500,10402500,1,-0.8660254037844385,-0.5000000000000004,0,0,0,1,0.8686970102408664
1,24.0,15,0,0,0,0,0,0,1,0,2820000,44242500,0,0.0,1.0,1,0,0,0,0.116510256228891
0,40.0,56,-1,1,-1,-1,-1,-1,0,1,11077500,613927500,1,0.4999999999999999,0.8660254037844387,0,0,0,1,0.5057821201400269
1,26.0,5,1,1,-1,1,-1,-1,0,0,9660000,47535000,0,-0.8660254037844386,0.5000000000000001,0,0,1,0,0.3447839565279955
1,39.0,48,-1,1,1,-1,-1,-1,1,1,8370000,397680000,0,1.2246467991473532e-16,-1.0,0,0,1,0,0.13329655265475004
0,27.0,25,0,0,0,0,0,0,0,0,3007500,70755000,0,-0.8660254037844386,0.5000000000000001,1,0,0,0,0.18222439542942864
0,31.0,3,-1,-1,-1,-1,-1,-1,0,1,11272500,32512500,1,-0.8660254037844386,0.5000000000000001,0,0,0,1,0.8475803619552015
1,50.0,58,1,1,-1,-1,1,1,1,0,14872500,858142500,0,0.8660254037844386,0.5000000000000001,0,0,0,1,0.2566540560059243
1,43.0,10,-1,-1,-1,-1,-1,1,0,1,8512500,75487500,0,0.4999999999999999,-0.8660254037844387,0,0,1,0,0.7284586596624283
1,40.0,1,-1,-1,-1,-1,-1,-1,0,1,10440000,10440000,1,-0.4999999999999997,-0.8660254037844388,0,0,0,1,0.8655301682377946
1,51.0,71,-1,1,-1,1,1,1,1,1,15622500,1104795000,0,0.4999999999999999,-0.8660254037844387,0,0,0,1,0.2666179121329513
0,46.0,65,-1,1,1,1,1,1,1,1,16620000,1086885000,0,0.8660254037844387,-0.4999999999999998,0,0,0,1,0.29727233637303585
1,57.0,5,-1,1,-1,-1,-1,-1,0,1,12022500,57750000,1,0.4999999999999999,0.8660254037844387,0,0,0,1,0.8221206559078421
0,34.0,28,-1,-1,1,1,-1,-1,0,1,5362500,144210000,0,-0.8660254037844386,0.5000000000000001,0,0,1,0,0.4383597379001335
0,35.0,67,-1,-1,1,1,-1,1,1,1,10485000,692385000,0,-1.0,-1.8369701987210294e-16,0,1,0,0,0.06694183443858351
1,24.0,35,1,-1,-1,1,-1,1,1,1,13380000,487695000,0,-0.8660254037844385,-0.5000000000000004,0,0,0,1,0.32947360561525646
0,35.0,72,1,1,1,1,-1,1,1,0,8347500,582007500,0,1.2246467991473532e-16,-1.0,0,0,1,0,0.029782074445918103
0,52.0,61,1,1,-1,1,-1,1,1,1,7605000,463312500,0,0.4999999999999999,0.8660254037844387,0,0,1,0,0.06596300257822811
1,56.0,68,0,0,0,0,0,0,1,1,3000000,209400000,0,0.8660254037844387,-0.4999999999999998,1,0,0,0,0.019200821250269087
0,52.0,1,1,-1,-1,-1,-1,-1,0,0,4575000,4575000,1,1.0,6.123233995736766e-17,0,0,1,0,0.6087872708716225
1,18.0,3,0,0,0,0,0,0,0,1,2865000,7957500,0,-0.5000000000000004,0.8660254037844384,1,0,0,0,0.472850951036944
1,53.0,70,-1,1,-1,-1,1,1,1,0,14745000,1028925000,1,-0.8660254037844385,-0.5000000000000004,0,0,0,1,0.2686206054156107
0,18.0,48,-1,1,1,-1,-1,1,0,0,6832500,316252500,0,-1.0,-1.8369701987210294e-16,0,1,0,0,0.28043201662055234
1,51.0,68,-1,1,-1,-1,1,1,1,1,15157500,1015575000,0,-0.5000000000000004,0.8660254037844384,0,0,0,1,0.368142196754281
0,36.0,47,1,-1,1,1,1,1,1,1,15555000,709590000,0,-0.8660254037844386,0.5000000000000001,0,0,0,1,0.3184444285248951
1,48.0,32,-1,-1,1,1,-1,-1,1,1,5437500,172657500,0,0.8660254037844386,0.5000000000000001,0,0,1,0,0.19970479159088872
0,24.0,5,1,-1,-1,-1,-1,-1,0,1,7410000,34882500,0,-0.4999999999999997,-0.8660254037844388,0,1,0,0,0.5401015067391777
1,54.0,49,0,0,0,0,0,0,1,1,2985000,153390000,0,1.0,6.123233995736766e-17,1,0,0,0,0.0425526377481871
0,22.0,48,-1,1,1,-1,1,1,0,1,16110000,768195000,1,-1.0,-1.8369701987210294e-16,0,0,0,1,0.7222527834848851
0,32.0,13,-1,-1,-1,-1,-1,1,0,1,12300000,169080000,1,-0.5000000000000004,0.8660254037844384,0,0,0,1,0.8587211506079362
1,28.0,15,0,0,0,0,0,0,0,1,2970000,46410000,0,-0.8660254037844385,-0.5000000000000004,1,0,0,0,0.3386519818921051
0,19.0,12,-1,-1,-1,-1,-1,-1,0,1,6757500,78465000,0,0.4999999999999999,-0.8660254037844387,0,0,1,0,0.6489910986795692
1,41.0,67,1,1,-1,1,-1,-1,1,1,9682500,637515000,0,-0.8660254037844385,-0.5000000000000004,0,0,1,0,0.03312959155244705
1,62.0,9,-1,-1,-1,1,1,-1,0,0,12937500,115575000,0,-0.4999999999999997,-0.8660254037844388,0,0,0,1,0.7333400158351302
0,72.0,13,0,0,0,0,0,0,1,1,2962500,37005000,0,0.0,1.0,1,0,0,0,0.16214910479117214
0,41.0,38,-1,-1,-1,-1,1,1,1,1,13365000,501300000,0,0.8660254037844386,0.5000000000000001,0,0,0,1,0.5975739140310633
0,53.0,42,-1,1,1,-1,1,-1,0,1,14332500,589590000,0,-0.4999999999999997,-0.8660254037844388,0,0,0,1,0.6622225431468801
0,43.0,24,-1,-1,-1,-1,-1,-1,0,1,11310000,262177500,1,1.0,6.123233995736766e-17,0,0,0,1,0.7427080867425108
0,46.0,27,1,-1,1,-1,1,1,0,1,15187500,413167500,1,0.4999999999999999,0.8660254037844387,0,0,0,1,0.7720288364230063
1,36.0,9,-1,1,1,-1,1,1,0,1,15390000,134662500,0,0.0,1.0,0,0,0,1,0.88247481678752
0,42.0,49,-1,1,-1,1,1,1,1,1,8445000,417090000,0,0.4999999999999999,0.8660254037844387,0,1,0,0,0.1670658589894939
0,46.0,61,1,1,1,1,-1,-1,0,1,14130000,884317500,0,-1.0,-1.8369701987210294e-16,0,0,0,1,0.2728252307969767
1,33.0,50,1,1,-1,-1,1,-1,1,1,6457500,331207500,0,1.2246467991473532e-16,-1.0,0,0,1,0,0.13511881421264726
1,39.0,25,-1,1,-1,-1,1,-1,0,1,13425000,329422500,1,1.0,6.123233995736766e-17,0,0,0,1,0.7796062181197441
0,39.0,22,-1,-1,-1,-1,-1,-1,0,1,11160000,253890000,1,1.0,6.123233995736766e-17,0,0,0,1,0.7614582064073583
1,50.0,1,0,0,0,0,0,0,0,0,3075000,3075000,1,-0.5000000000000004,0.8660254037844384,1,0,0,0,0.38584279103695196
1,27.0,4,-1,-1,-1,-1,-1,-1,0,1,11152500,39802500,1,-0.5000000000000004,0.8660254037844384,0,0,0,1,0.8509272415536827
0,39.0,18,-1,-1,-1,1,1,1,0,0,14962500,275437500,1,0.4999999999999999,-0.8660254037844387,0,0,0,1,0.743190347689348
0,63.0,56,-1,1,1,1,1,1,1,1,16792500,962835000,1,0.0,1.0,0,0,0,1,0.34876201694588316
0,54.0,53,-1,1,1,1,1,-1,1,1,14100000,730717500,0,0.4999999999999999,-0.8660254037844387,0,0,0,1,0.2665900403164692
0,56.0,51,-1,-1,1,-1,1,1,1,1,14827500,742132500,0,1.0,6.123233995736766e-17,0,0,0,1,0.4918145536026612
0,40.0,24,1,1,1,-1,-1,-1,1,0,9652500,233797500,0,-0.4999999999999997,-0.8660254037844388,0,0,1,0,0.12255680701246303
0,44.0,62,1,1,1,-1,1,-1,1,1,10800000,642630000,0,1.2246467991473532e-16,-1.0,0,1,0,0,0.06436147802477232
1,52.0,24,-1,1,-1,-1,-1,-1,0,1,7455000,182737500,0,-0.5000000000000004,0.8660254037844384,0,0,1,0,0.5191300187313564
0,59.0,70,1,1,1,1,1,-1,1,0,12105000,842692500,0,0.8660254037844387,-0.4999999999999998,0,0,1,0,0.030655962703282247
1,18.0,1,-1,-1,-1,-1,-1,-1,0,0,3630000,3630000,0,1.2246467991473532e-16,-1.0,0,0,1,0,0.7277267768738577
1,24.0,16,-1,1,-1,-1,1,-1,0,1,5850000,101977500,1,-0.4999999999999997,-0.8660254037844388,0,0,1,0,0.7142733817778613
0,56.0,8,-1,1,-1,1,1,-1,0,1,9817500,83167500,0,-0.8660254037844385,-0.5000000000000004,0,0,1,0,0.5999395212102816
0,37.0,72,1,1,1,1,-1,1,1,1,11152500,785610000,0,0.0,1.0,0,1,0,0,0.03650529382024202
0,32.0,23,-1,1,1,1,-1,-1,0,0,12480000,304845000,0,0.4999999999999999,0.8660254037844387,0,0,0,1,0.5570858380580976
1,25.0,31,-1,-1,-1,-1,-1,-1,0,0,3750000,118380000,0,0.0,1.0,0,0,1,0,0.4456509166515971
1,33.0,37,1,-1,1,1,-1,-1,1,1,6030000,228802500,0,0.4999999999999999,-0.8660254037844387,0,0,1,0,0.11443869312651614
0,23.0,30,-1,1,-1,1,1,-1,0,1,14115000,420667500,1,0.0,1.0,0,0,0,1,0.6679941654418099
0,65.0,35,1,1,1,-1,1,1,1,1,16252500,558922500,0,1.2246467991473532e-16,-1.0,0,0,0,1,0.4393540053205937
0,40.0,23,-1,1,-1,1,1,-1,0,1,10425000,247815000,0,-1.0,-1.8369701987210294e-16,0,0,1,0,0.47483227435684094
0,39.0,20,1,-1,-1,-1,1,1,1,0,11400000,238312500,0,0.8660254037844387,-0.4999999999999998,0,0,1,0,0.2728037835279608
1,47.0,36,1,-1,-1,-1,1,1,0,1,14040000,504907500,0,-0.8660254037844386,0.5000000000000001,0,0,0,1,0.7384338966483358
0,52.0,8,-1,-1,-1,-1,1,1,0,0,14347500,116715000,1,0.0,1.0,0,0,0,1,0.8552365237077699
1,51.0,71,-1,1,-1,-1,1,1,1,0,15082500,1067062500,0,0.4999999999999999,0.8660254037844387,0,0,0,1,0.27338576681111554
0,53.0,50,-1,1,-1,-1,1,-1,0,1,13207500,655102500,1,0.8660254037844386,0.5000000000000001,0,0,0,1,0.6331852124314999
0,32.0,43,0,0,0,0,0,0,1,1,3667500,148972500,0,1.0,6.123233995736766e-17,1,0,0,0,0.05086023468288226
1,36.0,57,1,1,1,1,1,1,1,0,13432500,751852500,0,0.4999999999999999,0.8660254037844387,0,1,0,0,0.057744426357217306
0,49.0,41,-1,1,-1,1,-1,1,1,1,9975000,409290000,1,-0.4999999999999997,-0.8660254037844388,0,0,1,0,0.1564707459579507
0,34.0,27,-1,1,-1,-1,-1,-1,0,1,11415000,314010000,0,0.0,1.0,0,0,0,1,0.7143058118410903
0,40.0,13,-1,-1,-1,-1,-1,1,0,1,12075000,151770000,0,-0.8660254037844385,-0.5000000000000004,0,0,0,1,0.8531321246057237
1,45.0,3,1,1,-1,-1,-1,-1,0,1,5317500,16027500,1,-0.5000000000000004,0.8660254037844384,0,0,1,0,0.653199096770207
0,49.0,67,0,0,0,0,0,0,1,0,3082500,201510000,0,0.8660254037844387,-0.4999999999999998,1,0,0,0,0.01307279545004481
1,19.0,3,-1,1,-1,-1,-1,-1,0,1,7485000,19515000,1,1.2246467991473532e-16,-1.0,0,0,1,0,0.6922856205343666
0,49.0,64,-1,1,-1,1,1,1,1,1,15810000,1019212500,0,1.0,6.123233995736766e-17,0,0,0,1,0.3038293582435455
1,37.0,26,-1,-1,1,1,-1,-1,0,0,5362500,153375000,0,1.0,6.123233995736766e-17,0,1,0,0,0.3308058855124673
1,48.0,38,-1,1,1,-1,-1,1,0,1,14265000,553680000,0,-0.8660254037844386,0.5000000000000001,0,0,0,1,0.7131550170361739
1,49.0,23,0,0,0,0,0,0,1,0,2895000,72930000,0,0.0,1.0,1,0,0,0,0.08416793367031469
1,59.0,40,-1,1,1,-1,1,1,0,1,15675000,605527500,1,1.0,6.123233995736766e-17,0,0,0,1,0.7635958999252042
1,56.0,72,1,1,1,1,1,1,1,1,9465000,702832500,0,0.8660254037844387,-0.4999999999999998,0,0,1,0,0.07062872648877626
0,56.0,3,-1,-1,-1,-1,-1,-1,0,1,11257500,38437500,1,-0.4999999999999997,-0.8660254037844388,0,0,0,1,0.8422627849357456
1,57.0,23,-1,-1,1,-1,-1,-1,0,1,12150000,287565000,1,-0.5000000000000004,0.8660254037844384,0,0,0,1,0.748648914398801
0,43.0,1,-1,-1,-1,-1,-1,-1,0,1,11167500,11167500,1,-0.4999999999999997,-0.8660254037844388,0,0,0,1,0.8520882302754657
0,40.0,4,1,1,-1,1,-1,-1,0,1,9060000,40822500,1,-0.8660254037844386,0.5000000000000001,0,0,1,0,0.4513556729111238
0,50.0,62,1,1,-1,1,1,1,1,1,12742500,772582500,0,-0.4999999999999997,-0.8660254037844388,0,1,0,0,0.0660488565761726
0,49.0,40,-1,1,1,-1,1,-1,0,1,14010000,563460000,0,-1.0,-1.8369701987210294e-16,0,0,0,1,0.6859938715983016
1,36.0,41,-1,1,-1,-1,1,-1,0,1,13380000,546862500,0,-1.0,-1.8369701987210294e-16,0,0,0,1,0.6909687760319729
1,45.0,34,-1,-1,1,-1,1,-1,0,1,12780000,431167500,0,1.0,6.123233995736766e-17,0,0,0,1,0.7600349182780376
0,40.0,1,-1,1,-1,-1,-1,-1,0,0,7492500,7492500,0,1.0,6.123233995736766e-17,0,1,0,0,0.5665343160546344
0,30.0,51,0,0,0,0,0,0,1,0,3097500,153112500,0,1.2246467991473532e-16,-1.0,1,0,0,0,0.025130804755997792
1,55.0,1,-1,-1,-1,-1,-1,-1,0,1,10597500,10597500,1,-0.8660254037844385,-0.5000000000000004,0,0,0,1,0.8624854401096597
0,41.0,39,0,0,0,0,0,0,1,0,3022500,123900000,0,0.4999999999999999,0.8660254037844387,1,0,0,0,0.043404641197686486
1,65.0,12,0,0,0,0,0,0,0,1,2880000,35850000,0,1.2246467991473532e-16,-1.0,1,0,0,0,0.3614845889501697
1,20.0,12,-1,-1,-1,1,1,-1,1,1,8970000,109170000,1,1.0,6.123233995736766e-17,0,1,0,0,0.3292398580406387
1,33.0,72,-1,1,1,-1,1,1,1,1,15742500,1131645000,0,-0.8660254037844385,-0.5000000000000004,0,0,0,1,0.34751085854285435
0,40.0,63,-1,1,1,-1,1,1,0,1,15525000,971910000,0,0.8660254037844386,0.5000000000000001,0,0,0,1,0.6517210886090087
1,54.0,44,1,-1,1,-1,-1,-1,0,1,12720000,543952500,0,0.4999999999999999,0.8660254037844387,0,0,0,1,0.5033083606862141
0,45.0,18,-1,-1,1,1,-1,1,0,1,14257500,251910000,0,-0.8660254037844385,-0.5000000000000004,0,0,0,1,0.7446891799224309
0,44.0,9,-1,-1,-1,-1,-1,-1,0,1,6630000,60502500,1,-0.8660254037844386,0.5000000000000001,0,0,1,0,0.675781266994439
1,26.0,13,-1,1,-1,1,1,1,0,0,11002500,139732500,0,0.8660254037844386,0.5000000000000001,0,0,1,0,0.5745681509091521
0,26.0,68,-1,1,-1,1,1,-1,1,0,9615000,648937500,0,-1.0,-1.8369701987210294e-16,0,1,0,0,0.04050651063099954
0,44.0,6,-1,-1,-1,-1,1,1,0,1,6660000,39457500,0,0.4999999999999999,-0.8660254037844387,0,0,1,0,0.8472341294716528
0,24.0,2,0,0,0,0,0,0,0,1,3007500,5887500,0,0.4999999999999999,0.8660254037844387,1,0,0,0,0.4738861548945886
1,34.0,55,1,1,-1,-1,-1,-1,1,0,9000000,497415000,0,0.4999999999999999,-0.8660254037844387,0,0,1,0,0.050379992917800515
1,46.0,1,-1,-1,-1,-1,-1,-1,0,1,11362500,11362500,1,0.0,1.0,0,0,0,1,0.8596240804862539
1,28.0,38,-1,-1,-1,-1,-1,-1,0,1,10425000,393787500,0,-0.8660254037844385,-0.5000000000000004,0,0,0,1,0.6673825522422946
0,59.0,67,1,1,1,-1,1,-1,0,1,15442500,1032937500,1,-0.8660254037844386,0.5000000000000001,0,0,0,1,0.40588030689652843
1,55.0,19,-1,-1,-1,-1,1,-1,0,1,11805000,224265000,0,0.4999999999999999,0.8660254037844387,0,0,0,1,0.839006585017057
0,21.0,12,-1,1,1,1,1,1,1,0,9097500,111495000,0,0.8660254037844386,0.5000000000000001,0,0,1,0,0.37039764874728076
0,29.0,72,0,0,0,0,0,0,1,1,3172500,212910000,0,0.4999999999999999,0.8660254037844387,1,0,0,0,0.01610680471291805
1,18.0,24,1,-1,1,1,1,1,1,1,12720000,298575000,0,1.2246467991473532e-16,-1.0,0,1,0,0,0.2013738796244244
0,31.0,72,-1,1,1,-1,1,1,1,1,15480000,1104435000,0,0.4999999999999999,-0.8660254037844387,0,0,0,1,0.34049901155072115
0,49.0,11,1,-1,-1,-1,-1,-1,0,1,4440000,51967500,0,0.8660254037844386,0.5000000000000001,0,0,1,0,0.6137564477126766
1,35.0,4,-1,-1,-1,-1,-1,-1,0,1,11160000,45990000,1,-1.0,-1.8369701987210294e-16,0,0,0,1,0.8474720397681315
1,46.0,66,1,-1,1,1,1,1,1,1,15847500,1026675000,0,0.4999999999999999,-0.8660254037844387,0,0,0,1,0.2274248943728499
